{
	"format_version": "1.8.0",
	"animations": {
		"animation.ak_47.hold.fp": {
			"loop": true,
			"bones": {
				"rightArm": {
					"rotation": [-77.57441, -50.38101, 6.63344],
					"position": [-3.5, 0.5, 0.75],
					"scale": 0.9
				},
				"weapon_root": {
					"rotation": [0, -10, 0],
					"position": [0, 0, -1]
				},
				"leftArm": {
					"rotation": [-62.24687, 9.53274, 3.03513],
					"position": [0, 0.25, -3],
					"scale": 0.8
				},
				"root": {
					"rotation": [-180, 0, -180],
					"position": [1, 0, 2]
				}
			}
		},
		"animation.ak_47.sprint.fp": {
			"loop": true,
			"bones": {
				"rightArm": {
					"rotation": ["-137.7619-(v.tcos0*0.1)", -12.71365, 0.10564],
					"position": [-3.5, -2.5, 0.75],
					"scale": [0.9, 0.9, 0.9]
				},
				"weapon_root": {
					"rotation": [0, -10, 0],
					"position": [0, 0, -0.25]
				},
				"leftArm": {
					"rotation": ["-51.2116+(v.tcos0*0.7)", 19.616, -16.11885],
					"position": [2, 0.25, -0.25],
					"scale": [0.8, 0.8, 0.8]
				},
				"root": {
					"rotation": [-180, 0, -180],
					"position": [1, 0, 3]
				},
				"clip_glow": {
					"position": [-7, 4, -2]
				}
			}
		},
		"animation.ak_47.sprint.tp": {
			"loop": true,
			"bones": {
				"rightArm": {
					"rotation": ["-149.7499-(v.tcos0*0.15)", 4.70686, -2.15066],
					"position": [-0.25, 1.5, -0.25]
				},
				"weapon_root": {
					"rotation": [-0.33669, -11.36935, -4.73513]
				},
				"leftArm": {
					"rotation": ["-51.2116+(v.tcos0*0.85)", 19.616, -16.11885],
					"position": [0, 0.25, -0.25]
				},
				"root": {
					"rotation": [2.5, 0, 0]
				},
				"waist": {
					"rotation": ["5+(v.tcos0*0.05)", 0, 0]
				},
				"head": {
					"rotation": ["q.target_x_rotation", "q.target_y_rotation", 0]
				},
				"rightLeg": {
					"rotation": ["(v.tcos0*0.8)", 0, 0],
					"position": [0, "0-(v.tcos0*0.0175)", "0+(v.tcos0*0.015)"]
				},
				"leftLeg": {
					"rotation": ["-(v.tcos0*0.8)", 0, 0],
					"position": [0, "0+(v.tcos0*0.0175)", "0-(v.tcos0*0.015)"]
				}
			}
		},
		"animation.ak_47.ads.fp": {
			"loop": "hold_on_last_frame",
			"anim_time_update": "q.anim_time+q.delta_time",
			"bones": {
				"root": {
					"rotation": [-185.11117, -17.23155, -179.56705],
					"position": [-3.285, 0.1625, 2.6]
				},
				"waist": {
					"rotation": [10, 0, 0],
					"position": [0, -0.25, 0]
				},
				"rightArm": {
					"rotation": [-95.16248, -17.461, 1.12397],
					"position": [1.32635, 0.21875, 3.00677],
					"scale": 0.9
				},
				"weapon_root": {
					"rotation": [0, 0, 0],
					"position": [-0.51609, 0.23848, 0.09451]
				},
				"leftArm": {
					"rotation": [-102.91095, 6.83533, -24.17418],
					"position": [-3.56563, 1.22795, -3.17928],
					"scale": 0.8
				}
			}
		},
		"animation.ak_47.ads.tp": {
			"loop": true,
			"bones": {
				"root": {
					"rotation": [0, "1+q.target_y_rotation", 0]
				},
				"waist": {
					"rotation": [
						"7.4269+(math.clamp(q.target_x_rotation, -10, 10))+(variable.tcos0*0.05)+(math.cos(query.life_time * 350) * 0.1)",
						"18.2761+(math.cos(query.life_time * 350) * 0.05)",
						2.8815
					],
					"position": [0, "-0.25+(variable.tcos0*0.025)", 0]
				},
				"head": {
					"rotation": ["1.8325+(math.clamp(q.target_x_rotation, -40, 40))", -5.26683, -14.04076]
				},
				"rightArm": {
					"rotation": ["-95.348+(math.clamp(q.target_x_rotation, -20, 20))", -22.93792, 1.66054],
					"position": [-0.67365, 0.46875, 2.00677]
				},
				"leftArm": {
					"rotation": [
						"-109.3966+(math.clamp((q.target_x_rotation*1.45), -30, 30))",
						"12.8053-(math.clamp(q.target_x_rotation, 0, -20))",
						"-38.4387+(math.clamp(q.target_x_rotation, 5, 10))"
					],
					"position": [-0.56563, 0.72795, -4.17928]
				},
				"rightLeg": {
					"rotation": ["15+v.tcos0", 6, 4],
					"position": [0, 0.25, 2.5]
				},
				"leftLeg": {
					"rotation": ["-2-v.tcos0", 0, 0],
					"position": [0, 0, -2]
				},
				"clip2": {
					"scale": {
						"0.0": {
							"pre": [0, 0, 0],
							"post": [0, 0, 0]
						}
					}
				},
				"muzzle": {
					"position": [0, -2, -1]
				}
			}
		},
		"animation.ak_47.ads_shoot.fp": {
			"loop": "hold_on_last_frame",
			"animation_length": 0.125,
			"anim_time_update": "q.anim_time+q.delta_time",
			"bones": {
				"pullback": {
					"position": {
						"0.0": [0, 0, 0],
						"0.0417": [0, 0, 7],
						"0.125": [0, 0, 0]
					}
				},
				"casing": {
					"rotation": {
						"0.0": [0, 0, 0],
						"0.0833": ["math.random(-20,50)", 0, 0]
					},
					"position": {
						"0.0": [-0.5, 0, -3],
						"0.0833": [-6, "math.random(2,7)", -2],
						"0.125": [-20, "math.random(-10,-5)", 2]
					},
					"scale": {
						"0.0": {
							"pre": [0, 0, 0],
							"post": [0, 0, 0]
						}
					}
				},
				"muzzle": {
					"position": [0, 0, 0]
				},
				"waist": {
					"rotation": {
						"0.0": [0, 0, 0],
						"0.0417": [-1.08631, 1.95448, -2.50107],
						"0.125": [0, 0, 0]
					},
					"position": {
						"0.0": [0, 0, 0],
						"0.0417": [0.1, 0, 1],
						"0.125": [0, 0, 0]
					}
				}
			},
			"particle_effects": {
				"0.0": [
					{
						"effect": "gun_shoot",
						"locator": "ak_muzzle"
					},
					{
						"effect": "muzzle_glow",
						"locator": "ak_muzzle"
					},
					{
						"effect": "ak.muzzle_flash",
						"locator": "ak_muzzle"
					},
					{
						"effect": "fire_burst.1",
						"locator": "ak_muzzle"
					}
				],
				"0.0417": [
					{
						"effect": "casing",
						"locator": "ak_casing"
					},
					{
						"effect": "muzzle_smoke_fp2",
						"locator": "ak_muzzle"
					}
				]
			}
		},
		"animation.ak_47_golden.ads_shoot.fp": {
			"loop": "hold_on_last_frame",
			"animation_length": 0.125,
			"anim_time_update": "q.anim_time+q.delta_time",
			"bones": {
				"pullback": {
					"position": {
						"0.0": [0, 0, 0],
						"0.0417": [0, 0, 7],
						"0.125": [0, 0, 0]
					}
				},
				"casing": {
					"rotation": {
						"0.0": [0, 0, 0],
						"0.0833": ["math.random(-20,50)", 0, 0]
					},
					"position": {
						"0.0": [-0.5, 0, -3],
						"0.0833": [-6, "math.random(2,7)", -2],
						"0.125": [-20, "math.random(-10,-5)", 2]
					},
					"scale": {
						"0.0": {
							"pre": [0, 0, 0],
							"post": [0, 0, 0]
						}
					}
				},
				"muzzle": {
					"position": [0, 0, 0]
				},
				"waist": {
					"rotation": {
						"0.0": [0, 0, 0],
						"0.0417": [-1.08631, 1.95448, -2.50107],
						"0.125": [0, 0, 0]
					},
					"position": {
						"0.0": [0, 0, 0],
						"0.0417": [0.1, 0, 1],
						"0.125": [0, 0, 0]
					}
				}
			},
			"particle_effects": {
				"0.0": [
					{
						"effect": "gun_shoot",
						"locator": "ak_muzzle"
					},
					{
						"effect": "muzzle_glow",
						"locator": "ak_muzzle"
					},
					{
						"effect": "ak.muzzle_flash",
						"locator": "ak_muzzle"
					},
					{
						"effect": "fire_burst.1",
						"locator": "ak_muzzle"
					},
					{
						"effect": "muzzle.burst",
						"locator": "ak_muzzle"
					},
					{
						"effect": "muzzle.burst_1",
						"locator": "ak_muzzle"
					}
				],
				"0.0417": [
					{
						"effect": "casing",
						"locator": "ak_casing"
					},
					{
						"effect": "muzzle_smoke_fp2",
						"locator": "ak_muzzle"
					}
				]
			}
		},
		"animation.ak_47.ads_shoot.tp": {
			"loop": "hold_on_last_frame",
			"animation_length": 0.125,
			"anim_time_update": "q.anim_time+q.delta_time",
			"bones": {
				"pullback": {
					"position": {
						"0.0": [0, 0, 0],
						"0.0417": [0, 0, 7],
						"0.125": [0, 0, 0]
					}
				},
				"casing": {
					"rotation": {
						"0.0": [0, 0, 0],
						"0.0833": ["math.random(-20,50)", 0, 0]
					},
					"position": {
						"0.0": [-0.5, 0, -3],
						"0.0833": [-6, "math.random(2,7)", -2],
						"0.125": [-20, "math.random(-10,-5)", 2]
					},
					"scale": {
						"0.0": {
							"pre": [0, 0, 0],
							"post": [0, 0, 0]
						}
					}
				},
				"muzzle": {
					"position": [0, 0, 0]
				},
				"waist": {
					"rotation": {
						"0.0": [0, 0, 0],
						"0.0417": [-1, 2, 0],
						"0.125": [0, 0, 0]
					},
					"position": {
						"0.0": [0, 0, 0],
						"0.0417": [0.1, 0, -0.5],
						"0.125": [0, 0, 0]
					}
				}
			},
			"particle_effects": {
				"0.0": [
					{
						"effect": "gun_shoot",
						"locator": "ak_muzzle"
					},
					{
						"effect": "muzzle_glow",
						"locator": "ak_muzzle"
					},
					{
						"effect": "ak.muzzle_flash",
						"locator": "ak_muzzle"
					},
					{
						"effect": "fire_burst.1",
						"locator": "ak_muzzle"
					}
				],
				"0.0417": [
					{
						"effect": "casing",
						"locator": "ak_casing"
					},
					{
						"effect": "muzzle_smoke_fp2",
						"locator": "ak_muzzle"
					}
				]
			}
		},
		"animation.ak_47_golden.ads_shoot.tp": {
			"loop": "hold_on_last_frame",
			"animation_length": 0.125,
			"anim_time_update": "q.anim_time+q.delta_time",
			"bones": {
				"pullback": {
					"position": {
						"0.0": [0, 0, 0],
						"0.0417": [0, 0, 7],
						"0.125": [0, 0, 0]
					}
				},
				"casing": {
					"rotation": {
						"0.0": [0, 0, 0],
						"0.0833": ["math.random(-20,50)", 0, 0]
					},
					"position": {
						"0.0": [-0.5, 0, -3],
						"0.0833": [-6, "math.random(2,7)", -2],
						"0.125": [-20, "math.random(-10,-5)", 2]
					},
					"scale": {
						"0.0": {
							"pre": [0, 0, 0],
							"post": [0, 0, 0]
						}
					}
				},
				"muzzle": {
					"position": [0, 0, 0]
				},
				"waist": {
					"rotation": {
						"0.0": [0, 0, 0],
						"0.0417": [-1, 2, 0],
						"0.125": [0, 0, 0]
					},
					"position": {
						"0.0": [0, 0, 0],
						"0.0417": [0.1, 0, -0.5],
						"0.125": [0, 0, 0]
					}
				}
			},
			"particle_effects": {
				"0.0": [
					{
						"effect": "gun_shoot",
						"locator": "ak_muzzle"
					},
					{
						"effect": "muzzle_glow",
						"locator": "ak_muzzle"
					},
					{
						"effect": "ak.muzzle_flash",
						"locator": "ak_muzzle"
					},
					{
						"effect": "fire_burst.1",
						"locator": "ak_muzzle"
					},
					{
						"effect": "muzzle.burst",
						"locator": "ak_muzzle"
					},
					{
						"effect": "muzzle.burst_1",
						"locator": "ak_muzzle"
					}
				],
				"0.0417": [
					{
						"effect": "casing",
						"locator": "ak_casing"
					},
					{
						"effect": "muzzle_smoke_fp2",
						"locator": "ak_muzzle"
					}
				]
			}
		},
		"animation.ak_47.hipfire.fp": {
			"loop": "hold_on_last_frame",
			"animation_length": 0.125,
			"anim_time_update": "q.anim_time+q.delta_time",
			"bones": {
				"pullback": {
					"position": {
						"0.0": [0, 0, 0],
						"0.0417": [0, 0, 7],
						"0.125": [0, 0, 0]
					}
				},
				"casing": {
					"rotation": {
						"0.0": [0, 0, 0],
						"0.0833": ["math.random(-20,50)", 0, 0]
					},
					"position": {
						"0.0": [-0.5, 0, -3],
						"0.0833": [-6, "math.random(2,7)", -2],
						"0.125": [-20, "math.random(-10,-5)", 2]
					},
					"scale": {
						"0.0": {
							"pre": [0, 0, 0],
							"post": [0, 0, 0]
						}
					}
				},
				"muzzle": {
					"position": [0, 3, 0]
				},
				"waist": {
					"rotation": {
						"0.0": [0, 0, 0],
						"0.0417": [-1.08631, 1.95448, -2.50107],
						"0.125": [0, 0, 0]
					},
					"position": {
						"0.0": [0, 0, 0],
						"0.0417": [0.1, 0, 1],
						"0.125": [0, 0, 0]
					}
				}
			},
			"particle_effects": {
				"0.0": [
					{
						"effect": "gun_shoot",
						"locator": "ak_muzzle"
					},
					{
						"effect": "muzzle_glow",
						"locator": "ak_muzzle"
					},
					{
						"effect": "ak.muzzle_flash",
						"locator": "ak_muzzle"
					},
					{
						"effect": "fire_burst.2",
						"locator": "ak_muzzle"
					}
				],
				"0.0417": [
					{
						"effect": "casing",
						"locator": "ak_casing"
					},
					{
						"effect": "muzzle_smoke_fp2",
						"locator": "ak_muzzle"
					}
				]
			}
		},
		"animation.ak_47.out_of_ammo_ads": {
			"animation_length": 0.3,
			"bones": {
				"rightArm": {
					"rotation": {
						"0.0": [0, 0, 0],
						"0.0417": [1, 0, 0],
						"0.0833": [0, 0, 0]
					},
					"position": {
						"0.0": [0, 0, 0],
						"0.0417": [0, 0, 0.1],
						"0.0833": [0, 0, 0]
					}
				},
				"leftArm": {
					"rotation": {
						"0.0": [0, 0, 0],
						"0.0417": [1, 0, 1],
						"0.0833": [0, 0, 0]
					},
					"position": {
						"0.0": [0, 0, 0],
						"0.0417": [0, 0, 0.1],
						"0.0833": [0, 0, 0]
					}
				}
			}
		},
		"animation.ak_47.pre_hipfire.fp": {
			"loop": "hold_on_last_frame",
			"bones": {
				"root": {
					"rotation": [-181.01328, -19.13951, -181.4063],
					"position": [-1.05, -1.7, 4]
				},
				"waist": {
					"rotation": [10, 0, 0],
					"position": [0, -0.25, 0]
				},
				"rightArm": {
					"rotation": [-95.16248, -17.461, 1.12397],
					"position": [0.12635, 0.21875, 6.50677],
					"scale": 0.9
				},
				"weapon_root": {
					"rotation": [0, 0, 0],
					"position": [-0.51609, 0.23848, 0.09451]
				},
				"flap": {
					"rotation": [0, 0, 0]
				},
				"shell": {
					"rotation": [0, 0, 0],
					"position": [0, 0, 0]
				},
				"leftArm": {
					"rotation": [-96.46934, 20.12013, 2.17278],
					"position": [-3.56563, 1.22795, -3.17928],
					"scale": 0.8
				},
				"muzzle_flash": {
					"position": [0.5, 0, 0]
				},
				"muzzle_flash_sup": {
					"position": [-0.5, -1.1, 1]
				},
				"muzzle": {
					"position": [-2, -7, -2]
				}
			}
		},
		"animation.ak_47.pre_hipfire.tp": {
			"loop": true,
			"bones": {
				"root": {
					"rotation": [0, "1+q.target_y_rotation", 0]
				},
				"waist": {
					"rotation": [
						"7.4269+(math.clamp(q.target_x_rotation, -10, 10))+(variable.tcos0*0.05)+(math.cos(query.life_time * 350) * 0.1)",
						"18.2761+(math.cos(query.life_time * 350) * 0.05)",
						2.88151
					],
					"position": [0, "-0.25+(variable.tcos0*0.025)", 0]
				},
				"head": {
					"rotation": ["-5+(math.clamp(q.target_x_rotation, -40, 40))", -20, 0]
				},
				"rightArm": {
					"rotation": ["-95.348+(math.clamp(q.target_x_rotation, -20, 20))", -22.93792, 1.66054],
					"position": [-0.67365, -0.53125, 1.00677]
				},
				"leftArm": {
					"rotation": [
						"-109.1418+(math.clamp((q.target_x_rotation*1.45), -30, 30))",
						"9.0291-(math.clamp(q.target_x_rotation, 0, -20))",
						"-37.0946+(math.clamp(q.target_x_rotation, 5, 10))"
					],
					"position": [-1.31563, -0.27205, -4.17928]
				},
				"rightLeg": {
					"rotation": ["15+v.tcos0", 6, 4],
					"position": [0, 0.25, 0.5]
				},
				"leftLeg": {
					"rotation": ["-2-v.tcos0", 0, 0],
					"position": [0, 0, -1.5]
				},
				"muzzle": {
					"position": [0, -2, -1]
				}
			}
		},
		"animation.ak_47.draw.fp": {
			"loop": "hold_on_last_frame",
			"animation_length": 1,
			"bones": {
				"root": {
					"rotation": {
						"0.0": [-180, 0, -180],
						"0.125": [-180, 0, -180]
					},
					"position": {
						"0.0": [2, -56, -29],
						"0.125": [2, 0, 2]
					},
					"scale": {
						"0.0": [0, 0, 0],
						"0.0833": [1, 1, 1]
					}
				},
				"rightArm": {
					"rotation": {
						"0.0": [22.5, 35.1, 72.68],
						"0.375": [-111.36867, 11.18765, 86.14211],
						"0.4167": [-111.36867, 11.18764, 86.14211],
						"0.5": [-111.36867, 11.18764, 86.14211],
						"0.625": [-112.56636, 8.38104, 79.08915],
						"0.8333": [-112.82618, -7.60728, 42.30203]
					},
					"position": {
						"0.0": [-4.15, -6, 6],
						"0.3333": [1.25, 0, -3],
						"0.375": [1.25, 0, -2],
						"0.4167": [1.25, 0, -2],
						"0.5": [1.25, 0, -2],
						"0.625": [1.25, 0, -4.75],
						"0.7083": [1.25, 0, -4.75],
						"0.8333": [1.25, 0, -5]
					},
					"scale": [0.75, 0.75, 0.75]
				},
				"weapon": {
					"rotation": {
						"0.0": [0, 53, 0],
						"0.0417": [0, 49.89, 0],
						"0.0833": [0, 41.37, 0],
						"0.125": [0, 29.55, 0],
						"0.1667": [0, 17.21, 0],
						"0.2083": [0, 6.85, 0],
						"0.25": [0, 0, 0],
						"0.2917": [0, -3.09, 0],
						"0.3333": [0, -3.31, 0],
						"0.375": [0, -2.1, 0],
						"0.4167": [0, -0.8, 0],
						"0.4583": [0, -0.11, 0],
						"0.5": [0, 0, 0]
					}
				},
				"weapon_root": {
					"rotation": {
						"0.0": [0, 0, 0],
						"0.4167": [0, 0, 0],
						"0.5417": [0, 0, 0],
						"0.625": [-5.04067, -7.68916, -1.83339],
						"0.7083": [-5.04, -7.69, -1.83],
						"0.8333": [0, 0, 0]
					},
					"position": {
						"0.0": [0, 0, 0],
						"0.4167": [0.5, 0, 0],
						"0.5417": [0.5, 0, 0]
					}
				},
				"leftArm": {
					"rotation": {
						"0.1667": [0, 0, 0],
						"0.2083": [-49.26926, 13.35981, -15.02126],
						"0.25": [-79.67628, 32.02538, -26.60593],
						"0.375": [-110.25478, -14.01316, -89.32338],
						"0.5": [-110.25478, -14.01316, -89.32338],
						"0.625": [-108.49098, -11.47709, -89.71756],
						"0.75": [-116.72378, -11.5662, -63.49803],
						"0.8333": [-104.9969, -6.11165, -51.82832],
						"1.0": [-85.61418, -1.16835, 16.24486]
					},
					"position": {
						"0.0": [0, 0, -2],
						"0.2083": [0, 0, -2],
						"0.25": [0, 1, -4],
						"0.375": [0, 2.5, -4],
						"0.5": [0, 2.5, -4],
						"0.625": [-2, 1.75, 0],
						"0.75": [-4, 0.5, 1],
						"0.8333": [-3.83, 2, -0.5],
						"1.0": [-0.83, 1, -1.5]
					},
					"scale": [0.65, 0.65, 0.65]
				},
				"pullback": {
					"position": {
						"0.5": [0, 0, 0],
						"0.5833": [0, 0, 0],
						"0.625": [0, 0, 6],
						"0.75": [0, 0, 6],
						"0.8333": [0, 0, 0]
					}
				},
				"casing": {
					"scale": [0, 0, 0]
				}
			}
		},
		"animation.ak_47.draw.tp": {
			"loop": "hold_on_last_frame",
			"animation_length": 0.875,
			"bones": {
				"rightArm": {
					"rotation": {
						"0.0": [22.5, 35.1, 72.68],
						"0.375": [-111.36867, 11.18765, 86.14211],
						"0.4167": [-111.36867, 11.18764, 86.14211],
						"0.5": [-111.36867, 11.18764, 86.14211],
						"0.625": [-112.56636, 8.38104, 79.08915],
						"0.875": [-112.82618, -7.60728, 42.30203]
					},
					"position": {
						"0.0": [-0.15, -3, 2],
						"0.3333": [1.25, 0.5, -3],
						"0.375": [1.25, 0.5, -2],
						"0.4167": [1.25, 0.5, -2],
						"0.5": [1.25, 0.5, -2],
						"0.625": [1.25, 0.5, -4.75],
						"0.7083": [1.25, 0.5, -4.75],
						"0.8333": [1.25, 0, -5]
					}
				},
				"weapon": {
					"rotation": {
						"0.0": [0, 53, 0],
						"0.0417": [0, 49.89, 0],
						"0.0833": [0, 41.37, 0],
						"0.125": [0, 29.55, 0],
						"0.1667": [0, 17.21, 0],
						"0.2083": [0, 6.85, 0],
						"0.25": [0, 0, 0],
						"0.2917": [0, -3.09, 0],
						"0.3333": [0, -3.31, 0],
						"0.375": [0, -2.1, 0],
						"0.4167": [0, -0.8, 0],
						"0.4583": [0, -0.11, 0],
						"0.5": [0, 0, 0]
					}
				},
				"weapon_root": {
					"rotation": {
						"0.0": [0, 0, 0],
						"0.4167": [0, 0, 0],
						"0.5417": [0, 0, 0],
						"0.625": [-5.04067, -7.68916, -1.83339],
						"0.7083": [-5.04, -7.69, -1.83],
						"0.8333": [0, 0, 0]
					},
					"position": {
						"0.0": [0, 0, 0],
						"0.4167": [0.5, 0, 0],
						"0.5417": [0.5, 0, 0]
					}
				},
				"leftArm": {
					"rotation": {
						"0.0": [-77.4453, -4.82922, -1.29717],
						"0.1667": [-79.67628, 32.02538, -26.60593],
						"0.375": [-102.75478, -14.01316, -89.32338],
						"0.5": [-102.75478, -14.01316, -89.32338],
						"0.625": [-108.49098, -11.47709, -89.71756],
						"0.7083": [-116.72378, -11.5662, -63.49803],
						"0.7917": [-104.9969, -6.11165, -51.82832],
						"0.875": [-85.61418, -1.16835, 16.24486]
					},
					"position": {
						"0.0": [0, 0, -2],
						"0.1667": [0, 1, -4],
						"0.375": [0, 2.5, -4],
						"0.5": [0, 2.5, -4],
						"0.625": [-0.04535, 1.61587, -1.07766],
						"0.7083": [-0.00137, 0.501, 0.89531],
						"0.7917": [-0.83011, 2.00162, -0.52613],
						"0.875": [-0.83, 1, -1.5]
					}
				},
				"pullback": {
					"position": {
						"0.375": [0, 0, 0],
						"0.4583": [0, 0, 0],
						"0.5": [0, 0, 6],
						"0.625": [0, 0, 6],
						"0.7083": [0, 0, 0]
					}
				},
				"casing": {
					"scale": [0, 0, 0]
				},
				"waist": {
					"rotation": {
						"0.0": [-1.91708, 32.38187, -8.35116],
						"0.1667": [-5.00474, -2.49048, 0.21803],
						"0.4583": [-5.00474, -2.49048, 0.21803],
						"0.5417": [-5, -2.49, 0.22],
						"0.625": [-7.5, -2.49, 0.22],
						"0.8333": [0, 0, 0]
					}
				},
				"head": {
					"rotation": {
						"0.0": [0, 0, 0],
						"0.4583": [7.52428, -6.78423, -5.93685],
						"0.5417": [7.52, -6.78, -5.94],
						"0.625": [0.02, -6.78, -5.94],
						"0.8333": [0, 0, 0]
					}
				},
				"clip2": {
					"position": {
						"0.0": {
							"pre": [31.56, -37.05, 30.11],
							"post": [31.56, -37.05, 30.11]
						}
					},
					"scale": {
						"0.0": {
							"pre": [0, 0, 0],
							"post": [0, 0, 0]
						}
					}
				}
			}
		},
		"animation.ak_47.draw.sfx": {
			"loop": "hold_on_last_frame",
			"animation_length": 0.875
		},
		"animation.ak_47.reload.fp": {
			"loop": "hold_on_last_frame",
			"animation_length": 2.16667,
			"bones": {
				"root": {
					"rotation": [-175, 2.5, -180],
					"position": [1, -1, 2.5]
				},
				"rightArm": {
					"rotation": {
						"0.0": [-89.80423, -31.21307, -0.10923],
						"0.25": [-85.50377, -40.16603, -15.96485],
						"0.3333": [-88.07287, -37.66749, -15.85487],
						"0.4167": [-88.07, -37.67, -15.85],
						"0.5417": [-81.76824, -37.118, -22.10618],
						"0.7917": [-81.77, -37.12, -22.11],
						"0.9167": [-76.54218, -38.3661, -35.05673],
						"1.375": [-76.54, -38.37, -35.06],
						"1.7083": [-126.30981, -17.68759, 69.10391],
						"1.8333": [-126.92118, -16.19631, 71.20154],
						"1.9583": [-126.30981, -17.68759, 69.10391],
						"2.1667": [-116.61601, -25.32748, 45.71499]
					},
					"position": {
						"0.0": [-3.5, 0.5, 0.75],
						"0.25": [-3.5, 0.5, -0.5],
						"0.7917": [-3.5, 0.5, -0.5],
						"0.9167": [-3.5, 0.25, -0.5],
						"1.375": [-3.5, 0.25, -0.5]
					},
					"scale": 0.9
				},
				"weapon_root": {
					"rotation": {
						"0.0": [0, -10, 0],
						"0.4583": [0, -10, 0],
						"0.5417": [5.0168, -9.99285, -0.11048],
						"0.625": [2.5168, -9.99285, -0.11048],
						"0.9583": [2.52, -9.99, -0.11],
						"1.0417": [-0.48, -9.99, -0.11],
						"1.125": [-0.48, -9.99, -0.11],
						"1.2083": [0, -10, 0],
						"1.2917": [-2.5, -10, 0],
						"1.375": [0, -10, 0],
						"1.7083": [0, -17.5, 0],
						"1.8333": [-2.5, -17.5, 0],
						"1.9583": [0, -17.5, 0]
					},
					"position": {
						"0.0": [0, 0, -1],
						"0.9583": [0, 0, -1],
						"1.7083": [0, 0, -1],
						"1.9583": [0, 0, -1]
					}
				},
				"clip": {
					"rotation": {
						"0.25": [0, 0, 0],
						"0.375": [-5, 0, 0],
						"0.4167": [-5, 0, 0],
						"0.4583": [-15.26822, -4.64984, -1.70818],
						"0.5417": [-12.81281, -25.11668, 0.84825],
						"0.5833": [-9.44496, -26.53834, -18.95668],
						"0.6667": [40.51774, -11.02071, -69.55702],
						"0.75": [40.52, -11.02, -69.56],
						"0.9583": [0, 0, 0],
						"1.0417": [-7.5, 0, 7.5],
						"1.125": [-7.5, 0, 7.5],
						"1.1667": [-7.5, 0, 7.5],
						"1.2917": [0, 0, 0]
					},
					"position": {
						"0.25": [0, 0, 0],
						"0.375": [0, -0.75, -0.25],
						"0.4167": [0, -0.75, -0.25],
						"0.4583": [1.45, -3.9, -5.45],
						"0.5": [4.4, -2.8, -8.15],
						"0.5417": [5.35, -5.7, -12.85],
						"0.5833": [7.25, -11.5, -16.25],
						"0.6667": [20.25, -23.5, -15.25],
						"0.75": [20.25, -23.5, -15.25],
						"0.9583": [-0.75, -3.5, -2.25],
						"1.0417": [-0.75, -3, -2.25],
						"1.1667": [-0.75, -3, -2.25],
						"1.2917": [0, 0, 0]
					}
				},
				"bullets": {
					"scale": {
						"0.0": [0, 0, 0],
						"0.7083": [0, 0, 0],
						"0.75": [1, 1, 1]
					}
				},
				"pullback": {
					"position": {
						"1.75": [0, 0, 0],
						"1.875": [0, 0, 6],
						"2.0": [0, 0, 0]
					}
				},
				"release_mag": {
					"rotation": {
						"0.25": [0, 0, 0],
						"0.3333": [-45, 0, 0],
						"1.2083": [-45, 0, 0],
						"1.2917": [0, 0, 0]
					}
				},
				"leftArm": {
					"rotation": {
						"0.0": [-79.39201, -17.52979, -1.90949],
						"0.25": [-115.06324, 9.51587, -16.15773],
						"0.4167": [-121.46823, 16.73279, -28.73402],
						"0.4583": [-107.99964, 7.59096, -30.41598],
						"0.5": [-96.0789, 1.73519, -24.9017],
						"0.5833": [-72.52836, -5.33079, -44.43734],
						"0.6667": [-25.7699, -3.06473, -40.94969],
						"0.75": [-18.2708, -3.06764, -40.94901],
						"0.8333": [-49.52055, -6.07651, -41.69606],
						"0.9583": [-96.85934, 13.25268, -22.5865],
						"1.1667": [-101.38822, 6.36469, -31.12629],
						"1.2917": [-106.90359, 10.48823, -29.58437],
						"1.375": [-102.78948, 15.84297, -20.80211],
						"1.625": [-94.26451, -16.55492, -16.13791],
						"1.75": [-99.37427, 20.84599, -18.91435],
						"1.875": [-94.65077, 19.40385, -7.70375],
						"2.0": [-99.37427, 20.84599, -18.91435],
						"2.1667": [-79.1207, -16.20017, -12.9876]
					},
					"position": {
						"0.0": [0, 0.25, -3],
						"0.2083": [-3.75, 0.25, -2.41],
						"0.3333": [-3, 0.25, -5],
						"0.4167": [-3, 0.25, -5],
						"0.5": [-2, 1.5, -4.5],
						"0.5833": [-1, 0.25, -6],
						"0.6667": [1, 0.25, -4],
						"0.75": [1, 0.25, -4],
						"0.9583": [-4, 1.75, -4.25],
						"1.1667": [-4, 1.75, -4.25],
						"1.2917": [-4.25, 1.75, -4.25],
						"1.375": [-4.25, 1.75, -4.25],
						"1.625": [1.75, 1.75, -1.25],
						"1.75": [1.75, 3.75, -1.25],
						"1.875": [-0.25, 3.75, 0.25],
						"2.0": [1.75, 3.75, -1.25]
					},
					"scale": 0.8
				},
				"clip2": {
					"scale": 0
				}
			},
			"sound_effects": {
				"0.0": {
					"effect": "cloth_high"
				},
				"0.25": {
					"effect": "ak47_clip_out"
				},
				"0.5": {
					"effect": "cloth_low1"
				},
				"0.8333": {
					"effect": "ak47_clip_in"
				},
				"1.25": {
					"effect": "cloth_high"
				},
				"1.625": {
					"effect": "ak47_pullback"
				},
				"1.75": {
					"effect": "cloth_low1"
				}
			}
		},
		"animation.ak_47.reload.fp2": {
			"loop": "hold_on_last_frame",
			"animation_length": 1.625,
			"bones": {
				"root": {
					"rotation": [-175, 2.5, -180],
					"position": [1, -1, 2.5]
				},
				"rightArm": {
					"rotation": {
						"0.0": [-89.80423, -31.21307, -0.10923],
						"0.25": [-85.50377, -40.16603, -15.96485],
						"0.3333": [-88.07287, -37.66749, -15.85487],
						"0.4167": [-88.07, -37.67, -15.85],
						"0.5417": [-81.76824, -37.118, -22.10618],
						"0.7917": [-81.77, -37.12, -22.11],
						"0.9167": [-76.54218, -38.3661, -35.05673],
						"1.375": [-76.54, -38.37, -35.06],
						"1.625": [-109.58217, -26.57242, 32.83291]
					},
					"position": {
						"0.0": [-3.5, 0.5, 0.75],
						"0.25": [-3.5, 0.5, -0.5],
						"0.7917": [-3.5, 0.5, -0.5],
						"0.9167": [-3.5, 0.25, -0.5],
						"1.375": [-3.5, 0.25, -0.5],
						"1.625": [-3.5, 0.25, -0.5]
					},
					"scale": [0.9, 0.9, 0.9]
				},
				"weapon_root": {
					"rotation": {
						"0.0": [0, -10, 0],
						"0.4583": [0, -10, 0],
						"0.5417": [5.0168, -9.99285, -0.11048],
						"0.625": [2.5168, -9.99285, -0.11048],
						"0.9583": [2.52, -9.99, -0.11],
						"1.0417": [-0.48, -9.99, -0.11],
						"1.125": [-0.48, -9.99, -0.11],
						"1.2083": [0, -10, 0],
						"1.2917": [-2.5, -10, 0],
						"1.375": [0, -10, 0],
						"1.625": [0, -15.63, 0]
					},
					"position": {
						"0.0": [0, 0, -1],
						"0.9583": [0, 0, -1],
						"1.625": [0, 0, -1]
					}
				},
				"clip": {
					"rotation": {
						"0.25": [0, 0, 0],
						"0.375": [-5, 0, 0],
						"0.4167": [-5, 0, 0],
						"0.4583": [-15.26822, -4.64984, -1.70818],
						"0.5417": [-12.81281, -25.11668, 0.84825],
						"0.5833": [-9.44496, -26.53834, -18.95668],
						"0.6667": [40.51774, -11.02071, -69.55702],
						"0.75": [40.52, -11.02, -69.56],
						"0.9583": [0, 0, 0],
						"1.0417": [-7.5, 0, 7.5],
						"1.125": [-7.5, 0, 7.5],
						"1.1667": [-7.5, 0, 7.5],
						"1.2917": [0, 0, 0]
					},
					"position": {
						"0.25": [0, 0, 0],
						"0.375": [0, -0.75, -0.25],
						"0.4167": [0, -0.75, -0.25],
						"0.4583": [1.45, -3.9, -5.45],
						"0.5": [4.4, -2.8, -8.15],
						"0.5417": [5.35, -5.7, -12.85],
						"0.5833": [7.25, -11.5, -16.25],
						"0.6667": [20.25, -23.5, -15.25],
						"0.75": [20.25, -23.5, -15.25],
						"0.9583": [-0.75, -3.5, -2.25],
						"1.0417": [-0.75, -3, -2.25],
						"1.1667": [-0.75, -3, -2.25],
						"1.2917": [0, 0, 0]
					}
				},
				"bullets": {
					"scale": {
						"0.0": [0, 0, 0],
						"0.7083": [0, 0, 0],
						"0.75": [1, 1, 1]
					}
				},
				"release_mag": {
					"rotation": {
						"0.25": [0, 0, 0],
						"0.3333": [-45, 0, 0],
						"1.2083": [-45, 0, 0],
						"1.2917": [0, 0, 0]
					}
				},
				"leftArm": {
					"rotation": {
						"0.0": [-79.39201, -17.52979, -1.90949],
						"0.25": [-115.06324, 9.51587, -16.15773],
						"0.4167": [-121.46823, 16.73279, -28.73402],
						"0.4583": [-107.99964, 7.59096, -30.41598],
						"0.5": [-96.0789, 1.73519, -24.9017],
						"0.5833": [-72.52836, -5.33079, -44.43734],
						"0.6667": [-25.7699, -3.06473, -40.94969],
						"0.75": [-18.2708, -3.06764, -40.94901],
						"0.8333": [-49.52055, -6.07651, -41.69606],
						"0.9583": [-96.85934, 13.25268, -22.5865],
						"1.1667": [-101.38822, 6.36469, -31.12629],
						"1.2917": [-106.90359, 10.48823, -29.58437],
						"1.375": [-102.78948, 15.84297, -20.80211],
						"1.625": [-79.6078, -1.66695, -14.22751]
					},
					"position": {
						"0.0": [0, 0.25, -3],
						"0.2083": [-3.75, 0.25, -2.41],
						"0.3333": [-3, 0.25, -5],
						"0.4167": [-3, 0.25, -5],
						"0.5": [-2, 1.5, -4.5],
						"0.5833": [-1, 0.25, -6],
						"0.6667": [1, 0.25, -4],
						"0.75": [1, 0.25, -4],
						"0.9583": [-4, 1.75, -4.25],
						"1.1667": [-4, 1.75, -4.25],
						"1.2917": [-4.25, 1.75, -4.25],
						"1.375": [-4.25, 1.75, -4.25],
						"1.625": [-0.25, 1.75, -1.25]
					},
					"scale": [0.8, 0.8, 0.8]
				},
				"clip2": {
					"scale": [0, 0, 0]
				}
			}
		},
		"animation.ak_47.reload.fp3": {
			"loop": "hold_on_last_frame",
			"animation_length": 1.33333,
			"bones": {
				"root": {
					"rotation": [-175, 2.5, -180],
					"position": [1, -1, 2.5]
				},
				"rightArm": {
					"rotation": {
						"0.0": [-89.80423, -31.21307, -0.10923],
						"0.25": [-78.51423, -37.62211, -34.98714],
						"0.3333": [-88.07287, -37.66749, -15.85487],
						"0.4167": [-88.07, -37.67, -15.85],
						"0.5417": [-81.76824, -37.118, -22.10618],
						"0.7917": [-81.77, -37.12, -22.11],
						"0.9167": [-76.54218, -38.3661, -35.05673],
						"1.0833": [-76.54, -38.37, -35.06],
						"1.3333": [-113.87, -22.86, 43.06]
					},
					"position": {
						"0.0": [-3.5, 0.5, 0.75],
						"0.25": [-3.5, 0.5, -0.5],
						"0.7917": [-3.5, 0.5, -0.5],
						"0.9167": [-3.5, 0.25, -0.5],
						"1.0833": [-3.5, 0.25, -0.5],
						"1.3333": [-3.5, 0.25, -0.5]
					},
					"scale": 0.9
				},
				"weapon_root": {
					"rotation": {
						"0.0": [0, -10, 0],
						"0.3333": [0, -10, 0],
						"0.4167": [-4.9832, -9.99285, -0.11048],
						"0.5": [0.0168, -9.99285, -0.11048],
						"0.625": [0, -10, 0],
						"0.7917": [0, -10.94, 0],
						"0.875": [-5, -11.409, 0],
						"1.0": [2.5, -12.50333, 0],
						"1.0833": [0, -15.63, 0]
					},
					"position": {
						"0.0": [0, 0, -1],
						"0.7917": [0, 0, -1],
						"1.0833": [0, 0, -1]
					}
				},
				"clip": {
					"rotation": {
						"0.25": [0, 0, 0],
						"0.5": [-222.27, 0, 0],
						"0.7083": [-407.5, 0, 0],
						"0.9167": [-407.5, 0, 0],
						"1.2917": [0, 0, 0]
					},
					"position": {
						"0.25": [0, 0, 0],
						"0.5": [8.18, -15.27, -32.18],
						"0.7083": [15, -58, -59],
						"0.9167": [11, -82, -44],
						"1.2917": [0, 0, 0]
					},
					"scale": {
						"0.7917": [1, 1, 1],
						"0.8333": [0, 0, 0],
						"1.2917": [0, 0, 0],
						"1.3333": [1, 1, 1]
					}
				},
				"bullets": {
					"scale": {
						"0.0": [0, 0, 0],
						"1.25": [0, 0, 0],
						"1.2917": [1, 1, 1]
					}
				},
				"release_mag": {
					"rotation": {
						"0.25": [0, 0, 0],
						"0.3333": [-45, 0, 0],
						"0.7083": [-45, 0, 0],
						"0.7917": [0, 0, 0]
					}
				},
				"leftArm": {
					"rotation": {
						"0.0": [-54.39201, -17.52979, -1.90949],
						"0.25": [-94.97738, 22.50677, -15.92121],
						"0.4167": [-86.08036, -0.75896, -25.07262],
						"0.5": [-69.95871, -7.75006, -45.09039],
						"0.75": [-93.83391, 25.86784, -21.23167],
						"0.9583": [-99.03945, 24.89127, -26.75823],
						"1.125": [-98.26655, 7.58705, -24.02633],
						"1.3333": [-75.79935, 2.60057, -24.39535]
					},
					"position": {
						"0.0": [0, 0.25, -3],
						"0.2083": [-3.75, 0.25, -2.41],
						"0.25": [-3.5, 0.25, -1.27],
						"0.4167": [-2, 1.5, -4.5],
						"0.5": [-1, 0.25, -6],
						"0.75": [-4, 1.75, -4.25],
						"0.9583": [-4, 1.75, -4.25],
						"1.0417": [-2.5, 1.75, -2.25],
						"1.125": [-1, 1.75, -2.25]
					},
					"scale": 0.8
				},
				"clip2": {
					"rotation": {
						"0.0": [80.65416, -46.68548, -78.02238],
						"0.1667": [16.08641, -28.62452, -7.69925],
						"0.25": [5.77476, -17.58663, 2.07011],
						"0.4167": [13.45153, -52.45879, -29.58318],
						"0.5": [22.17087, -69.88973, -51.56469],
						"0.625": [2.6799, -33.16819, -10.83297],
						"0.8333": [0, 0, 0]
					},
					"position": {
						"0.0": [23, -8.75, -17],
						"0.1667": [6, -7.42, -5.67],
						"0.25": [3.5, -5.75, 4],
						"0.3333": [5.17, -4.75, -4.33],
						"0.4167": [5.84, -6.25, -12.17],
						"0.5": [8.5, -11.75, -18],
						"0.625": [0.25, -5.87, -9],
						"0.7083": [0.15, -3.52, -3.4],
						"0.75": [-0.9, -2.35, -1.27],
						"0.8333": [0, 0, 0]
					},
					"scale": {
						"0.0": [1, 1, 1],
						"1.2917": [1, 1, 1],
						"1.3333": [0, 0, 0]
					}
				}
			},
			"sound_effects": {
				"0.0": {
					"effect": "cloth_high"
				},
				"0.25": {
					"effect": "ak47_clip_out"
				},
				"0.5": {
					"effect": "cloth_low1"
				},
				"0.7917": {
					"effect": "ak47_clip_in_2"
				},
				"1.25": {
					"effect": "cloth_high"
				}
			}
		},
		"animation.ak_47.reload.fp4": {
			"loop": "hold_on_last_frame",
			"animation_length": 2.1667,
			"bones": {
				"root": {
					"rotation": {
						"0.0": [-175.00007, -2.481, -180.43564],
						"0.2917": [-175.00477, 0.0095, -180.21782],
						"0.4167": [-177.50238, 0.00238, -180.10901],
						"0.5417": [-172.50718, 0.02136, -180.32621],
						"0.6667": [-177.50238, 0.00238, -180.10901],
						"0.8333": [-175.00477, 0.0095, -180.21782],
						"1.4167": [-175, 2.5, -180],
						"1.625": [-177.5219, 2.52171, -180.50001],
						"1.8333": [-177.52, 2.52, -180.5],
						"2.0": [-175, 2.5, -180]
					},
					"position": {
						"0.0": [1, -1, 2.5],
						"0.2917": [1, -1, 2.5],
						"0.4167": [1, -1, 3.5],
						"0.5417": [1, -1, 3.6],
						"0.7083": [1, -1, 2.5],
						"0.875": [1, -1, 2.5],
						"1.4167": [1, -1, 2.5],
						"1.625": [0.75, -1, 3.5],
						"1.8333": [0.75, -1, 3.5],
						"2.0": [1, -1, 2.5]
					}
				},
				"rightArm": {
					"rotation": {
						"0.0": [-89.80423, -31.21307, -0.10923],
						"0.2917": [-78.51423, -37.62211, -34.98714],
						"0.4167": [-78.51423, -37.62211, -34.98714],
						"0.5": [-88.07287, -37.66749, -15.85487],
						"0.5833": [-88.07, -37.67, -15.85],
						"0.7083": [-81.76824, -37.118, -22.10618],
						"0.9583": [-81.77, -37.12, -22.11],
						"1.0833": [-76.54218, -38.3661, -35.05673],
						"1.25": [-76.54, -38.37, -35.06],
						"1.4167": [-113.87, -22.86, 43.06],
						"1.5833": [-126.30981, -17.68759, 69.10391],
						"1.7083": [-126.92118, -16.19631, 71.20154],
						"1.9167": [-126.30981, -17.68759, 69.10391],
						"2.125": [-116.61601, -25.32748, 45.71499]
					},
					"position": {
						"0.0": [-3.5, 0.5, 0.75],
						"0.2917": [-3.5, 0.5, -0.5],
						"0.4167": [-3.5, 0.5, -0.5],
						"0.9583": [-3.5, 0.5, -0.5],
						"1.0833": [-3.5, 0.25, -0.5],
						"1.25": [-3.5, 0.25, -0.5],
						"1.4167": [-3.5, 0.25, -0.5]
					},
					"scale": [0.9, 0.9, 0.9]
				},
				"weapon_root": {
					"rotation": {
						"0.0": [0, -10, 0],
						"0.4167": [0, -10, 0],
						"0.5417": [-10.9832, -9.99285, -0.11048],
						"0.7083": [6, -10.58482, -0.04143],
						"0.875": [-3, -10.94, 0],
						"0.9583": [-13, -11.77378, 0],
						"1.0833": [-3, -13.70189, 0],
						"1.2083": [1, -15.63, 0],
						"1.6667": [0, -17.5, 0],
						"1.7917": [-2.5, -17.5, 0],
						"1.9167": [0, -17.5, 0]
					},
					"position": {
						"0.0": [0, 0, -1],
						"0.875": [0, 0, -1],
						"1.2083": [0, 0, -1],
						"1.6667": [0, 0, -1],
						"1.9167": [0, 0, -1]
					}
				},
				"clip": {
					"rotation": {
						"0.3333": [0, 0, 0],
						"0.4583": [0, 0, 0],
						"0.6667": [-222.27, 0, 0],
						"0.8333": [-407.5, 0, 0],
						"1.0833": [-732.5, 0, 0],
						"1.5417": [0, 0, 0]
					},
					"position": {
						"0.3333": [0, 0, 0],
						"0.4583": [0, 0, 0],
						"0.6667": [9.18, -11.27, -32.18],
						"0.8333": [15, -58, -65],
						"0.875": [14.33, -75.68, -73.17],
						"0.9583": [13, -119, -71.5],
						"1.0833": [-14, -161, -124],
						"1.5417": [0, 0, 0]
					},
					"scale": {
						"1.0833": {
							"pre": [1, 1, 1],
							"post": [0, 0, 0]
						},
						"1.5417": {
							"pre": [0, 0, 0],
							"post": [1, 1, 1]
						}
					}
				},
				"bullets": {
					"scale": {
						"0.0": [0, 0, 0],
						"1.4167": [0, 0, 0],
						"1.5417": [1, 1, 1]
					}
				},
				"release_mag": {
					"rotation": {
						"0.3333": [0, 0, 0],
						"0.4167": [0, 0, 0],
						"0.5": [-45, 0, 0],
						"0.8333": [-45, 0, 0],
						"0.9583": [0, 0, 0]
					}
				},
				"leftArm": {
					"rotation": {
						"0.0": [-54.39201, -17.52979, -1.90949],
						"0.2917": [-94.97738, 22.50677, -15.92121],
						"0.4167": [-92.52541, 25.00439, -16.04041],
						"0.5833": [-86.08036, -0.75896, -25.07262],
						"0.6667": [-69.95871, -7.75006, -45.09039],
						"0.8333": [-90.33332, 19.9616, -27.0973],
						"0.9167": [-93.83391, 25.86784, -21.23167],
						"1.125": [-99.03945, 24.89127, -26.75823],
						"1.2917": [-98.26655, 7.58705, -24.02633],
						"1.4167": [-94.26451, -16.55492, -16.13791],
						"1.5833": [-99.37427, 20.84599, -18.91435],
						"1.7083": [-94.65077, 19.40385, -7.70375],
						"1.875": [-94.65077, 19.40385, -7.70375],
						"1.9583": [-99.37427, 20.84599, -18.91435],
						"2.1667": [-79.1207, -16.20017, -12.9876]
					},
					"position": {
						"0.0": [0, 0.25, -3],
						"0.2083": [-3.75, 0.25, -2.41],
						"0.2917": [-3.5, 0.25, -1.27],
						"0.4167": [-3.5, 0.25, -1.27],
						"0.5833": [-2, 1.5, -4.5],
						"0.6667": [-1, 0.25, -6],
						"0.9167": [-4, 1.75, -4.25],
						"1.125": [-4, 1.75, -4.25],
						"1.2083": [-2.5, 1.75, -2.25],
						"1.2917": [-1, 1.75, -2.25],
						"1.4167": [1.75, 1.75, -1.25],
						"1.5833": [1.75, 3.75, -1.25],
						"1.7083": [-0.25, 3.75, 0.25],
						"1.875": [-0.25, 3.75, 0.25],
						"1.9583": [1.75, 3.75, -1.25]
					},
					"scale": [0.8, 0.8, 0.8]
				},
				"clip2": {
					"rotation": {
						"0.0": [80.65416, -46.68548, -78.02238],
						"0.1667": [16.08641, -28.62452, -7.69925],
						"0.2917": [5.77476, -17.58663, 2.07011],
						"0.4167": [5.77476, -17.58663, 2.07011],
						"0.5833": [13.45153, -52.45879, -29.58318],
						"0.6667": [22.17087, -69.88973, -51.56469],
						"0.8333": [2.6799, -33.16819, -10.83297],
						"0.9167": [0, 0, 0]
					},
					"position": {
						"0.0": [23, -8.75, -17],
						"0.1667": [6, -7.42, -5.67],
						"0.2917": [3.5, -5.75, 4],
						"0.4167": [3.5, -6.75, 4],
						"0.5": [5.17, -6.25, -4.33],
						"0.5417": [5.5, -7.25, -8.25],
						"0.5833": [5.84, -6.25, -12.17],
						"0.6667": [8.5, -11.75, -18],
						"0.7083": [6.41, -8.19, -15.35],
						"0.75": [4.33, -6.63, -10.7],
						"0.8333": [0.15, -3.52, -3.4],
						"0.9167": [-0.9, -2.35, -1.27],
						"1.0": [0, 0, 0]
					},
					"scale": {
						"0.0": [1, 1, 1],
						"1.5417": {
							"pre": [1, 1, 1],
							"post": [0, 0, 0]
						}
					}
				},
				"pullback": {
					"position": {
						"1.5833": [0, 0, 0],
						"1.7083": [0, 0, 6],
						"1.875": [0, 0, 6],
						"1.9583": [0, 0, 0]
					}
				}
			}
		},
		"animation.ak_47.reload.tp": {
			"loop": "hold_on_last_frame",
			"animation_length": 1.625,
			"bones": {
				"rightArm": {
					"rotation": {
						"0.0": [-89.82322, -18.71314, -0.06449],
						"0.25": [-80.25542, -29.37198, -27.70608],
						"0.3333": [-82.25542, -29.37198, -27.70608],
						"0.4167": [-96.39289, -26.06777, -5.14013],
						"0.5417": [-76.76824, -37.118, -22.10618],
						"0.7917": [-81.77, -37.12, -22.11],
						"0.9167": [-71.60486, -33.8991, -43.13713],
						"1.375": [-71.60486, -33.8991, -43.13713],
						"1.625": [-93.96811, -15.79794, 12.93019]
					},
					"position": {
						"0.0": [-1.5, 0.5, 0.75],
						"0.25": [-1.75, 0.5, 0.5],
						"0.7917": [-1.75, 0.5, 0.5],
						"0.9167": [-1.5, 0.25, -0.5],
						"1.375": [-1.5, 0.25, -0.5],
						"1.625": [-1, 0.5, -0.25]
					}
				},
				"weapon_root": {
					"rotation": {
						"0.0": [0, -10, 0],
						"0.4583": [0, -10, 0],
						"0.5417": [5.0168, -9.99285, -0.11048],
						"0.625": [2.5168, -9.99285, -0.11048],
						"0.9583": [2.52, -9.99, -0.11],
						"1.0417": [-0.48, -9.99, -0.11],
						"1.125": [-0.48, -9.99, -0.11],
						"1.2083": [0, -10, 0],
						"1.2917": [-2.5, -10, 0],
						"1.375": [0, -10, 0],
						"1.625": [0, -15.63, 0]
					}
				},
				"clip": {
					"rotation": {
						"0.25": [0, 0, 0],
						"0.375": [-5, 0, 0],
						"0.4167": [-5, 0, 0],
						"0.4583": [-13.22735, -32.54438, -2.80706],
						"0.5": [-16.98048, -50.99938, -13.73542],
						"0.5417": [8.42622, -36.27898, -39.30985],
						"0.5833": [34.77309, -34.45667, -73.75525],
						"0.625": [37.82749, -13.5042, -96.25781],
						"0.6667": [32.04166, -3.89275, -87.55431],
						"0.7083": [42.29662, 10.44596, -83.13071],
						"0.75": [41.38224, 12.70463, -87.68446],
						"0.7917": [41.38224, 12.70463, -87.68446],
						"0.8333": [45.085, -4.33231, -70.7813],
						"0.875": [46.07366, -25.32855, -67.79526],
						"0.9167": [32.58027, -57.87642, -52.67146],
						"0.9583": [6.20334, -52.06339, -22.01782],
						"1.0": [-0.3921, -42.51584, -6.72203],
						"1.0417": [-10.72668, -33.01428, 4.96836],
						"1.0833": [-7.5, 0, 7.5],
						"1.125": [-7.5, 0, 7.5],
						"1.1667": [-7.5, 0, 7.5],
						"1.2917": [0, 0, 0]
					},
					"position": {
						"0.25": [0, 0, 0],
						"0.375": [0, -0.75, -0.25],
						"0.4167": [0, -0.75, -0.25],
						"0.4583": [1.45, -3.9, -5.45],
						"0.5": [4.15, -2.8, -11.4],
						"0.5417": [5.35, -16.45, -12.85],
						"0.5833": [14.1, -30.2, -8.6],
						"0.625": [25.98, -40.45, 1.9],
						"0.6667": [24.85, -42.7, 7.4],
						"0.7083": [24.85, -42.7, 12.4],
						"0.75": [21.85, -42.2, 18.65],
						"0.7917": [21.85, -42.2, 18.65],
						"0.8333": [17.35, -43.95, 4.65],
						"0.875": [15.32, -38.71, -8.4],
						"0.9167": [14.03, -27.85, -16.57],
						"0.9583": [6.78, -22.1, -14.32],
						"1.0": [2.02, -16.3, -10.79],
						"1.0417": [-2, -10.25, -6.25],
						"1.0833": [-0.75, -3, -2.25],
						"1.1667": [-0.75, -3, -2.25],
						"1.2917": [0, 0, 0]
					},
					"scale": {
						"0.7083": [1, 1, 1],
						"0.75": [0, 0, 0],
						"0.7917": [0, 0, 0],
						"0.8333": [1, 1, 1]
					}
				},
				"bullets": {
					"scale": {
						"0.0": [0, 0, 0],
						"0.7083": [0, 0, 0],
						"0.75": [1, 1, 1]
					}
				},
				"release_mag": {
					"rotation": {
						"0.25": [0, 0, 0],
						"0.3333": [-45, 0, 0],
						"1.2083": [-45, 0, 0],
						"1.2917": [0, 0, 0]
					}
				},
				"leftArm": {
					"rotation": {
						"0.0": [-80.98189, 5.08164, -15.58649],
						"0.25": [-106.80232, 30.89684, -28.41263],
						"0.4167": [-112.89726, 32.63712, -22.8983],
						"0.5": [-82.99964, 7.59096, -30.41598],
						"0.625": [1.81857, 19.43447, -19.30815],
						"0.75": [18.72048, 16.59567, 20.40038],
						"0.7917": [18.72048, 16.59567, 20.40038],
						"0.9167": [-49.52055, -6.07651, -41.69606],
						"1.0833": [-102.03453, 26.10037, -26.80498],
						"1.1667": [-102.03453, 26.10037, -26.80498],
						"1.2917": [-107.86771, 26.18608, -30.31181],
						"1.375": [-108.35562, 29.03753, -31.36419],
						"1.5": [-81.48171, 13.68529, -22.79585],
						"1.625": [-79.6078, -1.66695, -14.22751]
					},
					"position": {
						"0.0": [0, 0.25, -3],
						"0.25": [-1, 0.25, -3.27],
						"0.4167": [-1.75, 0, -4.25],
						"0.5": [-1, 1.5, -2.5],
						"0.625": [0, 0.25, 0],
						"0.75": [1, 0.25, 0],
						"0.7917": [1, 0.25, 0],
						"1.0833": [0, 0.25, -3.27],
						"1.1667": [0, 0.25, -3.27],
						"1.2917": [0.2, 0.25, -3.27],
						"1.375": [0.2, 0.25, -3.27],
						"1.4167": [0.12, 0.5, -3.68],
						"1.625": [-0.25, 1.75, -1.25]
					}
				},
				"clip2": {
					"scale": {
						"0.0": {
							"pre": [0, 0, 0],
							"post": [0, 0, 0]
						}
					}
				},
				"waist": {
					"rotation": {
						"0.0": [0, 0, 0],
						"0.25": [-5.019, 4.98093, -0.43688],
						"0.375": [-6.019, 4.98093, -0.43688],
						"0.5": [0, 0, 0],
						"0.6667": [5, -10, 0],
						"0.7917": [4.55597, -10.20827, 2.53056],
						"1.0": [0, 0, 0],
						"1.125": [-2.00274, 2.99817, -0.10479],
						"1.2917": [-2, 3, -0.1],
						"1.4167": [0, 0, 0]
					}
				},
				"head": {
					"rotation": {
						"0.0": [0, 0, 0],
						"0.25": [12.43367, 3.62651, 8.24903],
						"0.375": [12.43367, 3.62651, 8.24903],
						"0.6667": [14.86312, -14.09329, -3.6798],
						"0.8333": [14.86, -14.09, -3.68],
						"1.2083": [12.43367, 3.62651, 8.24903],
						"1.4167": [0, 0, 0]
					}
				},
				"rightLeg": {
					"rotation": ["(v.tcos0*0.8)", 0, 0],
					"position": [0, "0-(v.tcos0*0.0175)", "0+(v.tcos0*0.015)"]
				},
				"leftLeg": {
					"rotation": ["-(v.tcos0*0.8)", 0, 0],
					"position": [0, "0+(v.tcos0*0.0175)", "0-(v.tcos0*0.015)"]
				}
			}
		},
		"animation.ak_47.reload.tp2": {
			"loop": "hold_on_last_frame",
			"animation_length": 2.1667,
			"bones": {
				"rightArm": {
					"rotation": {
						"0.0": [-88.69838, -3.61726, -7.50478],
						"0.2917": [-79.95002, -25.33955, -32.25387],
						"0.4167": [-79.95002, -25.33955, -32.25387],
						"0.5": [-87.33202, -25.67635, -26.72603],
						"0.5833": [-79.95002, -25.33955, -32.25387],
						"0.7083": [-82.61291, -20.71937, -26.01362],
						"0.9583": [-82.25053, -32.16843, -21.26551],
						"1.0833": [-85.15254, -31.2491, -26.42332],
						"1.2083": [-79.504, -31.54776, -30.18377],
						"1.4167": [-108.27452, -18.12002, 41.36042],
						"1.5833": [-123.11684, -19.06628, 66.90628],
						"1.6667": [-127.92118, -16.19631, 71.20154],
						"1.7083": [-128.92118, -16.19631, 71.20154],
						"1.8333": [-125.30981, -17.68759, 69.10391],
						"1.9167": [-119.45954, -18.84316, 61.67869],
						"2.0833": [-103.96442, -29.69595, 23.9948]
					},
					"position": {
						"0.0": [-0.5, 0.5, -0.25],
						"0.2917": [-1.5, 0.5, -0.5],
						"0.4167": [-1, 0.5, -1.25],
						"0.9583": [-1, 0.5, -1],
						"1.0833": [-1, 0.5, -1.5],
						"1.2083": [-1.25, 0.25, -1.5],
						"1.4167": [-0.5, 0.25, -2.5],
						"1.5833": [-0.5, -0.25, -2.5],
						"1.8333": [-0.5, -0.25, -2.5],
						"2.0833": [-0.5, -0.25, -2.25]
					}
				},
				"weapon_root": {
					"rotation": {
						"0.0": [0, -10, 0],
						"0.4167": [0, -10, 0],
						"0.5417": [-10.9832, -9.99285, -0.11048],
						"0.7083": [6, -10.58482, -0.04143],
						"0.875": [-3, -10.94, 0],
						"0.9583": [-13, -11.77378, 0],
						"1.0833": [-3, -13.70189, 0],
						"1.2083": [1, -15.63, 0],
						"1.625": [0, -17.5, 0],
						"1.7083": [-2.5, -17.5, 0],
						"1.8333": [0, -17.5, 0]
					}
				},
				"clip": {
					"rotation": {
						"0.3333": [0, 0, 0],
						"0.4583": [0, 0, 0],
						"0.6667": [-222.27, 0, 0],
						"0.8333": [-407.5, 0, 0],
						"1.0833": [-407.5, 0, 0],
						"1.5417": [0, 0, 0]
					},
					"position": {
						"0.3333": [0, 0, 0],
						"0.4583": [0, 0, 0],
						"0.6667": [9.18, -11.27, -32.18],
						"0.8333": [15, -58, -59],
						"1.0833": [11, -82, -44],
						"1.5417": [0, 0, 0]
					},
					"scale": {
						"0.8333": {
							"pre": [1, 1, 1],
							"post": [0, 0, 0]
						},
						"1.5417": {
							"pre": [0, 0, 0],
							"post": [1, 1, 1]
						}
					}
				},
				"bullets": {
					"scale": {
						"0.0": [0, 0, 0],
						"1.4167": [0, 0, 0],
						"1.5417": [1, 1, 1]
					}
				},
				"release_mag": {
					"rotation": {
						"0.3333": [0, 0, 0],
						"0.4167": [0, 0, 0],
						"0.5": [-45, 0, 0],
						"0.8333": [-45, 0, 0],
						"0.9583": [0, 0, 0]
					}
				},
				"leftArm": {
					"rotation": {
						"0.0": [72.66959, 32.48926, 18.41225],
						"0.125": [-29.00207, 22.97491, -23.43849],
						"0.2917": [-101.97239, 43.8, -31.01571],
						"0.4167": [-101.2512, 39.88172, -29.93522],
						"0.5833": [-86.08036, -0.75896, -25.07262],
						"0.6667": [-56.07881, -10.86185, -38.17437],
						"0.8333": [-90.34284, 23.96153, -27.12274],
						"0.9167": [-96.75019, 24.72621, -33.8909],
						"1.0": [-102.19782, 25.42547, -28.50534],
						"1.125": [-103.14691, 25.86527, -27.00896],
						"1.2917": [-97.62185, 3.44525, -10.27626],
						"1.4167": [-96.43785, -15.85435, -8.36124],
						"1.5": [-95.50001, -15.75586, -23.86336],
						"1.5833": [-98.76666, -2.86276, -15.11094],
						"1.6667": [-98.76666, -2.86276, -15.11094],
						"1.7083": [-98.77561, -3.85107, -14.9582],
						"1.7917": [-98.76666, -2.86276, -15.11094],
						"1.875": [-98.76666, -2.86276, -15.11094],
						"1.9583": [-92.17142, -9.20551, -26.4008],
						"2.0833": [-79.1207, -16.20017, -12.9876]
					},
					"position": {
						"0.0": [0, 0.25, -1],
						"0.2083": [-1.75, 0.25, -2.41],
						"0.2917": [-0.5, 0.25, -3.27],
						"0.4167": [-0.5, 0.25, -3.27],
						"0.5833": [-2, 0.5, -4.5],
						"0.6667": [-1, 0.25, -4],
						"0.9167": [-1, 1.75, -4.25],
						"1.125": [-1, 1.25, -4],
						"1.2917": [0, 1.75, -2.25],
						"1.4167": [0.45, 1, -1.25],
						"1.5833": [0.5, 1.75, -1.25],
						"1.6667": [0, 1.75, 1],
						"1.7083": [0, 1.75, 1],
						"1.7917": [0, 1.75, 0],
						"1.875": [0.5, 1.75, -1.25]
					}
				},
				"clip2": {
					"rotation": {
						"0.0": [69.90905, 44.66679, -94.38441],
						"0.0833": [66.39993, -6.92382, -92.02319],
						"0.125": [53.94057, -27.16716, -87.11322],
						"0.1667": [40.47955, -35.59519, -70.28214],
						"0.2917": [5.95231, -13.63733, 1.41076],
						"0.4167": [5.95231, -13.63733, 1.41076],
						"0.5833": [17.27585, -68.77267, -14.0692],
						"0.6667": [67.88546, -66.62089, -86.01158],
						"0.7083": [28.93182, -71.51517, -48.8806],
						"0.8333": [2.6799, -33.16819, -10.83297],
						"0.9167": [0, 0, 0]
					},
					"position": {
						"0.0": [40.56, -16.05, 58.11],
						"0.0417": {
							"pre": [31.56, -37.05, 30.11],
							"post": [31.56, -37.05, 30.11]
						},
						"0.0833": [29.13, -38.34, 15.44],
						"0.125": [24.44, -33.38, 4.76],
						"0.1667": [11.75, -28.42, 0.08],
						"0.2083": [2.5, -19.87, 0.39],
						"0.2917": [-1, -5.75, 4],
						"0.4167": [-1, -5.75, 4],
						"0.5": [2.67, -8.5, -2.33],
						"0.5417": [5.5, -7.25, -8.25],
						"0.5833": [7.34, -7.25, -10.17],
						"0.625": [13.17, -13.87, -12.83],
						"0.6667": [22.5, -19, -13],
						"0.7083": [18.91, -13.69, -13.6],
						"0.75": [11.33, -10.88, -10.7],
						"0.8333": [0.15, -3.52, -3.4],
						"0.9167": [-0.9, -2.35, -1.27],
						"1.0": [0, 0, 0]
					},
					"scale": {
						"0.0": {
							"pre": [0, 0, 0],
							"post": [0, 0, 0]
						},
						"0.0417": {
							"pre": [0, 0, 0],
							"post": [1, 1, 1]
						},
						"1.5417": {
							"pre": [1, 1, 1],
							"post": [0, 0, 0]
						}
					}
				},
				"pullback": {
					"position": {
						"1.5833": [0, 0, 0],
						"1.6667": [0, 0, 6],
						"1.8333": [0, 0, 6],
						"1.9167": [0, 0, 0]
					}
				},
				"waist": {
					"rotation": {
						"0.0": [-0.77795, -12.46849, 5.10888],
						"0.2917": [0, 0, 0],
						"0.4167": [-4, 2.5, 0],
						"0.5417": [5.00238, -2.49762, -0.10912],
						"0.6667": [0, -2.5, 0],
						"0.9167": [-2.5, 2.5, 0],
						"1.0": [-3.60829, 5.43228, -1.18653],
						"1.125": [-2.5, 2.5, 0],
						"1.2917": [0, 0, 0],
						"1.4167": [2.71865, -4.99523, -2.50954],
						"1.5833": [2.72, -5, -2.51],
						"1.6667": [0, 0, 0],
						"1.7083": [-3.00183, 1.99726, -0.10471],
						"1.7917": [-3.00183, 1.99726, -0.10471],
						"1.9167": [0, 0, 0]
					}
				},
				"body": {
					"rotation": {
						"0.4167": [0, 0, 0],
						"0.5833": [0, 7.5, 0],
						"0.875": [0, 0, 0]
					}
				},
				"head": {
					"rotation": {
						"0.0": [20.47479, -17.22575, -3.13388],
						"0.2917": [8.48985, 9.94957, 7.59335],
						"0.4167": [8.49, 9.95, 7.59],
						"0.5833": [8.28344, 1.14448, -1.30036],
						"0.75": [8.28344, 1.14448, -1.30036],
						"0.9583": [13.48985, 9.94957, 7.59335],
						"1.0833": [10.47485, 7.95872, 4.63609],
						"1.2917": [10.28482, 1.47922, -1.64346],
						"1.5": [10.70798, -9.90642, -8.85178],
						"1.625": [8.68961, -12.0747, -13.44005],
						"1.6667": [8.68961, -12.0747, -13.44005],
						"1.8333": [10.71, -9.91, -8.85],
						"2.0833": [7.87995, -7.0995, -3.48187]
					}
				},
				"rightLeg": {
					"rotation": ["(v.tcos0*0.8)", 0, 0],
					"position": [0, "0-(v.tcos0*0.0175)", "0+(v.tcos0*0.015)"]
				},
				"leftLeg": {
					"rotation": ["-(v.tcos0*0.8)", 0, 0],
					"position": [0, "0+(v.tcos0*0.0175)", "0-(v.tcos0*0.015)"]
				},
				"root": {
					"rotation": [0, "q.target_y_rotation", 0]
				}
			}
		},
		"animation.ak_47.inspect.fp": {
			"loop": "hold_on_last_frame",
			"animation_length": 4.5,
			"bones": {
				"root": {
					"rotation": {
						"0.0": [-180, 0, -180],
						"0.5417": {
							"pre": [-181.26495, -17.09715, -190.21418],
							"post": [-181.26495, -17.09715, -190.21418],
							"lerp_mode": "catmullrom"
						},
						"2.0": {
							"post": [-181.26495, -17.09715, -190.21418],
							"lerp_mode": "catmullrom"
						},
						"2.5": {
							"post": [-180.03606, 1.64893, -187.64041],
							"lerp_mode": "catmullrom"
						},
						"3.9583": {
							"post": [-180.03606, 1.64893, -187.64041],
							"lerp_mode": "catmullrom"
						},
						"4.5": [-180, 0, -180]
					},
					"position": {
						"0.0": [1, 0, 2],
						"0.5417": {
							"pre": [3.25, -1.3075, 4],
							"post": [3.25, -1.3075, 4],
							"lerp_mode": "catmullrom"
						},
						"2.0": {
							"post": [3.25, -1.3075, 4],
							"lerp_mode": "catmullrom"
						},
						"2.5": {
							"post": [1.75, -0.0575, 3],
							"lerp_mode": "catmullrom"
						},
						"3.9583": {
							"post": [1.75, -0.0575, 3],
							"lerp_mode": "catmullrom"
						},
						"4.5": [1, 0, 2]
					}
				},
				"rightArm": {
					"rotation": {
						"0.0": [-77.57441, -50.38101, 6.63344],
						"0.5417": {
							"pre": [-100.91931, -14.63165, 21.73671],
							"post": [-100.91931, -14.63165, 21.73671],
							"lerp_mode": "catmullrom"
						},
						"2.0": {
							"post": [-100.91931, -14.63165, 21.73671],
							"lerp_mode": "catmullrom"
						},
						"2.5": {
							"post": [-86.56976, -27.81366, -23.09948],
							"lerp_mode": "catmullrom"
						},
						"3.9583": {
							"post": [-86.56976, -27.81366, -23.09948],
							"lerp_mode": "catmullrom"
						},
						"4.5": [-77.57441, -50.38101, 6.63344]
					},
					"position": {
						"0.0": [-3.5, 0.5, 0.75],
						"0.5417": {
							"pre": [1.32635, 0.21875, 3.00677],
							"post": [1.32635, 0.21875, 3.00677],
							"lerp_mode": "catmullrom"
						},
						"2.0": {
							"post": [1.32635, 0.21875, 3.00677],
							"lerp_mode": "catmullrom"
						},
						"2.5": {
							"post": [-0.67, -0.78, 3.01],
							"lerp_mode": "catmullrom"
						},
						"3.9583": {
							"post": [-0.67, -0.78, 3.01],
							"lerp_mode": "catmullrom"
						},
						"4.5": [-3.5, 0.5, 0.75]
					},
					"scale": {
						"0.0": [0.9, 0.9, 0.9],
						"0.5417": [0.9, 0.9, 0.9],
						"2.0": [0.9, 0.9, 0.9],
						"3.9583": [0.9, 0.9, 0.9],
						"4.5": [0.9, 0.9, 0.9]
					}
				},
				"weapon_root": {
					"rotation": {
						"0.0": [0, -10, 0],
						"0.5417": [0, 0, 0],
						"2.0": [0, 0, 0],
						"3.9583": [0, 0, 0],
						"4.5": [0, -10, 0]
					},
					"position": {
						"0.0": [0, 0, -1],
						"0.5417": [-0.51609, 0.23848, 0.09451],
						"2.0": [-0.51609, 0.23848, 0.09451],
						"3.9583": [-0.51609, 0.23848, 0.09451],
						"4.5": [-0.51609, 0.23848, 0.09451]
					}
				},
				"muzzle_flash": {
					"position": {
						"0.0": [8, 0, 0],
						"4.5": [8, 0, 0]
					}
				},
				"leftArm": {
					"rotation": {
						"0.0": [-62.24687, 9.53274, 3.03513],
						"0.25": {
							"pre": [-81.95844, 11.36996, 3.6173],
							"post": [-81.95844, 11.36996, 3.6173],
							"lerp_mode": "catmullrom"
						},
						"0.5417": {
							"post": [-110.21019, 33.92821, 6.8105],
							"lerp_mode": "catmullrom"
						},
						"1.2917": {
							"post": [-118.05647, 34.61835, 2.77387],
							"lerp_mode": "catmullrom"
						},
						"2.0": {
							"post": [-110.21019, 33.92821, 6.8105],
							"lerp_mode": "catmullrom"
						},
						"2.5": {
							"post": [-104.50511, 17.34539, -38.67803],
							"lerp_mode": "catmullrom"
						},
						"3.9583": {
							"post": [-104.50511, 17.34539, -38.67803],
							"lerp_mode": "catmullrom"
						},
						"4.5": [-62.24687, 9.53274, 3.03513]
					},
					"position": {
						"0.0": [0, 0.25, -3],
						"0.5417": {
							"pre": [-1.21819, -0.96837, -5.31839],
							"post": [-1.21819, -0.96837, -5.31839],
							"lerp_mode": "catmullrom"
						},
						"1.2917": {
							"post": [-1.04, -1.17, -6.29],
							"lerp_mode": "catmullrom"
						},
						"2.0": {
							"post": [-1.21819, -0.96837, -5.31839],
							"lerp_mode": "catmullrom"
						},
						"2.5": {
							"post": [-1.21819, 1.03163, -4.06839],
							"lerp_mode": "catmullrom"
						},
						"3.9583": {
							"post": [-1.21819, 1.03163, -4.06839],
							"lerp_mode": "catmullrom"
						},
						"4.5": [0, 0.25, -3]
					},
					"scale": {
						"0.0": [0.8, 0.8, 0.8],
						"0.5417": [0.8, 0.8, 0.8],
						"2.0": [0.8, 0.8, 0.8],
						"3.9583": [0.8, 0.8, 0.8],
						"4.5": [0.8, 0.8, 0.8]
					}
				}
			}
		},
		"animation.ak_47.inspect.tp": {
			"loop": "hold_on_last_frame",
			"animation_length": 4.5,
			"bones": {
				"rightArm": {
					"rotation": {
						"0.0": [-69.70056, -43.37107, 4.52175],
						"0.5417": {
							"pre": [-106.3544, -31.9668, 29.17816],
							"post": [-106.3544, -31.9668, 29.17816],
							"lerp_mode": "catmullrom"
						},
						"2.0": {
							"post": [-106.3544, -31.9668, 29.17816],
							"lerp_mode": "catmullrom"
						},
						"2.25": {
							"post": [-86.49909, -29.15911, -10.39614],
							"lerp_mode": "catmullrom"
						},
						"2.5833": {
							"post": [-56.25668, -36.33175, -50.70738],
							"lerp_mode": "catmullrom"
						},
						"3.9583": {
							"post": [-56.25668, -36.33175, -50.70738],
							"lerp_mode": "catmullrom"
						},
						"4.5": [-69.70056, -43.37107, 4.52175]
					},
					"position": {
						"0.0": [-1, 0, -1],
						"0.5417": {
							"pre": [-0.67365, 0.21875, -0.99323],
							"post": [-0.67365, 0.21875, -0.99323],
							"lerp_mode": "catmullrom"
						},
						"2.0": {
							"post": [-0.67365, 0.21875, -0.99323],
							"lerp_mode": "catmullrom"
						},
						"2.5833": {
							"post": [-1.67, 0.22, -0.99],
							"lerp_mode": "catmullrom"
						},
						"3.9583": {
							"post": [-1.67, 0.22, -0.99],
							"lerp_mode": "catmullrom"
						},
						"4.5": [-1, 0, -1]
					}
				},
				"weapon_root": {
					"rotation": ["0+(v.tcos0*1.15)*q.delta_time", -10, 0],
					"position": [-0.55, 0, 0]
				},
				"muzzle_flash": {
					"position": {
						"0.0": [8, 0, 0],
						"4.5": [8, 0, 0]
					}
				},
				"leftArm": {
					"rotation": {
						"0.0": [-58.4484, 14.51063, 2.57096],
						"0.2917": {
							"pre": [-76.3857, -4.69624, 38.91915],
							"post": [-76.3857, -4.69624, 38.91915],
							"lerp_mode": "catmullrom"
						},
						"0.5417": {
							"post": [-91.04154, 6.99076, 72.24033],
							"lerp_mode": "catmullrom"
						},
						"1.2917": {
							"post": [-91.28322, 6.32997, 76.32035],
							"lerp_mode": "catmullrom"
						},
						"1.9583": {
							"post": [-91.04154, 6.99076, 72.24033],
							"lerp_mode": "catmullrom"
						},
						"2.25": {
							"post": [-100.29148, -10.50023, 40.8505],
							"lerp_mode": "catmullrom"
						},
						"2.5833": {
							"post": [-97.03653, 3.03555, 59.08033],
							"lerp_mode": "catmullrom"
						},
						"2.9167": {
							"post": [-109.51934, -0.44947, 30.12936],
							"lerp_mode": "catmullrom"
						},
						"3.8333": {
							"post": [-104.31522, 1.07335, 51.31932],
							"lerp_mode": "catmullrom"
						},
						"4.1667": {
							"post": [-76.67594, -24.43154, 23.33315],
							"lerp_mode": "catmullrom"
						},
						"4.5": [-58.4484, 14.51063, 2.57096]
					},
					"position": {
						"0.0": [0, -0.5, -2],
						"0.5417": {
							"pre": [-0.71819, 0.03163, -3.06839],
							"post": [-0.71819, 0.03163, -3.06839],
							"lerp_mode": "catmullrom"
						},
						"1.9583": {
							"post": [-0.71819, 0.03163, -3.06839],
							"lerp_mode": "catmullrom"
						},
						"2.5833": {
							"post": [-0.96819, 0.28163, -3.06839],
							"lerp_mode": "catmullrom"
						},
						"3.8333": {
							"post": [-0.96819, 0.28163, -3.06839],
							"lerp_mode": "catmullrom"
						},
						"4.1667": {
							"post": [-0.48, -0.11, -1.53],
							"lerp_mode": "catmullrom"
						},
						"4.5": [0, -0.5, -2]
					}
				},
				"waist": {
					"rotation": {
						"0.0": [0, 0, 0],
						"0.5417": {
							"pre": [-2.5001, -2.49999, 0.00622],
							"post": [-2.5001, -2.49999, 0.00622],
							"lerp_mode": "catmullrom"
						},
						"2.0": {
							"post": [-5.0001, -2.49999, 0.00622],
							"lerp_mode": "catmullrom"
						},
						"2.5": {
							"post": [-0.0073, 4.99277, -0.32353],
							"lerp_mode": "catmullrom"
						},
						"3.8333": {
							"post": [-0.0073, 4.99277, -0.32353],
							"lerp_mode": "catmullrom"
						},
						"4.1667": {
							"post": [2.65323, 2.49638, -0.16177],
							"lerp_mode": "catmullrom"
						},
						"4.5": [0, 0, 0]
					},
					"position": {
						"0.0": [0, "-0.15+(variable.tcos0*0.005)", 0],
						"4.5": [0, "-0.15+(variable.tcos0*0.005)", 0]
					}
				},
				"body": {
					"rotation": [0, 0, 0],
					"position": {
						"0.0": [
							"0+math.sin(-query.walk_distance * 220.0) * variable.hand_bob * 2.75",
							"0-math.abs(math.cos(-query.walk_distance * 220.0)) * variable.hand_bob * 1.0 + variable.short_arm_offset_left",
							0
						],
						"4.5": [
							"0+math.sin(-query.walk_distance * 220.0) * variable.hand_bob * 2.75",
							"0-math.abs(math.cos(-query.walk_distance * 220.0)) * variable.hand_bob * 1.0 + variable.short_arm_offset_left",
							0
						]
					}
				},
				"head": {
					"rotation": {
						"0.0": [0, 0, 0],
						"0.5417": {
							"pre": [14.03251, -16.16375, -19.25353],
							"post": [14.03251, -16.16375, -19.25353],
							"lerp_mode": "catmullrom"
						},
						"2.0": {
							"post": [14.03, -16.16, -19.25],
							"lerp_mode": "catmullrom"
						},
						"2.5": {
							"post": [10.5642, -15.55136, 7.23122],
							"lerp_mode": "catmullrom"
						},
						"3.9583": {
							"post": [10.56, -15.55, 7.23],
							"lerp_mode": "catmullrom"
						},
						"4.5": [0, 0, 0]
					}
				},
				"rightLeg": {
					"rotation": {
						"0.0": ["(v.tcos0*0.8)", 0, 0],
						"4.5": ["(v.tcos0*0.8)", 0, 0]
					},
					"position": {
						"0.0": [0, "0-(v.tcos0*0.0175)", "0+(v.tcos0*0.015)"],
						"4.5": [0, "0-(v.tcos0*0.0175)", "0+(v.tcos0*0.015)"]
					}
				},
				"leftLeg": {
					"rotation": {
						"0.0": ["-(v.tcos0*0.8)", 0, 0],
						"4.5": ["-(v.tcos0*0.8)", 0, 0]
					},
					"position": {
						"0.0": [0, "0+(v.tcos0*0.0175)", "0-(v.tcos0*0.015)"],
						"4.5": [0, "0+(v.tcos0*0.0175)", "0-(v.tcos0*0.015)"]
					}
				}
			}
		},
		"animation.ak_47.gold.fp": {
			"loop": true,
			"animation_length": 0.25,
			"particle_effects": {
				"0.0417": [
					{
						"effect": "ak.gold_twinkle.body.fp",
						"locator": "ak_gold_twinkle_body"
					},
					{
						"effect": "ak.gold_twinkle.fp",
						"locator": "ak_gold_twinkle_barrel"
					},
					{
						"effect": "ak.gold_twinkle.clip.fp",
						"locator": "ak_gold_twinkle_clip"
					}
				]
			}
		},
		"animation.ak_47.gold.tp": {
			"loop": true,
			"animation_length": 0.25,
			"particle_effects": {
				"0.0417": [
					{
						"effect": "ak.gold_twinkle.body",
						"locator": "ak_gold_twinkle_body"
					},
					{
						"effect": "ak.gold_twinkle",
						"locator": "ak_gold_twinkle_barrel"
					},
					{
						"effect": "ak.gold_twinkle.clip",
						"locator": "ak_gold_twinkle_clip"
					}
				]
			}
		},
		"animation.ak_47.move_twinkle": {
			"loop": "hold_on_last_frame",
			"bones": {
				"twinkle": {
					"position": [0, 0, -3000],
					"scale": [0, 0, 0]
				}
			}
		},
		"animation.ak_47.pose": {
			"loop": true,
			"bones": {
				"root": {
					"position": [0, 6, 0]
				},
				"clip": {
					"rotation": [0, 0, -15],
					"position": [0, -8, -4]
				},
				"pullback": {
					"position": [0, 0, 6]
				},
				"casing": {
					"position": [0, -0.2, -1]
				}
			}
		},
		"animation.ak_47.after_burn": {
			"animation_length": 1.5,
			"particle_effects": {
				"0.0": {
					"effect": "rpk.after_burn",
					"locator": "ak_after_burn"
				}
			}
		},
		"animation.ak_47.m203.hold.fp": {
			"loop": "hold_on_last_frame",
			"bones": {
				"weapon_root": {
					"rotation": [-2.5, 0, 0]
				},
				"leftArm": {
					"rotation": [8, 2, -9],
					"position": [0.25, -0.25, 0]
				}
			}
		},
		"animation.ak_47.m203.hold.tp": {
			"loop": "hold_on_last_frame",
			"bones": {
				"weapon_root": {
					"rotation": [-5, -3, 0]
				},
				"leftArm": {
					"rotation": [8.5, 1, -4],
					"position": [0.25, 0, -0.625]
				}
			}
		},
		"animation.ak_47.m203.idle.fp": {
			"loop": "hold_on_last_frame",
			"animation_length": 4.5,
			"bones": {
				"weapon_root": {
					"rotation": {
						"0.0": [-2.5, 0, 0],
						"0.5": [0, 0, 0],
						"2.0": [0, 0, 0],
						"2.5": [-3, -5.5, 0],
						"4.0": [-3, -5.5, 0],
						"4.5": [-2.5, 0, 0]
					},
					"position": {
						"0.0": [0, 0, 0],
						"2.0": [0, 0, 0],
						"2.5": [-0.25, 0, 0.5],
						"4.0": [-0.25, 0, 0.5],
						"4.5": [0, 0, 0]
					}
				},
				"leftArm": {
					"rotation": {
						"0.0": [8, 2, -9],
						"0.5": [8, 2, -9],
						"2.0": [8, 2, -9],
						"2.5": [12, -5, -8],
						"4.0": [12, -5, -8],
						"4.5": [8, 2, -9]
					},
					"position": {
						"0.0": [0.25, -0.25, 0],
						"0.5": [0.25, 0, 0],
						"2.0": [0.25, 0, 0],
						"2.5": [0.25, 0, 0],
						"4.0": [0.25, 0, 0],
						"4.5": [0.25, -0.25, 0]
					}
				}
			}
		},
		"animation.ak_47.attach.acog": {
			"animation_length": 0.125,
			"bones": {
				"weapon_root": {
					"rotation": {
						"0.0": [0, 0, 0],
						"0.0417": [0, "math.random(-1,1)", 0],
						"0.125": [0, 0, 0]
					}
				},
				"acog": {
					"rotation": {
						"0.0": [0, 0, 0],
						"0.0417": [0, 0, "math.random(-15,15)"],
						"0.125": [0, 0, 0]
					}
				},
				"red_dot_scope": {
					"rotation": {
						"0.0": [0, 0, 0],
						"0.0417": [0, 0, "math.random(-15,15)"],
						"0.125": [0, 0, 0]
					}
				}
			},
			"particle_effects": {
				"0.0": {
					"effect": "attach.acog",
					"locator": "ak_acog_attach"
				}
			}
		},
		"animation.ak_47.attach.fore_grip": {
			"animation_length": 0.125,
			"bones": {
				"weapon_root": {
					"rotation": {
						"0.0": [0, 0, 0],
						"0.0417": [0, "math.random(-1,1)", 0],
						"0.125": [0, 0, 0]
					}
				},
				"grip_guard": {
					"rotation": {
						"0.0": [0, 0, 0],
						"0.0417": [0, 0, "math.random(-2,2)"],
						"0.125": [0, 0, 0]
					}
				}
			},
			"particle_effects": {
				"0.0": {
					"effect": "attach.acog",
					"locator": "ak_grip_attach"
				}
			}
		},
		"animation.ak_47.attach.m203": {
			"animation_length": 0.125,
			"bones": {
				"weapon_root": {
					"rotation": {
						"0.0": [0, 0, 0],
						"0.0417": [0, "math.random(-1,1)", 0],
						"0.125": [0, 0, 0]
					}
				},
				"m203": {
					"rotation": {
						"0.0": [0, 0, 0],
						"0.0417": [0, 0, "math.random(-2,2)"],
						"0.125": [0, 0, 0]
					}
				}
			},
			"particle_effects": {
				"0.0": {
					"effect": "attach.acog",
					"locator": "ak_grip_attach"
				}
			}
		},
		"animation.ak_47.m203.idle.tp": {
			"loop": "hold_on_last_frame",
			"animation_length": 4.5,
			"bones": {
				"weapon_root": {
					"rotation": {
						"0.0": [-2.5, 0, 0],
						"0.6": [-5, -5, 0],
						"2.0": [-5, -5, 0],
						"2.5": [-3, -5.5, 0],
						"4.0": [-3, -5.5, 0],
						"4.5": [-2.5, 0, 0]
					},
					"position": {
						"0.0": [0, 0, 0],
						"2.0": [0, 0, 0],
						"2.5": [-0.25, 0, 0.5],
						"4.0": [-0.25, 0, 0.5],
						"4.5": [0, 0, 0]
					}
				},
				"leftArm": {
					"rotation": {
						"0.0": [4, 5, -12],
						"0.6": [-2, -4, -11],
						"2.0": [-2, -4, -11],
						"2.5": [5, -5, -8],
						"4.0": [5, -5, -8],
						"4.5": [4, 5, -12]
					},
					"position": {
						"0.0": [0.25, -0.5, -0.5],
						"0.6": [0.25, 0, 0],
						"2.0": [0.25, 0, 0],
						"2.5": [0.75, 0, 1.5],
						"4.0": [0.75, 0, 1.5],
						"4.5": [0.25, -0.5, -0.5]
					}
				}
			}
		},
		"animation.ak_47.m203.pos.fp": {
			"loop": "hold_on_last_frame",
			"bones": {
				"weapon_root": {
					"rotation": [-19, -19, 0],
					"position": [1.6, 11, 4.25]
				},
				"rightArm": {
					"position": [-1.25, 0.5, 2.25]
				}
			}
		},
		"animation.ak_47.m203.pos.tp": {
			"loop": "hold_on_last_frame",
			"bones": {
				"weapon_root": {
					"rotation": ["-22+(math.clamp(q.target_x_rotation, -20, 20))", -19.5, 7],
					"position": [0.6, "8.25-((q.rotation_to_camera(0) > 15 || q.rotation_to_camera(0) < -15) ? (math.lerp(0,math.clamp(q.target_x_rotation, -2, 2), 1)))", -3]
				},
				"rightArm": {
					"position": [-1, 0, 1.25]
				}
			}
		},
		"animation.ak_47.m203.load.fp": {
			"loop": "hold_on_last_frame",
			"animation_length": 2.6667,
			"bones": {
				"weapon_root": {
					"rotation": {
						"0.0": [-10, -19, 0],
						"0.0833": [-10, -19, 0],
						"0.1667": [-14, -24, 0],
						"0.25": [-19, -26, 0],
						"0.5": [-19, -26, 0],
						"1.2083": [-11, -37, 0],
						"1.25": [-11, -38, 0],
						"1.2917": [-11, -37, 0],
						"1.5": [-9, -30, 0],
						"1.875": [-14, -26, 0],
						"2.0": [-14, -26, 0],
						"2.125": [-18, -25, 0],
						"2.25": [-17, -25, 0],
						"2.4167": [-14, -26, 0],
						"2.6667": [-14, -19, 0]
					},
					"position": {
						"0.0": [1.6, 11, 4.25],
						"0.0833": [1.6, 11, 4.25],
						"0.25": [1.85, 11.25, 4],
						"0.5": [1.85, 11.25, 4],
						"1.2083": [1.85, 11.25, 4],
						"1.2917": [1.85, 11.25, 4],
						"1.5": [1.85, 11.25, 4.25],
						"1.875": [1.85, 11.25, 4],
						"2.0": [1.85, 11.25, 4],
						"2.4167": [1.85, 11.25, 4],
						"2.6667": [1.6, 11, 4.25]
					}
				},
				"rightArm": {
					"position": [-1.25, 0.5, 2.25]
				},
				"root": {
					"position": {
						"2.5": [0, 0, 0],
						"2.6667": [0, 0.25, 0]
					}
				}
			}
		},
		"animation.ak_47.m203.load.tp": {
			"loop": "hold_on_last_frame",
			"animation_length": 2.6667,
			"bones": {
				"weapon_root": {
					"rotation": {
						"0.0": [-5, -27.5, 0],
						"0.125": [-5, -36.69173, -15],
						"0.1667": [-4.71083, -33.7774, -8.96771],
						"0.2917": [-15, -36.69173, 0],
						"0.375": [-15, -36.69173, 0],
						"0.5833": [-15, -32, 0],
						"0.8333": [-15, -19, -9],
						"1.0": [-15, -20, -15],
						"1.125": [-9, -28.57, -12.43],
						"1.2917": [-8, -46, -15],
						"1.5417": [-8, -42, -10],
						"1.625": [-8, -37, -10],
						"1.9583": [-8, -37, -10],
						"2.125": [-8, -37, -10],
						"2.25": [-8, -39, -10],
						"2.4583": [-8, -35, -5],
						"2.6667": [-5, -27.5, 0]
					},
					"position": {
						"0.0": [1.3, 10.25, -3.85],
						"0.125": [2.05, 11.25, -3.6],
						"0.1667": [1.68, 10.8, -3.49],
						"0.2917": [1.55, 10.45, -3.15],
						"0.375": [1.55, 10.45, -3.15],
						"0.5833": [1.55, 10.45, -3.15],
						"0.8333": [-0.15, 10.3, -3.45],
						"1.0": [-0.95, 9.95, -3.5],
						"1.125": [0.15, 10.06, -3.9],
						"1.2917": [2.2, 10.2, -3.85],
						"1.5417": [1.95, 10.2, -3.6],
						"1.625": [1.95, 10.2, -3.6],
						"1.9583": [1.8, 10.5, -3],
						"2.125": [1.8, 10.5, -3],
						"2.25": [2.1, 10.75, -4.05],
						"2.4583": [1.6, 10.525, -4.05],
						"2.6667": [1.55, 10.25, -4.1]
					}
				},
				"rightArm": {
					"rotation": {
						"0.0": [0, 0, 0],
						"0.125": [0, 0, 0],
						"0.2917": [0, 0, 0],
						"0.375": [0, 0, 0],
						"0.4167": [0, 0, 0],
						"0.5": [0, 0, 0],
						"0.5833": [0, 0, 0],
						"1.0": [0, 0, 0],
						"1.2917": [0, 0, 0],
						"1.5417": [0, 0, 0],
						"1.625": [0, 0, 0],
						"1.9583": [0, 0, 0],
						"2.125": [0, 0, 0],
						"2.25": [0, 0, 0],
						"2.4583": [0, 0, 0],
						"2.6667": [0, 0, 0]
					},
					"position": {
						"0.0": [0, 0, 0],
						"0.125": [0, 0, 0],
						"0.2917": [0, 0, 0],
						"0.375": [0, 0, 0],
						"1.0": [0, 0, 0],
						"1.2917": [0, 0, 0],
						"1.9583": [0, 0, 0],
						"2.125": [0, 0, 0],
						"2.25": [0, 0, 0],
						"2.4583": [0, 0, 0],
						"2.6667": [0, 0, 0]
					}
				},
				"leftArm": {
					"rotation": {
						"0.0": [0, 0, 0],
						"0.125": [0, 0, 0],
						"0.2917": [5, 0, 0],
						"0.375": [9, -2, -5],
						"0.4167": [9, -2, -5],
						"0.5833": [0, 0, 0],
						"0.75": [0, 0, 0],
						"0.9583": [0, 0, 0],
						"1.0417": [0, 0, 0],
						"1.2917": [0, 0, 0],
						"1.375": [0, 0, 0],
						"1.4583": [0, 0, 0],
						"1.5417": [0, 0, 0],
						"1.625": [0, 0, 0],
						"1.75": [0, 0, 0],
						"1.9167": [7.25, 0, 0],
						"2.125": [7, 0, 0],
						"2.25": [5, 10, 0],
						"2.4167": [5, 5, 0],
						"2.6667": [5, 15, 5]
					},
					"position": {
						"0.0": [0, 0, 0],
						"0.125": [0, 0, 0],
						"0.2917": [0, 0, 0],
						"0.375": [0, 0, 0],
						"0.4167": [0, 0, 0],
						"0.75": [0, 0, 0],
						"0.9583": [0, 0, 0],
						"1.2917": [0, -0.25, -0.75],
						"1.375": [0, -0.25, -0.75],
						"1.4583": [0, 0, 0],
						"1.5417": [0, 0, 0],
						"1.625": [0, 0, 0],
						"1.9583": [0, 0, 0],
						"2.125": [0, 0, 0],
						"2.25": [0, 0, 0],
						"2.4167": [0, 0, 0],
						"2.6667": [0, 0, 0]
					}
				}
			}
		},
		"animation.ak_47.m203.empty.fp": {
			"loop": "hold_on_last_frame",
			"animation_length": 1.29167,
			"bones": {
				"weapon_root": {
					"rotation": {
						"0.0": [-10, -20, 0],
						"0.125": [-10, -22, 0],
						"0.2083": [-14, -26, 0],
						"0.25": [-17, -27, 0],
						"0.2917": [-20, -27, 0],
						"0.3333": [-20, -27, 0],
						"0.5": [-18, -26, 0],
						"0.6667": [-16, -26, 0],
						"0.75": [-19, -26, 0],
						"0.875": [-17, -26, 0]
					},
					"position": [1.6, 11, 4.25]
				},
				"rightArm": {
					"position": [-1, 0, 2]
				}
			}
		},
		"animation.ak_47.m203.empty.tp": {
			"loop": "hold_on_last_frame",
			"animation_length": 1.375,
			"bones": {
				"weapon_root": {
					"rotation": {
						"0.0": [-5, -20, 0],
						"0.125": [-13, -35, -5],
						"0.2083": [-14, -33, -5],
						"0.3333": [-20, -32, 0],
						"0.5": [-17, -30, 0],
						"0.6667": [-16, -32, 0],
						"0.75": [-17, -33, 0],
						"0.875": [-17, -37, -8],
						"1.0": [-17, -33, 0]
					},
					"position": {
						"0.0": [1.35, 10, -2.25],
						"0.125": [1.1, 11, -1.75],
						"0.2083": [1.1, 10.5, -1.25],
						"0.3333": [1.1, 10.5, -1.25],
						"0.75": [1.1, 10.5, -1.25],
						"0.875": [1.35, 10.75, -2],
						"1.0": [1.35, 10.75, -2],
						"1.375": [0.85, 10.25, -2.25]
					}
				},
				"rightArm": {
					"position": [-1, 0, 2]
				}
			}
		},
		"animation.ak_47.m203.shoot": {
			"animation_length": 0.125,
			"anim_time_update": "q.anim_time+q.delta_time",
			"bones": {
				"rightArm": {
					"position": {
						"0.0": [0, 0, 0],
						"0.0417": [-0.25, 0, 1],
						"0.125": [0, 0, 0]
					}
				},
				"leftArm": {
					"rotation": {
						"0.0": [0, 0, 0],
						"0.0417": [0, 3.75, 2.5],
						"0.125": [0, 0, 0]
					},
					"position": {
						"0.0": [0, 0, 0],
						"0.0417": [0, 0, 1.2],
						"0.125": [0, 0, 0]
					}
				},
				"root": {
					"position": {
						"0.0": [0, 0, 0],
						"0.0417": [0, 0, 0.2],
						"0.125": [0, 0, 0]
					}
				},
				"slide": {
					"position": {
						"0.0": [0, 0, 0],
						"0.0417": [0, 0, -6.25],
						"0.0833": [0, 0, -6.25],
						"0.125": [0, 0, 0]
					}
				},
				"waist": {
					"rotation": {
						"0.0": [0, 0, 0],
						"0.0417": [-1, 0, -2],
						"0.125": [0, 0, 0]
					}
				},
				"weapon_root": {
					"rotation": {
						"0.0": [0, 0, 0],
						"0.0417": [1, 0, 0],
						"0.125": [0, 0, 0]
					}
				}
			},
			"particle_effects": {
				"0.0": [
					{
						"effect": "m16a4.m203.muzzle_smoke",
						"locator": "ak_m203_muzzle"
					},
					{
						"effect": "m16a4.m203.after_burn",
						"locator": "ak_m203_muzzle"
					},
					{
						"effect": "m16a4.m203.muzzle_smoke_1",
						"locator": "ak_m203_muzzle"
					}
				]
			}
		},
		"animation.ak_47.m203.reload_empty.fp": {
			"loop": "hold_on_last_frame",
			"animation_length": 3.5,
			"bones": {
				"leftArm": {
					"rotation": {
						"0.0": [7.5, 0, 0],
						"0.25": [0, 0, 0],
						"1.75": [0, 0, 0],
						"2.0": [0, 0, 0],
						"2.125": [10, 0, -4],
						"2.25": [0, 0, -8],
						"2.5": [-5, 0, -8],
						"3.0": [-5, 0, -8],
						"3.25": [0, -3, -8]
					},
					"position": {
						"0.0": [0, 0, 0],
						"2.0": [0, 0, 0],
						"2.25": [1, -1.75, -1.25],
						"2.5": [0, -1.75, -1.25],
						"3.0": [0, -1.75, -1.25],
						"3.25": [0, -1.75, -1.25],
						"3.5": [0.5, -1.5, -1.5]
					}
				}
			}
		},
		"animation.ak_47.m203.reload_empty.tp": {
			"loop": "hold_on_last_frame",
			"animation_length": 3.5,
			"bones": {
				"leftArm": {
					"rotation": {
						"0.0": [7.5, 0, 0],
						"0.25": [0, 0, 0],
						"1.75": [0, 0, 0],
						"2.0": [0, 0, 0],
						"2.125": [10, 0, -4],
						"2.25": [-3, 0, -8],
						"2.5": [8, 3, -8],
						"3.0": [8, 3, -8],
						"3.25": [6, 14, -18],
						"3.5": [12, 14, -18]
					},
					"position": {
						"0.0": [0, 0, 0],
						"2.0": [0, 0, 0],
						"2.25": [1, -1.75, -0.75],
						"2.5": [0, 0.75, -0.25],
						"3.0": [0, 0.75, -0.25],
						"3.25": [0, 0.75, -0.25],
						"3.5": [0, 0.75, -0.25]
					}
				}
			}
		},
		"animation.ak_47.m203.pre_hipfire.fp": {
			"loop": "hold_on_last_frame",
			"bones": {
				"leftArm": {
					"rotation": [7, -5, -16],
					"position": [0.5, -0.5, -1.5]
				}
			}
		},
		"animation.ak_47.m203.pre_hipfire.tp": {
			"loop": "hold_on_last_frame",
			"bones": {
				"leftArm": {
					"rotation": [6, 0, -16],
					"position": [0, -0.5, 0.25]
				}
			}
		},
		"animation.ak_47.m203.ads.tp": {
			"loop": "hold_on_last_frame",
			"bones": {
				"leftArm": {
					"rotation": [3, -5, -16],
					"position": [0, -0.5, 0]
				}
			}
		},
		"animation.ak_47.m203.draw.fp": {
			"loop": "hold_on_last_frame",
			"animation_length": 1.5,
			"bones": {
				"leftArm": {
					"rotation": {
						"0.0": [0, 0, 0],
						"0.25": [0, 0, 0],
						"0.5": [1, -1, -15],
						"1.25": [1, -1, -15],
						"1.5": [7, -5, -16]
					},
					"position": {
						"0.0": [0, 0, 0],
						"0.25": [0, 0, 0],
						"0.5": [0, -1, -0.5],
						"1.25": [0, -1, -0.5],
						"1.5": [0.5, -0.5, -1.5]
					}
				}
			}
		},
		"animation.ak_47.m203.draw.tp": {
			"loop": "hold_on_last_frame",
			"animation_length": 1.5,
			"bones": {
				"leftArm": {
					"rotation": {
						"0.0": [0, 0, 0],
						"0.25": [13, 2, 15],
						"0.5": [1, -1, -15],
						"1.0833": [1, -1, -15],
						"1.25": [6, -1, -15],
						"1.5": [5, 12, -15]
					},
					"position": {
						"0.0": [0, 0, 0],
						"0.25": [0, 0, 0],
						"0.5": [0, -0.75, 0.5],
						"1.0833": [0, -0.94, -0.28],
						"1.25": [0, -1, -0.5],
						"1.5": [0, 0, -0.25]
					}
				}
			}
		},
		"animation.ak_47.muzzle.pos.fp": {
			"loop": "hold_on_last_frame",
			"bones": {
				"ak_muzzle": {
					"position": [0, -1.5, 0]
				}
			}
		},
		"animation.ak_47.shoot": {
			"animation_length": 0.20833,
			"anim_time_update": "q.anim_time+q.delta_time",
			"bones": {
				"rightArm": {
					"rotation": {
						"0.0": [0, 0, 0],
						"0.0417": [0, 0, 0],
						"0.125": [0, 0, 0]
					},
					"position": {
						"0.0": [0, 0, 0],
						"0.0417": [-0.25, 0, 1],
						"0.125": [0, 0, 0]
					}
				},
				"leftArm": {
					"rotation": {
						"0.0": [0, 0, 0],
						"0.0417": [-1, 2, 2.5],
						"0.125": [0, 0, 0]
					},
					"position": {
						"0.0": [0, 0, 0],
						"0.0417": [-0.18865, 0.0055, 1.1338],
						"0.125": [0, 0, 0]
					}
				},
				"root": {
					"position": {
						"0.0": [0, 0, 0],
						"0.0417": [0, 0, 0.2],
						"0.125": [0, 0, 0]
					}
				},
				"slide": {
					"position": {
						"0.0": [0, 0, 0],
						"0.0417": [0, 0, 12.25],
						"0.0833": [0, 0, 12.25],
						"0.125": [0, 0, 0]
					}
				},
				"bipod": {
					"rotation": {
						"0.0": [0, 0, "0+(math.cos(query.life_time * 2600) * 9)"],
						"0.2083": [0, 0, 0]
					}
				},
				"weapon_root": {
					"rotation": {
						"0.0": [0, 0, 0],
						"0.0417": [0, 0, 0],
						"0.125": [0, 0, 0]
					},
					"position": {
						"0.0": [0, 0, 0],
						"0.0417": [-0.25, 0, 1],
						"0.125": [0, 0, 0]
					}
				}
			},
			"particle_effects": {
				"0.0": [
					{
						"effect": "gun_shoot",
						"locator": "ak_muzzle"
					},
					{
						"effect": "muzzle_smoke_fp",
						"locator": "ak_muzzle"
					},
					{
						"effect": "muzzle_glow",
						"locator": "ak_muzzle"
					},
					{
						"effect": "fire_burst.1",
						"locator": "ak_muzzle"
					},
					{
						"effect": "white.muzzle.smoke.1",
						"locator": "ak_muzzle"
					}
				],
				"0.0417": {
					"effect": "casing",
					"locator": "rpk_casing"
				}
			}
		},
		"animation.ak_47.shoot.1": {
			"animation_length": 0.20833,
			"anim_time_update": "q.anim_time+q.delta_time",
			"bones": {
				"rightArm": {
					"rotation": {
						"0.0": [0, 0, 0],
						"0.0417": [0, 0, 0],
						"0.125": [0, 0, 0]
					},
					"position": {
						"0.0": [0, 0, 0],
						"0.0417": [-0.35, 0, 1],
						"0.125": [0, 0, 0]
					}
				},
				"leftArm": {
					"rotation": {
						"0.0": [0, 0, 0],
						"0.0417": [0, 3, 0],
						"0.125": [0, 0, 0]
					},
					"position": {
						"0.0": [0, 0, 0],
						"0.0417": [0, 0, 1.2],
						"0.125": [0, 0, 0]
					}
				},
				"root": {
					"position": {
						"0.0": [0, 0, 0],
						"0.0417": [0, 0, 0.2],
						"0.125": [0, 0, 0]
					}
				},
				"slide": {
					"position": {
						"0.0": [0, 0, 0],
						"0.0417": [0, 0, 12.25],
						"0.0833": [0, 0, 12.25],
						"0.125": [0, 0, 0]
					}
				},
				"bipod": {
					"rotation": {
						"0.0": [0, 0, "0-(math.cos(query.life_time * 2600) * 9)"],
						"0.2083": [0, 0, 0]
					}
				},
				"weapon_root": {
					"rotation": {
						"0.0": [0, 0, 0],
						"0.0417": [0, 0, 0],
						"0.125": [0, 0, 0]
					},
					"position": {
						"0.0": [0, 0, 0],
						"0.0417": [-0.35, 0, 1],
						"0.125": [0, 0, 0]
					}
				}
			},
			"particle_effects": {
				"0.0": [
					{
						"effect": "gun_shoot",
						"locator": "ak_muzzle"
					},
					{
						"effect": "muzzle_smoke_fp",
						"locator": "ak_muzzle"
					},
					{
						"effect": "muzzle_glow",
						"locator": "ak_muzzle"
					},
					{
						"effect": "fire_burst.1",
						"locator": "ak_muzzle"
					},
					{
						"effect": "white.muzzle.smoke.1",
						"locator": "ak_muzzle"
					},
					{
						"effect": "ak.muzzle.smoke",
						"locator": "ak_muzzle"
					}
				],
				"0.0417": {
					"effect": "casing",
					"locator": "ak_casing"
				}
			}
		},
		"animation.ak_47.shoot.2": {
			"animation_length": 0.20833,
			"anim_time_update": "q.anim_time+q.delta_time",
			"bones": {
				"rightArm": {
					"rotation": {
						"0.0": [0, 0, 0],
						"0.0417": [-0.5, 0, 0],
						"0.125": [0, 0, 0]
					},
					"position": {
						"0.0": [0, 0, 0],
						"0.0417": [-0.35, 0, 1],
						"0.125": [0, 0, 0]
					}
				},
				"leftArm": {
					"rotation": {
						"0.0": [0, 0, 0],
						"0.0417": [0, 3, 0],
						"0.125": [0, 0, 0]
					},
					"position": {
						"0.0": [0, 0, 0],
						"0.0417": [0, 0, 1.2],
						"0.125": [0, 0, 0]
					}
				},
				"root": {
					"rotation": {
						"0.0": [0, 0, 0],
						"0.0417": [0, -1, 0],
						"0.125": [0, 0, 0]
					},
					"position": {
						"0.0": [0, 0, 0],
						"0.0417": [0, 0, 0.2],
						"0.125": [0, 0, 0]
					}
				},
				"slide": {
					"position": {
						"0.0": [0, 0, 0],
						"0.0417": [0, 0, 12.25],
						"0.0833": [0, 0, 12.25],
						"0.125": [0, 0, 0]
					}
				},
				"weapon_root": {
					"rotation": {
						"0.0": [0, 0, 0],
						"0.0417": [0, 0, 0],
						"0.125": [0, 0, 0]
					},
					"position": {
						"0.0": [0, 0, 0],
						"0.0417": [-0.35, 0, 1],
						"0.125": [0, 0, 0]
					}
				},
				"bipod": {
					"rotation": {
						"0.0": [0, 0, "0+(math.cos(query.life_time * 2600) * 9)"],
						"0.2083": [0, 0, 0]
					}
				}
			},
			"particle_effects": {
				"0.0": [
					{
						"effect": "gun_shoot",
						"locator": "ak_muzzle"
					},
					{
						"effect": "muzzle_smoke_fp",
						"locator": "ak_muzzle"
					},
					{
						"effect": "muzzle_glow",
						"locator": "ak_muzzle"
					},
					{
						"effect": "fire_burst.1",
						"locator": "ak_muzzle"
					},
					{
						"effect": "white.muzzle.smoke.1",
						"locator": "ak_muzzle"
					},
					{
						"effect": "ak.muzzle.smoke",
						"locator": "ak_muzzle"
					}
				],
				"0.0417": {
					"effect": "casing",
					"locator": "ak_casing"
				}
			}
		},
		"animation.ak_47_golden.shoot": {
			"animation_length": 0.20833,
			"anim_time_update": "q.anim_time+q.delta_time",
			"bones": {
				"rightArm": {
					"rotation": {
						"0.0": [0, 0, 0],
						"0.0417": [0, 0, 0],
						"0.125": [0, 0, 0]
					},
					"position": {
						"0.0": [0, 0, 0],
						"0.0417": [-0.25, 0, 1],
						"0.125": [0, 0, 0]
					}
				},
				"leftArm": {
					"rotation": {
						"0.0": [0, 0, 0],
						"0.0417": [-1, 2, 2.5],
						"0.125": [0, 0, 0]
					},
					"position": {
						"0.0": [0, 0, 0],
						"0.0417": [-0.18865, 0.0055, 1.1338],
						"0.125": [0, 0, 0]
					}
				},
				"root": {
					"position": {
						"0.0": [0, 0, 0],
						"0.0417": [0, 0, 0.2],
						"0.125": [0, 0, 0]
					}
				},
				"slide": {
					"position": {
						"0.0": [0, 0, 0],
						"0.0417": [0, 0, 12.25],
						"0.0833": [0, 0, 12.25],
						"0.125": [0, 0, 0]
					}
				},
				"bipod": {
					"rotation": {
						"0.0": [0, 0, "0+(math.cos(query.life_time * 2600) * 9)"],
						"0.2083": [0, 0, 0]
					}
				},
				"weapon_root": {
					"rotation": {
						"0.0": [0, 0, 0],
						"0.0417": [0, 0, 0],
						"0.125": [0, 0, 0]
					},
					"position": {
						"0.0": [0, 0, 0],
						"0.0417": [-0.25, 0, 1],
						"0.125": [0, 0, 0]
					}
				}
			},
			"particle_effects": {
				"0.0": [
					{
						"effect": "gun_shoot",
						"locator": "ak_muzzle"
					},
					{
						"effect": "muzzle_smoke_fp",
						"locator": "ak_muzzle"
					},
					{
						"effect": "muzzle_glow",
						"locator": "ak_muzzle"
					},
					{
						"effect": "fire_burst.1",
						"locator": "ak_muzzle"
					},
					{
						"effect": "white.muzzle.smoke.1",
						"locator": "ak_muzzle"
					},
					{
						"effect": "muzzle.burst_1",
						"locator": "ak_muzzle"
					}
				],
				"0.0417": {
					"effect": "casing",
					"locator": "rpk_casing"
				}
			}
		},
		"animation.ak_47_golden.shoot.1": {
			"animation_length": 0.20833,
			"anim_time_update": "q.anim_time+q.delta_time",
			"bones": {
				"rightArm": {
					"rotation": {
						"0.0": [0, 0, 0],
						"0.0417": [0, 0, 0],
						"0.125": [0, 0, 0]
					},
					"position": {
						"0.0": [0, 0, 0],
						"0.0417": [-0.35, 0, 1],
						"0.125": [0, 0, 0]
					}
				},
				"leftArm": {
					"rotation": {
						"0.0": [0, 0, 0],
						"0.0417": [0, 3, 0],
						"0.125": [0, 0, 0]
					},
					"position": {
						"0.0": [0, 0, 0],
						"0.0417": [0, 0, 1.2],
						"0.125": [0, 0, 0]
					}
				},
				"root": {
					"position": {
						"0.0": [0, 0, 0],
						"0.0417": [0, 0, 0.2],
						"0.125": [0, 0, 0]
					}
				},
				"slide": {
					"position": {
						"0.0": [0, 0, 0],
						"0.0417": [0, 0, 12.25],
						"0.0833": [0, 0, 12.25],
						"0.125": [0, 0, 0]
					}
				},
				"bipod": {
					"rotation": {
						"0.0": [0, 0, "0-(math.cos(query.life_time * 2600) * 9)"],
						"0.2083": [0, 0, 0]
					}
				},
				"weapon_root": {
					"rotation": {
						"0.0": [0, 0, 0],
						"0.0417": [0, 0, 0],
						"0.125": [0, 0, 0]
					},
					"position": {
						"0.0": [0, 0, 0],
						"0.0417": [-0.35, 0, 1],
						"0.125": [0, 0, 0]
					}
				}
			},
			"particle_effects": {
				"0.0": [
					{
						"effect": "gun_shoot",
						"locator": "ak_muzzle"
					},
					{
						"effect": "muzzle_smoke_fp",
						"locator": "ak_muzzle"
					},
					{
						"effect": "muzzle_glow",
						"locator": "ak_muzzle"
					},
					{
						"effect": "fire_burst.1",
						"locator": "ak_muzzle"
					},
					{
						"effect": "white.muzzle.smoke.1",
						"locator": "ak_muzzle"
					},
					{
						"effect": "ak.muzzle.smoke",
						"locator": "ak_muzzle"
					},
					{
						"effect": "muzzle.burst_1",
						"locator": "ak_muzzle"
					}
				],
				"0.0417": {
					"effect": "casing",
					"locator": "ak_casing"
				}
			}
		},
		"animation.ak_47_golden.shoot.2": {
			"animation_length": 0.20833,
			"anim_time_update": "q.anim_time+q.delta_time",
			"bones": {
				"rightArm": {
					"rotation": {
						"0.0": [0, 0, 0],
						"0.0417": [-0.5, 0, 0],
						"0.125": [0, 0, 0]
					},
					"position": {
						"0.0": [0, 0, 0],
						"0.0417": [-0.35, 0, 1],
						"0.125": [0, 0, 0]
					}
				},
				"leftArm": {
					"rotation": {
						"0.0": [0, 0, 0],
						"0.0417": [0, 3, 0],
						"0.125": [0, 0, 0]
					},
					"position": {
						"0.0": [0, 0, 0],
						"0.0417": [0, 0, 1.2],
						"0.125": [0, 0, 0]
					}
				},
				"root": {
					"rotation": {
						"0.0": [0, 0, 0],
						"0.0417": [0, -1, 0],
						"0.125": [0, 0, 0]
					},
					"position": {
						"0.0": [0, 0, 0],
						"0.0417": [0, 0, 0.2],
						"0.125": [0, 0, 0]
					}
				},
				"slide": {
					"position": {
						"0.0": [0, 0, 0],
						"0.0417": [0, 0, 12.25],
						"0.0833": [0, 0, 12.25],
						"0.125": [0, 0, 0]
					}
				},
				"weapon_root": {
					"rotation": {
						"0.0": [0, 0, 0],
						"0.0417": [0, 0, 0],
						"0.125": [0, 0, 0]
					},
					"position": {
						"0.0": [0, 0, 0],
						"0.0417": [-0.35, 0, 1],
						"0.125": [0, 0, 0]
					}
				},
				"bipod": {
					"rotation": {
						"0.0": [0, 0, "0+(math.cos(query.life_time * 2600) * 9)"],
						"0.2083": [0, 0, 0]
					}
				}
			},
			"particle_effects": {
				"0.0": [
					{
						"effect": "gun_shoot",
						"locator": "ak_muzzle"
					},
					{
						"effect": "muzzle_smoke_fp",
						"locator": "ak_muzzle"
					},
					{
						"effect": "muzzle_glow",
						"locator": "ak_muzzle"
					},
					{
						"effect": "fire_burst.1",
						"locator": "ak_muzzle"
					},
					{
						"effect": "white.muzzle.smoke.1",
						"locator": "ak_muzzle"
					},
					{
						"effect": "ak.muzzle.smoke",
						"locator": "ak_muzzle"
					},
					{
						"effect": "muzzle.burst_1",
						"locator": "ak_muzzle"
					}
				],
				"0.0417": {
					"effect": "casing",
					"locator": "ak_casing"
				}
			}
		},
		"animation.ak_47_golden.hipfire.fp": {
			"loop": "hold_on_last_frame",
			"animation_length": 0.125,
			"anim_time_update": "q.anim_time+q.delta_time",
			"bones": {
				"pullback": {
					"position": {
						"0.0": [0, 0, 0],
						"0.0417": [0, 0, 7],
						"0.125": [0, 0, 0]
					}
				},
				"casing": {
					"rotation": {
						"0.0": [0, 0, 0],
						"0.0833": ["math.random(-20,50)", 0, 0]
					},
					"position": {
						"0.0": [-0.5, 0, -3],
						"0.0833": [-6, "math.random(2,7)", -2],
						"0.125": [-20, "math.random(-10,-5)", 2]
					},
					"scale": {
						"0.0": {
							"pre": [0, 0, 0],
							"post": [0, 0, 0]
						}
					}
				},
				"muzzle": {
					"position": [0, 3, 0]
				},
				"waist": {
					"rotation": {
						"0.0": [0, 0, 0],
						"0.0417": [-1.08631, 1.95448, -2.50107],
						"0.125": [0, 0, 0]
					},
					"position": {
						"0.0": [0, 0, 0],
						"0.0417": [0.1, 0, 1],
						"0.125": [0, 0, 0]
					}
				}
			},
			"particle_effects": {
				"0.0": [
					{
						"effect": "gun_shoot",
						"locator": "ak_muzzle"
					},
					{
						"effect": "muzzle_glow",
						"locator": "ak_muzzle"
					},
					{
						"effect": "ak.muzzle_flash",
						"locator": "ak_muzzle"
					},
					{
						"effect": "fire_burst.2",
						"locator": "ak_muzzle"
					},
					{
						"effect": "muzzle.burst",
						"locator": "ak_muzzle"
					},
					{
						"effect": "muzzle.burst_1",
						"locator": "ak_muzzle"
					}
				],
				"0.0417": [
					{
						"effect": "casing",
						"locator": "ak_casing"
					},
					{
						"effect": "muzzle_smoke_fp2",
						"locator": "ak_muzzle"
					}
				]
			}
		}
	}
}