{
	"format_version": "1.8.0",
	"animations": {
		"animation.grenade.hold_tp": {
			"loop": true,
			"bones": {
				"rightArm": {
					"rotation": ["-32.4011+(v.tcos0*0.4)", 2.68407, 4.22005]
				},
				"leftArm": {
					"rotation": ["0-(v.tcos0*0.8)", 0, -5]
				},
				"waist": {
					"rotation": ["2.5+(math.cos(query.life_time * 250) * 0.2)", 0, 0]
				},
				"rightLeg": {
					"rotation": ["(v.tcos0*0.8)", 0, 0],
					"position": [0, "0-(v.tcos0*0.0175)", "0+(v.tcos0*0.015)"]
				},
				"leftLeg": {
					"rotation": ["-(v.tcos0*0.8)", 0, 0],
					"position": [0, "0+(v.tcos0*0.0175)", "0-(v.tcos0*0.015)"]
				}
			}
		},
		"animation.grenade.hold_fp": {
			"loop": true,
			"anim_time_update": "q.anim_time+q.delta_time",
			"bones": {
				"rightArm": {
					"rotation": [-72.21594, -3.13263, 12.7242],
					"position": [-1, 0, -2],
					"scale": [0.9, 0.9, 0.9]
				},
				"leftArm": {
					"rotation": ["-12.5-(v.tcos0*0.8)", 0, -5],
					"position": [0, 0, 2],
					"scale": [0.9, 0.9, 0.9]
				},
				"root": {
					"rotation": [-180, 0, -180],
					"position": [0, 0, 3]
				},
				"weapon_root": {
					"rotation": [6.01162, -3.87673, 6.18472],
					"position": [0.25, -0.5, 0.85],
					"scale": [0.8, 0.8, 0.8]
				},
				"ring": {
					"rotation": ["(math.cos(query.life_time * 103.2) * 7.5) + 3+(v.tcos0*15)*q.delta_time", 0, 0]
				}
			}
		},
		"animation.grenade.t_charge": {
			"loop": "hold_on_last_frame",
			"animation_length": 0.33333,
			"bones": {
				"root": {
					"position": {
						"0.0": [0, 0, 0],
						"0.125": [0, 0, 0],
						"0.2083": [0, -0.25, 2],
						"0.3333": [0, -0.5, 1]
					}
				},
				"waist": {
					"rotation": {
						"0.0": [0, 0, 0],
						"0.1667": [0, 22.5, 0],
						"0.3333": [10, 22.5, 0]
					}
				},
				"rightArm": {
					"rotation": {
						"0.0": [-32.40109, 2.68407, 4.22005],
						"0.125": [-31.88034, 6.6782, 10.59061],
						"0.2083": [-31.88034, 6.6782, 10.59061],
						"0.3333": [-80.39709, -12.76746, 49.19225]
					}
				},
				"weapon_root": {
					"rotation": [0, 0, 0],
					"position": {
						"0.0": [0, 0, 0],
						"0.125": [0, 0.25, 1]
					}
				},
				"ring": {
					"rotation": {
						"0.0": [0, 0, 0],
						"0.1667": [0, 0, 0],
						"0.3333": [50, 0, 0]
					}
				},
				"leftArm": {
					"rotation": {
						"0.0": [0, 0, -5],
						"0.1667": [0, 0, 0],
						"0.3333": [-91.09749, 45.24281, -25.44809]
					},
					"position": {
						"0.1667": [0, 0, 0],
						"0.3333": [0.5, 0.75, -1]
					}
				},
				"rightLeg": {
					"rotation": {
						"0.0": [0, 0, 0],
						"0.125": [32.72348, 6.3202, 4.04618],
						"0.3333": [32.52473, -2.10829, -1.34386]
					},
					"position": {
						"0.0": [0, 0, 0],
						"0.125": [-0.5, -0.25, 0],
						"0.3333": [-0.75, -0.25, 0]
					}
				},
				"leftLeg": {
					"rotation": {
						"0.0": [0, 0, 0],
						"0.125": [0, 0, 0],
						"0.2083": [-17.5, 0, 0],
						"0.3333": [0, 0, 0]
					},
					"position": {
						"0.2083": [0, 0, -1],
						"0.3333": [0, 0.5, -3]
					}
				}
			}
		},
		"animation.grenade.charge": {
			"loop": "hold_on_last_frame",
			"animation_length": 0.33333,
			"bones": {
				"root": {
					"rotation": {
						"0.0": [-180, 0, -180],
						"0.125": [-180, 0, -180],
						"0.2083": [-182.5, 5, -180]
					},
					"position": {
						"0.0": [0, 0, 0],
						"0.125": [0, 0, 0],
						"0.2083": [0, -0.25, 1]
					}
				},
				"waist": {
					"rotation": {
						"0.0": [0, 0, 0],
						"0.1667": [0, 22.5, 0],
						"0.3333": [10, 22.5, 0]
					}
				},
				"rightArm": {
					"rotation": {
						"0.0": [-32.40109, 2.68407, 4.22005],
						"0.125": [-31.88034, 6.6782, 10.59061],
						"0.2083": [-31.88034, 6.6782, 10.59061],
						"0.3333": [-80.39709, -12.76746, 49.19225]
					}
				},
				"weapon_root": {
					"rotation": [0, 0, 0],
					"position": {
						"0.0": [0, 0, 0],
						"0.125": [0, 0.25, 1]
					},
					"scale": [0.8, 0.8, 0.8]
				},
				"ring": {
					"rotation": {
						"0.0": [0, 0, 0],
						"0.1667": [0, 0, 0],
						"0.3333": [50, 0, 0]
					}
				},
				"leftArm": {
					"rotation": {
						"0.0": [0, 0, -5],
						"0.1667": [0, 0, 0],
						"0.3333": [-91.09749, 45.24281, -25.44809]
					},
					"position": {
						"0.1667": [0, 0, 0],
						"0.3333": [0.5, 0.75, -1]
					}
				},
				"rightLeg": {
					"rotation": {
						"0.0": [0, 0, 0],
						"0.125": [32.72348, 6.3202, 4.04618],
						"0.3333": [32.52473, -2.10829, -1.34386]
					},
					"position": {
						"0.0": [0, 0, 0],
						"0.125": [-0.5, -0.25, 0],
						"0.3333": [-0.75, -0.25, 0]
					}
				},
				"leftLeg": {
					"rotation": {
						"0.0": [0, 0, 0],
						"0.125": [0, 0, 0],
						"0.2083": [-17.5, 0, 0],
						"0.3333": [0, 0, 0]
					},
					"position": {
						"0.2083": [0, 0, -1],
						"0.3333": [0, 0.5, -3]
					}
				}
			}
		},
		"animation.grenade.hold_t_charge": {
			"loop": true,
			"bones": {
				"root": {
					"position": [0, -0.5, 1]
				},
				"waist": {
					"rotation": ["10+(math.cos(query.life_time * 150) * 1) + 2", 22.5, 0],
					"position": [0, 0, "0+(math.cos(query.life_time * 150) * 0.35) "]
				},
				"rightArm": {
					"rotation": ["-80.3971+(math.cos(query.life_time * 103.2) * 1.5) + 1", "-12.7675+(math.cos(query.life_time * 103.2) * 1) + 1", 49.19225]
				},
				"weapon_root": {
					"rotation": [-12.5, 0, 0],
					"position": [0.35, 0.25, 1]
				},
				"ring": {
					"rotation": [50, 0, 0]
				},
				"leftArm": {
					"rotation": ["-91.0975+(math.cos(query.life_time * 103.2) * 2.865) + 2.865", 45.24281, -25.44809],
					"position": [0.5, 0.75, -1]
				},
				"rightLeg": {
					"rotation": [32.52473, -2.10829, -1.34386],
					"position": [-0.75, -0.25, 0]
				},
				"leftLeg": {
					"rotation": ["0+(math.cos(query.life_time * 150) * 1)", 0, 0],
					"position": [0, 0.5, -3]
				}
			}
		},
		"animation.grenade.hold_charge": {
			"loop": true,
			"bones": {
				"root": {
					"rotation": [-180, 5, -180],
					"position": [0, 0, 1.25]
				},
				"waist": {
					"rotation": ["7.5653+(math.cos(query.life_time * 150) * 1)", 15.00245, 0.20268],
					"position": [0, 0.5, "-1+(math.cos(query.life_time * 150) * 0.35) "]
				},
				"rightArm": {
					"rotation": ["-88.541+(math.cos(query.life_time * 103.2) * 1.5) + 1", "-12.2373+(math.cos(query.life_time * 103.2) * 1) + 1", 39.03569],
					"scale": 0.9
				},
				"weapon_root": {
					"rotation": [-12.5, 0, 0],
					"position": [0.35, 0.25, 1],
					"scale": 0.8
				},
				"ring": {
					"rotation": ["50+(math.cos(query.life_time * 103.2) * 7.5) + 3+(v.tcos0*15)*q.delta_time", 0, 0]
				},
				"leftArm": {
					"rotation": ["-98.5977+(math.cos(query.life_time * 103.2) * 2.865) + 2.865", 15.55139, -20.48812],
					"position": [-0.5, -1, 1],
					"scale": 0.9
				},
				"rightLeg": {
					"rotation": [32.52473, -2.10829, -1.34386],
					"position": [-0.75, -0.25, 0]
				},
				"leftLeg": {
					"rotation": ["0+(math.cos(query.life_time * 150) * 1)", 0, 0],
					"position": [0, 0.5, -3]
				}
			}
		},
		"animation.grenade.t_pull_pin": {
			"loop": "hold_on_last_frame",
			"animation_length": 0.83333,
			"bones": {
				"root": {
					"rotation": {
						"0.5": [0, 0, 0],
						"0.5833": [0, 0, 0],
						"0.8333": [0, 60, 0]
					},
					"position": {
						"0.0": [0, -0.5, 1],
						"0.5": [0, -0.5, 1],
						"0.5833": [0, -0.5, 1],
						"0.8333": [0, -2, -1]
					}
				},
				"waist": {
					"rotation": {
						"0.0": ["10+(math.cos(query.life_time * 150) * 1) + 2", 22.5, 0],
						"0.2083": ["10.5041+(math.cos(query.life_time * 150) * 1) + 2", 31.07697, -3.69009],
						"0.2917": ["10.8706+(math.cos(query.life_time * 150) * 1) + 2", 33.50884, -3.00428],
						"0.4167": ["10.8706+(math.cos(query.life_time * 150) * 1) + 2", 33.50884, -3.00428],
						"0.8333": ["-12.3964 + math.clamp(math.sin(query.anim_time*180*2)*1,-2,0) + math.clamp(math.sin(query.anim_time*180*2)*1,0,1)", -1.61888, -7.32417]
					},
					"position": {
						"0.0": [0, 0, "0+(math.cos(query.life_time * 150) * 0.35) "],
						"0.2917": [0, 0, "0+(math.cos(query.life_time * 150) * 0.35) "],
						"0.4167": [0, 0, "0+(math.cos(query.life_time * 150) * 0.35) "],
						"0.8333": [-0.25, -1, -0.43301]
					}
				},
				"rightArm": {
					"rotation": {
						"0.0": ["-80.3971+(math.cos(query.life_time * 103.2) * 1.5) + 1", "-12.7675+(math.cos(query.life_time * 103.2) * 1) + 1", 49.19225],
						"0.2083": ["-79.2226+(math.cos(query.life_time * 103.2) * 1.5) + 1", "0.5402+(math.cos(query.life_time * 103.2) * 1) + 1", 69.92962],
						"0.2917": ["-79.2226+(math.cos(query.life_time * 103.2) * 1.5) + 1", "0.5402+(math.cos(query.life_time * 103.2) * 1) + 1", 69.93],
						"0.4167": ["-79.2226+(math.cos(query.life_time * 103.2) * 1.5) + 1", "0.5402+(math.cos(query.life_time * 103.2) * 1) + 1", 69.93],
						"0.5": ["-73.4722+(math.cos(query.life_time * 103.2) * 1.5) + 1", "15.985+(math.cos(query.life_time * 103.2) * 1) + 1", 32.32976],
						"0.5833": ["-73.4722+(math.cos(query.life_time * 103.2) * 1.5) + 1", "15.985+(math.cos(query.life_time * 103.2) * 1) + 1", 32.32976],
						"0.8333": ["98.7034-(math.cos(query.life_time * 350) * 2)", 65.5578, 163.53538]
					},
					"position": {
						"0.5": [0, 0, 0],
						"0.5833": [0, 0, 0],
						"0.8333": [-0.02949, -0.7372, 1.30601]
					}
				},
				"weapon_root": {
					"rotation": {
						"0.0": [0, 0, 0],
						"0.2083": [22.50165, -9.99934, 0.08116],
						"0.2917": [22.5, -10, 0.08],
						"0.4167": [22.5, -10, 0.08],
						"0.8333": [2.59, -17.42, 21.24]
					},
					"position": {
						"0.0": [0, 0.25, 1],
						"0.2083": [0, 0.25, 1],
						"0.2917": [0, 0.25, 1],
						"0.4167": [0, 0.25, 1],
						"0.8333": [0, 0.25, 1]
					}
				},
				"ring": {
					"rotation": {
						"0.0": [50, 0, 0],
						"0.2083": [50, 0, 0],
						"0.2917": [100, 0, 0],
						"0.4167": [100, 0, 0],
						"0.8333": [112.5, 0, 0]
					},
					"scale": {
						"0.4167": [1, 1, 1],
						"0.4583": [0, 0, 0],
						"0.8333": [0, 0, 0]
					}
				},
				"leftArm": {
					"rotation": {
						"0.0": ["-91.0975+(math.cos(query.life_time * 103.2) * 2.865) + 2.865", 45.24281, -25.44809],
						"0.2083": ["-114.8556+(math.cos(query.life_time * 103.2) * 2.865) + 2.865", 47.43597, -27.18676],
						"0.2917": ["-112.5791+(math.cos(query.life_time * 103.2) * 2.865) + 2.865", 40.31591, -23.90902],
						"0.4167": ["-112.5791+(math.cos(query.life_time * 103.2) * 2.865) + 2.865", 40.31591, -23.90902],
						"0.5": ["-108.7078+(math.cos(query.life_time * 103.2) * 2.865) + 2.865", 13.78825, -15.63495],
						"0.5833": ["-108.7078+(math.cos(query.life_time * 103.2) * 2.865) + 2.865", 13.78825, -15.63495],
						"0.8333": [-65.3361, "-49.7135 + query.target_y_rotation", -15.37176]
					},
					"position": {
						"0.0": [0.5, 0.75, -1],
						"0.2083": [-0.5, 0.75, -1],
						"0.2917": [-0.75, 0.75, -1.25],
						"0.4167": [-0.75, 0.75, -1.25],
						"0.5": [1.5, -0.25, 2.75],
						"0.5833": [0.5, -0.25, 1.75],
						"0.8333": [-0.71743, 0.92544, -3.00895]
					}
				},
				"rightLeg": {
					"rotation": {
						"0.0": [32.52473, -2.10829, -1.34386],
						"0.5": [32.52473, -2.10829, -1.34386],
						"0.5833": [32.52473, -2.10829, -1.34386],
						"0.8333": [22.59097, 25.82635, 44.46092]
					},
					"position": {
						"0.0": [-0.75, -0.25, 0],
						"0.5": [-0.75, -0.25, 0],
						"0.5833": [-0.75, -0.25, 0],
						"0.8333": [0, 0, 0]
					}
				},
				"leftLeg": {
					"rotation": {
						"0.0": ["0+(math.cos(query.life_time * 150) * 1)", 0, 0],
						"0.5": ["0+(math.cos(query.life_time * 150) * 1)", 0, 0],
						"0.625": ["-30+(math.cos(query.life_time * 150) * 1)", 0, 0],
						"0.75": ["0+(math.cos(query.life_time * 150) * 1)", 0, 0],
						"0.8333": [0, -40, 0]
					},
					"position": {
						"0.0": [0, 0.5, -3],
						"0.5": [0, 0.5, -3],
						"0.5833": [0, 0.5, -3],
						"0.8333": [0.63397, 2, -1.36603]
					}
				},
				"head": {
					"rotation": {
						"0.5": [0, 0, 0],
						"0.5833": [0, 0, 0],
						"0.8333": [0, 0, 0]
					}
				}
			}
		},
		"animation.grenade.pull_pin": {
			"loop": "hold_on_last_frame",
			"animation_length": 0.83333,
			"bones": {
				"root": {
					"rotation": {
						"0.0": [-180, 0, -180],
						"0.5": [-180, 0, -180],
						"0.5833": [-180, 0, -180],
						"0.8333": [-180, -60, -180]
					},
					"position": {
						"0.0": [0, -0.5, 1.25],
						"0.5": [0, -0.5, 1.5],
						"0.5833": [0, -0.5, 1.5],
						"0.8333": [0, -2, 4]
					}
				},
				"waist": {
					"rotation": {
						"0.0": ["10+(math.cos(query.life_time * 150) * 1) + 2", 22.5, 0],
						"0.2083": ["10.5041+(math.cos(query.life_time * 150) * 1) + 2", 31.07697, -3.69009],
						"0.2917": ["10.8706+(math.cos(query.life_time * 150) * 1) + 2", 33.50884, -3.00428],
						"0.4167": ["10.8706+(math.cos(query.life_time * 150) * 1) + 2", 33.50884, -3.00428],
						"0.8333": ["-12.3964 + math.clamp(math.sin(query.anim_time*180*2)*1,-2,0) + math.clamp(math.sin(query.anim_time*180*2)*1,0,1)", -1.61888, -7.32417]
					},
					"position": {
						"0.0": [0, 0, "0+(math.cos(query.life_time * 150) * 0.35) "],
						"0.2917": [0, 0, "0+(math.cos(query.life_time * 150) * 0.35) "],
						"0.4167": [0, 0, "0+(math.cos(query.life_time * 150) * 0.35) "],
						"0.8333": [-0.25, -1, -0.43301]
					}
				},
				"rightArm": {
					"rotation": {
						"0.0": ["-80.3971+(math.cos(query.life_time * 103.2) * 1.5) + 1", "-12.7675+(math.cos(query.life_time * 103.2) * 1) + 1", 49.19225],
						"0.2083": ["-79.2226+(math.cos(query.life_time * 103.2) * 1.5) + 1", "0.5402+(math.cos(query.life_time * 103.2) * 1) + 1", 69.92962],
						"0.2917": ["-79.2226+(math.cos(query.life_time * 103.2) * 1.5) + 1", "0.5402+(math.cos(query.life_time * 103.2) * 1) + 1", 69.93],
						"0.4167": ["-79.2226+(math.cos(query.life_time * 103.2) * 1.5) + 1", "0.5402+(math.cos(query.life_time * 103.2) * 1) + 1", 69.93],
						"0.5": ["-73.4722+(math.cos(query.life_time * 103.2) * 1.5) + 1", "15.985+(math.cos(query.life_time * 103.2) * 1) + 1", 32.32976],
						"0.5833": ["-73.4722+(math.cos(query.life_time * 103.2) * 1.5) + 1", "15.985+(math.cos(query.life_time * 103.2) * 1) + 1", 32.32976],
						"0.8333": ["98.7034-(math.cos(query.life_time * 350) * 2)", 65.5578, 163.53538]
					},
					"position": {
						"0.5": [0, 0, 0],
						"0.5833": [0, 0, 0],
						"0.8333": [-0.02949, -0.7372, 1.30601]
					},
					"scale": 0.9
				},
				"weapon_root": {
					"rotation": {
						"0.0": [0, 0, 0],
						"0.2083": [22.50165, -9.99934, 0.08116],
						"0.2917": [22.5, -10, 0.08],
						"0.4167": [22.5, -10, 0.08],
						"0.8333": [2.59, -17.42, 21.24]
					},
					"position": {
						"0.0": [0, 0.25, 1],
						"0.2083": [0, 0.25, 1],
						"0.2917": [0, 0.25, 1],
						"0.4167": [0, 0.25, 1],
						"0.8333": [0, 0.25, 1]
					},
					"scale": 0.8
				},
				"ring": {
					"rotation": {
						"0.0": [50, 0, 0],
						"0.2083": [50, 0, 0],
						"0.2917": [100, 0, 0],
						"0.4167": [100, 0, 0],
						"0.8333": [112.5, 0, 0]
					},
					"scale": {
						"0.4167": [1, 1, 1],
						"0.4583": [0, 0, 0],
						"0.8333": [0, 0, 0]
					}
				},
				"leftArm": {
					"rotation": {
						"0.0": ["-91.0975+(math.cos(query.life_time * 103.2) * 2.865) + 2.865", 45.24281, -25.44809],
						"0.2083": ["-114.8556+(math.cos(query.life_time * 103.2) * 2.865) + 2.865", 47.43597, -27.18676],
						"0.2917": ["-112.5791+(math.cos(query.life_time * 103.2) * 2.865) + 2.865", 40.31591, -23.90902],
						"0.4167": ["-112.5791+(math.cos(query.life_time * 103.2) * 2.865) + 2.865", 40.31591, -23.90902],
						"0.5": ["-108.7078+(math.cos(query.life_time * 103.2) * 2.865) + 2.865", 13.78825, -15.63495],
						"0.5833": ["-108.7078+(math.cos(query.life_time * 103.2) * 2.865) + 2.865", 13.78825, -15.63495],
						"0.8333": [-65.3361, "-49.7135 + query.target_y_rotation", -15.37176]
					},
					"position": {
						"0.0": [0.5, 0.75, -1],
						"0.2083": [-0.5, 0.75, -1],
						"0.2917": [-0.75, 0.75, -1.25],
						"0.4167": [-0.75, 0.75, -1.25],
						"0.5": [1.5, -0.25, 2.75],
						"0.5833": [0.5, -0.25, 1.75],
						"0.8333": [-0.71743, 0.92544, -3.00895]
					},
					"scale": 0.9
				},
				"rightLeg": {
					"rotation": {
						"0.0": [32.52473, -2.10829, -1.34386],
						"0.5": [32.52473, -2.10829, -1.34386],
						"0.5833": [32.52473, -2.10829, -1.34386],
						"0.8333": [22.59097, 25.82635, 44.46092]
					},
					"position": {
						"0.0": [-0.75, -0.25, 0],
						"0.5": [-0.75, -0.25, 0],
						"0.5833": [-0.75, -0.25, 0],
						"0.8333": [0, 0, 0]
					}
				},
				"leftLeg": {
					"rotation": {
						"0.0": ["0+(math.cos(query.life_time * 150) * 1)", 0, 0],
						"0.5": ["0+(math.cos(query.life_time * 150) * 1)", 0, 0],
						"0.625": ["-30+(math.cos(query.life_time * 150) * 1)", 0, 0],
						"0.75": ["0+(math.cos(query.life_time * 150) * 1)", 0, 0],
						"0.8333": [0, -40, 0]
					},
					"position": {
						"0.0": [0, 0.5, -3],
						"0.5": [0, 0.5, -3],
						"0.5833": [0, 0.5, -3],
						"0.8333": [0.63397, 2, -1.36603]
					}
				},
				"head": {
					"rotation": {
						"0.5": [0, 0, 0],
						"0.5833": [0, 0, 0],
						"0.8333": [0, 0, 0]
					}
				},
				"handle": {
					"rotation": {
						"0.4167": [0, 0, 0],
						"0.5833": [0, "-(query.life_time * 200)*math.random(50,25)", "(query.life_time * 200)*math.random(50,25)"]
					},
					"position": {
						"0.4167": [0, 0, 0],
						"0.6667": [-8.00738, 0.01813, 7.3404]
					},
					"scale": {
						"0.7917": [1, 1, 1],
						"0.8333": [0, 0, 0]
					}
				}
			}
		},
		"animation.grenade.pre_t_throw": {
			"loop": true,
			"bones": {
				"root": {
					"rotation": [0, "60+query.target_y_rotation", 0],
					"position": [0, -2, -1]
				},
				"waist": {
					"rotation": ["-12.3964 + math.clamp(math.sin(query.anim_time*180*2)*1,-2,0) + math.clamp(math.sin(query.anim_time*180*2)*1,0,1)", -1.61888, -7.32417],
					"position": [-0.25, -1, -0.43301]
				},
				"rightArm": {
					"rotation": ["98.7034-(math.cos(query.life_time * 350) * 2)", 65.5578, 163.53538],
					"position": [-0.02949, -0.7372, 1.30601]
				},
				"weapon_root": {
					"rotation": [2.59, -17.42, 21.24],
					"position": [0, 0.25, 1]
				},
				"ring": {
					"rotation": [112.5, 0, 0],
					"scale": 0
				},
				"leftArm": {
					"rotation": ["-65.3361+query.target_x_rotation", -49.7135, -15.37176],
					"position": [-0.71743, 0.92544, -3.00895]
				},
				"rightLeg": {
					"rotation": [22.59097, 25.82635, 44.46092],
					"position": [0, 0, 0]
				},
				"leftLeg": {
					"rotation": [0, -40, 0],
					"position": [0.63397, 2, -1.36603]
				},
				"head": {
					"rotation": [0, 0, 0]
				}
			}
		},
		"animation.grenade.pre_throw": {
			"loop": true,
			"bones": {
				"root": {
					"rotation": [-180, "-60+query.target_y_rotation", -180],
					"position": [0, -2, 4]
				},
				"waist": {
					"rotation": ["-12.3964 + math.clamp(math.sin(query.anim_time*180*2)*1,-2,0) + math.clamp(math.sin(query.anim_time*180*2)*1,0,1)", -1.61888, -7.32417],
					"position": [-0.25, -1, -0.43301]
				},
				"rightArm": {
					"rotation": ["98.7034-(math.cos(query.life_time * 350) * 2)", 65.5578, 163.53538],
					"position": [-0.02949, -0.7372, 1.30601],
					"scale": [0.9, 0.9, 0.9]
				},
				"weapon_root": {
					"rotation": [2.59, -17.42, 21.24],
					"position": [0, 0.25, 1],
					"scale": [0.8, 0.8, 0.8]
				},
				"ring": {
					"rotation": [112.5, 0, 0],
					"scale": [0, 0, 0]
				},
				"leftArm": {
					"rotation": ["-65.3361+query.target_x_rotation", -49.7135, -15.37176],
					"position": [-0.71743, 0.92544, -3.00895],
					"scale": [0.9, 0.9, 0.9]
				},
				"rightLeg": {
					"rotation": [22.59097, 25.82635, 44.46092],
					"position": [0, 0, 0]
				},
				"leftLeg": {
					"rotation": [0, -40, 0],
					"position": [0.63397, 2, -1.36603]
				},
				"head": {
					"rotation": [0, 0, 0]
				},
				"handle": {
					"scale": [0, 0, 0]
				}
			}
		},
		"animation.grenade.t_throw": {
			"loop": "hold_on_last_frame",
			"animation_length": 0.75,
			"bones": {
				"root": {
					"rotation": {
						"0.0": [0, "60+query.target_y_rotation", 0],
						"0.2083": [0, "60+query.target_y_rotation", 0],
						"0.375": [0, "60+query.target_y_rotation", 0],
						"0.75": [0, "0+query.target_y_rotation", 0]
					},
					"position": {
						"0.0": [0, -2, -1],
						"0.2083": [0, -2, -2],
						"0.375": [0, -2, -2],
						"0.75": [0, 0, 0]
					}
				},
				"waist": {
					"rotation": {
						"0.0": ["-12.3964 + math.clamp(math.sin(query.anim_time*180*2)*1,-2,0) + math.clamp(math.sin(query.anim_time*180*2)*1,0,1)", -1.61888, -7.32417],
						"0.2083": [52.98972, -64.65792, -9.20045],
						"0.2917": [62.98972, -64.65792, -9.20045],
						"0.375": [52.98972, -64.65792, -9.20045],
						"0.75": [0, 0, 0]
					},
					"position": {
						"0.0": [-0.25, -1, -0.43301],
						"0.2083": [3.4641, 2, -2],
						"0.375": [3.46, 2, -2],
						"0.75": [0, 0, 0]
					}
				},
				"rightArm": {
					"rotation": {
						"0.0": [98.70343, 65.5578, 163.53538],
						"0.125": [-45.44879, 27.50186, 146.26783],
						"0.2083": [-85.72308, -51.67718, 80.20405],
						"0.375": [-85.72, -51.68, 80.2],
						"0.75": [0, 0, 0]
					},
					"position": {
						"0.0": [-0.02949, -0.7372, 1.30601],
						"0.125": [-0.52845, 2.81596, -2.31032],
						"0.2083": [-0.71851, -0.7119, -1.60987],
						"0.375": [-0.72, -0.71, -1.61],
						"0.75": [0, 0, 0]
					}
				},
				"weapon_root": {
					"rotation": [2.59, -17.42, 21.24],
					"position": [0, 0.25, 1],
					"scale": {
						"0.0833": [1, 1, 1],
						"0.125": [0, 0, 0]
					}
				},
				"leftArm": {
					"rotation": {
						"0.0": [-65.3361, "-49.7135 + query.target_y_rotation", -15.37176],
						"0.2083": [30.40981, 10.28859, -22.90981],
						"0.375": [30.41, 10.29, -22.91],
						"0.75": [0, 0, 0]
					},
					"position": {
						"0.0": [-0.71743, -0.57456, -3.00895],
						"0.2083": [-0.18635, -0.59033, 1.31606],
						"0.375": [-0.19, -0.59, 1.32],
						"0.75": [0, 0, 0]
					}
				},
				"rightLeg": {
					"rotation": {
						"0.0": [22.59097, 25.82635, 44.46092],
						"0.0833": [6.8446, -3.94495, 40.6645],
						"0.2083": [0, -45, 0],
						"0.375": [0, -45, 0],
						"0.5417": [32.5, -22.5, 0],
						"0.75": [0, 0, 0]
					},
					"position": {
						"0.0": [0, 0, 0],
						"0.2083": [5.9282, 2, -5.73205],
						"0.375": [5.93, 2, -5.73],
						"0.75": [0, 0, 0]
					}
				},
				"leftLeg": {
					"rotation": {
						"0.0": [0, -40, 0],
						"0.2083": [0, -65, 0],
						"0.375": [0, -65, 0],
						"0.5417": [-22.5, -32.5, 0],
						"0.75": [0, 0, 0]
					},
					"position": {
						"0.0": [0.63397, 2, -1.36603],
						"0.2083": [2.23205, 2, -0.13397],
						"0.2917": [1.79699, 2, 0.12],
						"0.375": [2.23205, 2, -0.13397],
						"0.75": [0, 0, 0]
					}
				},
				"head": {
					"rotation": {
						"0.0": [0, 0, 0],
						"0.1667": [0, 0, 0],
						"0.2917": [66.79709, -27.25365, -28.73489],
						"0.5": [0, 0, 0]
					}
				},
				"body": {
					"rotation": {
						"0.1667": [0, 0, 0],
						"0.2917": [0, -20, 0],
						"0.375": [0, -20, 0],
						"0.5": [0, 0, 0]
					}
				}
			}
		},
		"animation.grenade.throw": {
			"loop": "hold_on_last_frame",
			"animation_length": 0.75,
			"bones": {
				"root": {
					"rotation": {
						"0.0": [-180, "-60+query.target_y_rotation", -180],
						"0.2083": [-180, "-60+query.target_y_rotation", -180],
						"0.375": [-180, "-60+query.target_y_rotation", -180],
						"0.75": [-180, 0, -180]
					},
					"position": {
						"0.0": [0, -2, 4],
						"0.2083": [-3, -2, -2],
						"0.375": [0, -2, 0],
						"0.75": [0, 0, 0]
					}
				},
				"waist": {
					"rotation": {
						"0.0": ["-12.3964 + math.clamp(math.sin(query.anim_time*180*2)*1,-2,0) + math.clamp(math.sin(query.anim_time*180*2)*1,0,1)", -1.61888, -7.32417],
						"0.2083": [12.98972, -64.65792, -9.20045],
						"0.2917": [12.9897, -64.65792, -9.20045],
						"0.375": [12.9897, -64.65792, -9.20045],
						"0.75": [0, 0, 0]
					},
					"position": {
						"0.0": [-0.25, -1, -0.43301],
						"0.2083": [3.4641, 2, -2],
						"0.375": [3.46, 2, -2],
						"0.75": [0, 0, 0]
					}
				},
				"rightArm": {
					"rotation": {
						"0.0": [98.70343, 65.5578, 163.53538],
						"0.125": [-45.63927, 37.51368, 155.17036],
						"0.2083": [-87.24626, 15.72784, 84.3088],
						"0.375": [-106.10458, -65.7765, 102.26652],
						"0.75": [-19.71594, -3.13263, 12.7242]
					},
					"position": {
						"0.0": [3.34847, -1.61853, -0.64658],
						"0.125": [0.49618, 8.09925, -2.31064],
						"0.2083": [-1.43909, 3.70063, 0.81295],
						"0.375": [1.43983, -2.37959, 0.20071],
						"0.75": [-1, 0, -2]
					},
					"scale": {
						"0.0": [0.9, 0.9, 0.9],
						"0.75": [0.9, 0.9, 0.9]
					}
				},
				"weapon_root": {
					"rotation": {
						"0.0": [2.59, -17.42, 21.24],
						"0.75": [6.01162, -3.87673, 6.18472]
					},
					"position": {
						"0.0": [0, 0.25, 1],
						"0.75": [0.35, -0.5, 1.3]
					},
					"scale": {
						"0.0": [0.8, 0.8, 0.8],
						"0.0833": [0.8, 0.8, 0.8],
						"0.125": [0, 0, 0],
						"0.7083": [0, 0, 0]
					}
				},
				"leftArm": {
					"rotation": {
						"0.0": [-65.3361, "-49.7135 + query.target_y_rotation", -15.37176],
						"0.2083": [30.40981, 10.28859, -22.90981],
						"0.375": [30.41, 10.29, -22.91],
						"0.75": [0, 0, -5]
					},
					"position": {
						"0.0": [-0.71743, -0.57456, -3.00895],
						"0.2083": [1.06552, -2.69174, 3.32028],
						"0.375": [0.06793, -2.70349, 3.43344],
						"0.75": [0, 0, 0]
					},
					"scale": {
						"0.0": [0.9, 0.9, 0.9],
						"0.75": [0.9, 0.9, 0.9]
					}
				},
				"rightLeg": {
					"rotation": {
						"0.0": [22.59097, 25.82635, 44.46092],
						"0.0833": [6.8446, -3.94495, 40.6645],
						"0.2083": [0, -45, 0],
						"0.375": [0, -45, 0],
						"0.5417": [32.5, -22.5, 0],
						"0.75": [0, 0, 0]
					},
					"position": {
						"0.0": [0, 0, 0],
						"0.2083": [5.9282, 2, -5.73205],
						"0.375": [5.93, 2, -5.73],
						"0.75": [0, 0, 0]
					}
				},
				"leftLeg": {
					"rotation": {
						"0.0": [0, -40, 0],
						"0.2083": [0, -65, 0],
						"0.375": [0, -65, 0],
						"0.5417": [-22.5, -32.5, 0],
						"0.75": [0, 0, 0]
					},
					"position": {
						"0.0": [0.63397, 2, -1.36603],
						"0.2083": [2.23205, 2, -0.13397],
						"0.2917": [1.79699, 2, 0.12],
						"0.375": [2.23205, 2, -0.13397],
						"0.75": [0, 0, 0]
					}
				},
				"head": {
					"rotation": {
						"0.0": [0, 0, 0],
						"0.1667": [0, 0, 0],
						"0.2917": [66.79709, -27.25365, -28.73489],
						"0.5": [0, 0, 0]
					}
				},
				"body": {
					"rotation": {
						"0.1667": [0, 0, 0],
						"0.2917": [0, -20, 0],
						"0.375": [0, -20, 0],
						"0.5": [0, 0, 0]
					}
				},
				"handle": {
					"scale": 0
				},
				"ring": {
					"rotation": ["(math.cos(query.life_time * 103.2) * 7.5) + 3+(v.tcos0*15)*q.delta_time", 0, 0],
					"scale": 0
				}
			}
		},
		"animation.grenade.draw": {
			"loop": "hold_on_last_frame",
			"animation_length": 0.6667,
			"bones": {
				"root": {
					"rotation": [-180, 0, -180],
					"position": {
						"0.0": [0, 0, 0],
						"0.0833": [0, 0, 0],
						"0.2083": [0, 0, 4],
						"0.375": [0, 0, 4],
						"0.5833": [0, 0, 3]
					}
				},
				"rightArm": {
					"rotation": {
						"0.0417": [-6.86612, 17.22575, 27.97479],
						"0.25": [-80, 0, 0],
						"0.3333": [-92.5, 0, 0],
						"0.375": [-87.5, 0, 0],
						"0.5": [-87.5, 0, 0],
						"0.5833": [-59.90531, -1.04421, 4.2414],
						"0.6667": [-72.21594, -3.13263, 12.7242]
					},
					"position": {
						"0.0833": [0, 0, 0],
						"0.25": [-1, 0, -2],
						"0.5": [-1, 0, -2],
						"0.6667": [-1, 0, -2]
					},
					"scale": 0.9
				},
				"weapon_root": {
					"rotation": {
						"0.25": [0, 0, 0],
						"0.3333": [0, 167.5, 0],
						"0.5": [0, 360, 0],
						"0.6667": [6.01162, "-3.8767+360", 6.18472]
					},
					"position": {
						"0.25": [0, 0, 0],
						"0.3333": [0, -1.04373, -9.95709],
						"0.375": [0, -1.12638, -9.96905],
						"0.5": [0.1, -0.5, 1.3],
						"0.6667": [0.25, -0.5, 0.85]
					},
					"scale": {
						"0.0": [0.8, 0.8, 0.8],
						"0.6667": [0.8, 0.8, 0.8]
					}
				},
				"leftArm": {
					"position": [23, -104, 33],
					"scale": 1
				}
			},
			"sound_effects": {
				"0.0": {
					"effect": "cloth_high"
				},
				"0.4583": {
					"effect": "cloth_high1"
				}
			}
		},
		"animation.grenade.t_draw": {
			"loop": "hold_on_last_frame",
			"animation_length": 0.6667,
			"bones": {
				"rightArm": {
					"rotation": {
						"0.0": [0, 0, 15],
						"0.0417": [65.29116, -16.80424, -48.6598],
						"0.125": [53.92208, -17.6112, 16.24318],
						"0.25": [-37.5, 0, 0],
						"0.3333": [-52.5, 0, 0],
						"0.375": [-52.5, 0, 0],
						"0.5": [-62.5, 0, 0],
						"0.5833": [-9.90531, -1.04421, 4.2414],
						"0.6667": [-29.71594, -3.13263, 12.7242]
					},
					"position": {
						"0.0833": [0, 0, 0],
						"0.25": [0, 0, -2],
						"0.5": [-0.2, 0, -2],
						"0.6667": [0, 0, -1]
					}
				},
				"weapon_root": {
					"rotation": {
						"0.25": [0, 0, 0],
						"0.3333": [0, 167.5, 0],
						"0.5": [0, 360, 0]
					},
					"position": {
						"0.25": [0, 0, 0],
						"0.3333": [0, -1.04373, -9.95709],
						"0.375": [0, -1.12638, -9.96905],
						"0.5": [0.35, -0.5, 1.3]
					},
					"scale": {
						"0.0417": [0, 0, 0],
						"0.0833": [0.3627, 0.3627, 0.3627],
						"0.125": [1, 1, 1],
						"0.1667": [1.25, 1.25, 1.25],
						"0.2083": [1.125, 1.125, 1.125],
						"0.25": [1.0123, 1.0123, 1.0123],
						"0.2917": [1, 1, 1]
					}
				},
				"leftArm": {
					"rotation": {
						"0.0": [-7.47178, 0.65182, -7.54256],
						"0.0833": [-22.32648, -2.86313, -19.43488],
						"0.1667": [19.40341, -5.86599, -13.11207],
						"0.25": [1.04311, -6.53889, -32.46117],
						"0.4583": [0.17694, -6.61886, -24.91181],
						"0.5417": [-0.11324, -6.62025, -22.39503],
						"0.625": [0.17694, -6.61886, -24.91181]
					}
				},
				"waist": {
					"rotation": {
						"0.0": [0, 0, 0],
						"0.0833": [-1.72159, 19.8881, -7.90999],
						"0.125": [-1.72, 19.89, -7.91],
						"0.2083": [-10.55735, 15.69078, -1.97413],
						"0.4583": [-10.56, 15.69, -1.97],
						"0.5417": [-3.02582, 13.19352, -1.83297],
						"0.5833": [-3.03, 13.19, -1.83],
						"0.6667": [0, 0, 0]
					}
				},
				"head": {
					"rotation": {
						"0.0417": [0, 0, 0],
						"0.125": [5, 25, -7.5],
						"0.4583": [5, 25, -7.5],
						"0.6667": [0, 0, 0]
					}
				}
			},
			"sound_effects": {
				"0.0": {
					"effect": "cloth_high"
				},
				"0.4583": {
					"effect": "cloth_high1"
				}
			}
		},
		"animation.grenade.sprint": {
			"loop": true,
			"bones": {
				"waist": {
					"rotation": [5, 0, 0],
					"position": [0, -1, 0]
				},
				"rightArm": {
					"rotation": ["-69.7159-(v.tcos0*0.15)", -3.13263, 12.7242],
					"position": [-1, 0, -2],
					"scale": [0.9, 0.9, 0.9]
				},
				"leftArm": {
					"rotation": ["-51.2116+(v.tcos0*0.7)", 19.616, -16.11885],
					"position": [2, 0.25, -0.25],
					"scale": [0.9, 0.9, 0.9]
				},
				"root": {
					"rotation": [-180, 0, -180],
					"position": [0, 0, 3]
				},
				"weapon_root": {
					"rotation": [6.01162, -3.87673, 6.18472],
					"position": [0.25, -0.5, 0.85],
					"scale": [0.8, 0.8, 0.8]
				},
				"ring": {
					"rotation": ["(math.cos(query.life_time * 103.2) * 7.5) + 3+(v.tcos0*15)*q.delta_time", 0, 0]
				}
			}
		},
		"animation.grenade.t_sprint": {
			"loop": true,
			"bones": {
				"waist": {
					"rotation": [5, 0, 0],
					"position": [0, -1, 0]
				},
				"rightArm": {
					"rotation": ["-31.8097-(v.tcos0*0.15)", -12.28439, 12.88524],
					"position": [0, 0, 1]
				},
				"leftArm": {
					"rotation": ["-2.4905+(v.tcos0*-0.275)", -0.21782, -4.99527]
				}
			}
		},
		"animation.grenade.explode": {
			"loop": true,
			"bones": {
				"root": {
					"rotation": [5, 0, 0],
					"position": [0, 2, 3]
				},
				"waist": {
					"rotation": ["15+(math.cos(query.life_time * 1000) * 5)", 0, "0+(math.cos(query.life_time * 2000) * 1)"]
				},
				"head": {
					"rotation": [24.76468, 7.15202, -10.40611]
				},
				"rightArm": {
					"rotation": ["-30+(math.cos(query.life_time * 1000) * 5)", "0+(math.cos(query.life_time * 1000) * 5)", "22.5+(math.cos(query.life_time * 1000) * 5)"]
				},
				"leftArm": {
					"rotation": ["-32.5-(math.cos(query.life_time * 1000) * 5)", "0-(math.cos(query.life_time * 1000) * 5)", "-22.5-(math.cos(query.life_time * 1000) * 5)"]
				},
				"rightLeg": {
					"rotation": ["0+(math.cos(query.life_time * 1000) * 5)", 0, "22.5+(math.cos(query.life_time * 1000) * 5)"]
				},
				"leftLeg": {
					"rotation": ["0-(math.cos(query.life_time * 1000) * 5)", "0+(math.cos(query.life_time * 1000) * 5)", "-20-(math.cos(query.life_time * 1000) * 5)"]
				}
			}
		},
		"animation.grenade.aim_bob": {
			"loop": true,
			"bones": {
				"waist": {
					"rotation": ["(math.sin(query.life_time * 250) * 0.5)", 0, 0]
				}
			}
		},
		"animation.incendiary_grenade.scale.fp": {
			"loop": "hold_on_last_frame",
			"bones": {
				"weapon_root": {
					"position": [-1.25, -0.25, -0.9],
					"scale": 0.55
				}
			}
		},
		"animation.incendiary_grenade.scale.tp": {
			"loop": "hold_on_last_frame",
			"bones": {
				"weapon_root": {
					"position": [-1, -0.75, -0.5],
					"scale": 0.35
				}
			}
		}
	}
}