{
	"format_version": "1.8.0",
	"animations": {
		"animation.grenade_projectile.idle": {
			"loop": true,
			"bones": {
				"weapon_root": {
					"rotation": [0, "q.anim_time*540", "q.anim_time*540"]
				},
				"pin": {
					"scale": 0
				},
				"handle": {
					"scale": 0
				}
			}
		},
		"animation.grenade_projectile.move": {
			"loop": true,
			"bones": {
				"root": {
					"rotation": [0, 0, "(query.anim_time*160)"],
					"position": [0, "(math.cos(query.life_time * 420) * 0.1)", 0]
				},
				"handle": {
					"scale": 0
				},
				"ring": {
					"scale": 0
				}
			}
		},
		"animation.grenade_projectile.in_water": {
			"loop": true,
			"bones": {
				"weapon_root": {
					"rotation": [0, "-q.anim_time*540", "-q.anim_time*540"]
				},
				"pin": {
					"scale": 0
				},
				"handle": {
					"scale": 0
				}
			}
		},
		"animation.grenade_projectile.impact": {
			"loop": true,
			"animation_length": 25,
			"bones": {
				"weapon_root": {
					"rotation": {
						"0.0": [-75, "-q.anim_time*540", "-q.anim_time*540"],
						"0.125": [-75.95603, "10.5479-q.anim_time*540", "143.8029-q.anim_time*540"],
						"0.3333": [-75.96, "10.55-q.anim_time*540", "-181.2-q.anim_time*540"],
						"0.4583": [-75.96, "10.55-q.anim_time*540", "-356.2-q.anim_time*540"],
						"0.5833": [-75.96, "10.55-q.anim_time*540", "-386.2-q.anim_time*540"],
						"0.6667": [-75.96, "10.55-q.anim_time*540", "-321.2-q.anim_time*140-q.anim_time*540"]
					},
					"position": {
						"0.0": [0, 0, 0],
						"0.125": [0, 5, 0],
						"0.3333": [0, -0.25, 0],
						"0.4583": [0, 3.5, 0],
						"0.5833": [0, -0.25, 0],
						"0.6667": [0, 1.25, 0],
						"0.75": [0, -0.25, 0.25]
					}
				},
				"pin": {
					"scale": 0
				},
				"handle": {
					"scale": 0
				}
			}
		},
		"animation.m79_casing.spin": {
			"loop": true,
			"bones": {
				"root": {
					"rotation": [0, "q.anim_time*720", "q.anim_time*720"],
					"position": [0, 0, 0]
				}
			}
		},
		"animation.m79_casing.spin_1": {
			"loop": true,
			"bones": {
				"root": {
					"rotation": [0, "-q.anim_time*720", "-q.anim_time*720"],
					"position": [0, 0, 0]
				}
			}
		},
		"animation.m79_casing.spin_2": {
			"loop": true,
			"bones": {
				"root": {
					"rotation": [0, "q.anim_time*320", "q.anim_time*320"],
					"position": [0, 0, 0]
				}
			}
		},
		"animation.m79_casing.spin_3": {
			"loop": true,
			"bones": {
				"root": {
					"rotation": [0, "q.anim_time*900", "q.anim_time*900"],
					"position": [0, 0, 0]
				}
			}
		},
		"animation.m79_casing.cancel_spin_1": {
			"loop": true,
			"bones": {
				"root": {
					"rotation": [0, "q.anim_time*720", "q.anim_time*720"],
					"position": [0, 0, 0]
				}
			}
		},
		"animation.m79_casing.cancel_spin_2": {
			"loop": true,
			"bones": {
				"root": {
					"rotation": [0, "-q.anim_time*320", "-q.anim_time*320"],
					"position": [0, 0, 0]
				}
			}
		},
		"animation.m79_casing.cancel_spin_3": {
			"loop": true,
			"bones": {
				"root": {
					"rotation": [0, "-q.anim_time*900", "-q.anim_time*900"],
					"position": [0, 0, 0]
				}
			}
		},
		"animation.mini_gun_clip.spin": {
			"loop": true,
			"bones": {
				"root": {
					"rotation": [0, "q.anim_time*20", "q.anim_time*20"],
					"position": [0, 0, 0]
				}
			}
		},
		"animation.mini_gun_clip.cancel_spin": {
			"loop": true,
			"bones": {
				"root": {
					"rotation": [0, "-q.anim_time*20", "-q.anim_time*20"],
					"position": [0, 0, 0]
				}
			}
		},
		"animation.m79_casing.cancel_spin": {
			"loop": true,
			"bones": {
				"root": {
					"rotation": [0, "-q.anim_time*720", "-q.anim_time*720"],
					"position": [0, 0, 0]
				}
			}
		},
		"animation.thunder_gun_clip.spawn": {
			"loop": "hold_on_last_frame",
			"animation_length": 0.5,
			"bones": {
				"clip": {
					"rotation": {
						"0.0": [90, 0, 0],
						"0.2083": [0, 0, 0]
					},
					"position": {
						"0.0": [0, 4, 0],
						"0.2083": [0, 0, 0]
					}
				}
			}
		},
		"animation.m79_casing.no_bullets": {
			"loop": "hold_on_last_frame",
			"bones": {
				"bullet": {
					"scale": {
						"0.0": {
							"pre": [0, 0, 0],
							"post": [0, 0, 0]
						}
					}
				},
				"bullet2": {
					"scale": {
						"0.0": {
							"pre": [0, 0, 0],
							"post": [0, 0, 0]
						}
					}
				}
			}
		},
		"animation.clip.upright": {
			"loop": "hold_on_last_frame",
			"animation_length": 0.25,
			"bones": {
				"root": {
					"rotation": {
						"0.0": [0, 0, 91.5],
						"0.2083": [0, 0, 91.5]
					},
					"position": {
						"0.0": [0, 18.25, 0],
						"0.2083": [0, 6.25, 0]
					}
				}
			}
		},
		"animation.rpk_clip.scale": {
			"loop": "hold_on_last_frame",
			"bones": {
				"root": {
					"position": [0, 1, 0],
					"scale": 0.6
				}
			}
		},
		"animation.rpk_clip.scale2": {
			"loop": "hold_on_last_frame",
			"bones": {
				"root": {
					"position": [0, -0.75, 0],
					"scale": 0.8
				}
			}
		},
		"animation.grenade_projectile.face": {
			"loop": true,
			"bones": {
				"root": {
					"rotation": ["q.target_x_rotation", "-q.target_y_rotation", 0]
				}
			}
		},
		"animation.grenade_projectile.smoke": {
			"animation_length": 4,
			"bones": {
				"tip": {
					"scale": 0
				}
			},
			"particle_effects": {
				"0.0": {
					"effect": "smoke",
					"locator": "top"
				}
			}
		}
	}
}