{
	"format_version": "1.8.0",
	"animations": {
		"animation.m4a1.ads.fp": {
			"loop": "hold_on_last_frame",
			"animation_length": 0.25,
			"bones": {
				"root": {
					"rotation": [-185.59775, -16.5, -179.61352],
					"position": [-3.0175, -0.435, 0.9]
				},
				"waist": {
					"rotation": [10, 0, 0],
					"position": [0, -0.25, 0]
				},
				"rightArm": {
					"rotation": [-95, -17.461, 1.12397],
					"position": [1.3221, 0.54274, 3.03234],
					"scale": 0.9
				},
				"weapon_root": {
					"rotation": [-0.8, 0, 0.75],
					"position": [-0.375, 0.21713, -1.42898]
				},
				"acog": {
					"position": [0, 0.1, 0]
				},
				"crosshair": {
					"position": [0, 0.025, 0],
					"scale": 0.3
				},
				"crosshair_night_vision": {
					"position": [0, 0.025, 0],
					"scale": 0.3
				},
				"leftArm": {
					"rotation": [-106.88223, 6.44775, -19.30741],
					"position": [-3.39063, 1.22795, -3.92928],
					"scale": 0.8
				}
			},
			"timeline": {
				"0.1667": "v.blur = 1;"
			}
		},
		"animation.m4a1.ads.red_dot.fp": {
			"loop": "hold_on_last_frame",
			"bones": {
				"weapon_root": {
					"rotation": [0.75, 0, 0],
					"position": [0, 0, 0.1]
				},
				"red_dot": {
					"position": [0, -0.35, 0]
				}
			}
		},
		"animation.m4a1.grip.ads.fp": {
			"loop": "hold_on_last_frame",
			"bones": {
				"leftArm": {
					"rotation": [8, 5, 12]
				}
			}
		},
		"animation.m4a1.m203.ads.fp": {
			"loop": "hold_on_last_frame",
			"bones": {
				"leftArm": {
					"rotation": [7, 0, 0],
					"position": [-0.00647, -0.99688, -0.07867]
				}
			}
		},
		"animation.m4a1.fold_front_sight": {
			"loop": "hold_on_last_frame",
			"bones": {
				"front_sight": {
					"rotation": [90, 0, 0]
				}
			}
		},
		"animation.m4a1.pre_hipfire.fp": {
			"loop": "hold_on_last_frame",
			"bones": {
				"root": {
					"rotation": [0, -1, 0],
					"position": [-0.1, 0.35, -0.3]
				},
				"weapon_root": {
					"position": [0.00461, -0.0611, -0.60518]
				},
				"muzzle_flash": {
					"position": [0, 1, 0]
				}
			}
		},
		"animation.m4a1.hold.fp": {
			"loop": "hold_on_last_frame",
			"bones": {
				"weapon_root": {
					"position": [0.2103, -0.496, -0.75151]
				},
				"root": {
					"position": [0, 0.5, -1]
				}
			}
		},
		"animation.m4a1.inspect.fp": {
			"loop": "hold_on_last_frame",
			"animation_length": 4.5,
			"bones": {
				"leftArm": {
					"rotation": {
						"0.0": [5, 0, 0],
						"4.0": [5, 0, 0],
						"4.5": [0, 0, 0]
					}
				}
			}
		},
		"animation.m4a1.acog.ads.fp": {
			"loop": "hold_on_last_frame",
			"bones": {
				"root": {
					"position": [0, -0.5, -1.5]
				}
			}
		},
		"animation.m4a1.sprint.tp": {
			"loop": "hold_on_last_frame",
			"bones": {
				"weapon_root": {
					"position": [-0.25, 0, -1]
				}
			}
		}
	}
}