{
	"format_version": "1.8.0",
	"animations": {
		"animation.m79.pose": {
			"loop": true,
			"bones": {
				"weapon_root": {
					"rotation": [12.5, 0, 0],
					"position": [0, 11, 0]
				},
				"barrel": {
					"rotation": [55, 0, 0]
				},
				"sight": {
					"rotation": [-2.5, 0, 0]
				},
				"shell": {
					"position": [0, 0, 9],
					"scale": 0.7
				}
			}
		},
		"animation.m79_grenade_launcher.draw": {
			"loop": "hold_on_last_frame",
			"animation_length": 0.7917,
			"bones": {
				"root": {
					"rotation": [-180, 0, -180],
					"position": {
						"0.0": [0, 0, 0],
						"0.125": [1, 0, 3]
					}
				},
				"rightArm": {
					"rotation": {
						"0.0": [22.5, 35.1, 72.68],
						"0.2917": [-111.68099, -35.91646, 19.33869],
						"0.5": [-98.02264, -34.30822, 12.79397],
						"0.625": [-107.23276, -38.30783, 20.25295],
						"0.7083": [-109.73276, -38.30783, 20.25295],
						"0.7917": [-107.23276, -38.30783, 20.25295]
					},
					"position": {
						"0.0": [-4.15, -5, -4],
						"0.2917": [-3.42, 1.61, -2.51]
					},
					"scale": [0.75, 0.75, 0.75]
				},
				"weapon_root": {
					"rotation": {
						"0.0": [0, 0, 0],
						"0.0833": [3.74126, -3.27441, 34.88121],
						"0.5417": [-353.75874, -3.27441, 34.88121],
						"0.625": [-348.32321, -0.78155, 22.62363],
						"0.7083": [-343.32321, -0.78155, 22.62363],
						"0.7917": [-348.32321, -0.78155, 22.62363]
					},
					"position": {
						"0.0": [0, 0, 0],
						"0.25": [-0.63, -2.5, 0],
						"0.375": [-1, -4, -4],
						"0.5": [-2.5, -4, 0],
						"0.625": [0, -1, 0],
						"0.7917": [0, -1, 0]
					}
				},
				"leftArm": {
					"rotation": {
						"0.0833": [0, 0, 0],
						"0.2083": [-47.5, 0, 0],
						"0.4583": [-88.02774, -8.30636, -6.02744],
						"0.625": [-81.7512, 30.02343, -20.59297],
						"0.7917": [-85.68054, 39.90715, -18.73177]
					},
					"position": {
						"0.0": [0, 0, 0],
						"0.2083": [0, 0, -2],
						"0.4583": [1.14, 0.43, -4],
						"0.625": [-2, 1, -2],
						"0.7917": [-2, 1, -2]
					},
					"scale": [0.65, 0.65, 0.65]
				}
			}
		},
		"animation.m79_grenade_launcher.draw.tp": {
			"loop": "hold_on_last_frame",
			"animation_length": 0.7917,
			"bones": {
				"rightArm": {
					"rotation": {
						"0.0": [53.13314, 3.23574, 8.06866],
						"0.2917": [-96.85196, 21.58145, 10.13416],
						"0.5": [-96.71253, -9.50664, 9.36542],
						"0.625": [-104.03967, -16.61217, 13.4584],
						"0.7083": [-107.21144, -26.44429, 15.57143],
						"0.7917": [-104.72781, -23.87785, 15.44287]
					},
					"position": {
						"0.0": [0, 0, 0],
						"0.2917": [0.58, 1.61, -3.51],
						"0.5": [0.58, 0.61, -3.51]
					}
				},
				"weapon_root": {
					"rotation": {
						"0.0": [0, 0, 0],
						"0.0833": [3.74126, -3.27441, 34.88121],
						"0.5417": [-353.75874, -3.27441, 34.88121],
						"0.625": [-348.32321, -0.78155, 22.62363],
						"0.7083": [-343.32321, -0.78155, 22.62363],
						"0.7917": [-348.32321, -0.78155, 22.62363]
					},
					"position": {
						"0.0": [0, 0, 0],
						"0.25": [-0.63, -2.5, 0],
						"0.2917": [-0.76, -3.5, -1.34],
						"0.3333": [-1.38, -4, -2.67],
						"0.375": [-0.5, -4, -3.75],
						"0.4167": [-0.83, -3.67, -2.67],
						"0.5": [-2, -3, 0],
						"0.625": [0.5, -1, 1.25],
						"0.7917": [0.5, -1, 1.25]
					},
					"scale": {
						"0.0833": [0, 0, 0],
						"0.2083": [1, 1, 1]
					}
				},
				"leftArm": {
					"rotation": {
						"0.0": [-70, 0, 0],
						"0.2083": [29.74605, -14.53949, -24.33579],
						"0.4583": [-25.23846, -15.06333, -19.71306],
						"0.625": [-25.823, -13.98569, -17.38273],
						"0.7917": [-59.92389, 17.00921, -10.06737]
					},
					"position": {
						"0.0": [0, 0, 0],
						"0.2083": [0, 0, 1],
						"0.4583": [0.14, -0.57, 0],
						"0.625": [0.14, -0.57, -1],
						"0.7917": [0, -0.5, -1.25]
					}
				},
				"waist": {
					"rotation": {
						"0.0": [-2.35666, 17.34551, -7.85952],
						"0.2083": [0, -5, 0],
						"0.3333": [-2.82902, -7.49282, 2.52154],
						"0.4583": [-2.82902, -7.49282, 2.52154],
						"0.6667": [0, 0, 0]
					},
					"position": {
						"0.0": [0, -0.75, 0],
						"0.2083": [0, 0, 0]
					}
				},
				"head": {
					"rotation": {
						"0.0": [18.1303, 24.7606, -5.84612],
						"0.2083": [0, 0, 0],
						"0.3333": [7.5, 10, 0],
						"0.5": [8.29176, 6.83675, 4.65823],
						"0.625": [8.29, 6.84, 4.66],
						"0.7917": [0, 0, 0]
					}
				}
			}
		},
		"animation.m79_grenade_launcher.scale": {
			"loop": true,
			"bones": {
				"weapon_root": {
					"scale": 0.35
				}
			}
		},
		"animation.m79_grenade_launcher.scale.tp": {
			"loop": true,
			"bones": {
				"weapon_root": {
					"position": [0, -1, -0.5],
					"scale": [0.3, 0.3, 0.3]
				}
			}
		},
		"animation.m79_grenade_launcher.hold": {
			"loop": true,
			"bones": {
				"root": {
					"rotation": [180, 2.5, 180],
					"position": [0, 0, -2]
				},
				"rightArm": {
					"rotation": [-91.0267, -39.89145, 23.90071],
					"position": [-2, 1, -3],
					"scale": [0.85, 0.85, 0.85]
				},
				"weapon_root": {
					"rotation": [0, -7.5, 0],
					"position": [0, 0, -0.5]
				},
				"leftArm": {
					"rotation": [-67.92313, 33.77082, 11.82556],
					"position": [0, -1, -8.25],
					"scale": [0.85, 0.85, 0.85]
				},
				"safety": {
					"rotation": [0, 0, 0]
				},
				"shell": {
					"scale": {
						"0.0": {
							"pre": [0, 0, 0],
							"post": [0, 0, 0]
						}
					}
				},
				"shell2": {
					"scale": {
						"0.0": {
							"pre": [0, 0, 0],
							"post": [0, 0, 0]
						}
					}
				}
			}
		},
		"animation.m79_grenade_launcher.hold.tp": {
			"loop": true,
			"bones": {
				"rightArm": {
					"rotation": [-92.11085, -49.52554, 31.89205],
					"position": [-1.25, 0, -1]
				},
				"weapon_root": {
					"rotation": [0, -7.5, 0]
				},
				"leftArm": {
					"rotation": [-59.92389, 17.00921, -10.06737],
					"position": [0, -0.5, -1.25]
				},
				"safety": {
					"rotation": [0, 0, 0]
				},
				"shell": {
					"scale": {
						"0.0": {
							"pre": [0, 0, 0],
							"post": [0, 0, 0]
						}
					}
				},
				"shell2": {
					"scale": {
						"0.0": {
							"pre": [0, 0, 0],
							"post": [0, 0, 0]
						}
					}
				},
				"waist": {
					"rotation": ["(math.cos(query.life_time * 103.2) * 0.5)", 0, 0]
				}
			}
		},
		"animation.m79_grenade_launcher.pre_hipfire": {
			"loop": "hold_on_last_frame",
			"bones": {
				"root": {
					"rotation": [179.74989, -12.99316, 182.70149],
					"position": [-7, 0.2, -1.5]
				},
				"rightArm": {
					"rotation": [-83.60958, -11.07041, 0.7202],
					"position": [-2.5, 1.25, -0.75],
					"scale": [0.85, 0.85, 0.85]
				},
				"weapon_root": {
					"rotation": [0, -7.5, 0],
					"position": [0, 0, -0.5]
				},
				"leftArm": {
					"rotation": [-91.30166, 30.41044, -5.72799],
					"position": [-7, -0.75, -7],
					"scale": [0.85, 0.85, 0.85]
				},
				"safety": {
					"rotation": [0, 0, 0]
				},
				"shell2": {
					"scale": {
						"0.0": {
							"pre": [0, 0, 0],
							"post": [0, 0, 0]
						}
					}
				}
			}
		},
		"animation.m79_grenade_launcher.pre_hipfire.tp": {
			"loop": "hold_on_last_frame",
			"bones": {
				"root": {
					"rotation": [0, "q.target_y_rotation", 0]
				},
				"rightArm": {
					"rotation": ["-97.3409+(math.clamp(q.target_x_rotation, -20, 20))", -13.48333, 5.89275],
					"position": [0.5, -1, 1.25]
				},
				"weapon_root": {
					"rotation": [0, 0, 0],
					"position": [0, 0.4, -0.1]
				},
				"leftArm": {
					"rotation": [
						"-110.4875+(math.clamp(q.target_x_rotation, -30, 50))",
						"24.1263+(math.clamp(q.target_x_rotation, 0, 5))",
						"-20.8371+(math.clamp(q.target_x_rotation, 0, 20))"
					],
					"position": [-2, -1, -4]
				},
				"safety": {
					"rotation": [0, 0, 0]
				},
				"waist": {
					"rotation": [
						"5+(math.clamp(q.target_x_rotation, -10, 10))+(variable.tcos0*0.05)+(math.cos(query.life_time * 350) * 0.1)",
						"12.5+(math.cos(query.life_time * 350) * 0.05)",
						0
					]
				},
				"head": {
					"rotation": ["-5+(math.clamp(q.target_x_rotation, -40, 40))", -10, 0]
				},
				"rightLeg": {
					"rotation": [0, 10, 0],
					"position": [-0.25, 0, 0.75]
				},
				"leftLeg": {
					"position": [0, 0, -0.75]
				},
				"shell": {
					"scale": {
						"0.0": {
							"pre": [0, 0, 0],
							"post": [0, 0, 0]
						}
					}
				}
			}
		},
		"animation.m79_grenade_launcher.hipfire": {
			"loop": "hold_on_last_frame",
			"animation_length": 0.20833,
			"bones": {
				"root": {
					"rotation": {
						"0.0": [179.74989, -12.99316, 182.70149],
						"0.0833": [180.43632, -4.49882, 181.03794],
						"0.2083": [179.74989, -12.99316, 182.70149]
					},
					"position": {
						"0.0": [-7, 0.2, -1.5],
						"0.0833": [2, -0.3, -1],
						"0.125": [2, -0.3, -1],
						"0.2083": [-7, 0.2, -1.5]
					}
				},
				"rightArm": {
					"rotation": {
						"0.0": [-83.60958, -11.07041, 0.7202],
						"0.0833": [-92.56873, -1.10803, -7.29938],
						"0.125": [-92.56873, -1.10803, -7.29938],
						"0.2083": [-83.60958, -11.07041, 0.7202]
					},
					"position": {
						"0.0": [-2.5, 1.25, -0.75],
						"0.0833": [4.75, 1, 3.25],
						"0.125": [4.75, 1, 3.25],
						"0.2083": [-2.5, 1.25, -0.75]
					},
					"scale": {
						"0.0": [0.85, 0.85, 0.85],
						"0.2083": [0.85, 0.85, 0.85]
					}
				},
				"weapon_root": {
					"rotation": {
						"0.0": [0, -7.5, 0],
						"0.0417": [-2.5, -7.5, 0],
						"0.0833": [-2.5, -7.5, 0],
						"0.2083": [0, -7.5, 0]
					},
					"position": {
						"0.0": [0, 0, -0.5],
						"0.0417": [0, 0, -0.5],
						"0.0833": [0, 0, -0.5],
						"0.2083": [0, 0, -0.5]
					}
				},
				"lock": {
					"rotation": [180, 0, 0]
				},
				"leftArm": {
					"rotation": {
						"0.0": [-91.30166, 30.41044, -5.72799],
						"0.0833": [-109.48278, 35.58284, -25.45235],
						"0.125": [-109.48278, 35.58284, -25.45235],
						"0.2083": [-91.30166, 30.41044, -5.72799]
					},
					"position": {
						"0.0": [-7, -0.75, -7],
						"0.0833": [-0.25, 0.5, -2.75],
						"0.125": [-0.25, 0.5, -2.75],
						"0.2083": [-7, -0.75, -7]
					},
					"scale": {
						"0.0": [0.85, 0.85, 0.85],
						"0.2083": [0.85, 0.85, 0.85]
					}
				},
				"safety": {
					"rotation": [0, 0, 0]
				},
				"shell2": {
					"scale": [0, 0, 0]
				}
			},
			"particle_effects": {
				"0.0417": [
					{
						"effect": "m79.muzzle_glow",
						"locator": "muzzle"
					},
					{
						"effect": "m79.muzzle_smoke",
						"locator": "muzzle"
					},
					{
						"effect": "m79.muzzle_smoke_1",
						"locator": "muzzle"
					}
				]
			}
		},
		"animation.m79_grenade_launcher.ads.1": {
			"loop": true,
			"bones": {
				"root": {
					"rotation": [180, 0, 180],
					"position": [0.75, -1.7, -0.75]
				},
				"rightArm": {
					"rotation": [-87.07689, -14.98136, -0.75625],
					"position": [3.975, 1, -1.68173],
					"scale": 0.85
				},
				"weapon_root": {
					"rotation": [-1.95, 0, 15.1],
					"position": [0, 0, -1]
				},
				"leftArm": {
					"rotation": [-91.76291, 27.40244, -14.47434],
					"position": [-0.3678, 0.5, -2.50109],
					"scale": 0.85
				}
			}
		},
		"animation.m79_grenade_launcher.fire_ads": {
			"loop": "hold_on_last_frame",
			"animation_length": 0.20833,
			"bones": {
				"root": {
					"rotation": {
						"0.0": [180, -1, 180],
						"0.0833": [179.93884, -3.49947, 181.00187],
						"0.1667": [180, -1, 180]
					},
					"position": [0.75, 0, 0]
				},
				"rightArm": {
					"rotation": {
						"0.0": [-87.06873, -1.10803, -7.29938],
						"0.0833": [-92.06873, -1.10803, -7.29938],
						"0.125": [-92.07, -1.11, -7.3],
						"0.2083": [-87.06873, -1.10803, -7.29938]
					},
					"position": {
						"0.0": [5.75, 1, 4.25],
						"0.0833": [4.75, 1, 6.25],
						"0.125": [4.75, 1, 6.25],
						"0.2083": [5.75, 1, 4.25]
					},
					"scale": {
						"0.0": [0.85, 0.85, 0.85],
						"0.2083": [0.85, 0.85, 0.85]
					}
				},
				"weapon_root": {
					"rotation": [0, -7.5, 0],
					"position": [0, 0, -0.5]
				},
				"sight": {
					"rotation": {
						"0.0": [85, 0, 0],
						"0.0833": [60, 0, 0],
						"0.1667": [85, 0, 0]
					}
				},
				"lock": {
					"rotation": [180, 0, 0]
				},
				"leftArm": {
					"rotation": {
						"0.0": [-91.76291, 27.40244, -14.47434],
						"0.0833": [-99.31171, 25.94363, -31.19395],
						"0.125": [-99.31, 25.94, -31.19],
						"0.2083": [-91.76291, 27.40244, -14.47434]
					},
					"position": {
						"0.0": [-0.5, -0.25, -5],
						"0.0833": [-0.5, 0.75, -3],
						"0.125": [-0.5, 0.75, -3],
						"0.2083": [-0.5, -0.25, -5]
					},
					"scale": {
						"0.0": [0.85, 0.85, 0.85],
						"0.2083": [0.85, 0.85, 0.85]
					}
				},
				"safety": {
					"rotation": [-35, 0, 0]
				},
				"shell2": {
					"scale": 0
				}
			},
			"particle_effects": {
				"0.0417": [
					{
						"effect": "m79.muzzle_glow",
						"locator": "muzzle"
					},
					{
						"effect": "m79.muzzle_smoke.1",
						"locator": "muzzle"
					},
					{
						"effect": "m79.muzzle_ring.1",
						"locator": "muzzle"
					},
					{
						"effect": "m16a4.m203.after_burn",
						"locator": "muzzle"
					}
				]
			}
		},
		"animation.m79_grenade_launcher.shoot": {
			"loop": "hold_on_last_frame",
			"animation_length": 0.25,
			"bones": {
				"rightArm": {
					"rotation": {
						"0.0417": [0, 0, 0],
						"0.125": [-2.01612, 0.18018, -2.54001],
						"0.2083": [0, 0, 0]
					}
				},
				"weapon_root": {
					"rotation": {
						"0.0": [0, 0, 0],
						"0.0833": [-7.5, 0, 0],
						"0.1667": [0, 0, 0]
					},
					"position": {
						"0.0": [0, 0, 0],
						"0.0833": [0, 0.03263, -0.24786],
						"0.1667": [0, 0, 0]
					}
				},
				"leftArm": {
					"rotation": {
						"0.0": [0, 0, 0],
						"0.0833": [-4.25, 0, 0],
						"0.2083": [0, 0, 0]
					}
				},
				"shell2": {
					"scale": 0
				},
				"waist": {
					"rotation": {
						"0.0": [0, 0, 0],
						"0.0833": [-2.25, 1.24995, -0.01091],
						"0.2083": [0, 0, 0]
					}
				}
			},
			"particle_effects": {
				"0.0417": [
					{
						"effect": "m79.muzzle_smoke.1",
						"locator": "muzzle"
					},
					{
						"effect": "m79.muzzle_ring.1",
						"locator": "muzzle"
					},
					{
						"effect": "m16a4.m203.after_burn",
						"locator": "muzzle"
					}
				]
			}
		},
		"animation.m79_grenade_launcher.hipfire.tp": {
			"loop": "hold_on_last_frame",
			"animation_length": 0.20833,
			"bones": {
				"root": {
					"rotation": [0, "q.target_y_rotation", 0]
				},
				"rightArm": {
					"rotation": {
						"0.0": ["-97.3409+(math.clamp(q.target_x_rotation, -40, 40))", -13.48333, 5.89275],
						"0.0833": ["-98.6226+(math.clamp(q.target_x_rotation, -40, 40))", -14.06984, 0.78006],
						"0.125": ["-98.6226+(math.clamp(q.target_x_rotation, -40, 40))", -14.06984, 0.78006],
						"0.2083": ["-97.3409+(math.clamp(q.target_x_rotation, -40, 40))", -13.48333, 5.89275]
					},
					"position": {
						"0.0": [0.5, -1, 1.25],
						"0.0833": [0, -1, 1.75],
						"0.125": [0, -1, 1.75],
						"0.2083": [0.5, -1, 1.25]
					}
				},
				"weapon_root": {
					"rotation": {
						"0.0": [0, 0, 0],
						"0.0417": [-2.5, -7.5, 0],
						"0.0833": [-2.5, -7.5, 0],
						"0.2083": [0, 0, 0]
					},
					"position": {
						"0.0": [0, 0.4, -0.1],
						"0.0417": [0, 0, -0.5],
						"0.0833": [0, 0, -0.5],
						"0.2083": [0, 0.4, -0.1]
					}
				},
				"lock": {
					"rotation": [180, 0, 0]
				},
				"leftArm": {
					"rotation": {
						"0.0": ["-110.4875+(math.clamp(q.target_x_rotation, -40, 40))", 24.1263, "-20.8371+(math.clamp(q.target_x_rotation, 5, 10))"],
						"0.0833": ["-108.9197+(math.clamp(q.target_x_rotation, -40, 40))", 33.22185, "-24.4559+(math.clamp(q.target_x_rotation, 5, 10))"],
						"0.125": ["-108.9197+(math.clamp(q.target_x_rotation, -40, 40))", 33.22185, "-24.4559+(math.clamp(q.target_x_rotation, 5, 10))"],
						"0.2083": ["-110.4875+(math.clamp(q.target_x_rotation, -40, 40))", 24.1263, "-20.8371+(math.clamp(q.target_x_rotation, 5, 10))"]
					},
					"position": {
						"0.0": [-2, -1, -4],
						"0.0833": [-2.25, 0.5, -2.75],
						"0.125": [-2.25, 0.5, -2.75],
						"0.2083": [-2, -1, -4]
					}
				},
				"safety": {
					"rotation": {
						"0.0": [0, 0, 0],
						"0.2083": [0, 0, 0]
					}
				},
				"shell2": {
					"scale": [0, 0, 0]
				},
				"waist": {
					"rotation": {
						"0.0": [
							"5+(math.clamp(q.target_x_rotation, -10, 10))+(variable.tcos0*0.05)+(math.cos(query.life_time * 350) * 0.1)",
							"12.5+(math.cos(query.life_time * 350) * 0.05)",
							0
						],
						"0.0833": [
							"3.0202+(math.clamp(q.target_x_rotation, -10, 10))+(variable.tcos0*0.05)+(math.cos(query.life_time * 350) * 0.1)",
							"13.4962+(math.cos(query.life_time * 350) * 0.05)",
							0.08963
						],
						"0.2083": [
							"5+(math.clamp(q.target_x_rotation, -10, 10))+(variable.tcos0*0.05)+(math.cos(query.life_time * 350) * 0.1)",
							"12.5+(math.cos(query.life_time * 350) * 0.05)",
							0
						]
					}
				},
				"head": {
					"rotation": {
						"0.0": ["-5+(math.clamp(q.target_x_rotation, -40, 40))", -10, 0],
						"0.2083": ["-5+(math.clamp(q.target_x_rotation, -40, 40))", -10, 0]
					}
				},
				"rightLeg": {
					"rotation": {
						"0.0": [0, 10, 0],
						"0.2083": [0, 10, 0]
					},
					"position": {
						"0.0": [-0.25, 0, 0.75],
						"0.2083": [-0.25, 0, 0.75]
					}
				},
				"leftLeg": {
					"position": {
						"0.0": [0, 0, -0.75],
						"0.2083": [0, 0, -0.75]
					}
				}
			},
			"particle_effects": {
				"0.0417": [
					{
						"effect": "m79.muzzle_glow",
						"locator": "muzzle"
					},
					{
						"effect": "m79.muzzle_smoke",
						"locator": "muzzle"
					},
					{
						"effect": "m79.muzzle_smoke_1",
						"locator": "muzzle"
					}
				]
			}
		},
		"animation.m79_grenade_launcher.pre_ads": {
			"loop": "hold_on_last_frame",
			"animation_length": 0.5,
			"bones": {
				"root": {
					"rotation": [180, -1, 180],
					"position": [0.75, 0, 0]
				},
				"rightArm": {
					"rotation": {
						"0.0": [-91.0267, -39.89145, 23.90071],
						"0.0833": [-93.49355, -37.39182, 23.84617],
						"0.1667": [-90.96039, -34.8922, 23.79162],
						"0.5": [-87.06873, -1.10803, -7.29938]
					},
					"position": {
						"0.0": [-2, 1, -3],
						"0.1667": [-2, 1, -3],
						"0.25": [-2.25, 1, -2.75],
						"0.5": [5.75, 1, 4.25]
					},
					"scale": [0.85, 0.85, 0.85]
				},
				"weapon_root": {
					"rotation": [0, -7.5, 0],
					"position": [0, 0, -0.5]
				},
				"sight": {
					"rotation": {
						"0.0417": [0, 0, 0],
						"0.1667": [85, 0, 0]
					}
				},
				"lock": {
					"rotation": {
						"0.0": [0, 0, 0],
						"0.0833": [180, 0, 0]
					}
				},
				"leftArm": {
					"rotation": {
						"0.0": [-78.41484, 38.15528, -5.9333],
						"0.1667": [-107.91766, 39.36543, 6.80774],
						"0.2083": [-107.92, 39.37, 6.81],
						"0.2917": [-128.48682, 64.46188, -12.43176],
						"0.4167": [-101.95247, 42.22622, -13.65731],
						"0.5": [-91.76291, 27.40244, -14.47434]
					},
					"position": {
						"0.0": [1, -0.25, -6],
						"0.0417": [2.5, 0, -5],
						"0.0833": [2, 0.25, -4],
						"0.125": [2, 0.5, -3.5],
						"0.1667": [0, 0.75, -5],
						"0.2917": [0, 0.75, -4],
						"0.3333": [1.65, 0.55, -3.9],
						"0.375": [2.3, 0.35, -3.8],
						"0.4167": [2.37, 0.15, -4.53],
						"0.5": [-0.5, -0.25, -5]
					},
					"scale": [0.85, 0.85, 0.85]
				},
				"shell2": {
					"scale": [0, 0, 0]
				}
			}
		},
		"animation.m79_grenade_launcher.pre_ads.tp": {
			"loop": "hold_on_last_frame",
			"animation_length": 0.5,
			"bones": {
				"root": {
					"rotation": {
						"0.25": [0, "q.target_y_rotation", 0],
						"0.5": [0, "1+q.target_y_rotation", 0]
					},
					"position": {
						"0.2917": [0, 0, 0],
						"0.4167": [0, 0, -1]
					}
				},
				"rightArm": {
					"rotation": {
						"0.0": [-92.11085, -49.52554, 31.89205],
						"0.0833": [-93.49355, -37.39182, 23.84617],
						"0.1667": [-90.96039, -34.8922, 23.79162],
						"0.5": ["-97.7518+(math.clamp(q.target_x_rotation, -20, 20))", -21.20411, 1.40428]
					},
					"position": {
						"0.0": [-1.25, 0, -1],
						"0.1667": [-2, 1, -3],
						"0.25": [-2.25, 1, -2.75],
						"0.5": [0.32635, -0.53125, 1.00677]
					}
				},
				"weapon_root": {
					"rotation": {
						"0.0": [0, -7.5, 0],
						"0.5": [0, 0, 0]
					},
					"position": {
						"0.0": [0, 0, -0.5],
						"0.5": [0, 0.5, -0.1]
					}
				},
				"sight": {
					"rotation": {
						"0.0417": [0, 0, 0],
						"0.1667": [85, 0, 0],
						"0.5": [85, 0, 0]
					}
				},
				"lock": {
					"rotation": {
						"0.0": [0, 0, 0],
						"0.0833": [180, 0, 0],
						"0.5": [180, 0, 0]
					}
				},
				"leftArm": {
					"rotation": {
						"0.0": [-59.92389, 17.00921, -10.06737],
						"0.125": [-95.60692, 28.79821, 3.17339],
						"0.1667": [-107.91766, 39.36543, 6.80774],
						"0.2083": [-107.92, 39.37, 6.81],
						"0.2917": [-128.48682, 64.46188, -12.43176],
						"0.4167": [-101.95247, 42.22622, -13.65731],
						"0.5": [
							"-107.6956+(math.clamp((q.target_x_rotation*1.45), -30, 30))",
							"23.1763-(math.clamp(q.target_x_rotation, 0, -20))",
							"-28.9641+(math.clamp(q.target_x_rotation, 5, 10))"
						]
					},
					"position": {
						"0.0": [0, -0.5, -1.25],
						"0.0417": [0.5, 0, -1],
						"0.0833": [1, 0.25, -3],
						"0.125": [1, 0.5, -3.5],
						"0.1667": [0, 0.75, -5],
						"0.2083": [0, 0.75, -3.67],
						"0.2917": [0, 0.75, -4],
						"0.3333": [1.65, 0.55, -3.9],
						"0.375": [2.3, 0.35, -3.8],
						"0.4167": [2.37, 0.15, -4.53],
						"0.5": [-1.06563, 0.22795, -3.67928]
					}
				},
				"shell2": {
					"scale": {
						"0.0": [0, 0, 0],
						"0.5": [0, 0, 0]
					}
				},
				"waist": {
					"rotation": {
						"0.0": [
							"0+(math.clamp(q.target_x_rotation, -10, 10))+(variable.tcos0*0.05)+(math.cos(query.life_time * 350) * 0.1)",
							"0+(math.cos(query.life_time * 350) * 0.05)",
							0
						],
						"0.25": [
							"2.5216+(math.clamp(q.target_x_rotation, -10, 10))+(variable.tcos0*0.05)+(math.cos(query.life_time * 350) * 0.1)",
							"7.4928+(math.cos(query.life_time * 350) * 0.05)",
							0.3296
						],
						"0.5": [
							"7.4269+(math.clamp(q.target_x_rotation, -10, 10))+(variable.tcos0*0.05)+(math.cos(query.life_time * 350) * 0.1)",
							"18.2761+(math.cos(query.life_time * 350) * 0.05)",
							2.8815
						]
					},
					"position": [0, "-0.25+(variable.tcos0*0.025)", 0]
				},
				"head": {
					"rotation": {
						"0.0": ["2.5+(math.clamp(q.target_x_rotation, -40, 40))", 0, 0],
						"0.125": [14.28392, -11.53335, -12.26223],
						"0.25": ["1.8325+(math.clamp(q.target_x_rotation, -40, 40))", -5.27, -14.04],
						"0.5": ["1.8325+(math.clamp(q.target_x_rotation, -40, 40))", -5.26683, -14.04076]
					}
				},
				"safety": {
					"rotation": [0, 0, 0]
				},
				"rightLeg": {
					"rotation": {
						"0.0": ["0+(v.tcos0)", 0, 0],
						"0.25": ["0+(v.tcos0)", 0, 0],
						"0.5": ["15+(v.tcos0)", 6, 4]
					},
					"position": {
						"0.0": [0, 0, 0],
						"0.25": [0, 0, 0],
						"0.5": [0, 0.25, 1.25]
					}
				},
				"leftLeg": {
					"rotation": {
						"0.0": ["0-(v.tcos0)", 0, 0],
						"0.1667": ["0-(v.tcos0)", 0, 0],
						"0.2917": ["-17.5-(v.tcos0)", 0, 0],
						"0.5": ["-2-(v.tcos0)", 0, 0]
					},
					"position": {
						"0.0": [0, 0, 0],
						"0.1667": [0, 0, 0],
						"0.2917": [0, 0, 0],
						"0.5": [0, 0, -1.5]
					}
				}
			}
		},
		"animation.m79_grenade_launcher.ads": {
			"loop": true,
			"bones": {
				"root": {
					"rotation": [180, -1, 180],
					"position": [0.75, 0, 0]
				},
				"rightArm": {
					"rotation": [-87.06873, -1.10803, -7.29938],
					"position": [5.75, 1, 4.25],
					"scale": [0.85, 0.85, 0.85]
				},
				"weapon_root": {
					"rotation": [0, -7.5, 0],
					"position": [0, 0, -0.5]
				},
				"sight": {
					"rotation": [85, 0, 0]
				},
				"lock": {
					"rotation": [180, 0, 0]
				},
				"leftArm": {
					"rotation": [-91.76291, 27.40244, -14.47434],
					"position": [-0.5, -0.25, -5],
					"scale": [0.85, 0.85, 0.85]
				},
				"shell2": {
					"scale": [0, 0, 0]
				}
			}
		},
		"animation.m79_grenade_launcher.ads.tp": {
			"loop": true,
			"bones": {
				"root": {
					"rotation": [0, "1+q.target_y_rotation", 0],
					"position": [0, 0, -1]
				},
				"rightArm": {
					"rotation": ["-97.7518+(math.clamp(q.target_x_rotation, -20, 20))", -21.20411, 1.40428],
					"position": [0.32635, -0.53125, 1.00677]
				},
				"weapon_root": {
					"rotation": [0, 0, 0],
					"position": [0, 0.5, -0.1]
				},
				"sight": {
					"rotation": [85, 0, 0]
				},
				"lock": {
					"rotation": [180, 0, 0]
				},
				"leftArm": {
					"rotation": [
						"-107.6956+(math.clamp((q.target_x_rotation*1.45), -30, 30))",
						"23.1763-(math.clamp(q.target_x_rotation, 0, -20))",
						"-28.9641+(math.clamp(q.target_x_rotation, 5, 10))"
					],
					"position": [-1.06563, 0.22795, -3.67928]
				},
				"shell2": {
					"scale": [0, 0, 0]
				},
				"waist": {
					"rotation": [
						"7.4269+(math.clamp(q.target_x_rotation, -10, 10))+(variable.tcos0*0.05)+(math.cos(query.life_time * 350) * 0.1)",
						"18.2761+(math.cos(query.life_time * 350) * 0.05)",
						2.8815
					],
					"position": [0, "-0.25+(variable.tcos0*0.035)", 0]
				},
				"head": {
					"rotation": ["1.8325+(math.clamp(q.target_x_rotation, -40, 40))", -5.26683, -14.04076]
				},
				"rightLeg": {
					"rotation": ["15+(v.tcos0*3.5)*q.delta_time", 6, 4],
					"position": [0, 0.25, "1.25+(v.tcos0*0.35)"]
				},
				"leftLeg": {
					"rotation": ["-2-(v.tcos0*2.5)+q.delta_time", 0, 0],
					"position": [0, 0, "-1.5-(v.tcos0*0.35)"]
				}
			}
		},
		"animation.m79_grenade_launcher.leave_ads": {
			"loop": "hold_on_last_frame",
			"animation_length": 0.5,
			"bones": {
				"root": {
					"rotation": [180, -1, 180],
					"position": [0.75, 0, 0]
				},
				"rightArm": {
					"rotation": {
						"0.0": [-87.06873, -1.10803, -7.29938],
						"0.1667": [-88.58503, -8.98119, 2.42557],
						"0.2083": [-88.59, -8.98, 2.43],
						"0.2917": [-88.59, -8.98, 2.43],
						"0.375": [-88.59, -8.98, 2.43],
						"0.5": [-88.56478, -13.97846, 2.30337]
					},
					"position": {
						"0.0": [5.75, 1, 4.25],
						"0.1667": [3.75, 1, 3.25],
						"0.2083": [3.75, 1, 3.25],
						"0.2917": [3.75, 0.75, 3.25],
						"0.375": [3.75, 1, 3.25],
						"0.5": [1.75, 0, -0.75]
					},
					"scale": [0.85, 0.85, 0.85]
				},
				"weapon_root": {
					"rotation": {
						"0.0": [0, -7.5, 0],
						"0.2083": [0, -7.5, 0],
						"0.3333": [1, -7.5, 0],
						"0.4583": [0, -7.5, 0]
					},
					"position": [0, 0, -0.5]
				},
				"sight": {
					"rotation": {
						"0.0": [85, 0, 0],
						"0.1667": [85, 0, 0],
						"0.2083": [85, 0, 0],
						"0.2917": [0, 0, 0],
						"0.3333": [5, 0, 0],
						"0.375": [0, 0, 0]
					}
				},
				"leftArm": {
					"rotation": {
						"0.0": [-91.76291, 27.40244, -14.47434],
						"0.0833": [-90.21688, 4.59264, -20.56372],
						"0.1667": [-119.55573, 1.06482, -32.04336],
						"0.2083": [-119.56, 1.06, -32.04],
						"0.3333": [-167.98067, 0, -63.92557],
						"0.5": [-99.34568, 26.71566, -44.58443]
					},
					"position": {
						"0.0": [-0.5, -0.25, -5],
						"0.0833": [1, 0.75, -6],
						"0.1667": [0.5, 1.75, -6],
						"0.2083": [0.5, 1.75, -6],
						"0.3333": [5, 1.75, -5],
						"0.5": [4, 1, -3]
					},
					"scale": [0.85, 0.85, 0.85]
				},
				"lock": {
					"rotation": {
						"0.2083": [180, 0, 0],
						"0.2917": [0, 0, 0]
					}
				},
				"shell2": {
					"scale": [0, 0, 0]
				}
			},
			"sound_effects": {
				"0.2917": {
					"effect": "gun_tap"
				}
			}
		},
		"animation.m79_grenade_launcher.leave_ads.tp": {
			"loop": "hold_on_last_frame",
			"animation_length": 0.5,
			"bones": {
				"root": {
					"rotation": {
						"0.0": [0, "1+q.target_y_rotation", 0],
						"0.1667": [0, "q.target_y_rotation", 0]
					},
					"position": {
						"0.0": [0, 0, -1],
						"0.0833": [0, 0, 0]
					}
				},
				"rightArm": {
					"rotation": {
						"0.0": ["-97.848+(math.clamp(q.target_x_rotation, -20, 20))", -22.93792, 1.66054],
						"0.1667": [-88.48192, -22.97666, 2.0538],
						"0.2083": [-88.48192, -22.97666, 2.0538],
						"0.2917": [-88.48192, -22.97666, 2.0538],
						"0.375": [-85.98192, -22.97666, 2.0538],
						"0.5": [-88.56478, -13.97846, 2.30337]
					},
					"position": {
						"0.0": [0.32635, -0.53125, 1.00677],
						"0.1667": [-1.5, 0.5, 3.25],
						"0.2083": [-1.5, 0.5, 3.25],
						"0.2917": [-1.5, 0.5, 3.25],
						"0.375": [-1.5, 0.25, 3.25],
						"0.5": [0.75, 0, 0.25]
					}
				},
				"weapon_root": {
					"rotation": {
						"0.0": [0, 0, 0],
						"0.2083": [0, -7.5, 0],
						"0.3333": [1, -7.5, 0],
						"0.4583": [0, -7.5, 0]
					},
					"position": [0, 0.5, -0.1]
				},
				"sight": {
					"rotation": {
						"0.0": [85, 0, 0],
						"0.1667": [85, 0, 0],
						"0.2083": [85, 0, 0],
						"0.2917": [0, 0, 0],
						"0.3333": [5, 0, 0],
						"0.375": [0, 0, 0]
					}
				},
				"leftArm": {
					"rotation": {
						"0.0": [
							"-107.6956+(math.clamp((q.target_x_rotation*1.45), -30, 30))",
							"23.1763-(math.clamp(q.target_x_rotation, 0, -20))",
							"-28.9641+(math.clamp(q.target_x_rotation, 5, 10))"
						],
						"0.0833": [-90.21688, 4.59264, -20.56372],
						"0.1667": [-119.55573, 1.06482, -32.04336],
						"0.2083": [-119.55573, 1.06482, -32.04336],
						"0.3333": [-125.48067, 0, -63.92557],
						"0.5": [-99.34568, 26.71566, -44.58443]
					},
					"position": {
						"0.0": [-1.06563, 0.22795, -3.67928],
						"0.0833": [0, 0.75, -4],
						"0.1667": [0.5, 1.75, -4.5],
						"0.2083": [0.5, 1.75, -4.5],
						"0.3333": [1, 1.75, -2],
						"0.5": [1, 0, -3]
					}
				},
				"lock": {
					"rotation": {
						"0.0": [180, 0, 0],
						"0.2083": [180, 0, 0],
						"0.2917": [0, 0, 0]
					}
				},
				"shell2": {
					"scale": [0, 0, 0]
				},
				"waist": {
					"rotation": {
						"0.0": [
							"7.4269+(math.clamp(q.target_x_rotation, -10, 10))+(variable.tcos0*0.05)+(math.cos(query.life_time * 350) * 0.1)",
							"18.2761+(math.cos(query.life_time * 350) * 0.05)",
							2.8815
						],
						"0.1667": [
							"9.2364+(math.clamp(q.target_x_rotation, -10, 10))+(variable.tcos0*0.05)+(math.cos(query.life_time * 350) * 0.1)",
							"14.3293+(math.cos(query.life_time * 350) * 0.05)",
							2.20221
						],
						"0.5": [
							"(math.clamp(q.target_x_rotation, -10, 10))+(variable.tcos0*0.05)+(math.cos(query.life_time * 350) * 0.1)",
							"(math.cos(query.life_time * 350) * 0.05)",
							0
						]
					},
					"position": {
						"0.0": [0, "-0.25+(variable.tcos0*0.025)", 0],
						"0.1667": [0, "-0.25+(variable.tcos0*0.025)", 0],
						"0.5": [0, "-0.25+(variable.tcos0*0.025)", 0]
					}
				},
				"head": {
					"rotation": {
						"0.0": ["1.8325+(math.clamp(q.target_x_rotation, -40, 40))", -5.26683, -14.04076],
						"0.2917": ["1.8325+(math.clamp(q.target_x_rotation, -40, 40))", -5.27, -14.04],
						"0.5": ["(math.clamp(q.target_x_rotation, -40, 40))", 0, 0]
					}
				},
				"rightLeg": {
					"rotation": {
						"0.0": ["15+(v.tcos0)", 6, 4],
						"0.1667": ["v.tcos0 * 1.0", 0, 0]
					},
					"position": {
						"0.0": [0, 0.25, "1.25+(v.tcos0*0.35)"],
						"0.1667": [0, 0, 0]
					}
				},
				"leftLeg": {
					"rotation": {
						"0.0": ["-2-(v.tcos0)", 0, 0],
						"0.1667": ["v.tcos0 * -1.0", 0, 0]
					},
					"position": {
						"0.0": [0, 0, "-1.5-(v.tcos0)"],
						"0.1667": [0, 0, 0]
					}
				}
			},
			"sound_effects": {
				"0.2917": {
					"effect": "gun_tap"
				}
			}
		},
		"animation.m79_grenade_launcher.fire_ads2": {
			"loop": "hold_on_last_frame",
			"animation_length": 0.20833,
			"bones": {
				"root": {
					"rotation": {
						"0.0": [180, -1, 180],
						"0.0833": [179.93884, -3.49947, 181.00187],
						"0.1667": [180, -1, 180]
					},
					"position": [0.75, 0, 0]
				},
				"rightArm": {
					"rotation": {
						"0.0": [-87.06873, -1.10803, -7.29938],
						"0.0833": [-92.06873, -1.10803, -7.29938],
						"0.125": [-92.07, -1.11, -7.3],
						"0.2083": [-87.06873, -1.10803, -7.29938]
					},
					"position": {
						"0.0": [5.75, 1, 4.25],
						"0.0833": [4.75, 1, 6.25],
						"0.125": [4.75, 1, 6.25],
						"0.2083": [5.75, 1, 4.25]
					},
					"scale": {
						"0.0": [0.85, 0.85, 0.85],
						"0.2083": [0.85, 0.85, 0.85]
					}
				},
				"weapon_root": {
					"rotation": [0, -7.5, 0],
					"position": [0, 0, -0.5]
				},
				"sight": {
					"rotation": {
						"0.0": [85, 0, 0],
						"0.0833": [60, 0, 0],
						"0.1667": [85, 0, 0]
					}
				},
				"lock": {
					"rotation": [180, 0, 0]
				},
				"leftArm": {
					"rotation": {
						"0.0": [-91.76291, 27.40244, -14.47434],
						"0.0833": [-99.31171, 25.94363, -31.19395],
						"0.125": [-99.31, 25.94, -31.19],
						"0.2083": [-91.76291, 27.40244, -14.47434]
					},
					"position": {
						"0.0": [-0.5, -0.25, -5],
						"0.0833": [-0.5, 0.75, -3],
						"0.125": [-0.5, 0.75, -3],
						"0.2083": [-0.5, -0.25, -5]
					},
					"scale": {
						"0.0": [0.85, 0.85, 0.85],
						"0.2083": [0.85, 0.85, 0.85]
					}
				},
				"safety": {
					"rotation": [-35, 0, 0]
				},
				"shell2": {
					"scale": 0
				}
			},
			"particle_effects": {
				"0.0417": [
					{
						"effect": "m79.muzzle_glow",
						"locator": "muzzle"
					},
					{
						"effect": "m79.muzzle_smoke.1",
						"locator": "muzzle"
					},
					{
						"effect": "m79.muzzle_ring.1",
						"locator": "muzzle"
					},
					{
						"effect": "m16a4.m203.after_burn",
						"locator": "muzzle"
					}
				]
			}
		},
		"animation.m79_grenade_launcher.fire_ads.tp": {
			"loop": "hold_on_last_frame",
			"animation_length": 0.20833,
			"bones": {
				"rightArm": {
					"rotation": {
						"0.0": ["-97.7518+(math.clamp(q.target_x_rotation, -20, 20))", -21.20411, 1.40428],
						"0.0833": ["-104.7518+(math.clamp(q.target_x_rotation, -20, 20))", -21.20411, 1.40428],
						"0.125": ["-104.7518+(math.clamp(q.target_x_rotation, -20, 20))", -21.20411, 1.40428],
						"0.2083": ["-97.7518+(math.clamp(q.target_x_rotation, -20, 20))", -21.20411, 1.40428]
					},
					"position": {
						"0.0": [0.32635, -0.53125, 1.00677],
						"0.0833": [-0.67365, -0.53125, 2.00677],
						"0.125": [-0.67365, -0.53125, 2.00677],
						"0.2083": [0.32635, -0.53125, 1.00677]
					}
				},
				"weapon_root": {
					"rotation": {
						"0.0": [0, 0, 0],
						"0.0833": [0, 0, 0],
						"0.2083": [0, 0, 0]
					},
					"position": {
						"0.0": [0, 0.5, -0.1],
						"0.0833": [0, 0.5, -0.1],
						"0.2083": [0, 0.5, -0.1]
					}
				},
				"sight": {
					"rotation": {
						"0.0": [85, 0, 0],
						"0.0833": [85, 0, 0],
						"0.1667": [85, 0, 0],
						"0.2083": [85, 0, 0]
					}
				},
				"lock": {
					"rotation": {
						"0.0": [180, 0, 0],
						"0.0833": [180, 0, 0],
						"0.2083": [180, 0, 0]
					}
				},
				"leftArm": {
					"rotation": {
						"0.0": [
							"-107.6956+(math.clamp((q.target_x_rotation*1.45), -30, 30))",
							"23.1763-(math.clamp(q.target_x_rotation, 0, -20))",
							"-28.9641+(math.clamp(q.target_x_rotation, 5, 10))"
						],
						"0.0833": [
							"-117.6956+(math.clamp((q.target_x_rotation*1.45), -30, 30))",
							"23.1763-(math.clamp(q.target_x_rotation, 0, -20))",
							"-28.9641+(math.clamp(q.target_x_rotation, 5, 10))"
						],
						"0.125": [
							"-117.6956+(math.clamp((q.target_x_rotation*1.45), -30, 30))",
							"23.1763-(math.clamp(q.target_x_rotation, 0, -20))",
							"-28.9641+(math.clamp(q.target_x_rotation, 5, 10))"
						],
						"0.2083": [
							"-107.6956+(math.clamp((q.target_x_rotation*1.45), -30, 30))",
							"23.1763-(math.clamp(q.target_x_rotation, 0, -20))",
							"-28.9641+(math.clamp(q.target_x_rotation, 5, 10))"
						]
					},
					"position": {
						"0.0": [-1.06563, 0.22795, -3.67928],
						"0.0833": [-1.31563, 0.22795, -2.92928],
						"0.125": [-1.31563, 0.22795, -2.92928],
						"0.2083": [-1.06563, 0.22795, -3.67928]
					}
				},
				"safety": {
					"rotation": [-35, 0, 0]
				},
				"shell2": {
					"scale": {
						"0.0": [0, 0, 0],
						"0.0833": [0, 0, 0],
						"0.2083": [0, 0, 0]
					}
				},
				"root": {
					"rotation": {
						"0.0": [0, "1+q.target_y_rotation", 0],
						"0.0833": [0, "1+q.target_y_rotation", 0],
						"0.2083": [0, "1+q.target_y_rotation", 0]
					},
					"position": {
						"0.0": [0, 0, -1],
						"0.0833": [0, 0, -1],
						"0.2083": [0, 0, -1]
					}
				},
				"waist": {
					"rotation": {
						"0.0": [
							"7.4269+(math.clamp(q.target_x_rotation, -10, 10))+(variable.tcos0*0.05)+(math.cos(query.life_time * 350) * 0.1)",
							"18.2761+(math.cos(query.life_time * 350) * 0.05)",
							2.8815
						],
						"0.0833": [
							"1.5821+(math.clamp(q.target_x_rotation, -10, 10))+(variable.tcos0*0.05)+(math.cos(query.life_time * 350) * 0.1)",
							"24.2591+(math.cos(query.life_time * 350) * 0.05)",
							3.32196
						],
						"0.2083": [
							"7.4269+(math.clamp(q.target_x_rotation, -10, 10))+(variable.tcos0*0.05)+(math.cos(query.life_time * 350) * 0.1)",
							"18.2761+(math.cos(query.life_time * 350) * 0.05)",
							2.8815
						]
					},
					"position": {
						"0.0": [0, "-0.25+(variable.tcos0*0.035)", 0],
						"0.0833": [0, "-0.25+(variable.tcos0*0.035)", 0],
						"0.2083": [0, "-0.25+(variable.tcos0*0.035)", 0]
					}
				},
				"head": {
					"rotation": {
						"0.0": ["1.8325+(math.clamp(q.target_x_rotation, -40, 40))", -5.26683, -14.04076],
						"0.0833": ["-1.1635+(math.clamp(q.target_x_rotation, -40, 40))", -2.26745, -14.10191],
						"0.2083": ["1.8325+(math.clamp(q.target_x_rotation, -40, 40))", -5.26683, -14.04076]
					}
				},
				"rightLeg": {
					"rotation": {
						"0.0": ["15+(v.tcos0*3.5)*q.delta_time", 6, 4],
						"0.0833": ["15+(v.tcos0*3.5)*q.delta_time", 6, 4],
						"0.2083": ["15+(v.tcos0*3.5)*q.delta_time", 6, 4]
					},
					"position": {
						"0.0": [0, 0.25, "1.25+(v.tcos0*0.35)"],
						"0.0833": [0, 0.25, "1.25+(v.tcos0*0.35)"],
						"0.2083": [0, 0.25, "1.25+(v.tcos0*0.35)"]
					}
				},
				"leftLeg": {
					"rotation": {
						"0.0": ["-2-(v.tcos0*2.5)+q.delta_time", 0, 0],
						"0.0833": ["-2-(v.tcos0*2.5)+q.delta_time", 0, 0],
						"0.2083": ["-2-(v.tcos0*2.5)+q.delta_time", 0, 0]
					},
					"position": {
						"0.0": [0, 0, "-1.5-(v.tcos0*0.35)"],
						"0.0833": [0, 0, "-1.5-(v.tcos0*0.35)"],
						"0.2083": [0, 0, "-1.5-(v.tcos0*0.35)"]
					}
				}
			},
			"particle_effects": {
				"0.0417": [
					{
						"effect": "m79.muzzle_glow",
						"locator": "muzzle"
					},
					{
						"effect": "m79.muzzle_smoke",
						"locator": "muzzle"
					},
					{
						"effect": "m79.muzzle_smoke_1",
						"locator": "muzzle"
					}
				]
			}
		},
		"animation.m79_grenade_launcher.reload_ads": {
			"loop": "hold_on_last_frame",
			"animation_length": 1.625,
			"bones": {
				"root": {
					"rotation": [180, -1, 180],
					"position": [0.75, 0, 0]
				},
				"rightArm": {
					"rotation": {
						"0.0": [-87.06873, -1.10803, -7.29938],
						"0.125": [-99.69856, -8.88008, 6.70237],
						"0.2083": [-124.69856, -8.88008, 6.70237],
						"0.2917": [-99.69856, -8.88008, 6.70237],
						"0.5": [-99.69856, -8.88008, 6.70237],
						"0.7083": [-105.04615, -15.18715, 26.37624],
						"0.8333": [-105.05, -15.19, 26.38],
						"0.9583": [-102.55, -15.19, 26.38],
						"1.0833": [-105.05, -15.19, 26.38],
						"1.2083": [-104.73633, -9.14779, 24.75054],
						"1.3333": [-104.65602, -7.93988, 24.41891],
						"1.4167": [-122.15602, -7.93988, 24.41891],
						"1.5417": [-104.65602, -7.93988, 24.41891]
					},
					"position": {
						"0.0": [5.75, 1, 4.25],
						"0.125": [1.75, 0, -0.75],
						"0.2083": [1.75, -1, -0.75],
						"0.5": [1.75, -1, -0.75],
						"0.7083": [-0.25, -1, -1.75],
						"0.8333": [-0.25, -1, -1.75],
						"1.0833": [-0.25, -1, -1.75],
						"1.2083": [1.25, -1, -1.75],
						"1.3333": [0.75, -1, -1.75]
					},
					"scale": [0.85, 0.85, 0.85]
				},
				"weapon_root": {
					"rotation": {
						"0.0": [0, -7.5, 0],
						"0.125": [-1.71643, -18.29056, -11.71378],
						"0.2083": [10.27135, -6.53483, -14.56856],
						"0.25": [12.77126, -6.53451, -14.56866],
						"0.2917": [10.09259, -6.53419, -14.56875],
						"0.375": [12.77126, -6.53451, -14.56866],
						"0.4583": [10.09259, -6.53419, -14.56875],
						"0.8333": [10.27, -6.53, -14.57],
						"0.9583": [12.77, -6.53, -14.57],
						"1.0833": [10.27, -6.53, -14.57],
						"1.2917": [10.27, -6.53, -14.57],
						"1.375": [8.99175, -8.20724, -4.62899],
						"1.5": [-3.50825, -8.20724, -4.62899]
					},
					"position": {
						"0.0": [0, 0, -0.5],
						"0.125": [0, 0, -0.5],
						"0.2083": [-0.5, 0, -0.5],
						"0.8333": [-0.5, 0, -0.5],
						"1.0833": [-0.5, 0, -0.5],
						"1.2917": [-0.5, 0, -0.5],
						"1.375": [-0.25, 0, -0.5],
						"1.4583": [-0.25, 0, -0.5]
					}
				},
				"barrel": {
					"rotation": {
						"0.125": [0, 0, 0],
						"0.25": [72.5, 0, 0],
						"0.2917": [68, 0, 0],
						"0.3333": [72.5, 0, 0],
						"0.4167": [68, 0, 0],
						"0.5": [72.5, 0, 0],
						"1.375": [72.5, 0, 0],
						"1.5417": [0, 0, 0]
					},
					"position": {
						"0.125": [0, 0, 0],
						"1.375": [0, 0, 0],
						"1.5417": [0, 0, 0]
					}
				},
				"sight": {
					"rotation": [85, 0, 0]
				},
				"shell": {
					"rotation": {
						"0.2083": [0, 0, 0],
						"0.2917": [0, 0, 0],
						"0.375": [0, 0, 0],
						"0.4583": ["q.anim_time*750", "q.anim_time*750", 0],
						"0.6667": ["q.anim_time*750", "q.anim_time*750", 0],
						"0.75": [0, 0, 0]
					},
					"position": {
						"0.2083": [0, 0, 0],
						"0.2917": [3, 0, 20],
						"0.375": [18, 15, 19],
						"0.5833": [46, 6, -15],
						"0.625": [46, 6, -15],
						"0.75": [0, 0, 0]
					},
					"scale": {
						"0.5833": {
							"pre": [1, 1, 1],
							"post": [0, 0, 0]
						}
					}
				},
				"bullet": {
					"scale": [0, 0, 0]
				},
				"lock": {
					"rotation": [180, 0, 0]
				},
				"leftArm": {
					"rotation": {
						"0.0": [-91.76291, 27.40244, -14.47434],
						"0.125": [-39.07823, 7.41075, -13.8664],
						"0.2083": [-39.08, 7.41, -13.87],
						"0.2917": [-4.08, 7.41, -13.87],
						"0.7083": [-119.26192, 18.50717, -17.13225],
						"0.7917": [-117.11317, 17.61738, -16.65151],
						"0.8333": [-116.26193, 18.50717, -17.13225],
						"1.0": [-95.64327, 24.57456, -20.888],
						"1.0833": [-63.96709, 4.81247, -24.08692],
						"1.2917": [-80.38, 16.11, -22.76],
						"1.375": [-59.24398, -0.68999, -29.58501],
						"1.5417": [-88.07798, 29.65857, -21.15706]
					},
					"position": {
						"0.0": [-0.5, -0.25, -5],
						"0.125": [4.5, -0.25, -2],
						"0.2083": [4.5, -0.25, -2],
						"0.2917": [4.5, -0.25, -2],
						"0.3333": [4.5, -1.25, -2],
						"0.375": [4.5, -0.25, -2],
						"0.7083": [1.25, 0, -5],
						"0.7917": [1, 0, -4.85],
						"0.8333": [1, 0, -4.85],
						"0.9167": [1, 0, -4.65],
						"1.0": [1, 0, -5.25],
						"1.0833": [1.5, -1, -5.25],
						"1.2917": [1, -1, -5.25],
						"1.375": [3, -1, -4.25],
						"1.5417": [1, -1, -5.25]
					},
					"scale": [0.85, 0.85, 0.85]
				},
				"safety": {
					"rotation": {
						"0.0": [0, 0, 0],
						"0.125": [-35, 0, 0],
						"1.5": [-35, 0, 0],
						"1.5833": [0, 0, 0]
					}
				},
				"shell2": {
					"rotation": {
						"0.5": [0, 20, 0],
						"0.7083": [0, 20, 0],
						"0.7917": [0, 12.5, 0],
						"0.875": [0, 12.5, 0],
						"0.9167": [0, 0, 0],
						"0.9583": [0, 0, 0]
					},
					"position": {
						"0.5": [27, 0, -11],
						"0.7083": [1, 0, 14],
						"0.7917": [0.5, 0, 12],
						"0.8333": [0, 0, 11.5],
						"0.875": [0, 0, 11],
						"0.9167": [0, 0, 8.88],
						"0.9583": [0, 0, 6.75]
					},
					"scale": {
						"0.0": {
							"pre": [0, 0, 0],
							"post": [0, 0, 0]
						},
						"0.4583": {
							"pre": [0, 0, 0],
							"post": [0, 0, 0]
						},
						"0.5": [1, 1, 1],
						"1.5": {
							"pre": [1, 1, 1],
							"post": [0, 0, 0]
						}
					}
				}
			},
			"particle_effects": {
				"0.1667": [
					{
						"effect": "m79.after_burn_0",
						"locator": "after_burn"
					},
					{
						"effect": "m79.after_burn",
						"locator": "after_burn2"
					}
				],
				"0.2083": [
					{
						"effect": "m79.after_burn_0",
						"locator": "after_burn"
					},
					{
						"effect": "m79.after_burn",
						"locator": "after_burn2"
					}
				],
				"0.25": {
					"effect": "m79.after_burn",
					"locator": "bullet_after_burn"
				},
				"0.2917": [
					{
						"effect": "m79.after_burn_0",
						"locator": "after_burn"
					},
					{
						"effect": "m79.after_burn",
						"locator": "after_burn2"
					}
				],
				"0.3333": [
					{
						"effect": "m79.after_burn_0",
						"locator": "after_burn"
					},
					{
						"effect": "m79.after_burn",
						"locator": "after_burn2"
					}
				],
				"0.375": [
					{
						"effect": "m79.after_burn_0",
						"locator": "after_burn"
					},
					{
						"effect": "m79.after_burn",
						"locator": "after_burn2"
					}
				]
			}
		},
		"animation.m79_grenade_launcher.reload_ads.tp": {
			"loop": "hold_on_last_frame",
			"animation_length": 1.5833,
			"bones": {
				"root": {
					"rotation": [0, "1+q.target_y_rotation", 0],
					"position": [0, 0, -1]
				},
				"rightArm": {
					"rotation": {
						"0.0": ["-97.7518+(math.clamp(q.target_x_rotation, -20, 20))", -21.20411, 1.40428],
						"0.125": [-99.69856, -8.88008, 6.70237],
						"0.2083": [-124.69856, -8.88008, 6.70237],
						"0.2917": [-99.69856, -8.88008, 6.70237],
						"0.5": [-99.69856, -8.88008, 6.70237],
						"0.7083": [-105.04615, -15.18715, 26.37624],
						"0.8333": [-105.05, -15.19, 26.38],
						"0.9583": [-102.34709, -11.28396, 25.49439],
						"1.0833": [-103.38861, -16.66523, 20.33158],
						"1.2083": [-103.15597, -11.3213, 15.87486],
						"1.3333": [-104.65602, -7.93988, 24.41891],
						"1.4167": [-122.15602, -7.93988, 24.41891],
						"1.5417": [-104.65602, -7.93988, 24.41891]
					},
					"position": {
						"0.0": [0.32635, -0.53125, 1.00677],
						"0.125": [0.75, 0, -0.75],
						"0.2083": [-0.25, -1, -0.75],
						"0.2917": [-0.25, -1, -0.75],
						"0.5": [-0.25, -1, -0.75],
						"0.7083": [-0.25, -1, -1.75],
						"0.8333": [-0.25, -1, -1.75],
						"0.9583": [-0.5, -1, -1.75],
						"1.0833": [-0.5, -1, -1.75],
						"1.2083": [0.25, -1, -1.75],
						"1.3333": [-0.25, -1, -1.75]
					}
				},
				"weapon_root": {
					"rotation": {
						"0.0": [0, 0, 0],
						"0.125": [-1.71643, -18.29056, -11.71378],
						"0.2083": [10.27135, -6.53483, -14.56856],
						"0.25": [12.77126, -6.53451, -14.56866],
						"0.2917": [10.09259, -6.53419, -14.56875],
						"0.375": [12.77126, -6.53451, -14.56866],
						"0.4583": [10.09259, -6.53419, -14.56875],
						"0.8333": [10.27, -6.53, -14.57],
						"0.9583": [12.77, -6.53, -14.57],
						"1.0833": [10.27, -6.53, -14.57],
						"1.2917": [10.27, -6.53, -14.57],
						"1.375": [8.99175, -8.20724, -4.62899],
						"1.5": [-3.50825, -8.20724, -4.62899]
					},
					"position": [-0.5, 0.5, -0.1]
				},
				"barrel": {
					"rotation": {
						"0.125": [0, 0, 0],
						"0.25": [72.5, 0, 0],
						"0.2917": [68, 0, 0],
						"0.3333": [75, 0, 0],
						"0.4167": [68, 0, 0],
						"0.5": [72.5, 0, 0],
						"1.375": [72.5, 0, 0],
						"1.5417": [0, 0, 0]
					},
					"position": {
						"0.125": [0, 0, 0],
						"1.375": [0, 0, 0],
						"1.5417": [0, 0, 0]
					}
				},
				"sight": {
					"rotation": [85, 0, 0]
				},
				"shell": {
					"rotation": {
						"0.2083": [0, 0, 0],
						"0.2917": [0, 0, 0],
						"0.375": [0, 0, 0],
						"0.4583": ["q.anim_time*750", "q.anim_time*750", 0],
						"0.6667": ["q.anim_time*750", "q.anim_time*750", 0],
						"0.75": [0, 0, 0]
					},
					"position": {
						"0.2083": [0, 0, 0],
						"0.2917": [3, 0, 20],
						"0.375": [18, 15, 19],
						"0.5833": [46, 6, -15],
						"0.625": [46, 6, -15],
						"0.75": [0, 0, 0]
					},
					"scale": {
						"0.5833": [1, 1, 1],
						"0.625": {
							"pre": [1, 1, 1],
							"post": [0, 0, 0]
						}
					}
				},
				"bullet": {
					"scale": [0, 0, 0]
				},
				"lock": {
					"rotation": [180, 0, 0]
				},
				"leftArm": {
					"rotation": {
						"0.0": [-81.57823, 7.41075, -13.8664],
						"0.125": [-3.15879, 11.69578, -4.16366],
						"0.2083": [38.0155, 16.78202, 31.05897],
						"0.2917": [-4.08, 7.41, -13.87],
						"0.7083": [-113.80389, 13.60591, 2.87223],
						"0.7917": [-117.11317, 17.61738, -16.65151],
						"0.8333": [-116.26193, 18.50717, -17.13225],
						"1.0": [-95.38356, 17.60685, -20.1676],
						"1.125": [-63.96709, 4.81247, -24.08692],
						"1.2917": [-63.69395, 9.3005, -21.86552],
						"1.375": [-59.24398, -0.68999, -29.58501],
						"1.5417": [-88.07798, 29.65857, -21.15706]
					},
					"position": {
						"0.0": [-1.5, -0.25, -3],
						"0.125": [0.5, -0.25, 0],
						"0.2083": [0.5, -0.25, 0],
						"0.2917": [0.5, -0.25, -1],
						"0.3333": [0.5, -0.25, -2],
						"0.375": [0.5, -0.25, -2],
						"0.7083": [0, 0, -4.25],
						"0.7917": [1, 0, -4.85],
						"0.8333": [1, 0, -4.85],
						"0.9167": [1, 0, -4.65],
						"1.0": [1, 0, -3.25],
						"1.125": [0.5, -1, -4.25],
						"1.2917": [0.5, -1, -4.25],
						"1.375": [1, -1, -3.25],
						"1.5417": [0, -1, -3.25]
					}
				},
				"safety": {
					"rotation": {
						"0.0": [0, 0, 0],
						"0.125": [-35, 0, 0],
						"1.5": [-35, 0, 0],
						"1.5833": [0, 0, 0]
					}
				},
				"shell2": {
					"rotation": {
						"0.25": [128.43933, 25.11845, -6.66163],
						"0.375": [84.86667, 21.3435, -41.66501],
						"0.5417": [39.56533, -7.68232, -45.01693],
						"0.7083": [0, 20, 0],
						"0.7917": [0, 12.5, 0],
						"0.875": [0, 12.5, 0],
						"0.9167": [0, 0, 0],
						"0.9583": [0, 0, 0]
					},
					"position": {
						"0.25": [45, -57, -21],
						"0.2917": [55.08, -31.73, -20.32],
						"0.3333": [49.04, -20.84, -25.38],
						"0.375": [42.5, -16.95, -23.45],
						"0.4583": [33.38, -8.58, -20.08],
						"0.5417": [22.5, -0.22, -9.22],
						"0.7083": [1, 0, 14],
						"0.7917": [0.5, 0, 12],
						"0.8333": [0, 0, 11.5],
						"0.875": [0, 0, 11],
						"0.9167": [0, 0, 8.88],
						"0.9583": [0, 0, 6.75]
					},
					"scale": {
						"0.0": [0, 0, 0],
						"0.2083": [0, 0, 0],
						"0.25": [1, 1, 1],
						"1.5": [1, 1, 1],
						"1.5417": [0, 0, 0]
					}
				},
				"waist": {
					"rotation": {
						"0.0": [
							"7.4269+(math.clamp(q.target_x_rotation, -10, 10))+(variable.tcos0*0.05)+(math.cos(query.life_time * 350) * 0.1)",
							"18.2761+(math.cos(query.life_time * 350) * 0.05)",
							2.8815
						],
						"0.125": [
							"5.2175+(math.clamp(q.target_x_rotation, -10, 10))+(variable.tcos0*0.05)+(math.cos(query.life_time * 350) * 0.1)",
							"6.1995+(math.cos(query.life_time * 350) * 0.05)",
							-1.06146
						],
						"0.2083": [
							"0.1977+(math.clamp(q.target_x_rotation, -10, 10))+(variable.tcos0*0.05)+(math.cos(query.life_time * 350) * 0.1)",
							"-3.7589+(math.cos(query.life_time * 350) * 0.05)",
							-1.97328
						],
						"0.2917": [
							"5.1977+(math.clamp(q.target_x_rotation, -10, 10))+(variable.tcos0*0.05)+(math.cos(query.life_time * 350) * 0.1)",
							"-3.7589+(math.cos(query.life_time * 350) * 0.05)",
							-1.97328
						],
						"0.375": [
							"7.6977+(math.clamp(q.target_x_rotation, -10, 10))+(variable.tcos0*0.05)+(math.cos(query.life_time * 350) * 0.1)",
							"-3.7589+(math.cos(query.life_time * 350) * 0.05)",
							-1.97328
						],
						"0.5417": [
							"7.6977+(math.clamp(q.target_x_rotation, -10, 10))+(variable.tcos0*0.05)+(math.cos(query.life_time * 350) * 0.1)",
							"-3.7589+(math.cos(query.life_time * 350) * 0.05)",
							-1.97
						],
						"0.7083": [
							"4.4858+(math.clamp(q.target_x_rotation, -10, 10))+(variable.tcos0*0.05)+(math.cos(query.life_time * 350) * 0.1)",
							"-2.0034+(math.cos(query.life_time * 350) * 0.05)",
							1.18291
						],
						"0.8333": [
							"4.4858+(math.clamp(q.target_x_rotation, -10, 10))+(variable.tcos0*0.05)+(math.cos(query.life_time * 350) * 0.1)",
							"-2.0034+(math.cos(query.life_time * 350) * 0.05)",
							1.18
						],
						"0.9167": [
							"6.5485+(math.clamp(q.target_x_rotation, -10, 10))+(variable.tcos0*0.05)+(math.cos(query.life_time * 350) * 0.1)",
							"-0.8132+(math.cos(query.life_time * 350) * 0.05)",
							-0.71345
						],
						"1.125": [
							"6.5485+(math.clamp(q.target_x_rotation, -10, 10))+(variable.tcos0*0.05)+(math.cos(query.life_time * 350) * 0.1)",
							"-0.8132+(math.cos(query.life_time * 350) * 0.05)",
							-0.71
						],
						"1.2917": [
							"6.5485+(math.clamp(q.target_x_rotation, -10, 10))+(variable.tcos0*0.05)+(math.cos(query.life_time * 350) * 0.1)",
							"-0.8132+(math.cos(query.life_time * 350) * 0.05)",
							-0.71
						],
						"1.375": [
							"1.5497+(math.clamp(q.target_x_rotation, -10, 10))+(variable.tcos0*0.05)+(math.cos(query.life_time * 350) * 0.1)",
							"1.6807+(math.cos(query.life_time * 350) * 0.05)",
							-0.53574
						],
						"1.5417": [
							"4.0584+(math.clamp(q.target_x_rotation, -10, 10))+(variable.tcos0*0.05)+(math.cos(query.life_time * 350) * 0.1)",
							"4.1748+(math.cos(query.life_time * 350) * 0.05)",
							-0.36741
						]
					},
					"position": [0, -0.25, 0]
				},
				"head": {
					"rotation": {
						"0.0": ["1.8325+(math.clamp(q.target_x_rotation, -40, 40))", -5.26683, -14.04076],
						"0.125": [0.403, -5.56115, 1.02396],
						"0.2083": [-4.394, 2.30621, 5.41229],
						"0.2917": [5.7009, 2.0599, 7.90194],
						"0.375": [5.7009, 2.06, 7.9],
						"0.5417": [19.5338, -6.77403, -3.11762],
						"0.7083": [10.9289, -8.16253, 17.60443],
						"1.2083": [10.9289, -8.16, 17.6],
						"1.4583": [0, 0, 0]
					}
				},
				"rightLeg": {
					"rotation": {
						"0.0": [15, 6, 4],
						"0.125": [10, 6, 4],
						"0.2917": [10, 6, 4],
						"0.4583": [0, 0, 0]
					},
					"position": {
						"0.0": [0, 0.25, 1.25],
						"0.125": [0, 0.25, 0.25],
						"0.2917": [0, 0.25, 0.25],
						"0.4583": [0, 0, 0]
					}
				},
				"leftLeg": {
					"rotation": {
						"0.0": [-2, 0, 0],
						"0.125": [-2, 0, 0],
						"0.2917": [-2, 0, 0],
						"0.5": [0, 0, 0]
					},
					"position": {
						"0.0": [0, 0, -1.5],
						"0.125": [0, 0, -0.5],
						"0.2917": [0, 0, -0.5],
						"0.5": [0, 0, 0]
					}
				}
			},
			"particle_effects": {
				"0.1667": [
					{
						"effect": "m79.after_burn_0",
						"locator": "after_burn"
					},
					{
						"effect": "m79.after_burn",
						"locator": "after_burn2"
					}
				],
				"0.2083": [
					{
						"effect": "m79.after_burn_0",
						"locator": "after_burn"
					},
					{
						"effect": "m79.after_burn",
						"locator": "after_burn2"
					}
				],
				"0.25": {
					"effect": "m79.after_burn",
					"locator": "bullet_after_burn"
				},
				"0.2917": [
					{
						"effect": "m79.after_burn_0",
						"locator": "after_burn"
					},
					{
						"effect": "m79.after_burn",
						"locator": "after_burn2"
					}
				],
				"0.3333": [
					{
						"effect": "m79.after_burn_0",
						"locator": "after_burn"
					},
					{
						"effect": "m79.after_burn",
						"locator": "after_burn2"
					}
				],
				"0.375": [
					{
						"effect": "m79.after_burn_0",
						"locator": "after_burn"
					},
					{
						"effect": "m79.after_burn",
						"locator": "after_burn2"
					}
				]
			}
		},
		"animation.m79_grenade_launcher.reload": {
			"loop": "hold_on_last_frame",
			"animation_length": 1.66667,
			"bones": {
				"root": {
					"rotation": [179.74989, -12.99316, 182.70149],
					"position": [0, 0, 0]
				},
				"rightArm": {
					"rotation": {
						"0.0": [-83.60958, -11.07041, 0.7202],
						"0.125": [-99.69856, -8.88008, 6.70237],
						"0.2083": [-124.69856, -8.88008, 6.70237],
						"0.2917": [-99.69856, -8.88008, 6.70237],
						"0.5": [-99.69856, -8.88008, 6.70237],
						"0.7083": [-105.04615, -15.18715, 26.37624],
						"0.8333": [-105.05, -15.19, 26.38],
						"0.9583": [-102.55, -15.19, 26.38],
						"1.0833": [-105.05, -15.19, 26.38],
						"1.2083": [-104.73633, -9.14779, 24.75054],
						"1.3333": [-104.65602, -7.93988, 24.41891],
						"1.4167": [-122.15602, -7.93988, 24.41891],
						"1.5417": [-104.65602, -7.93988, 24.41891]
					},
					"position": {
						"0.0": [-2.5, 1.25, -0.75],
						"0.125": [1.75, 0, -0.75],
						"0.2083": [1.75, -1, -0.75],
						"0.5": [1.75, -1, -0.75],
						"0.7083": [-0.25, -1, -1.75],
						"0.8333": [-0.25, -1, -1.75],
						"1.0833": [-0.25, -1, -1.75],
						"1.2083": [1.25, -1, -1.75],
						"1.3333": [0.75, -1, -1.75]
					},
					"scale": [0.85, 0.85, 0.85]
				},
				"weapon_root": {
					"rotation": {
						"0.0": [0, -7.5, 0],
						"0.125": [-1.71643, -18.29056, -11.71378],
						"0.2083": [10.27135, -6.53483, -14.56856],
						"0.25": [12.77126, -6.53451, -14.56866],
						"0.2917": [10.09259, -6.53419, -14.56875],
						"0.375": [12.77126, -6.53451, -14.56866],
						"0.4583": [10.09259, -6.53419, -14.56875],
						"0.8333": [10.27, -6.53, -14.57],
						"0.9583": [12.77, -6.53, -14.57],
						"1.0833": [10.27, -6.53, -14.57],
						"1.2917": [10.27, -6.53, -14.57],
						"1.375": [8.99175, -8.20724, -4.62899],
						"1.5": [-3.50825, -8.20724, -4.62899],
						"1.5417": [-13.51, -8.21, -4.63],
						"1.625": [1.49175, -8.20724, -4.62899]
					},
					"position": {
						"0.0": [0, 0, -0.5],
						"0.125": [0, 0, -0.5],
						"0.2083": [-0.5, 0, -0.5],
						"0.8333": [-0.5, 0, -0.5],
						"1.0833": [-0.5, 0, -0.5],
						"1.2917": [-0.5, 0, -0.5],
						"1.375": [-0.5, 0, -0.5],
						"1.4583": [-0.25, 0, -0.5]
					}
				},
				"barrel": {
					"rotation": {
						"0.125": [0, 0, 0],
						"0.25": [72.5, 0, 0],
						"0.2917": [68, 0, 0],
						"0.3333": [72.5, 0, 0],
						"0.4167": [68, 0, 0],
						"0.5": [72.5, 0, 0],
						"1.375": [72.5, 0, 0],
						"1.5417": [0, 0, 0]
					},
					"position": {
						"0.125": [0, 0, 0],
						"1.375": [0, 0, 0],
						"1.5417": [0, 0, 0]
					}
				},
				"shell": {
					"rotation": {
						"0.2083": [0, 0, 0],
						"0.2917": [0, 0, 0],
						"0.375": [0, 0, 0],
						"0.4583": ["q.anim_time*750", "q.anim_time*750", 0],
						"0.6667": ["q.anim_time*750", "q.anim_time*750", 0],
						"0.75": [0, 0, 0]
					},
					"position": {
						"0.2083": [0, 0, 0],
						"0.2917": [3, 0, 20],
						"0.375": [18, 15, 19],
						"0.5833": [46, 6, -15],
						"0.625": [46, 6, -15],
						"0.75": [0, 0, 0]
					},
					"scale": {
						"0.5833": [1, 1, 1],
						"0.625": [0, 0, 0]
					}
				},
				"bullet": {
					"scale": [0, 0, 0]
				},
				"lock": {
					"rotation": [180, 0, 0]
				},
				"leftArm": {
					"rotation": {
						"0.0": [-91.86128, 52.90235, -6.55378],
						"0.125": [-39.07823, 7.41075, -13.8664],
						"0.2083": [-39.08, 7.41, -13.87],
						"0.2917": [-4.08, 7.41, -13.87],
						"0.7083": [-118.95265, 16.7597, -16.11143],
						"0.7917": [-114.36786, 22.92191, -10.56035],
						"0.8333": [-113.41714, 24.91881, -8.59132],
						"0.875": [-107.87273, 21.98637, -13.54273],
						"0.9167": [-99.36382, 15.24828, -17.18387],
						"1.0833": [-58.96709, 4.81247, -24.08692],
						"1.2917": [-80.38, 16.11, -22.76],
						"1.375": [-59.24398, -0.68999, -29.58501],
						"1.5417": [-88.07798, 29.65857, -21.15706]
					},
					"position": {
						"0.0": [-5, -0.75, -11],
						"0.125": [4.5, -0.25, -2],
						"0.2083": [4.5, -0.25, -2],
						"0.2917": [4.5, -0.25, -2],
						"0.3333": [4.5, -1.25, -2],
						"0.375": [4.5, -0.25, -2],
						"0.7083": [1.25, 0, -4.75],
						"0.7917": [1.2, 0, -4.9],
						"0.8333": [1, 0, -5.05],
						"0.875": [1.05, 0, -4.65],
						"0.9167": [0.1, 0, -4.1],
						"1.0833": [1.25, -1, -5],
						"1.2917": [1, -1, -5.25],
						"1.375": [3, -1, -4.25],
						"1.5417": [1, -1, -5.25]
					},
					"scale": [0.85, 0.85, 0.85]
				},
				"safety": {
					"rotation": {
						"0.0": [0, 0, 0],
						"0.125": [-35, 0, 0],
						"1.5": [-35, 0, 0],
						"1.5833": [0, 0, 0]
					}
				},
				"shell2": {
					"rotation": {
						"0.5": [0, 20, 0],
						"0.7083": [0, 20, 0],
						"0.7917": [0, 12.5, 0],
						"0.875": [0, 12.5, 0],
						"0.9167": [0, 0, 0],
						"0.9583": [0, 0, 0]
					},
					"position": {
						"0.5": [27, 0, -11],
						"0.7083": [1, 0, 14],
						"0.7917": [0.5, 0, 12],
						"0.8333": [0, 0, 11.5],
						"0.875": [0, 0, 11],
						"0.9167": [0, 0, 8.88],
						"0.9583": [0, 0, 6.75]
					},
					"scale": {
						"0.0": [0, 0, 0],
						"0.4583": [0, 0, 0],
						"0.5": [1, 1, 1],
						"1.5": [1, 1, 1],
						"1.5417": [0, 0, 0]
					}
				}
			},
			"particle_effects": {
				"0.1667": [
					{
						"effect": "m79.after_burn_0",
						"locator": "after_burn"
					},
					{
						"effect": "m79.after_burn",
						"locator": "after_burn2"
					}
				],
				"0.2083": [
					{
						"effect": "m79.after_burn_0",
						"locator": "after_burn"
					},
					{
						"effect": "m79.after_burn",
						"locator": "after_burn2"
					}
				],
				"0.25": {
					"effect": "m79.after_burn",
					"locator": "bullet_after_burn"
				},
				"0.2917": [
					{
						"effect": "m79.after_burn_0",
						"locator": "after_burn"
					},
					{
						"effect": "m79.after_burn",
						"locator": "after_burn2"
					},
					{
						"effect": "m79.after_burn",
						"locator": "bullet_after_burn"
					}
				],
				"0.3333": [
					{
						"effect": "m79.after_burn_0",
						"locator": "after_burn"
					},
					{
						"effect": "m79.after_burn",
						"locator": "after_burn2"
					},
					{
						"effect": "m79.after_burn",
						"locator": "bullet_after_burn"
					}
				],
				"0.375": [
					{
						"effect": "m79.after_burn_0",
						"locator": "after_burn"
					},
					{
						"effect": "m79.after_burn",
						"locator": "after_burn2"
					}
				]
			}
		},
		"animation.m79_grenade_launcher.reload.tp": {
			"loop": "hold_on_last_frame",
			"animation_length": 1.66667,
			"bones": {
				"rightArm": {
					"rotation": {
						"0.0": ["-97.3409+(math.clamp(q.target_x_rotation, -20, 20))", -13.48333, 5.89275],
						"0.125": [-99.69856, -8.88008, 6.70237],
						"0.2083": [-124.69856, -8.88008, 6.70237],
						"0.2917": [-99.69856, -8.88008, 6.70237],
						"0.5": [-99.69856, -8.88008, 6.70237],
						"0.7083": [-105.04615, -15.18715, 26.37624],
						"0.8333": [-105.05, -15.19, 26.38],
						"0.9583": [-102.34709, -11.28396, 25.49439],
						"1.0833": [-103.38861, -16.66523, 20.33158],
						"1.2083": [-103.15597, -11.3213, 15.87486],
						"1.3333": [-104.65602, -7.93988, 24.41891],
						"1.4167": [-122.15602, -7.93988, 24.41891],
						"1.5417": [-104.65602, -7.93988, 24.41891]
					},
					"position": {
						"0.0": [0.5, -1, 1.25],
						"0.125": [0.75, 0, -0.75],
						"0.2083": [-0.25, -1, -0.75],
						"0.2917": [-0.25, -1, -0.75],
						"0.5": [-0.25, -1, -0.75],
						"0.7083": [-0.25, -1, -1.75],
						"0.8333": [-0.25, -1, -1.75],
						"0.9583": [-0.5, -1, -1.75],
						"1.0833": [-0.5, -1, -1.75],
						"1.2083": [0.25, -1, -1.75],
						"1.3333": [-0.25, -1, -1.75]
					}
				},
				"weapon_root": {
					"rotation": {
						"0.0": [0, 0, 0],
						"0.125": [-1.71643, -18.29056, -11.71378],
						"0.2083": [10.27135, -6.53483, -14.56856],
						"0.25": [12.77126, -6.53451, -14.56866],
						"0.2917": [10.09259, -6.53419, -14.56875],
						"0.375": [12.77126, -6.53451, -14.56866],
						"0.4583": [10.09259, -6.53419, -14.56875],
						"0.8333": [10.27, -6.53, -14.57],
						"0.9583": [12.77, -6.53, -14.57],
						"1.0833": [10.27, -6.53, -14.57],
						"1.2917": [10.27, -6.53, -14.57],
						"1.375": [8.99175, -8.20724, -4.62899],
						"1.5": [-3.50825, -8.20724, -4.62899],
						"1.5417": [-13.51, -8.21, -4.63],
						"1.625": [1.49175, -8.20724, -4.62899]
					},
					"position": [0, 0.4, -0.1]
				},
				"barrel": {
					"rotation": {
						"0.125": [0, 0, 0],
						"0.25": [72.5, 0, 0],
						"0.2917": [68, 0, 0],
						"0.3333": [72.5, 0, 0],
						"0.4167": [68, 0, 0],
						"0.5": [72.5, 0, 0],
						"1.375": [72.5, 0, 0],
						"1.5417": [0, 0, 0]
					},
					"position": {
						"0.125": [0, 0, 0],
						"1.375": [0, 0, 0],
						"1.5417": [0, 0, 0]
					}
				},
				"shell": {
					"rotation": {
						"0.2083": [0, 0, 0],
						"0.2917": [0, 0, 0],
						"0.375": [0, 0, 0],
						"0.4583": ["q.anim_time*750", "q.anim_time*750", 0],
						"0.6667": ["q.anim_time*750", "q.anim_time*750", 0],
						"0.75": [0, 0, 0]
					},
					"position": {
						"0.2083": [0, 0, 0],
						"0.2917": [3, 0, 20],
						"0.375": [18, 15, 19],
						"0.5833": [46, 6, -15],
						"0.625": [46, 6, -15],
						"0.75": [0, 0, 0]
					},
					"scale": {
						"0.5833": {
							"pre": [1, 1, 1],
							"post": [0, 0, 0]
						},
						"0.625": [0, 0, 0]
					}
				},
				"bullet": {
					"scale": [0, 0, 0]
				},
				"lock": {
					"rotation": [180, 0, 0]
				},
				"leftArm": {
					"rotation": {
						"0.0": [
							"-110.4875+(math.clamp(q.target_x_rotation, -30, 50))",
							"24.1263+(math.clamp(q.target_x_rotation, 0, 5))",
							"-20.8371+(math.clamp(q.target_x_rotation, 0, 20))"
						],
						"0.125": [-3.15879, 11.69578, -4.16366],
						"0.2083": [38.0155, 16.78202, 31.05897],
						"0.2917": [-4.08, 7.41, -13.87],
						"0.7083": [-113.80389, 13.60591, 2.87223],
						"0.7917": [-117.11317, 17.61738, -16.65151],
						"0.8333": [-116.26193, 18.50717, -17.13225],
						"1.0": [-95.38356, 17.60685, -20.1676],
						"1.125": [-63.96709, 4.81247, -24.08692],
						"1.2917": [-63.69395, 9.3005, -21.86552],
						"1.375": [-59.24398, -0.68999, -29.58501],
						"1.5417": [-88.07798, 29.65857, -21.15706]
					},
					"position": {
						"0.0": [-2, -1, -4],
						"0.125": [0.5, -0.25, 0],
						"0.2083": [0.5, -0.25, 0],
						"0.2917": [0.5, -0.25, -1],
						"0.3333": [0.5, -0.25, -2],
						"0.375": [0.5, -0.25, -2],
						"0.7083": [0, 0, -4.25],
						"0.7917": [1, 0, -4.85],
						"0.8333": [1, 0, -4.85],
						"0.9167": [1, 0, -4.65],
						"1.0": [1, 0, -3.25],
						"1.125": [0.5, -1, -4.25],
						"1.2917": [0.5, -1, -4.25],
						"1.375": [1, -1, -3.25],
						"1.5417": [0, -1, -3.25]
					}
				},
				"safety": {
					"rotation": {
						"0.0": [0, 0, 0],
						"0.125": [-35, 0, 0],
						"1.5": [-35, 0, 0],
						"1.5833": [0, 0, 0]
					}
				},
				"shell2": {
					"rotation": {
						"0.5": [0, 20, 0],
						"0.7083": [0, 20, 0],
						"0.7917": [0, 12.5, 0],
						"0.875": [0, 12.5, 0],
						"0.9167": [0, 0, 0],
						"0.9583": [0, 0, 0]
					},
					"position": {
						"0.5": [27, 0, -11],
						"0.7083": [1, 0, 14],
						"0.7917": [0.5, 0, 12],
						"0.8333": [0, 0, 11.5],
						"0.875": [0, 0, 11],
						"0.9167": [0, 0, 8.88],
						"0.9583": [0, 0, 6.75]
					},
					"scale": {
						"0.0": {
							"pre": [0, 0, 0],
							"post": [0, 0, 0]
						},
						"0.4583": [0, 0, 0],
						"0.5": {
							"pre": [0, 0, 0],
							"post": [1, 1, 1]
						},
						"1.5": {
							"pre": [1, 1, 1],
							"post": [0, 0, 0]
						},
						"1.5417": [0, 0, 0]
					}
				},
				"root": {
					"rotation": [0, "q.target_y_rotation", 0]
				},
				"waist": {
					"rotation": {
						"0.0": [
							"7.4269+(math.clamp(q.target_x_rotation, -10, 10))+(variable.tcos0*0.05)+(math.cos(query.life_time * 350) * 0.1)",
							"18.2761+(math.cos(query.life_time * 350) * 0.05)",
							2.8815
						],
						"0.125": [
							"5.2175+(math.clamp(q.target_x_rotation, -10, 10))+(variable.tcos0*0.05)+(math.cos(query.life_time * 350) * 0.1)",
							"6.1995+(math.cos(query.life_time * 350) * 0.05)",
							-1.06146
						],
						"0.2083": [
							"0.1977+(math.clamp(q.target_x_rotation, -10, 10))+(variable.tcos0*0.05)+(math.cos(query.life_time * 350) * 0.1)",
							"-3.7589+(math.cos(query.life_time * 350) * 0.05)",
							-1.97328
						],
						"0.2917": [
							"5.1977+(math.clamp(q.target_x_rotation, -10, 10))+(variable.tcos0*0.05)+(math.cos(query.life_time * 350) * 0.1)",
							"-3.7589+(math.cos(query.life_time * 350) * 0.05)",
							-1.97328
						],
						"0.375": [
							"7.6977+(math.clamp(q.target_x_rotation, -10, 10))+(variable.tcos0*0.05)+(math.cos(query.life_time * 350) * 0.1)",
							"-3.7589+(math.cos(query.life_time * 350) * 0.05)",
							-1.97328
						],
						"0.5417": [
							"7.6977+(math.clamp(q.target_x_rotation, -10, 10))+(variable.tcos0*0.05)+(math.cos(query.life_time * 350) * 0.1)",
							"-3.7589+(math.cos(query.life_time * 350) * 0.05)",
							-1.97
						],
						"0.7083": [
							"4.4858+(math.clamp(q.target_x_rotation, -10, 10))+(variable.tcos0*0.05)+(math.cos(query.life_time * 350) * 0.1)",
							"-2.0034+(math.cos(query.life_time * 350) * 0.05)",
							1.18291
						],
						"0.8333": [
							"4.4858+(math.clamp(q.target_x_rotation, -10, 10))+(variable.tcos0*0.05)+(math.cos(query.life_time * 350) * 0.1)",
							"-2.0034+(math.cos(query.life_time * 350) * 0.05)",
							1.18
						],
						"0.9167": [
							"6.5485+(math.clamp(q.target_x_rotation, -10, 10))+(variable.tcos0*0.05)+(math.cos(query.life_time * 350) * 0.1)",
							"-0.8132+(math.cos(query.life_time * 350) * 0.05)",
							-0.71345
						],
						"1.125": [
							"6.5485+(math.clamp(q.target_x_rotation, -10, 10))+(variable.tcos0*0.05)+(math.cos(query.life_time * 350) * 0.1)",
							"-0.8132+(math.cos(query.life_time * 350) * 0.05)",
							-0.71
						],
						"1.2917": [
							"6.5485+(math.clamp(q.target_x_rotation, -10, 10))+(variable.tcos0*0.05)+(math.cos(query.life_time * 350) * 0.1)",
							"-0.8132+(math.cos(query.life_time * 350) * 0.05)",
							-0.71
						],
						"1.375": [
							"1.5497+(math.clamp(q.target_x_rotation, -10, 10))+(variable.tcos0*0.05)+(math.cos(query.life_time * 350) * 0.1)",
							"1.6807+(math.cos(query.life_time * 350) * 0.05)",
							-0.53574
						],
						"1.5417": [
							"4.0584+(math.clamp(q.target_x_rotation, -10, 10))+(variable.tcos0*0.05)+(math.cos(query.life_time * 350) * 0.1)",
							"4.1748+(math.cos(query.life_time * 350) * 0.05)",
							-0.36741
						]
					}
				},
				"head": {
					"rotation": {
						"0.0": ["-5+(math.clamp(q.target_x_rotation, -40, 40))", -10, 0],
						"0.125": [0.403, -5.56115, 1.02396],
						"0.2083": [-4.394, 2.30621, 5.41229],
						"0.2917": [5.7009, 2.0599, 7.90194],
						"0.375": [5.7009, 2.06, 7.9],
						"0.5417": [19.5338, -6.77403, -3.11762],
						"0.7083": [10.9289, -8.16253, 17.60443],
						"1.2083": [10.9289, -8.16, 17.6],
						"1.4583": ["(math.clamp(q.target_x_rotation, -40, 40))", 0, 0]
					}
				},
				"rightLeg": {
					"rotation": {
						"0.0": [0, 10, 0],
						"0.125": [0, 0, 0]
					},
					"position": {
						"0.0": [-0.25, 0, 0.75],
						"0.125": [0, 0, 0]
					}
				},
				"leftLeg": {
					"position": {
						"0.0": [0, 0, -0.75],
						"0.125": [0, 0, 0]
					}
				}
			},
			"particle_effects": {
				"0.1667": [
					{
						"effect": "m79.after_burn_0",
						"locator": "after_burn"
					},
					{
						"effect": "m79.after_burn",
						"locator": "after_burn2"
					}
				],
				"0.2083": [
					{
						"effect": "m79.after_burn_0",
						"locator": "after_burn"
					},
					{
						"effect": "m79.after_burn",
						"locator": "after_burn2"
					}
				],
				"0.25": {
					"effect": "m79.after_burn",
					"locator": "bullet_after_burn"
				},
				"0.2917": [
					{
						"effect": "m79.after_burn_0",
						"locator": "after_burn"
					},
					{
						"effect": "m79.after_burn",
						"locator": "after_burn2"
					},
					{
						"effect": "m79.after_burn",
						"locator": "bullet_after_burn"
					}
				],
				"0.3333": [
					{
						"effect": "m79.after_burn_0",
						"locator": "after_burn"
					},
					{
						"effect": "m79.after_burn",
						"locator": "after_burn2"
					},
					{
						"effect": "m79.after_burn",
						"locator": "bullet_after_burn"
					}
				],
				"0.375": [
					{
						"effect": "m79.after_burn_0",
						"locator": "after_burn"
					},
					{
						"effect": "m79.after_burn",
						"locator": "after_burn2"
					}
				]
			}
		},
		"animation.m79_grenade_launcher.inspect.fp": {
			"loop": "hold_on_last_frame",
			"animation_length": 2.66667,
			"bones": {
				"root": {
					"rotation": [180, 2.5, 180],
					"position": {
						"0.0": [0, 0, -2],
						"0.4583": [0, 0, -2],
						"0.5417": [0, -0.1, -2],
						"0.5833": [0, 0, -2]
					}
				},
				"rightArm": {
					"rotation": {
						"0.0": [-91.0267, -39.89145, 23.90071],
						"0.3333": [-90.24755, -39.13534, 10.33535],
						"0.4583": [-90.25, -39.14, 10.34],
						"0.6667": [-90.25, -39.14, 10.34],
						"0.75": [-90.25, -39.14, 10.34],
						"1.0833": [-117.35599, -21.61016, 53.97604],
						"1.9583": [-117.35599, -21.61016, 53.97604],
						"2.25": [-104.65602, -7.93988, 24.41891],
						"2.3333": [-122.15602, -7.93988, 24.41891],
						"2.4583": [-104.65602, -7.93988, 24.41891]
					},
					"position": {
						"0.0": [-2, 1, -3],
						"0.3333": [-4, 1, -3],
						"0.4583": [-4, 1, -3],
						"0.6667": [-4, 1, -3],
						"0.75": [-4, 1, -3],
						"1.0833": [-5, 1, -2],
						"1.9583": [-5, 1, -2],
						"2.25": [-2, 1, -3]
					},
					"scale": [0.85, 0.85, 0.85]
				},
				"weapon_root": {
					"rotation": {
						"0.0": [0, -7.5, 0],
						"0.2083": [0, -7.5, 0],
						"0.2917": [1, -7.5, 0],
						"0.375": [0, -7.5, 0],
						"0.4583": [0, -7.5, 0],
						"0.5417": [3, -7.5, 0],
						"0.6667": [0, -7.5, 0],
						"0.75": [0, -7.5, 0],
						"2.125": [0, -7.5, 0],
						"2.25": [8.99175, -8.20724, -4.62899],
						"2.375": [-3.50825, -8.20724, -4.62899],
						"2.4167": [-13.51, -8.21, -4.63],
						"2.5": [1.49175, -8.20724, -4.62899]
					},
					"position": {
						"0.0": [0, 0, -0.5],
						"0.2083": [0, 0, -0.5],
						"0.2917": [0, 0, -0.5],
						"0.375": [0, 0, -0.5],
						"0.4583": [0, 0, -0.5],
						"0.5417": [0.01392, -0.0109, -0.40158],
						"0.625": [-0.01392, 0.0109, -0.56842],
						"0.6667": [0, 0, -0.5],
						"0.75": [0, 0, -0.5],
						"2.125": [0, 0, -0.5],
						"2.25": [-0.5, 0, -0.5],
						"2.3333": [-0.25, 0, -0.5]
					}
				},
				"leftArm": {
					"rotation": {
						"0.0": [-67.92313, 33.77082, 11.82556],
						"0.3333": [-116.68673, -4.68979, -72.10619],
						"0.4583": [-116.69, -4.69, -72.11],
						"0.5417": [-108.44739, 34.57454, -41.01545],
						"0.5833": [-102.26108, 43.4907, -21.46736],
						"0.6667": [-102.46661, 44.46681, -21.76754],
						"0.75": [-102.26, 43.49, -21.47],
						"0.9167": [-88.83686, 43.94765, -3.94277],
						"1.0833": [-112.25698, 38.67515, -40.37261],
						"1.9583": [-112.26, 38.68, -40.37],
						"2.1667": [-80.38, 16.11, -22.76],
						"2.25": [-80.38, 16.11, -22.76],
						"2.3333": [-59.24398, -0.68999, -29.58501],
						"2.5": [-88.07798, 29.65857, -21.15706]
					},
					"position": {
						"0.0": [0, -1, -8.25],
						"0.1667": [1.5, -1, -7.75],
						"0.3333": [1, -1, -9.25],
						"0.4583": [1, -1, -9.25],
						"0.5833": [0, -1, -8.25],
						"0.6667": [0, -1, -8.25],
						"0.75": [0, -1, -8.25],
						"0.9167": [1, -0.5, -6.25],
						"1.0833": [0, 0, -8.25],
						"1.9583": [0, 0, -8.25],
						"2.1667": [1, -1, -5.25],
						"2.25": [1, -1, -5.25],
						"2.3333": [3, -1, -4.25],
						"2.5": [1, -1, -5.25]
					},
					"scale": [0.85, 0.85, 0.85]
				},
				"waist": {
					"rotation": ["(math.cos(query.life_time * 100) * 1)", 0, 0]
				},
				"safety": {
					"rotation": {
						"0.4583": [0, 0, 0],
						"0.5417": [-40, 0, 0],
						"2.4583": [-40, 0, 0],
						"2.5417": [0, 0, 0]
					}
				},
				"barrel": {
					"rotation": {
						"0.4583": [0, 0, 0],
						"0.5833": [62.5, 0, 0],
						"0.6667": [62.5, 0, 0],
						"0.75": [62.5, 0, 0],
						"2.2917": [62.5, 0, 0],
						"2.4583": [0, 0, 0]
					},
					"position": {
						"0.4583": [0, 0, 0],
						"0.6667": [0, 0, 0],
						"0.75": [0, 0, 0],
						"2.2917": [0, 0, 0],
						"2.4583": [0, 0, 0]
					}
				},
				"shell": {
					"position": {
						"0.4583": [0, 0, 0],
						"0.5": [0, 0, 1],
						"2.4167": [0, 0, 1],
						"2.4583": [0, 0, 0]
					}
				}
			}
		},
		"animation.m79_grenade_launcher.inspect.tp": {
			"loop": "hold_on_last_frame",
			"animation_length": 2.66667,
			"bones": {
				"rightArm": {
					"rotation": {
						"0.0": [-92.11085, -49.52554, 31.89205],
						"0.3333": [-97.4652, -46.12878, 21.19662],
						"0.4583": [-97.4652, -46.12878, 21.19662],
						"0.6667": [-70.57345, -43.79273, -17.85546],
						"0.75": [-70.57345, -43.79273, -17.85546],
						"1.0833": [-117.35599, -21.61016, 53.97604],
						"1.9583": [-117.35599, -21.61016, 53.97604],
						"2.25": [-102.63257, -10.9001, 12.10636],
						"2.3333": [-119.44919, -15.65576, 11.2655],
						"2.4583": [-101.64397, -11.95214, 7.11931]
					},
					"position": {
						"0.0": [-1.25, 0, -1],
						"0.3333": [-4, 1, 0],
						"0.4583": [-4, 1, 0],
						"0.6667": [-3, 1, 0],
						"0.75": [-3, 1, 0],
						"1.0833": [-3, -0.5, 0],
						"1.9583": [-3, -0.5, 0],
						"2.25": [-1, -0.5, 0],
						"2.4583": [-0.5, -0.5, -0.5]
					}
				},
				"weapon_root": {
					"rotation": {
						"0.0": [0, -7.5, 0],
						"0.2083": [0, -7.5, 0],
						"0.2917": [1, -7.5, 0],
						"0.375": [0, -7.5, 0],
						"0.4583": [0, -7.5, 0],
						"0.5417": [3, -7.5, 0],
						"0.6667": [0, -7.5, 0],
						"0.75": [0, -7.5, 0],
						"1.0833": [0, -7.5, 0],
						"2.125": [0, -7.5, 0],
						"2.25": [8.99175, -8.20724, -4.62899],
						"2.375": [-3.50825, -8.20724, -4.62899],
						"2.4167": [-13.51, -8.21, -4.63],
						"2.5": [1.49175, -8.20724, -4.62899]
					}
				},
				"leftArm": {
					"rotation": {
						"0.0": [-59.92389, 17.00921, -10.06737],
						"0.3333": [-112.74399, -11.88429, -79.96326],
						"0.4583": [-112.74399, -11.88429, -79.96326],
						"0.5417": [-105.32466, 9.65084, -32.9267],
						"0.5833": [-97.31192, 13.68703, -11.57717],
						"0.6667": [-92.14809, 10.41743, -5.00853],
						"0.75": [-93.05674, 10.19025, -10.0853],
						"0.9167": [-90.0375, 4.04095, -17.22247],
						"1.0833": [-81.90977, 15.43083, -26.25255],
						"1.9583": [-81.90977, 15.43083, -26.25255],
						"2.1667": [-79.11805, 12.75994, -18.13992],
						"2.25": [-79.11805, 12.75994, -18.13992],
						"2.3333": [-59.24398, -0.68999, -29.58501],
						"2.5": [-81.90977, 15.43083, -26.25255]
					},
					"position": {
						"0.0": [0, -0.5, -1.25],
						"0.1667": [0.5, -1, -0.75],
						"0.3333": [1, -1, -3.25],
						"0.4583": [1, -1, -3.25],
						"0.5833": [-0.5, -1.5, -3.75],
						"0.6667": [-0.5, -1.5, -3.75],
						"0.75": [-0.5, -1.5, -3.75],
						"0.9167": [-0.5, -1.5, -3.75],
						"1.0833": [0, 0.25, -4.25],
						"1.9583": [0, 0.25, -4.25],
						"2.1667": [0, 0.25, -2.25],
						"2.25": [0, 0.25, -2.25],
						"2.3333": [1, 0, -2.25],
						"2.5": [0, 0.25, -3.25]
					}
				},
				"waist": {
					"rotation": {
						"0.0": ["(math.cos(query.life_time * 100) * 1)", 0, 0],
						"0.2917": ["1.0026+(math.cos(query.life_time * 100) * 1)", 2.9984, 0.09815],
						"0.4167": ["0+(math.cos(query.life_time * 100) * 1)", 0, 0],
						"0.625": ["5.0113+(math.cos(query.life_time * 100) * 1)", -4.9933, -0.259],
						"0.875": ["2.5+(math.cos(query.life_time * 100) * 1)", 0, 0],
						"1.0833": ["2.5+(math.cos(query.life_time * 100) * 1)", 0, 0],
						"1.9583": ["2.5+(math.cos(query.life_time * 100) * 1)", 0, 0],
						"2.2083": ["-0.0032+(math.cos(query.life_time * 100) * 1)", 4.99946, -0.07378],
						"2.3333": ["-5.0032+(math.cos(query.life_time * 100) * 1)", 4.99946, -0.07378],
						"2.5": ["0+(math.cos(query.life_time * 100) * 1)", 0, 0]
					}
				},
				"safety": {
					"rotation": {
						"0.0": [0, 0, 0],
						"0.4583": [0, 0, 0],
						"0.5417": [-40, 0, 0],
						"1.0833": [-40, 0, 0],
						"2.4583": [-40, 0, 0],
						"2.5417": [0, 0, 0]
					}
				},
				"barrel": {
					"rotation": {
						"0.4583": [0, 0, 0],
						"0.5833": [62.5, 0, 0],
						"0.6667": [62.5, 0, 0],
						"0.75": [62.5, 0, 0],
						"1.0833": [62.5, 0, 0],
						"2.2917": [62.5, 0, 0],
						"2.4583": [0, 0, 0]
					},
					"position": {
						"0.4583": [0, 0, 0],
						"0.6667": [0, 0, 0],
						"0.75": [0, 0, 0],
						"1.0833": [0, 0, 0],
						"2.2917": [0, 0, 0],
						"2.4583": [0, 0, 0]
					}
				},
				"shell": {
					"position": {
						"0.4583": [0, 0, 0],
						"0.5": [0, 0, 1],
						"1.0833": [0, 0, 1],
						"2.4167": [0, 0, 1],
						"2.4583": [0, 0, 0]
					}
				},
				"head": {
					"rotation": {
						"0.0": [0, 0, 0],
						"0.3333": [12.7385, -12.08361, -3.81639],
						"0.4583": [12.74, -12.08, -3.82],
						"0.6667": [16.3644, -13.76984, -17.51055],
						"0.8333": [16.36, -13.77, -17.51],
						"1.0833": [9.15568, -8.60158, 19.79627],
						"1.9583": [9.16, -8.6, 19.8],
						"2.25": [12.5, 0, 0],
						"2.5": [0, 0, 0]
					}
				}
			}
		},
		"animation.m79_grenade_launcher.leave_inspect.fp": {
			"loop": "hold_on_last_frame",
			"animation_length": 0.5417,
			"bones": {
				"root": {
					"rotation": [180, 0, 180]
				},
				"rightArm": {
					"rotation": {
						"0.0": [-117.35599, -21.61016, 53.97604],
						"0.2917": [-104.65602, -7.93988, 24.41891],
						"0.375": [-122.15602, -7.93988, 24.41891],
						"0.5": [-104.65602, -7.93988, 24.41891]
					},
					"position": {
						"0.0": [-5, 1, -2],
						"0.2917": [-2, 1, -3]
					},
					"scale": [0.85, 0.85, 0.85]
				},
				"weapon_root": {
					"rotation": {
						"0.1667": [0, -7.5, 0],
						"0.2917": [8.99175, -8.20724, -4.62899],
						"0.4167": [-3.50825, -8.20724, -4.62899],
						"0.4583": [-13.51, -8.21, -4.63],
						"0.5417": [1.49175, -8.20724, -4.62899]
					},
					"position": {
						"0.1667": [0, 0, -0.5],
						"0.2917": [-0.5, 0, -0.5],
						"0.375": [-0.25, 0, -0.5]
					}
				},
				"leftArm": {
					"rotation": {
						"0.0": [-112.26, 38.68, -40.37],
						"0.2083": [-80.38, 16.11, -22.76],
						"0.2917": [-80.38, 16.11, -22.76],
						"0.375": [-59.24398, -0.68999, -29.58501],
						"0.5417": [-88.07798, 29.65857, -21.15706]
					},
					"position": {
						"0.0": [0, 0, -8.25],
						"0.2083": [1, -1, -5.25],
						"0.2917": [1, -1, -5.25],
						"0.375": [3, -1, -4.25],
						"0.5417": [1, -1, -5.25]
					},
					"scale": [0.85, 0.85, 0.85]
				},
				"safety": {
					"rotation": {
						"0.4583": [-40, 0, 0],
						"0.5417": [0, 0, 0]
					}
				},
				"barrel": {
					"rotation": {
						"0.3333": [62.5, 0, 0],
						"0.5": [0, 0, 0]
					},
					"position": {
						"0.3333": [0, 0, 0],
						"0.5": [0, 0, 0]
					}
				},
				"shell": {
					"position": {
						"0.0": [0, 0, 1],
						"0.4583": [0, 0, 1],
						"0.5": [0, 0, 0]
					}
				}
			}
		},
		"animation.m79_grenade_launcher.leave_inspect.tp": {
			"loop": "hold_on_last_frame",
			"animation_length": 0.58333,
			"bones": {
				"rightArm": {
					"rotation": {
						"0.0": [-117.35599, -21.61016, 53.97604],
						"0.2917": [-102.63257, -10.9001, 12.10636],
						"0.375": [-119.44919, -15.65576, 11.2655],
						"0.5": [-101.64397, -11.95214, 7.11931]
					},
					"position": {
						"0.0": [-3, -0.5, 0],
						"0.2917": [-1, -0.5, 0],
						"0.5": [-0.5, -0.5, -0.5]
					}
				},
				"weapon_root": {
					"rotation": {
						"0.1667": [0, -7.5, 0],
						"0.2917": [8.99175, -8.20724, -4.62899],
						"0.4167": [-3.50825, -8.20724, -4.62899],
						"0.4583": [-13.51, -8.21, -4.63],
						"0.5417": [1.49175, -8.20724, -4.62899]
					}
				},
				"leftArm": {
					"rotation": {
						"0.0": [-81.90977, 15.43083, -26.25255],
						"0.2083": [-79.11805, 12.75994, -18.13992],
						"0.2917": [-79.11805, 12.75994, -18.13992],
						"0.375": [-59.24398, -0.68999, -29.58501],
						"0.5417": [-81.90977, 15.43083, -26.25255]
					},
					"position": {
						"0.0": [0, 0.25, -4.25],
						"0.2083": [0, 0.25, -2.25],
						"0.2917": [0, 0.25, -2.25],
						"0.375": [1, 0, -2.25],
						"0.5417": [0, 0.25, -3.25]
					}
				},
				"safety": {
					"rotation": {
						"0.5": [-40, 0, 0],
						"0.5833": [0, 0, 0]
					}
				},
				"barrel": {
					"rotation": {
						"0.3333": [62.5, 0, 0],
						"0.5": [0, 0, 0]
					},
					"position": {
						"0.3333": [0, 0, 0],
						"0.5": [0, 0, 0]
					}
				},
				"shell": {
					"position": {
						"0.4583": [0, 0, 1],
						"0.5": [0, 0, 0]
					}
				},
				"waist": {
					"rotation": {
						"0.0": ["2.5+(math.cos(query.life_time * 100) * 1)", 0, 0],
						"0.25": ["-0.0032+(math.cos(query.life_time * 100) * 1)", 4.99946, -0.07378],
						"0.375": ["-5.0032+(math.cos(query.life_time * 100) * 1)", 4.99946, -0.07378],
						"0.5417": ["0+(math.cos(query.life_time * 100) * 1)", 0, 0]
					}
				},
				"head": {
					"rotation": {
						"0.0": [9.16, -8.6, 19.8],
						"0.2917": [12.5, 0, 0],
						"0.5417": [0, 0, 0]
					}
				}
			}
		}
	}
}