{
	"format_version": "1.8.0",
	"animations": {
		"animation.mini_gun.scale.fp": {
			"loop": true,
			"bones": {
				"mini_gun": {
					"scale": 0.65
				}
			}
		},
		"animation.mini_gun.scale.tp": {
			"loop": true,
			"bones": {
				"mini_gun": {
					"scale": [0.6, 0.6, 0.6]
				}
			}
		},
		"animation.mini_gun.hold.fp": {
			"loop": true,
			"bones": {
				"root": {
					"rotation": [-175.08406, 20.00935, -180.23181],
					"position": [-0.25, 1.5, -2.5]
				},
				"rightArm": {
					"rotation": [-54.32147, -19.30872, 30.21293],
					"position": [-4, 1, 5],
					"scale": 0.8
				},
				"weapon_root": {
					"rotation": [37.46206, -1.82576, 2.38087],
					"position": [1, 0, -0.25]
				},
				"mini_gun": {
					"rotation": [0, 0, 11],
					"position": [-0.75, 1.25, 3.75]
				},
				"leftArm": {
					"rotation": [-90.86128, 44.85989, -27.03788],
					"position": [-4.75, -0.5, -5],
					"scale": 0.8
				}
			}
		},
		"animation.mini_gun.hold.tp": {
			"loop": true,
			"bones": {
				"rightArm": {
					"rotation": [-37.73397, -26.53354, 23.99096],
					"position": [-1, "-0.75-(math.cos(query.life_time * 80) * 0.15)", 2.25]
				},
				"weapon_root": {
					"rotation": [7.67946, -22.28273, -10.94837],
					"position": [-0.25, 1.25, 2.25]
				},
				"mini_gun": {
					"rotation": [0, 0, 11],
					"position": [-0.75, 1.25, 3.75]
				},
				"leftArm": {
					"rotation": [-61.65565, 37.94041, -21.04129],
					"position": [0, "0.5-(math.cos(query.life_time * 80) * 0.15)", -1.5]
				},
				"waist": {
					"rotation": [0, 5, 0]
				},
				"head": {
					"rotation": ["q.target_x_rotation", "-5+q.target_y_rotation", 0]
				}
			}
		},
		"animation.mini_gun.sprint.fp": {
			"loop": true,
			"bones": {
				"root": {
					"rotation": [-177.26156, 32.48963, -179.48548],
					"position": [-0.75, 1.5, -1]
				},
				"rightArm": {
					"rotation": [-54.32147, -19.30872, 30.21293],
					"position": [-4, 1, 5],
					"scale": 0.8
				},
				"weapon_root": {
					"rotation": [37.46206, -1.82576, 2.38087],
					"position": [1, 0, -0.25]
				},
				"mini_gun": {
					"rotation": [0, 0, 11],
					"position": [-0.75, 1.25, 3.75]
				},
				"leftArm": {
					"rotation": [-90.86128, 44.85989, -27.03788],
					"position": [-4.75, -0.5, -5],
					"scale": 0.8
				},
				"waist": {
					"rotation": [-7.60542, -2.16173, 2.69836]
				}
			}
		},
		"animation.mini_gun.sprint.tp": {
			"loop": true,
			"bones": {
				"rightArm": {
					"rotation": [-33.64002, -5.40193, 14.48226],
					"position": [-0.5, "-0.75-(math.cos(query.life_time * 1080) * 0.35)", 2.25]
				},
				"weapon_root": {
					"rotation": [7.67946, -22.28273, -10.94837],
					"position": [-0.25, 1.25, 2.25]
				},
				"mini_gun": {
					"rotation": [0, 0, 11],
					"position": [-0.75, 1.25, 3.75]
				},
				"leftArm": {
					"rotation": [-96.48795, 27.09491, -68.30035],
					"position": [-3.5, "-0.25-(math.cos(query.life_time * 1080) * 0.35)", -2.75]
				},
				"waist": {
					"rotation": ["7.5-(math.cos(query.life_time * 1080) * 0.95)", 12.5, 0],
					"position": [0, -0.25, -0.5]
				},
				"head": {
					"rotation": ["q.target_x_rotation", "-5+q.target_y_rotation", 0]
				},
				"leftLeg": {
					"position": [0, 0, -1]
				}
			}
		},
		"animation.mini_gun.inspect.fp": {
			"loop": "hold_on_last_frame",
			"animation_length": 7,
			"bones": {
				"root": {
					"rotation": {
						"0.0": [-175.31, 10.04, -181.1],
						"0.625": [-186.64308, -29.46564, -175.98073],
						"2.5833": [-186.64308, -29.46564, -175.98073],
						"3.2917": [-174.31, 4.79, -175.32],
						"3.7083": [-174.31, 4.79, -175.32],
						"4.2917": [-175.92647, 32.15692, -172.47703],
						"6.625": [-175.92647, 32.15692, -172.47703],
						"7.0": [-175.31, 10.04, -181.1]
					},
					"position": {
						"0.0": [0.75, 1, 2.25],
						"0.25": [-3.25, 2.6, -0.35],
						"0.625": [-9.25, 6, 2.25],
						"2.5833": [-9.25, 6, 2.25],
						"2.9167": [-5.42, 4.24, -0.72],
						"3.2917": [-1.12, 2.25, -2.93],
						"3.7083": [-1.12, 3.25, -2.93],
						"4.2917": [1.88, 4.25, -6.93],
						"6.625": [1.88, 4.25, -6.93],
						"7.0": [0.75, 1, 2.25]
					}
				},
				"rightArm": {
					"rotation": {
						"0.0": [-54.32, -19.31, 30.21],
						"2.5833": [-54.32, -19.31, 30.21],
						"3.2917": [-65.24, -19.31, 30.21],
						"3.4167": [-70.7, -19.31, 30.21],
						"3.5833": [-71.82, -19.31, 30.21],
						"3.9583": [-97.47, -7.94, 10.08],
						"4.125": [-97.89241, -20.3288, 11.79957],
						"4.2917": [-97.89, -20.33, 11.8],
						"6.625": [-97.89, -20.33, 11.8],
						"6.7083": [-105.39, -20.33, 11.8],
						"7.0": [-54.32, -19.31, 30.21]
					},
					"position": {
						"0.0": [-4, 1, 5],
						"0.5833": [-10, 1, 8],
						"2.5833": [-10, 1, 8],
						"3.2917": [-4, 1, -3.11],
						"3.4167": [-4, 1, -7.17],
						"3.5833": [-4, 1, -8],
						"3.9583": [-5.29, 3.79, -7.48],
						"4.2917": [-5.29, 3.79, -7.48],
						"6.625": [-5.29, 3.79, -7.48],
						"7.0": [-4, 1, 5]
					},
					"scale": {
						"0.0": [0.8, 0.8, 0.8],
						"2.5833": [0.8, 0.8, 0.8],
						"7.0": [0.8, 0.8, 0.8]
					}
				},
				"weapon_root": {
					"rotation": {
						"0.0": [37.46206, -1.82576, 2.38087],
						"3.1667": [37.46206, -1.82576, 2.38087],
						"4.0": [37.46, -1.83, 2.38],
						"4.1667": [37.46, -1.83, 2.38],
						"6.625": [37.46, -1.83, 2.38],
						"7.0": [37.46206, -1.82576, 2.38087]
					},
					"position": {
						"0.0": [1, 0, -0.25],
						"3.1667": [1, 0, -0.25],
						"4.0": [1, 0, -0.25],
						"4.1667": [1, 0, -0.25],
						"6.625": [1, 0, -0.25],
						"7.0": [1, 0, -0.25]
					}
				},
				"mini_gun": {
					"rotation": {
						"0.0": [0, 0, 11],
						"0.5833": [-3.47432, 32.35665, -36.29199],
						"2.5833": [-3.47432, 32.35665, -36.29199],
						"3.2917": [0, 0, 7.88],
						"3.4167": [0, 0, 6.32],
						"3.5833": [0, 0, 6],
						"3.9583": [42.94, -13.01, -22.02],
						"4.125": [42.94, -13.01, -22.02],
						"4.2917": [42.94, -13.01, -22.02],
						"6.625": [42.94, -13.01, -22.02],
						"6.7083": [32.94, -13.01, -22.02],
						"7.0": [0, 0, 11]
					},
					"position": {
						"0.0": [-0.75, 1.25, 3.75],
						"0.5833": [13.25, 7.5, -6.25],
						"2.5833": [13.25, 7.5, -6.25],
						"3.2917": [-0.44, 0.16, 12.8],
						"3.4167": [-0.28, -0.39, 17.32],
						"3.5833": [-0.25, -0.5, 18.25],
						"3.9583": [-0.95, 3.16, 19.45],
						"4.125": [-0.95, 3.16, 19.45],
						"4.2917": [-0.95, 3.16, 19.45],
						"6.625": [-0.95, 3.16, 19.45],
						"6.7083": [0.05, 1.91, 19.45],
						"7.0": [-0.75, 1.25, 3.75]
					}
				},
				"leftArm": {
					"rotation": {
						"0.0": [-90.86, 44.86, -27.04],
						"0.125": [-103.37535, 35.10793, -52.6669],
						"0.25": [-108.45673, 19.32146, -70.9964],
						"0.4167": [-101.54366, 8.64467, -85.46417],
						"0.5833": [-96.85519, 1.95707, -98.74452],
						"2.5833": [-96.85519, 1.95707, -98.74452],
						"2.7917": [-97.31991, -0.57585, -90.64119],
						"3.0": [-96.30635, 9.93755, -73.64886],
						"3.1667": [-108.19415, 29.89324, -47.01522],
						"3.2917": [-101.93172, 49.76176, -28.49666],
						"3.4167": [-98.36, 44.86, -27.04],
						"3.5417": [-98.36, 44.86, -27.04],
						"3.75": [-82.65985, 24.63002, -20.93331],
						"3.9583": [-65.43, 24.22, -11.74],
						"4.125": [-65.43, 24.22, -11.74],
						"4.2917": [-65.43, 24.22, -11.74],
						"6.625": [-65.43, 24.22, -11.74],
						"6.7083": [-95.43, 24.22, -11.74],
						"6.8333": [-92.55458, 23.20061, -19.55947],
						"6.9167": [-91.49671, 19.03608, -22.83235],
						"7.0": [-90.86, 44.86, -27.04]
					},
					"position": {
						"0.0": [-4.75, -0.5, -5],
						"0.25": [-4.37, 0, -4.37],
						"0.5833": [-3.75, -1, -4.25],
						"2.5833": [-3.75, -1, -4.25],
						"3.0": [-6.34, -0.21, -4.69],
						"3.2917": [-4.75, -0.5, -5],
						"3.4167": [-4.75, -0.5, -5],
						"3.5417": [-4.75, -0.5, -5],
						"3.75": [-3.45, -2.04, -4.85],
						"3.9583": [-4.15, -3.58, -4.7],
						"4.125": [-4.15, -3.58, -4.7],
						"4.2917": [-4.15, -3.58, -4.7],
						"6.625": [-4.15, -3.58, -4.7],
						"6.7083": [-3.15, -3.58, -5.7],
						"6.8333": [-3.04, -1.87, -5.31],
						"6.9167": [-2.89, -1.18, -5.15],
						"7.0": [-4.75, -0.5, -5]
					},
					"scale": {
						"0.0": [0.8, 0.8, 0.8],
						"7.0": [0.8, 0.8, 0.8]
					}
				},
				"waist": {
					"rotation": ["(math.cos(query.life_time * 100) * 1) + 1.25+(v.tcos0*0.025)", 0, 0]
				}
			}
		},
		"animation.mini_gun.inspect.tp": {
			"loop": "hold_on_last_frame",
			"animation_length": 7,
			"bones": {
				"rightArm": {
					"rotation": {
						"0.0": [-37.73397, -26.53354, 23.99096],
						"0.5833": [-34.54159, -0.79245, 14.96935],
						"2.5833": [-34.54159, -0.79245, 14.96935],
						"3.2917": [-65.24, -19.31, 30.21],
						"3.4167": [-70.7, -19.31, 30.21],
						"3.5833": [-71.82, -19.31, 30.21],
						"3.9583": [-97.47, -7.94, 10.08],
						"4.125": [-97.89241, -20.3288, 11.79957],
						"4.2917": [-97.89, -20.33, 11.8],
						"6.625": [-97.89, -20.33, 11.8],
						"6.7083": [-105.39, -20.33, 11.8],
						"7.0": [-37.73397, -26.53354, 23.99096]
					},
					"position": {
						"0.0": [-1, "-0.75-(math.cos(query.life_time * 80) * 0.15)", 2.25],
						"0.5833": [-0.5, "0.25-(math.cos(query.life_time * 80) * 0.15)", 0.8],
						"2.5833": [-0.5, "0.25-(math.cos(query.life_time * 80) * 0.15)", 0.8],
						"3.2917": [-1, 1, -3.11],
						"3.4167": [0, 1, -3.17],
						"3.5833": [0, 1, -2],
						"3.9583": [-0.29, 0.79, -2.48],
						"4.2917": [-0.29, 0.79, -2.48],
						"6.625": [-0.29, 0.79, -2.48],
						"7.0": [-1, "-0.75-(math.cos(query.life_time * 80) * 0.15)", 2.25]
					}
				},
				"weapon_root": {
					"rotation": {
						"0.0": [7.67946, -22.28273, -10.94837],
						"0.5833": [7.67946, -22.28273, -10.94837],
						"2.5833": [7.67946, -22.28273, -10.94837],
						"3.2917": [37.46206, -1.82576, 2.38087],
						"4.0": [37.46, -1.83, 2.38],
						"4.1667": [37.46, -1.83, 2.38],
						"6.625": [37.46, -1.83, 2.38],
						"7.0": [7.67946, -22.28273, -10.94837]
					},
					"position": {
						"0.0": [-0.25, 1.25, 2.25],
						"0.5833": [-0.25, 1.25, 2.25],
						"2.5833": [-0.25, 1.25, 2.25],
						"3.2917": [1, 1, 1.75],
						"4.0": [1, 0, -0.25],
						"4.1667": [1, 0, -0.25],
						"6.625": [1, 0, -0.25],
						"7.0": [-0.25, 1.25, 2.25]
					}
				},
				"mini_gun": {
					"rotation": {
						"0.0": [0, 0, 11],
						"0.125": [2.63993, 7.82156, 19.52512],
						"0.5833": [4.07753, 38.29414, -8.09816],
						"2.5833": [4.07753, 38.29414, -8.09816],
						"3.2917": [-7, 0, -3.12],
						"3.4167": [9, 6, 6.32],
						"3.5833": [0, 0, 6],
						"3.9583": [42.94, -13.01, -22.02],
						"4.125": [42.94, -13.01, -22.02],
						"4.2917": [42.94, -13.01, -22.02],
						"6.625": [42.94, -13.01, -22.02],
						"6.7083": [32.94, -13.01, -22.02],
						"7.0": [0, 0, 11]
					},
					"position": {
						"0.0": [-0.75, 1.25, 3.75],
						"0.125": [-1.42941, 3.38866, 4.45616],
						"0.25": [0.79239, 3.43392, 3.4272],
						"0.4167": [4.40855, 2.06128, 0.30531],
						"0.5833": [8.75847, 3.7824, -1.12446],
						"2.5833": [8.75847, 3.7824, -1.12446],
						"3.1667": [1.18, 0.68, 10.34],
						"3.2917": [-0.44, -0.59, 12.8],
						"3.4167": [-0.28, 0.36, 17.32],
						"3.5833": [-1, -0.5, 17],
						"3.9583": [-2.45, 3.16, 19.45],
						"4.125": [-2.45, 3.16, 19.45],
						"4.2917": [-2.45, 3.16, 19.45],
						"6.625": [-2.45, 3.16, 19.45],
						"6.7083": [-1.95, 2.41, 18.95],
						"7.0": [-0.75, 1.25, 3.75]
					}
				},
				"leftArm": {
					"rotation": {
						"0.0": [-61.65565, 37.94041, -21.04129],
						"0.125": [-103.37535, 35.10793, -52.6669],
						"0.25": [-108.45673, 19.32146, -70.9964],
						"0.4167": [-101.54366, 8.64467, -85.46417],
						"0.5833": [-96.91834, -7.97114, -97.54529],
						"2.5833": [-96.91834, -7.97114, -97.54529],
						"2.7917": [-97.31991, -0.57585, -90.64119],
						"3.0": [-96.30635, 9.93755, -73.64886],
						"3.1667": [-108.19415, 29.89324, -47.01522],
						"3.2917": [-101.93172, 49.76176, -28.49666],
						"3.4167": [-98.36, 44.86, -27.04],
						"3.5417": [-98.36, 44.86, -27.04],
						"3.75": [-82.65985, 24.63002, -20.93331],
						"3.9583": [-65.43, 24.22, -11.74],
						"4.125": [-72.58828, 29.63072, -27.45164],
						"4.2917": [-58.76633, 36.07866, -17.84506],
						"6.625": [-58.76633, 36.07866, -17.84506],
						"6.7083": [-95.43, 24.22, -11.74],
						"6.8333": [-92.55458, 23.20061, -19.55947],
						"6.9167": [-91.49671, 19.03608, -22.83235],
						"7.0": [-61.65565, 37.94041, -21.04129]
					},
					"position": {
						"0.0": [0, "0.5-(math.cos(query.life_time * 80) * 0.15)", -1.5],
						"0.5833": [0.25, -1, -4.25],
						"2.5833": [0.25, -1, -4.25],
						"3.0": [-4.34, -0.71, -4.69],
						"3.1667": [-3.29, -0.59, -4.87],
						"3.2917": [-0.75, -0.5, -5],
						"3.4167": [-1.75, -0.5, -3],
						"3.5417": [0.25, -0.5, -3],
						"3.75": [-0.45, -1.04, -2.85],
						"3.9583": [0.85, 0.42, -1.7],
						"4.125": [-0.15, 0.42, -2.7],
						"4.2917": [-0.9, -0.08, -2.7],
						"6.625": [-0.9, -0.08, -2.7],
						"6.7083": [0.85, 0.42, -1.7],
						"6.8333": [0.85, 0.42, -1.7],
						"6.9167": [-1.89, -0.68, -1.15],
						"7.0": [0, "0.5-(math.cos(query.life_time * 80) * 0.15)", -1.5]
					}
				},
				"waist": {
					"rotation": {
						"0.0": [0, 5, 0],
						"0.5833": ["-5+math.cos(query.life_time * 280)", 10, 0],
						"2.5833": [-5, 10, 0],
						"3.1667": [5.71775, -0.63223, 0.75291],
						"3.5833": [5.71775, -0.63223, 0.75291],
						"4.0": ["-4.9792+math.cos(query.life_time * 280)", -9.94537, 0.65749],
						"6.625": [-4.97922, -9.94537, 0.65749],
						"6.7917": [-7.76624, -3.30298, 0.36527],
						"7.0": [0, 5, 0]
					}
				},
				"head": {
					"rotation": {
						"0.0": [0, -5, 0],
						"0.25": [19.97867, 7.74031, -4.50123],
						"0.5833": [22.86135, 2.77923, -18.44279],
						"2.5833": [17.86135, 2.77923, -18.44279],
						"3.1667": [21.30856, 16.17626, 5.83727],
						"3.75": [23.01902, 6.46623, 14.0061],
						"4.2917": [18.6736, -4.96369, 16.32135],
						"6.625": [18.6736, -4.96369, 16.32135],
						"6.7917": [2.87422, -4.97983, 9.06742],
						"7.0": ["q.target_x_rotation", "-5+q.target_y_rotation", 0]
					}
				}
			}
		},
		"animation.mini_gun.reload.fp": {
			"loop": "hold_on_last_frame",
			"animation_length": 3.75,
			"bones": {
				"root": {
					"rotation": {
						"0.0": [-175.31, 10.04, -181.1],
						"0.0417": [-175.21, 9.51, -180.5],
						"0.0833": [-175.07, 8.76, -179.69],
						"0.125": [-174.9, 7.87, -178.71],
						"0.1667": [-174.71, 6.88, -177.61],
						"0.2083": [-174.51, 5.83, -176.47],
						"0.25": [-174.31, 4.79, -175.32],
						"0.2917": [-174.12, 3.8, -174.22],
						"0.3333": [-173.95, 2.9, -173.24],
						"0.375": [-173.81, 2.16, -172.43],
						"0.4167": [-173.71, 1.62, -171.83],
						"0.4583": [-173.59, 0.72, -171.18],
						"0.5": [-173.65, 0.76, -171.55],
						"0.5417": [-173.71, 1.62, -171.83],
						"0.5833": [-173.7, 2.05, -171.79],
						"0.625": [-173.7, 2.63, -171.72],
						"0.6667": [-173.69, 3.32, -171.65],
						"0.7083": [-173.68, 4.1, -171.56],
						"0.75": [-173.67, 4.93, -171.47],
						"0.7917": [-173.66, 5.77, -171.37],
						"0.8333": [-173.65, 6.6, -171.28],
						"0.875": [-173.65, 7.38, -171.19],
						"0.9167": [-173.64, 8.08, -171.12],
						"0.9583": [-173.63, 8.65, -171.05],
						"1.0": [-173.63, 9.08, -171]
					},
					"position": {
						"0.0": [0.75, 1, 0],
						"1.0": [-2.25, 5, -1.25]
					}
				},
				"rightArm": {
					"rotation": {
						"0.0": [-54.32, -19.31, 30.21],
						"0.0417": [-55.44, -19.31, 30.21],
						"0.0833": [-56.98, -19.31, 30.21],
						"0.125": [-58.84, -19.31, 30.21],
						"0.1667": [-60.9, -19.31, 30.21],
						"0.2083": [-63.07, -19.31, 30.21],
						"0.25": [-65.24, -19.31, 30.21],
						"0.2917": [-67.31, -19.31, 30.21],
						"0.3333": [-69.16, -19.31, 30.21],
						"0.375": [-70.7, -19.31, 30.21],
						"0.4167": [-71.82, -19.31, 30.21],
						"0.4583": [-72.02, -19.8, 31.07],
						"0.5": [-70.27, -20.28, 31.94],
						"0.5417": [-71.82, -19.31, 30.21],
						"0.5833": [-73.51, -18.56, 28.88],
						"0.625": [-75.81, -17.54, 27.08],
						"0.6667": [-78.57, -16.32, 24.92],
						"0.7083": [-81.66, -14.95, 22.49],
						"0.75": [-84.95, -13.48, 19.9],
						"0.7917": [-88.32, -11.99, 17.26],
						"0.8333": [-91.61, -10.53, 14.68],
						"0.875": [-94.7, -9.16, 12.25],
						"0.9167": [-97.47, -7.94, 10.08],
						"0.9583": [-99.76, -6.92, 8.28],
						"1.0": [-101.45, -6.17, 6.95],
						"1.0417": [-103.42, -5.06, 5.58],
						"1.0833": [-102.09, -5.42, 6.79],
						"1.125": [-101.45, -6.17, 6.95],
						"1.1667": [-102.2, -6.6, 5.81],
						"1.2083": [-103.28, -7.22, 4.15],
						"1.25": [-104.55, -7.95, 2.23],
						"1.2917": [-105.81, -8.67, 0.31],
						"1.3333": [-106.9, -9.3, -1.35],
						"1.375": [-107.64, -9.73, -2.49],
						"1.4167": [-107.92, -9.87, -3.09],
						"1.4583": [-107.73, -9.72, -3.15],
						"1.5": [-107.4, -9.5, -2.91],
						"1.5417": [-107.26, -9.43, -2.62],
						"1.5833": [-107.64, -9.73, -2.49],
						"1.625": [-110.22, -11.59, -2.62],
						"1.6667": [-113.64, -14.07, -2.79],
						"1.7083": [-115.16, -15.31, -2.88],
						"1.75": [-113.71, -14.57, -2.83],
						"1.7917": [-110.75, -12.87, -2.71],
						"1.8333": [-107.61, -10.99, -2.58],
						"1.875": [-105.64, -9.73, -2.49],
						"1.9167": [-105.33, -9.37, -2.47],
						"1.9583": [-105.71, -9.33, -2.46],
						"2.0": [-106.43, -9.46, -2.47],
						"2.0417": [-107.18, -9.64, -2.48],
						"2.0833": [-107.64, -9.73, -2.49],
						"2.125": [-107.73, -9.67, -2.51],
						"2.1667": [-107.8, -9.51, -2.57],
						"2.2083": [-107.87, -9.28, -2.65],
						"2.25": [-107.92, -9.03, -2.74],
						"2.2917": [-107.95, -8.79, -2.82],
						"2.3333": [-107.97, -8.61, -2.88],
						"2.375": [-107.96, -8.51, -2.92],
						"2.4167": [-107.92, -8.53, -2.91],
						"2.4583": [-107.86, -8.72, -2.85],
						"2.5": [-107.77, -9.11, -2.71],
						"2.5417": [-107.64, -9.73, -2.49],
						"2.5833": [-107.41, -10.96, -2.06],
						"2.625": [-107.08, -12.72, -1.45],
						"2.6667": [-106.68, -14.83, -0.71],
						"2.7083": [-106.25, -17.15, 0.1],
						"2.75": [-105.8, -19.51, 0.93],
						"2.7917": [-105.38, -21.77, 1.72],
						"2.8333": [-104.99, -23.77, 2.43],
						"2.875": [-104.68, -25.34, 2.98],
						"2.9167": [-104.47, -26.34, 3.35],
						"2.9583": [-104.37, -25.96, 3.3],
						"3.0": [-104.68, -23.2, 2.45],
						"3.0417": [-104.89, -21.51, 1.92],
						"3.0833": [-104.61, -22.58, 2.23],
						"3.125": [-104.24, -24.73, 2.87],
						"3.1667": [-104.47, -26.34, 3.35],
						"3.2083": [-106.22, -27.44, 3.32],
						"3.25": [-108.57, -28.01, 3.14],
						"3.2917": [-109.47, -26.34, 3.35],
						"3.3333": [-109.04, -24.65, 3.65],
						"3.375": [-108.19, -22.24, 4.08],
						"3.4167": [-107.06, -19.37, 4.59],
						"3.4583": [-105.77, -16.26, 5.15],
						"3.5": [-104.44, -13.14, 5.71],
						"3.5417": [-103.2, -10.27, 6.22],
						"3.5833": [-102.16, -7.86, 6.65],
						"3.625": [-101.45, -6.17, 6.95],
						"3.6667": [-101.45, -6.17, 6.95],
						"3.75": [-111.45, -6.17, 6.95]
					},
					"position": {
						"0.0": [-4, 1, 5],
						"0.0417": [-4, 1, 4.17],
						"0.0833": [-4, 1, 3.02],
						"0.125": [-4, 1, 1.65],
						"0.1667": [-4, 1, 0.11],
						"0.2083": [-4, 1, -1.5],
						"0.25": [-4, 1, -3.11],
						"0.2917": [-4, 1, -4.65],
						"0.3333": [-4, 1, -6.02],
						"0.375": [-4, 1, -7.17],
						"0.4167": [-4, 1, -8],
						"0.4583": [-3.94, 0.88, -8.99],
						"0.5": [-3.89, 0.76, -8.53],
						"0.5417": [-4, 1, -8],
						"0.5833": [-4.08, 1.18, -7.97],
						"0.625": [-4.2, 1.43, -7.92],
						"0.6667": [-4.34, 1.74, -7.86],
						"0.7083": [-4.49, 2.07, -7.8],
						"0.75": [-4.66, 2.43, -7.73],
						"0.7917": [-4.83, 2.8, -7.67],
						"0.8333": [-4.99, 3.16, -7.6],
						"0.875": [-5.15, 3.49, -7.54],
						"0.9167": [-5.29, 3.79, -7.48],
						"0.9583": [-5.4, 4.04, -7.43],
						"1.0": [-5.49, 4.23, -7.4],
						"1.0417": [-5.57, 4.47, -7.4],
						"1.0833": [-5.48, 4.35, -7.46],
						"1.125": [-5.49, 4.23, -7.4],
						"1.1667": [-5.59, 4.23, -7.26],
						"1.2083": [-5.73, 4.24, -7.06],
						"1.25": [-5.9, 4.24, -6.82],
						"1.2917": [-6.07, 4.25, -6.59],
						"1.3333": [-6.21, 4.26, -6.39],
						"1.375": [-6.31, 4.26, -6.25],
						"1.4167": [-6.35, 4.26, -6.18],
						"1.4583": [-6.35, 4.27, -6.19],
						"1.5": [-6.32, 4.28, -6.23],
						"1.5417": [-6.29, 4.28, -6.27],
						"1.5833": [-6.31, 4.26, -6.25],
						"1.625": [-6.46, 4.18, -6.07],
						"1.6667": [-6.66, 4.08, -5.82],
						"1.7083": [-6.76, 4.03, -5.69],
						"1.75": [-6.7, 4.06, -5.77],
						"1.7917": [-6.56, 4.13, -5.94],
						"1.8333": [-6.41, 4.21, -6.12],
						"1.875": [-6.31, 4.26, -6.25],
						"1.9167": [-6.3, 4.27, -6.27],
						"1.9583": [-6.3, 4.27, -6.28],
						"2.0": [-6.31, 4.27, -6.3],
						"2.0417": [-6.33, 4.28, -6.31],
						"2.0833": [-6.34, 4.28, -6.32],
						"2.125": [-6.37, 4.28, -6.33],
						"2.1667": [-6.39, 4.28, -6.34],
						"2.2083": [-6.41, 4.27, -6.35],
						"2.25": [-6.42, 4.27, -6.35],
						"2.2917": [-6.44, 4.27, -6.35],
						"2.3333": [-6.44, 4.27, -6.34],
						"2.375": [-6.44, 4.27, -6.33],
						"2.4167": [-6.43, 4.26, -6.32],
						"2.4583": [-6.4, 4.26, -6.3],
						"2.5": [-6.36, 4.26, -6.28],
						"2.5417": [-6.31, 4.26, -6.25],
						"2.5833": [-6.16, 4.26, -6.18],
						"2.625": [-5.96, 4.26, -6.08],
						"2.6667": [-5.72, 4.26, -5.95],
						"2.7083": [-5.45, 4.26, -5.82],
						"2.75": [-5.17, 4.26, -5.68],
						"2.7917": [-4.9, 4.26, -5.55],
						"2.8333": [-4.66, 4.26, -5.42],
						"2.875": [-4.46, 4.26, -5.32],
						"2.9167": [-4.31, 4.26, -5.25],
						"2.9583": [-4.19, 4.26, -5.2],
						"3.0": [-4.14, 4.26, -5.21],
						"3.0417": [-4.15, 4.26, -5.25],
						"3.0833": [-4.2, 4.26, -5.29],
						"3.125": [-4.26, 4.26, -5.3],
						"3.1667": [-4.31, 4.26, -5.25],
						"3.2083": [-4.43, 4.26, -4.84],
						"3.25": [-4.61, 4.26, -4.31],
						"3.2917": [-4.81, 4.26, -4.25],
						"3.3333": [-4.89, 4.26, -4.47],
						"3.375": [-4.98, 4.25, -4.82],
						"3.4167": [-5.08, 4.25, -5.27],
						"3.4583": [-5.18, 4.25, -5.76],
						"3.5": [-5.28, 4.24, -6.27],
						"3.5417": [-5.36, 4.24, -6.74],
						"3.5833": [-5.44, 4.23, -7.13],
						"3.625": [-5.49, 4.23, -7.4],
						"3.6667": [-5.49, 4.23, -7.4]
					},
					"scale": 0.8
				},
				"weapon_root": {
					"rotation": [37.46206, -1.82576, 2.38087],
					"position": [1, 0, -0.25]
				},
				"mini_gun": {
					"rotation": {
						"0.0": [0, 0, 11],
						"0.0417": [0, 0, 10.68],
						"0.0833": [0, 0, 10.24],
						"0.125": [0, 0, 9.71],
						"0.1667": [0, 0, 9.12],
						"0.2083": [0, 0, 8.5],
						"0.25": [0, 0, 7.88],
						"0.2917": [0, 0, 7.29],
						"0.3333": [0, 0, 6.76],
						"0.375": [0, 0, 6.32],
						"0.4167": [0, 0, 6],
						"0.4583": [-1.84, 0.56, 6.83],
						"0.5": [-3.68, 1.11, 8.21],
						"0.5417": [0, 0, 6],
						"0.5833": [2.83, -0.86, 4.15],
						"0.625": [6.67, -2.02, 1.65],
						"0.6667": [11.29, -3.42, -1.37],
						"0.7083": [16.48, -4.99, -4.75],
						"0.75": [21.99, -6.66, -8.35],
						"0.7917": [27.62, -8.37, -12.02],
						"0.8333": [33.14, -10.04, -15.62],
						"0.875": [38.32, -11.61, -19],
						"0.9167": [42.94, -13.01, -22.02],
						"0.9583": [46.78, -14.17, -24.52],
						"1.0": [49.61, -15.03, -26.37],
						"1.0417": [51.15, -15.49, -27.37],
						"1.0833": [52.25, -15.82, -28.07],
						"1.125": [52.97, -16.02, -28.51],
						"1.1667": [53.35, -16.12, -28.73],
						"1.2083": [53.44, -16.14, -28.76],
						"1.25": [53.29, -16.08, -28.64],
						"1.2917": [52.96, -15.97, -28.39],
						"1.3333": [52.5, -15.82, -28.07],
						"1.375": [51.94, -15.65, -27.7],
						"1.4167": [51.35, -15.47, -27.31],
						"1.4583": [50.77, -15.3, -26.95],
						"1.5": [50.25, -15.16, -26.65],
						"1.5417": [49.85, -15.07, -26.45],
						"1.5833": [49.61, -15.03, -26.37],
						"1.625": [48.2, -15.03, -26.37],
						"1.6667": [46.35, -15.03, -26.37],
						"1.7083": [45.61, -15.03, -26.37],
						"1.75": [47.17, -15.03, -26.37],
						"1.7917": [49.83, -15.03, -26.37],
						"1.8333": [51.61, -15.03, -26.37],
						"1.875": [51.46, -15.03, -26.37],
						"1.9167": [50.42, -15.03, -26.37],
						"1.9583": [49.61, -15.03, -26.37],
						"2.0": [49.57, -15.03, -26.37],
						"2.0417": [49.54, -15.03, -26.38],
						"2.0833": [49.51, -15.04, -26.38],
						"2.125": [49.5, -15.05, -26.39],
						"2.1667": [49.48, -15.05, -26.4],
						"2.2083": [49.48, -15.06, -26.41],
						"2.25": [49.48, -15.07, -26.42],
						"2.2917": [49.48, -15.08, -26.43],
						"2.3333": [49.48, -15.09, -26.44],
						"2.375": [49.49, -15.1, -26.45],
						"2.4167": [49.5, -15.11, -26.46],
						"2.4583": [49.52, -15.11, -26.47],
						"2.5": [49.53, -15.12, -26.48],
						"2.5417": [49.55, -15.12, -26.48],
						"2.5833": [49.56, -15.13, -26.49],
						"2.625": [49.57, -15.13, -26.49],
						"2.6667": [49.59, -15.12, -26.48],
						"2.7083": [49.6, -15.12, -26.47],
						"2.75": [49.61, -15.11, -26.46],
						"2.7917": [49.61, -15.09, -26.45],
						"2.8333": [49.62, -15.08, -26.43],
						"2.875": [49.62, -15.06, -26.4],
						"2.9167": [49.61, -15.03, -26.37],
						"2.9583": [49.48, -14.6, -25.85],
						"3.0": [49.31, -14.02, -25.15],
						"3.0417": [49.22, -13.73, -24.8],
						"3.0833": [49.31, -14.02, -25.15],
						"3.125": [49.48, -14.6, -25.85],
						"3.1667": [49.61, -15.03, -26.37]
					},
					"position": {
						"0.0": [-0.75, 1.25, 3.75],
						"0.0417": [-0.72, 1.14, 4.68],
						"0.0833": [-0.67, 0.98, 5.95],
						"0.125": [-0.62, 0.8, 7.49],
						"0.1667": [-0.56, 0.59, 9.2],
						"0.2083": [-0.5, 0.38, 11],
						"0.25": [-0.44, 0.16, 12.8],
						"0.2917": [-0.38, -0.05, 14.51],
						"0.3333": [-0.33, -0.23, 16.05],
						"0.375": [-0.28, -0.39, 17.32],
						"0.4167": [-0.25, -0.5, 18.25],
						"0.4583": [-0.22, -0.71, 19.3],
						"0.5": [-0.25, -0.72, 18.74],
						"0.5417": [-0.25, -0.5, 18.25],
						"0.5833": [-0.2, -0.21, 18.34],
						"0.625": [-0.11, 0.19, 18.48],
						"0.6667": [-0.03, 0.66, 18.63],
						"0.7083": [0, 1.15, 18.79],
						"0.75": [-0.05, 1.6, 18.94],
						"0.7917": [-0.19, 1.97, 19.06],
						"0.8333": [-0.42, 2.38, 19.2],
						"0.875": [-0.69, 2.78, 19.33],
						"0.9167": [-0.95, 3.16, 19.45],
						"0.9583": [-1.19, 3.48, 19.56],
						"1.0": [-1.35, 3.7, 19.63],
						"1.0417": [-1.39, 3.77, 19.65],
						"1.0833": [-1.41, 3.82, 19.67],
						"1.125": [-1.43, 3.85, 19.67],
						"1.1667": [-1.44, 3.86, 19.67],
						"1.2083": [-1.44, 3.86, 19.67],
						"1.25": [-1.44, 3.86, 19.66],
						"1.2917": [-1.43, 3.84, 19.65],
						"1.3333": [-1.42, 3.82, 19.64],
						"1.375": [-1.4, 3.8, 19.63],
						"1.4167": [-1.39, 3.77, 19.62],
						"1.4583": [-1.37, 3.75, 19.62],
						"1.5": [-1.36, 3.73, 19.62],
						"1.5417": [-1.35, 3.71, 19.62],
						"1.5833": [-1.35, 3.7, 19.63],
						"1.625": [-1.35, 3.65, 19.76],
						"1.6667": [-1.34, 3.58, 19.93],
						"1.7083": [-1.34, 3.54, 20.01],
						"1.75": [-1.34, 3.58, 19.93],
						"1.7917": [-1.35, 3.65, 19.76],
						"1.8333": [-1.35, 3.7, 19.63],
						"1.875": [-1.35, 3.71, 19.6],
						"1.9167": [-1.35, 3.71, 19.62],
						"1.9583": [-1.35, 3.7, 19.63],
						"2.0": [-1.35, 3.7, 19.63],
						"2.0417": [-1.35, 3.7, 19.63],
						"2.0833": [-1.35, 3.7, 19.63],
						"2.125": [-1.35, 3.7, 19.63],
						"2.1667": [-1.35, 3.7, 19.63],
						"2.2083": [-1.35, 3.7, 19.63],
						"2.25": [-1.35, 3.7, 19.63],
						"2.2917": [-1.35, 3.7, 19.63],
						"2.3333": [-1.35, 3.7, 19.63],
						"2.375": [-1.35, 3.7, 19.63],
						"2.4167": [-1.35, 3.7, 19.63],
						"2.4583": [-1.35, 3.7, 19.63],
						"2.5": [-1.35, 3.7, 19.63],
						"2.5417": [-1.35, 3.7, 19.63],
						"2.5833": [-1.35, 3.7, 19.63],
						"2.625": [-1.35, 3.7, 19.63],
						"2.6667": [-1.35, 3.7, 19.63],
						"2.7083": [-1.35, 3.7, 19.63],
						"2.75": [-1.35, 3.7, 19.63],
						"2.7917": [-1.35, 3.7, 19.63],
						"2.8333": [-1.35, 3.7, 19.63],
						"2.875": [-1.35, 3.7, 19.63],
						"2.9167": [-1.35, 3.7, 19.63],
						"2.9583": [-1.35, 3.7, 19.63],
						"3.0": [-1.35, 3.7, 19.63],
						"3.0417": [-1.35, 3.7, 19.63],
						"3.0833": [-1.35, 3.7, 19.63],
						"3.125": [-1.35, 3.7, 19.63],
						"3.1667": [-1.35, 3.7, 19.63]
					}
				},
				"leftArm": {
					"rotation": {
						"0.0": [-90.86, 44.86, -27.04],
						"0.0417": [-90.86, 44.86, -27.04],
						"0.0833": [-90.86, 44.86, -27.04],
						"0.125": [-90.86, 44.86, -27.04],
						"0.1667": [-90.86, 44.86, -27.04],
						"0.2083": [-90.86, 44.86, -27.04],
						"0.25": [-90.86, 44.86, -27.04],
						"0.2917": [-90.86, 44.86, -27.04],
						"0.3333": [-90.86, 44.86, -27.04],
						"0.375": [-90.86, 44.86, -27.04],
						"0.4167": [-90.86, 44.86, -27.04],
						"0.4583": [-91.59, 45.76, -27.66],
						"0.5": [-92.31, 46.66, -28.28],
						"0.5417": [-90.86, 44.86, -27.04],
						"0.5833": [-89.01, 42.25, -25.23],
						"0.625": [-86.43, 38.29, -22.49],
						"0.6667": [-83.36, 33.63, -19.26],
						"0.7083": [-80.06, 28.89, -15.98],
						"0.75": [-76.78, 24.72, -13.09],
						"0.7917": [-73.77, 21.75, -11.03],
						"0.8333": [-71.28, 20.62, -10.25],
						"0.875": [-68.65, 21.6, -10.63],
						"0.9167": [-65.43, 24.22, -11.74],
						"0.9583": [-62.21, 28, -13.56],
						"1.0": [-59.56, 32.43, -16.03],
						"1.0417": [-58.06, 37.04, -19.13],
						"1.0833": [-58.3, 41.35, -22.81],
						"1.125": [-60.86, 44.86, -27.04],
						"1.1667": [-67.09, 47.94, -32.61],
						"1.2083": [-76.92, 51.14, -39.82],
						"1.25": [-88.82, 54.26, -47.88],
						"1.2917": [-101.22, 57.09, -56.03],
						"1.3333": [-112.59, 59.45, -63.47],
						"1.375": [-121.37, 61.13, -69.45],
						"1.4167": [-126.03, 61.93, -73.17],
						"1.4583": [-122.16, 60.49, -73.69],
						"1.5": [-109.07, 56.49, -69.36],
						"1.5417": [-95.44, 51.96, -63.58],
						"1.5833": [-89.91, 48.92, -59.78],
						"1.625": [-100.25, 48.6, -58.3],
						"1.6667": [-119.88, 49.73, -58.32],
						"1.7083": [-137.41, 48.92, -59.78],
						"1.75": [-149.71, 43.68, -63.65],
						"1.7917": [-159.91, 36.51, -68.96],
						"1.8333": [-166.04, 31.54, -72.73],
						"1.875": [-171.7, 32.45, -77.02],
						"1.9167": [-158.08, 33.94, -71.88],
						"1.9583": [-145.21, 32.81, -65.64],
						"2.0": [-127.11, 31.05, -56.7],
						"2.0417": [-105.89, 28.9, -46.14],
						"2.0833": [-83.69, 26.61, -35.05],
						"2.125": [-62.64, 24.42, -24.5],
						"2.1667": [-44.85, 22.56, -15.6],
						"2.2083": [-32.47, 21.28, -9.41],
						"2.25": [-25.99, 20.54, -6.34],
						"2.2917": [-22.02, 19.92, -4.75],
						"2.3333": [-20.23, 19.47, -4.34],
						"2.375": [-20.29, 19.24, -4.8],
						"2.4167": [-21.88, 19.25, -5.83],
						"2.4583": [-24.66, 19.57, -7.15],
						"2.5": [-28.3, 20.23, -8.44],
						"2.5417": [-32.47, 21.28, -9.41],
						"2.5833": [-36.92, 22.68, -10.16],
						"2.625": [-43.04, 24.73, -11.22],
						"2.6667": [-50.42, 27.24, -12.51],
						"2.7083": [-58.63, 30.02, -13.93],
						"2.75": [-67.26, 32.87, -15.42],
						"2.7917": [-75.87, 35.59, -16.88],
						"2.8333": [-84.05, 38, -18.23],
						"2.875": [-91.36, 39.9, -19.38],
						"2.9167": [-97.4, 41.09, -20.26],
						"2.9583": [-101.72, 41.37, -20.78],
						"3.0": [-106, 37.16, -20.4],
						"3.0417": [-104.58, 28.64, -18.55],
						"3.0833": [-101.09, 20.34, -16.54],
						"3.125": [-99.16, 16.77, -15.64],
						"3.1667": [-101.1, 23.51, -16.44],
						"3.2083": [-103.66, 35.99, -18.46],
						"3.25": [-102.2, 43.82, -21.49],
						"3.2917": [-99.92, 43.93, -22.82],
						"3.3333": [-96.63, 43.06, -24.47],
						"3.375": [-92.6, 41.43, -26.32],
						"3.4167": [-88.13, 39.29, -28.29],
						"3.4583": [-83.49, 36.86, -30.26],
						"3.5": [-78.98, 34.39, -32.16],
						"3.5417": [-74.87, 32.09, -33.87],
						"3.5833": [-71.47, 30.22, -35.29],
						"3.625": [-69.04, 28.99, -36.34],
						"3.6667": [-69.04, 28.99, -36.34],
						"3.75": [-78.11032, 14.87628, -41.83705]
					},
					"position": {
						"0.0": [-4.75, -0.5, -5],
						"0.0417": [-4.75, -0.5, -5],
						"0.0833": [-4.75, -0.5, -5],
						"0.125": [-4.75, -0.5, -5],
						"0.1667": [-4.75, -0.5, -5],
						"0.2083": [-4.75, -0.5, -5],
						"0.25": [-4.75, -0.5, -5],
						"0.2917": [-4.75, -0.5, -5],
						"0.3333": [-4.75, -0.5, -5],
						"0.375": [-4.75, -0.5, -5],
						"0.4167": [-4.75, -0.5, -5],
						"0.4583": [-4.78, -0.37, -5.01],
						"0.5": [-4.81, -0.24, -5.03],
						"0.5417": [-4.75, -0.5, -5],
						"0.5833": [-4.71, -0.7, -4.98],
						"0.625": [-4.66, -0.98, -4.95],
						"0.6667": [-4.6, -1.31, -4.92],
						"0.7083": [-4.54, -1.68, -4.89],
						"0.75": [-4.47, -2.08, -4.85],
						"0.7917": [-4.39, -2.48, -4.81],
						"0.8333": [-4.31, -2.87, -4.77],
						"0.875": [-4.23, -3.25, -4.73],
						"0.9167": [-4.15, -3.58, -4.7],
						"0.9583": [-4.07, -3.85, -4.67],
						"1.0": [-3.98, -4.05, -4.65],
						"1.0417": [-3.55, -4.29, -4.6],
						"1.0833": [-3.08, -4.14, -4.58],
						"1.125": [-2.98, -4.05, -4.65],
						"1.1667": [-3.15, -4.11, -4.71],
						"1.2083": [-3.45, -4.2, -4.8],
						"1.25": [-3.83, -4.3, -4.9],
						"1.2917": [-4.25, -4.41, -5.01],
						"1.3333": [-4.65, -4.51, -5.13],
						"1.375": [-5, -4.59, -5.25],
						"1.4167": [-5.24, -4.65, -5.37],
						"1.4583": [-5.43, -4.67, -5.62],
						"1.5": [-5.46, -4.63, -5.91],
						"1.5417": [-5.42, -4.58, -6.17],
						"1.5833": [-5.4, -4.54, -6.35],
						"1.625": [-5.37, -4.53, -6.42],
						"1.6667": [-5.33, -4.54, -6.39],
						"1.7083": [-5.4, -4.54, -6.35],
						"1.75": [-5.7, -4.54, -6.35],
						"1.7917": [-6.1, -4.54, -6.35],
						"1.8333": [-6.4, -4.54, -6.35],
						"1.875": [-6.78, -4.54, -6.54],
						"1.9167": [-6.4, -4.54, -6.35],
						"1.9583": [-5.91, -4.53, -6.05],
						"2.0": [-5.22, -4.51, -5.62],
						"2.0417": [-4.4, -4.49, -5.12],
						"2.0833": [-3.53, -4.47, -4.58],
						"2.125": [-2.68, -4.47, -4.08],
						"2.1667": [-1.95, -4.49, -3.65],
						"2.2083": [-1.4, -4.54, -3.35],
						"2.25": [-0.73, -4.84, -3.13],
						"2.2917": [-0.51, -5.24, -3.24],
						"2.3333": [-0.4, -5.54, -3.35],
						"2.375": [-0.27, -5.66, -3.35],
						"2.4167": [-0.4, -5.54, -3.35],
						"2.4583": [-0.61, -5.24, -3.32],
						"2.5": [-0.92, -4.84, -3.29],
						"2.5417": [-1.4, -4.54, -3.35],
						"2.5833": [-1.6, -4.5, -3.4],
						"2.625": [-1.84, -4.48, -3.47],
						"2.6667": [-2.11, -4.47, -3.55],
						"2.7083": [-2.4, -4.47, -3.64],
						"2.75": [-2.69, -4.48, -3.73],
						"2.7917": [-2.98, -4.49, -3.83],
						"2.8333": [-3.26, -4.51, -3.92],
						"2.875": [-3.5, -4.52, -4],
						"2.9167": [-3.71, -4.54, -4.07],
						"2.9583": [-3.86, -4.54, -4.12],
						"3.0": [-4.01, -4.54, -4.15],
						"3.0417": [-4.09, -4.55, -4.16],
						"3.0833": [-4.13, -4.56, -4.14],
						"3.125": [-4.12, -4.56, -4.11],
						"3.1667": [-4.07, -4.57, -4.09],
						"3.2083": [-3.98, -4.56, -4.09],
						"3.25": [-3.86, -4.54, -4.12],
						"3.2917": [-3.73, -4.51, -4.17],
						"3.3333": [-3.54, -4.48, -4.24],
						"3.375": [-3.31, -4.44, -4.33],
						"3.4167": [-3.06, -4.39, -4.42],
						"3.4583": [-2.81, -4.34, -4.52],
						"3.5": [-2.56, -4.3, -4.62],
						"3.5417": [-2.33, -4.25, -4.7],
						"3.5833": [-2.14, -4.22, -4.77],
						"3.625": [-2.01, -4.19, -4.83],
						"3.6667": [-2.01, -4.19, -4.83],
						"3.75": [-2.01, -3.44, -4.83]
					},
					"scale": 0.8
				},
				"ammo": {
					"rotation": {
						"1.5833": [0, 0, 0],
						"1.625": [0, 0, 0],
						"1.6667": [-19.74, 0, 0],
						"1.7083": [-32.76, 0, 0],
						"1.75": [-44.52, 0, 0],
						"1.7917": [-52.5, 0, 0],
						"1.8333": [-55.17, 0.11, 0.21],
						"1.875": [-57.32, 0.39, 0.72],
						"1.9167": [-58.89, 0.75, 1.4],
						"1.9583": [-59.8, 1.11, 2.07],
						"2.0": [-60.01, 1.39, 2.59],
						"2.0417": [-59.44, 1.5, 2.79],
						"2.0833": [-58.04, 1.36, 2.53],
						"2.125": [-55.75, 0.89, 1.65],
						"2.1667": [-52.5, 0, 0],
						"2.2083": [14.97, -20.25, -37.69],
						"2.25": [21.13, -19.35, -47.58],
						"2.2917": [24.58, -16.32, -59.57],
						"2.3333": [25.91, -12.24, -70.71],
						"2.375": [25.68, -8.19, -78.05],
						"2.4167": [24.48, -5.25, -78.64],
						"2.4583": [23.64, -4.51, -76.29],
						"2.5": [22.34, -3.85, -72.34],
						"2.5417": [20.65, -3.26, -67.05],
						"2.5833": [18.65, -2.74, -60.68],
						"2.625": [16.42, -2.28, -53.52],
						"2.6667": [14.05, -1.87, -45.84],
						"2.7083": [11.61, -1.51, -37.89],
						"2.75": [9.18, -1.19, -29.96],
						"2.7917": [6.84, -0.91, -22.32],
						"2.8333": [4.67, -0.65, -15.23],
						"2.875": [2.76, -0.42, -8.96],
						"2.9167": [1.17, -0.21, -3.8],
						"2.9583": [0, 0, 0],
						"3.0": [-1.72, 0.37, 5.53],
						"3.0417": [-1.53, 0.33, 4.91],
						"3.0833": [-0.57, 0.12, 1.84],
						"3.125": [0, 0, 0]
					},
					"position": {
						"1.5833": [0, 0, 0],
						"1.625": [0, 0, 0],
						"1.6667": [2.54, 1.13, 5.11],
						"1.7083": [4.18, 1.87, 8.57],
						"1.75": [5.47, 2.54, 12.02],
						"1.7917": [6, 3, 15],
						"1.8333": [5.65, 3.27, 16.88],
						"1.875": [4.76, 3.63, 19.11],
						"1.9167": [3.53, 4.01, 21.44],
						"1.9583": [2.19, 4.31, 23.63],
						"2.0": [0.95, 4.45, 25.42],
						"2.0417": [0.02, 4.34, 26.58],
						"2.0833": [-0.36, 3.88, 26.85],
						"2.125": [0, 3, 26],
						"2.1667": [9, -6, 8.94],
						"2.2083": [19, -15, -9],
						"2.25": [20.84, -16.39, -10.66],
						"2.2917": [22.08, -17.02, -10.11],
						"2.3333": [22.6, -16.94, -8.33],
						"2.375": [22.28, -16.25, -6.3],
						"2.4167": [21, -15, -5],
						"2.4583": [20.13, -14.3, -4.78],
						"2.5": [18.93, -13.37, -4.56],
						"2.5417": [17.48, -12.26, -4.36],
						"2.5833": [15.81, -11, -4.17],
						"2.625": [14, -9.64, -3.99],
						"2.6667": [12.09, -8.22, -3.83],
						"2.7083": [10.15, -6.78, -3.67],
						"2.75": [8.24, -5.36, -3.53],
						"2.7917": [6.4, -4, -3.4],
						"2.8333": [4.7, -2.74, -3.28],
						"2.875": [3.2, -1.63, -3.18],
						"2.9167": [1.94, -0.7, -3.08],
						"2.9583": [1, 0, -3],
						"3.0": [-0.26, 0.96, -2.92],
						"3.0417": [-0.39, 1.08, -3],
						"3.0833": [0.11, 0.72, -3.12],
						"3.125": [0.74, 0.24, -3.16],
						"3.1667": [1, 0, -3],
						"3.2083": [0.5, 0, -1.5],
						"3.25": [0, 0, 0]
					},
					"scale": {
						"1.9583": [1, 1, 1],
						"2.0": [0, 0, 0],
						"2.0417": [-0.0937, -0.0937, -0.0937],
						"2.0833": [-0.125, -0.125, -0.125],
						"2.125": [-0.0938, -0.0938, -0.0938],
						"2.1667": [0, 0, 0],
						"2.2083": [1, 1, 1]
					}
				}
			}
		},
		"animation.mini_gun.reload.tp": {
			"loop": "hold_on_last_frame",
			"animation_length": 3.75,
			"bones": {
				"rightArm": {
					"rotation": {
						"0.0": [-37.73397, -26.53354, 23.99096],
						"1.0417": [-103.42, -5.06, 5.58],
						"1.2083": [-103.42, -5.06, 5.58],
						"1.5833": [-108.95043, 11.36599, -0.98037],
						"1.75": [-112.94448, 13.35667, 3.71545],
						"2.0": [-108.95043, 11.36599, -0.98037],
						"2.5": [-108.95043, 11.36599, -0.98037],
						"2.9583": [-103.28484, -13.81897, 0.12891],
						"3.0417": [-105.29386, -10.6621, 0.30686],
						"3.125": [-103.28, -13.82, 0.13],
						"3.25": [-100.28112, -13.81976, 0.12975],
						"3.375": [-103.28484, -13.81897, 0.12891],
						"3.625": [-103.28484, -13.81897, 0.12891],
						"3.75": [-111.45, -6.17, 6.95]
					},
					"position": {
						"0.0": [-1, "-0.75-(math.cos(query.life_time * 80) * 0.15)", 2.25],
						"1.0417": [-0.57, 0.47, -1.4],
						"1.2083": [-0.57, 0.47, -1.4],
						"1.5833": [-0.57, 0.47, -2.4],
						"1.75": [-0.57, 0.47, -2.4],
						"2.0": [-0.57, 0.47, -2.4],
						"2.5": [-0.57, 0.47, -2.4],
						"2.9583": [-0.19, 2.26, -2.2],
						"3.125": [-0.19, 2.26, -2.2],
						"3.25": [-0.44, 2.26, -1.95],
						"3.375": [-0.19, 2.26, -2.2],
						"3.625": [-0.19, 2.26, -2.2]
					}
				},
				"mini_gun": {
					"rotation": {
						"0.0": [1.81693, -19.92066, 5.6809],
						"0.4167": [0, 0, 1],
						"1.0417": [89.97282, -0.19593, -24.6885],
						"1.5833": [89.97282, -0.19593, -24.6885],
						"1.75": [84.97282, -0.19593, -24.6885],
						"1.875": [89.97282, -0.19593, -24.6885],
						"2.0": [89.97282, -0.19593, -24.6885],
						"2.5": [89.97282, -0.19593, -24.6885],
						"2.9583": [89.97282, -0.19593, -24.6885],
						"3.1667": [89.97282, -0.19593, -24.6885]
					},
					"position": {
						"0.0": [2.5, 1.75, 5.75],
						"0.4167": [0, 1.5, 17.25],
						"1.0417": [-1.39, 9.77, 18.4],
						"1.5833": [-1.39, 9.77, 18.4],
						"2.0": [-1.39, 9.77, 18.4],
						"2.5": [-1.39, 9.77, 18.4],
						"2.9583": [-1.39, 9.77, 18.4],
						"3.1667": [-1.39, 9.77, 18.4]
					}
				},
				"leftArm": {
					"rotation": {
						"0.0": [-61.65565, 37.94041, -21.04129],
						"0.1667": [-84.79471, 47.16383, -33.28002],
						"0.2917": [-105.56481, 50.83348, -47.27218],
						"0.4167": [-121.41776, 36.08636, -54.474],
						"0.7083": [-91.49034, 1.54517, -36.91824],
						"1.0417": [-58.06, 37.04, -19.13],
						"1.4583": [-112.77079, 44.34748, -56.83071],
						"1.5833": [-92.54099, 33.14013, -37.64934],
						"1.75": [-149.56692, 69.89621, -106.60585],
						"1.875": [-114.2, 32.45, -77.02],
						"2.3333": [27.64491, 36.15523, -2.26243],
						"2.4167": [51.02494, 50.62923, 16.96456],
						"2.625": [-27.87067, 45.62104, -39.96211],
						"2.9583": [-61.33654, 52.8555, -13.47392],
						"3.0417": [-55.91637, 47.1829, -8.64864],
						"3.125": [-51.66, 16.77, -15.64],
						"3.25": [-65.37789, 53.07137, -15.73523],
						"3.4583": [-65.37789, 53.07137, -15.73523],
						"3.625": [-69.04, 28.99, -36.34],
						"3.75": [-68.33538, 9.9814, -42.88175]
					},
					"position": {
						"0.0": [0, "0.5-(math.cos(query.life_time * 80) * 0.15)", -1.5],
						"0.1667": [-0.5, 0.01, -1.1],
						"0.2917": [-2.12, -0.24, -1.05],
						"0.4167": [-3.75, -0.5, -3],
						"1.0417": [0.45, -2.29, -1.6],
						"1.4583": [-2.24, -2.65, -4.37],
						"1.5833": [-3.24, -2.65, -4.37],
						"1.75": [-3.24, -2.65, -4.37],
						"1.875": [-2.24, -2.65, -3.37],
						"2.3333": [0.57, -0.41, -1.35],
						"2.4167": [0.57, -0.41, -1.35],
						"2.9583": [0.14, -1.54, -3.12],
						"3.0417": [-0.95, -1.21, -3.45],
						"3.125": [-0.12, -0.56, -4.11],
						"3.25": [0.14, -1.54, -3.12],
						"3.4583": [0.14, -1.54, -3.12],
						"3.625": [-0.01, -1.19, -3.83],
						"3.75": [-1.01, -0.44, -3.83]
					}
				},
				"ammo": {
					"rotation": {
						"1.5833": [0, 0, 0],
						"1.625": [0, 0, 0],
						"1.6667": [-19.74, 0, 0],
						"1.7083": [-32.76, 0, 0],
						"1.75": [-44.52, 0, 0],
						"1.9583": [-131.37, 7.23, -31.11],
						"2.3333": [30.00795, 28.5792, -125.06131],
						"2.4167": [7.77305, 40.50517, -132.75313],
						"2.6667": [10.94735, -8.1617, -95.55583],
						"2.7917": [6.96221, -3.81403, -67.61821],
						"2.875": [3.57924, -1.98628, -40.85579],
						"3.0": [-1.72, 0.37, 5.53],
						"3.0417": [-1.53, 0.33, 4.91],
						"3.0833": [-0.57, 0.12, 1.84],
						"3.125": [0, 0, 0]
					},
					"position": {
						"1.5833": [0, 0, 0],
						"1.625": [0, 0, 0],
						"1.6667": [2.54, 1.13, 5.11],
						"1.7083": [2.18, 1.87, 8.57],
						"1.75": [2.47, 2.54, 12.02],
						"1.9583": [1.14, -11.03, 27.08],
						"2.3333": [23.6, 5.06, 9.67],
						"2.4167": [23.6, 10.06, 8.67],
						"2.6667": [18.09, 0.78, -3.83],
						"2.7917": [11.21, 0.55, -3.49],
						"2.875": [6.62, 1.64, -3.26],
						"3.0": [-0.26, 0.96, -2.92],
						"3.0417": [-0.39, 1.08, -3],
						"3.0833": [0.11, 0.72, -3.12],
						"3.125": [0.74, 0.24, -3.16],
						"3.1667": [1, 0, -3],
						"3.2083": [0.5, 0, -1.5],
						"3.25": [0, 0, 0]
					},
					"scale": {
						"1.9583": {
							"pre": [1, 1, 1],
							"post": [0, 0, 0]
						},
						"2.375": {
							"pre": [0, 0, 0],
							"post": [1, 1, 1]
						}
					}
				},
				"waist": {
					"rotation": {
						"0.0": [0, 17.5, 0],
						"0.4167": [0, 0, 0],
						"0.75": [2.5, -10, 0],
						"1.0": [2.5, -10, 0],
						"1.25": [2.47142, -5.0047, 0.21865],
						"1.5": [-0.02858, -5.0047, 0.21865],
						"1.6667": [-2.52849, -2.5047, 0.21741],
						"1.8333": [0, 0, 0],
						"2.3333": [5, -20, 0],
						"2.6667": [5, -20, 0],
						"3.0": [2.23736, 7.40459, 2.32584],
						"3.125": [-2.76264, 7.40459, 2.32584],
						"3.25": [0, 7.5, 0],
						"3.5": [0, 0, 0],
						"3.625": [0, 0, 0],
						"3.75": [-5.019, 4.98093, -0.43688]
					}
				},
				"head": {
					"rotation": {
						"0.0": [0, 0, 0],
						"0.4167": [16.85862, 26.8891, -8.91064],
						"0.75": [21.18222, 10.87189, 7.59776],
						"1.25": [22.65555, 7.13047, 16.98916],
						"1.5": [33.20236, 14.03946, 19.95987],
						"1.6667": [33.2, 14.04, 19.96],
						"1.8333": [39.06493, 10.91709, 23.95988],
						"2.3333": [25.30328, -9.46177, -1.02437],
						"2.6667": [36.39013, -18.46615, -5.51223],
						"3.0": [33.15227, -2.2311, 24.20103],
						"3.125": [28.15227, -2.2311, 24.20103],
						"3.25": [33.15227, -2.2311, 24.20103],
						"3.5": [31.37496, -11.3234, 15.83393],
						"3.75": [11.32286, -2.12177, 12.4563]
					}
				}
			}
		},
		"animation.mini_gun.draw.fp": {
			"loop": "hold_on_last_frame",
			"animation_length": 0.5,
			"bones": {
				"root": {
					"rotation": {
						"0.0": [-180, 0, -180],
						"0.4167": [-188.40499, 39.94795, -181.67923]
					},
					"position": {
						"0.0": [23, -28, -28],
						"0.2083": [11.88, 0, -9.88],
						"0.4167": [0.75, 0, 3.25]
					},
					"scale": {
						"0.0": [0, 0, 0],
						"0.0833": [1, 1, 1]
					}
				},
				"rightArm": {
					"rotation": {
						"0.0": [4.88206, -1.08089, 12.45392],
						"0.4167": [-54.32147, -19.30872, 30.21293]
					},
					"position": {
						"0.0": [0, 0, 5],
						"0.4167": [-4, 1, 5]
					},
					"scale": [0.8, 0.8, 0.8]
				},
				"weapon_root": {
					"rotation": {
						"0.0": [0, 0, 0],
						"0.4167": [37.46206, -1.82576, 2.38087]
					},
					"position": {
						"0.0": [0, 0, 0],
						"0.4167": [1, 0, -0.25]
					}
				},
				"mini_gun": {
					"rotation": [0, 0, 0],
					"position": {
						"0.0": [0, 1.25, 3.75],
						"0.4167": [0, 1.25, 3.75]
					}
				},
				"leftArm": {
					"rotation": {
						"0.0": [-134.86667, 5.39709, -99.8455],
						"0.4167": [-102.14323, 43.80021, -32.51288]
					},
					"position": {
						"0.0": [-6, -6.25, -0.75],
						"0.4167": [-4, -1, -3.75]
					},
					"scale": [0.8, 0.8, 0.8]
				}
			}
		},
		"animation.mini_gun.draw.tp": {
			"loop": "hold_on_last_frame",
			"animation_length": 0.58333,
			"bones": {
				"rightArm": {
					"rotation": {
						"0.0": [36.57014, -26.00881, -4.88097],
						"0.4167": [-67.43934, -26.36053, 44.59742]
					},
					"position": {
						"0.0": [0, 0, 3],
						"0.4167": [-1, -1, 1]
					}
				},
				"weapon_root": {
					"rotation": {
						"0.0": [0, 0, 0],
						"0.4167": [9.96206, -1.82576, 2.38087]
					},
					"position": {
						"0.0": [0, 0, 2.25],
						"0.4167": [1, 0.5, 1.75]
					},
					"scale": {
						"0.125": [0, 0, 0],
						"0.25": [1, 1, 1]
					}
				},
				"mini_gun": {
					"rotation": [0, 0, 0],
					"position": {
						"0.0": [0, 1.25, 3.75],
						"0.4167": [0, 1.25, 3.75]
					}
				},
				"leftArm": {
					"rotation": {
						"0.0": [-74.53616, 85.38687, -22.80974],
						"0.4167": [-79.6868, 17.15252, -28.29957]
					},
					"position": {
						"0.0": [-4.5, -0.75, -3.75],
						"0.4167": [-0.25, 1, -2.5]
					}
				},
				"waist": {
					"rotation": {
						"0.0": [-1.96929, 23.38084, -7.54549],
						"0.3333": [-2.50238, -2.49762, 0.10912],
						"0.5833": [0, 0, 0]
					},
					"position": {
						"0.0": [0, -0.5, 0],
						"0.3333": [0, 0, 0]
					}
				},
				"head": {
					"rotation": {
						"0.0": [8.78276, 11.08194, -5.76922],
						"0.2083": [16.38254, 8.27616, -3.66105],
						"0.4167": [14.7945, -7.08823, -14.33408]
					}
				}
			}
		},
		"animation.mini_gun.idle.fp": {
			"loop": true,
			"bones": {
				"waist": {
					"rotation": ["math.cos(query.life_time * 80)", 0, 0]
				}
			}
		},
		"animation.mini_gun.charge.fp": {
			"loop": "hold_on_last_frame",
			"animation_length": 1.25,
			"bones": {
				"root": {
					"rotation": {
						"0.0": [-180.13092, -2.49657, -169.49715],
						"0.2083": [-182.12963, -1.49726, -169.53434]
					},
					"position": {
						"0.0": [-9.9, 3.95, -0.05],
						"0.2083": [-9.9, 4.2, -0.05]
					}
				},
				"rightArm": {
					"rotation": [-40.16578, -0.15982, 16.10204],
					"position": [0, 2.5, 4],
					"scale": 0.8
				},
				"weapon_root": {
					"position": [0, -4.75, 5.25]
				},
				"mini_gun": {
					"rotation": [39.5, 0, 0],
					"position": [1.25, 1.5, 3.75]
				},
				"barrels": {
					"rotation": {
						"0.0": [0, 0, 0],
						"0.0417": [0, 0, -0.6],
						"0.0833": [0, 0, -2.4],
						"0.125": [0, 0, -5.4],
						"0.1667": [0, 0, -9.6],
						"0.2083": [0, 0, -15],
						"0.25": [0, 0, -21.6],
						"0.2917": [0, 0, -29.4],
						"0.3333": [0, 0, -38.4],
						"0.375": [0, 0, -48.6],
						"0.4167": [0, 0, -60],
						"0.4583": [0, 0, -72.6],
						"0.5": [0, 0, -86.4],
						"0.5417": [0, 0, -101.4],
						"0.5833": [0, 0, -117.6],
						"0.625": [0, 0, -135],
						"0.6667": [0, 0, -153.6],
						"0.7083": [0, 0, -173.4],
						"0.75": [0, 0, -194.4],
						"0.7917": [0, 0, -216.6],
						"0.8333": [0, 0, -240],
						"0.875": [0, 0, -264.6],
						"0.9167": [0, 0, -290.4],
						"0.9583": [0, 0, -317.4],
						"1.0": [0, 0, -345.6],
						"1.0417": [0, 0, -375],
						"1.0833": [0, 0, -405.6],
						"1.125": [0, 0, -437.4],
						"1.1667": [0, 0, -470.4],
						"1.2083": [0, 0, -504.6],
						"1.25": [0, 0, -540]
					}
				},
				"leftArm": {
					"rotation": [-99.95273, 13.75761, -74.4363],
					"position": [-9, -2.6, -5.25],
					"scale": 0.8
				}
			}
		},
		"animation.mini_gun.charge.tp": {
			"loop": "hold_on_last_frame",
			"animation_length": 1.25,
			"bones": {
				"root": {
					"rotation": [0, "10+q.target_y_rotation", 0]
				},
				"rightArm": {
					"rotation": [-52.57713, -27.86934, 11.31687],
					"position": [-1, 1.5, 2.75]
				},
				"weapon_root": {
					"rotation": [0, 0, -6],
					"position": [0, -3.75, 5.25]
				},
				"mini_gun": {
					"rotation": [39.5, 0, 0],
					"position": [1.25, 1.5, 3.75]
				},
				"barrels": {
					"rotation": {
						"0.0": [0, 0, 0],
						"0.0417": [0, 0, -0.6],
						"0.0833": [0, 0, -2.4],
						"0.125": [0, 0, -5.4],
						"0.1667": [0, 0, -9.6],
						"0.2083": [0, 0, -15],
						"0.25": [0, 0, -21.6],
						"0.2917": [0, 0, -29.4],
						"0.3333": [0, 0, -38.4],
						"0.375": [0, 0, -48.6],
						"0.4167": [0, 0, -60],
						"0.4583": [0, 0, -72.6],
						"0.5": [0, 0, -86.4],
						"0.5417": [0, 0, -101.4],
						"0.5833": [0, 0, -117.6],
						"0.625": [0, 0, -135],
						"0.6667": [0, 0, -153.6],
						"0.7083": [0, 0, -173.4],
						"0.75": [0, 0, -194.4],
						"0.7917": [0, 0, -216.6],
						"0.8333": [0, 0, -240],
						"0.875": [0, 0, -264.6],
						"0.9167": [0, 0, -290.4],
						"0.9583": [0, 0, -317.4],
						"1.0": [0, 0, -345.6],
						"1.0417": [0, 0, -375],
						"1.0833": [0, 0, -405.6],
						"1.125": [0, 0, -437.4],
						"1.1667": [0, 0, -470.4],
						"1.2083": [0, 0, -504.6],
						"1.25": [0, 0, -540]
					}
				},
				"leftArm": {
					"rotation": [-65.91714, 14.63754, -82.56144],
					"position": [-2.5, -0.75, -4.75]
				},
				"waist": {
					"rotation": [
						"7.6393+(math.clamp(q.target_x_rotation, -30, 30))+(variable.tcos0*0.05)+(math.cos(query.life_time * 350) * 0.1)",
						"19.9805+(math.clamp(q.target_x_rotation, 0, -3))+(variable.tcos0*0.05)+(math.cos(query.life_time * 350) * 0.1)",
						0.46311
					]
				},
				"body": {
					"rotation": [0, 12, 0]
				},
				"head": {
					"rotation": ["-4.884+(math.clamp(q.target_x_rotation, -10, 10))", -32.94414, 3.75771]
				},
				"rightLeg": {
					"rotation": [13.01928, 3.96101, 0.55758],
					"position": [-0.25, 0, 1.5]
				},
				"leftLeg": {
					"rotation": [0, -4, 0],
					"position": [0.75, 0, -1.75]
				}
			}
		},
		"animation.mini_gun.ads.fp": {
			"loop": "hold_on_last_frame",
			"bones": {
				"root": {
					"rotation": [-180.13092, -2.49657, -169.49715],
					"position": [-9.9, 3.95, -0.55]
				},
				"rightArm": {
					"rotation": [-40.16578, -0.15982, 16.10204],
					"position": [0, 2.5, 4],
					"scale": 0.8
				},
				"weapon_root": {
					"position": [0, -4.75, 5.25]
				},
				"mini_gun": {
					"rotation": [39.5, 0, 0],
					"position": [1.25, 1.5, 3.75]
				},
				"barrels": {
					"rotation": [0, 0, 0]
				},
				"leftArm": {
					"rotation": [-99.95273, 13.75761, -74.4363],
					"position": [-9, -2.6, -5.25],
					"scale": 0.8
				}
			}
		},
		"animation.mini_gun.ads.tp": {
			"loop": true,
			"bones": {
				"root": {
					"rotation": [0, "10+q.target_y_rotation", 0]
				},
				"rightArm": {
					"rotation": [-52.57713, -27.86934, 11.31687],
					"position": [-1, 1.5, 2.75]
				},
				"weapon_root": {
					"rotation": [0, 0, -6],
					"position": [0, -3.75, 5.25]
				},
				"mini_gun": {
					"rotation": [39.5, 0, 0],
					"position": [1.25, 1.5, 3.75]
				},
				"barrels": {
					"rotation": [0, 0, 0]
				},
				"leftArm": {
					"rotation": [-65.91714, 14.63754, -82.56144],
					"position": [-2.5, -0.75, -4.75]
				},
				"waist": {
					"rotation": [
						"7.6393+(math.clamp(q.target_x_rotation, -20, 20))+(variable.tcos0*0.05)+(math.cos(query.life_time * 350) * 0.1)",
						"19.9805+(math.clamp(q.target_x_rotation, 0, -3))+(variable.tcos0*0.05)+(math.cos(query.life_time * 350) * 0.1)",
						0.46311
					]
				},
				"body": {
					"rotation": [0, 12, 0]
				},
				"head": {
					"rotation": ["-5+(math.clamp(q.target_x_rotation, -10, 10))", -34.93671, 3.96538]
				},
				"rightLeg": {
					"rotation": [13.01928, 3.96101, 0.55758],
					"position": [-0.25, 0, 1.5]
				},
				"leftLeg": {
					"rotation": [0, -4, 0],
					"position": [0.75, 0, -1.75]
				}
			}
		},
		"animation.mini_gun.hold_fire_pos.fp": {
			"loop": "hold_on_last_frame",
			"bones": {
				"root": {
					"rotation": [-182.12963, -1.49726, -169.53434],
					"position": [-9.9, 4.775, -0.8]
				},
				"rightArm": {
					"rotation": [-40.16578, -0.15982, 16.10204],
					"position": [0, 2.5, 4],
					"scale": 0.8
				},
				"weapon_root": {
					"position": [0, -4.75, 5.25]
				},
				"mini_gun": {
					"rotation": [39.5, 0, 0],
					"position": [1.25, 1.5, 3.75]
				},
				"leftArm": {
					"rotation": [-99.95273, 13.75761, -74.4363],
					"position": [-9, -2.6, -5.25],
					"scale": 0.8
				},
				"mini_gun_muzzle": {
					"position": [1, 0, -10]
				}
			}
		},
		"animation.mini_gun.hold_fire_pos.tp": {
			"loop": "hold_on_last_frame",
			"bones": {
				"root": {
					"rotation": [0, "10+q.target_y_rotation", 0]
				},
				"rightArm": {
					"rotation": [-52.57713, -27.86934, 11.31687],
					"position": [0, 2.5, 2.75]
				},
				"weapon_root": {
					"rotation": [0, 0, -6],
					"position": [0, -3.75, 5.25]
				},
				"mini_gun": {
					"rotation": [39.5, 0, 0],
					"position": [1.25, 1.5, 3.75]
				},
				"leftArm": {
					"rotation": [-60.34412, 13.60585, -80.21324],
					"position": [-1.5, 0.25, -4.75]
				},
				"waist": {
					"rotation": [
						"7.6393+(math.clamp(q.target_x_rotation, -30, 30))+(variable.tcos0*0.05)+(math.cos(query.life_time * 350) * 0.1)",
						"19.9805+(math.clamp(q.target_x_rotation, 0, -3))+(variable.tcos0*0.05)+(math.cos(query.life_time * 350) * 0.1)",
						0.46311
					]
				},
				"body": {
					"rotation": [0, 17, 0]
				},
				"head": {
					"rotation": ["-5.3452+(math.clamp(q.target_x_rotation, -10, 10))", -39.91639, 4.53284]
				},
				"barrels": {
					"rotation": [0, 0, 0]
				},
				"rightLeg": {
					"rotation": [13.01928, 3.96101, 0.55758],
					"position": [-0.25, 0, 1.5]
				},
				"leftLeg": {
					"rotation": [0, -4, 0],
					"position": [0.75, 0, -1.75]
				}
			}
		},
		"animation.mini_gun.fire_start": {
			"loop": "hold_on_last_frame",
			"animation_length": 1,
			"bones": {
				"barrels": {
					"rotation": {
						"0.0": [0, 0, 0],
						"1.0": [0, 0, -540]
					}
				}
			}
		},
		"animation.mini_gun.fire_loop": {
			"loop": true,
			"animation_length": 0.5,
			"bones": {
				"root": {
					"rotation": {
						"0.0": [0, 0, 0],
						"0.0417": [-0.2, 0, 0],
						"0.0833": [0, 0, 0],
						"0.125": [0, -0.2, 0],
						"0.1667": [0, 0, 0],
						"0.2083": [-0.2, 0, 0],
						"0.25": [0, 0, 0],
						"0.2917": [-0.2, -0.2, 0],
						"0.3333": [0, 0, 0],
						"0.375": [-0.2, 0.5, 0],
						"0.4167": [0, 0, 0],
						"0.4583": [-0.2, 0, 0],
						"0.5": [0, 0, 0]
					},
					"position": {
						"0.0": [0, 0, 0],
						"0.0417": [0, 0, -0.25],
						"0.0833": [0, 0, 0],
						"0.125": [0, 0, -0.25],
						"0.1667": [0, 0, 0],
						"0.2083": [0, 0, -0.25],
						"0.25": [0, 0, 0],
						"0.2917": [0, 0, -0.25],
						"0.3333": [0, 0, 0],
						"0.375": [0, 0, -0.25],
						"0.4167": [0, 0, 0],
						"0.4583": [0, 0, -0.25],
						"0.5": [0, 0, 0]
					}
				},
				"barrels": {
					"rotation": {
						"0.0": [0, 0, 0],
						"0.5": [0, 0, -720]
					}
				}
			},
			"particle_effects": {
				"0.0": [
					{
						"effect": "mini_gun.muzzle_smoke",
						"locator": "mini_gun_muzzle_fp"
					},
					{
						"effect": "muzzle_glow",
						"locator": "mini_gun_muzzle_fp"
					}
				],
				"0.0417": {
					"effect": "mini_gun.casing",
					"locator": "mini_gun_ejector_fp"
				},
				"0.0833": [
					{
						"effect": "mini_gun.muzzle_smoke",
						"locator": "mini_gun_muzzle_fp"
					},
					{
						"effect": "muzzle_glow",
						"locator": "mini_gun_muzzle_fp"
					}
				],
				"0.1667": [
					{
						"effect": "mini_gun.muzzle_smoke",
						"locator": "mini_gun_muzzle_fp"
					},
					{
						"effect": "muzzle_glow",
						"locator": "mini_gun_muzzle_fp"
					},
					{
						"effect": "mini_gun.muzzle_smoke",
						"locator": "mini_gun_muzzle_fp"
					}
				],
				"0.2083": {
					"effect": "mini_gun.casing",
					"locator": "mini_gun_ejector_fp"
				},
				"0.25": [
					{
						"effect": "mini_gun.muzzle_smoke",
						"locator": "mini_gun_muzzle_fp"
					},
					{
						"effect": "muzzle_glow",
						"locator": "mini_gun_muzzle_fp"
					}
				],
				"0.3333": [
					{
						"effect": "mini_gun.muzzle_smoke",
						"locator": "mini_gun_muzzle_fp"
					},
					{
						"effect": "muzzle_glow",
						"locator": "mini_gun_muzzle_fp"
					}
				],
				"0.375": {
					"effect": "mini_gun.casing",
					"locator": "mini_gun_ejector_fp"
				},
				"0.4167": [
					{
						"effect": "mini_gun.muzzle_smoke",
						"locator": "mini_gun_muzzle_fp"
					},
					{
						"effect": "muzzle_glow",
						"locator": "mini_gun_muzzle_fp"
					}
				]
			}
		},
		"animation.mini_gun.fire_loop.tp": {
			"loop": true,
			"animation_length": 0.5,
			"bones": {
				"root": {
					"rotation": {
						"0.0": [0, 0, 0],
						"0.0417": [-0.2, 0, 0],
						"0.0833": [0, 0, 0],
						"0.125": [0, -0.2, 0],
						"0.1667": [0, 0, 0],
						"0.2083": [-0.2, 0, 0],
						"0.25": [0, 0, 0],
						"0.2917": [-0.2, -0.2, 0],
						"0.3333": [0, 0, 0],
						"0.375": [-0.2, 0.5, 0],
						"0.4167": [0, 0, 0],
						"0.4583": [-0.2, 0, 0],
						"0.5": [0, 0, 0]
					},
					"position": {
						"0.0": [0, 0, 0],
						"0.0417": [0, 0, -0.25],
						"0.0833": [0, 0, 0],
						"0.125": [0, 0, -0.25],
						"0.1667": [0, 0, 0],
						"0.2083": [0, 0, -0.25],
						"0.25": [0, 0, 0],
						"0.2917": [0, 0, -0.25],
						"0.3333": [0, 0, 0],
						"0.375": [0, 0, -0.25],
						"0.4167": [0, 0, 0],
						"0.4583": [0, 0, -0.25],
						"0.5": [0, 0, 0]
					}
				},
				"barrels": {
					"rotation": {
						"0.0": [0, 0, 0],
						"0.5": [0, 0, -720]
					}
				},
				"waist": {
					"rotation": ["(math.cos(query.life_time * 2350) * 0.25)", 0, 0],
					"position": [0, 0, "-(math.cos(query.life_time * 2350) * 0.15)"]
				}
			},
			"particle_effects": {
				"0.0": [
					{
						"effect": "mini_gun.muzzle_smoke",
						"locator": "mini_gun_muzzle"
					},
					{
						"effect": "muzzle_glow",
						"locator": "mini_gun_muzzle"
					}
				],
				"0.0417": {
					"effect": "mini_gun.casing",
					"locator": "mini_gun_ejector_fp"
				},
				"0.0833": [
					{
						"effect": "mini_gun.muzzle_smoke",
						"locator": "mini_gun_muzzle"
					},
					{
						"effect": "muzzle_glow",
						"locator": "mini_gun_muzzle"
					}
				],
				"0.1667": [
					{
						"effect": "mini_gun.muzzle_smoke",
						"locator": "mini_gun_muzzle"
					},
					{
						"effect": "muzzle_glow",
						"locator": "mini_gun_muzzle"
					},
					{
						"effect": "mini_gun.muzzle_smoke",
						"locator": "mini_gun_muzzle"
					}
				],
				"0.2083": {
					"effect": "mini_gun.casing",
					"locator": "mini_gun_ejector_fp"
				},
				"0.25": [
					{
						"effect": "mini_gun.muzzle_smoke",
						"locator": "mini_gun_muzzle"
					},
					{
						"effect": "muzzle_glow",
						"locator": "mini_gun_muzzle"
					}
				],
				"0.3333": [
					{
						"effect": "mini_gun.muzzle_smoke",
						"locator": "mini_gun_muzzle"
					},
					{
						"effect": "muzzle_glow",
						"locator": "mini_gun_muzzle"
					}
				],
				"0.375": {
					"effect": "mini_gun.casing",
					"locator": "mini_gun_ejector_fp"
				},
				"0.4167": [
					{
						"effect": "mini_gun.muzzle_smoke",
						"locator": "mini_gun_muzzle"
					},
					{
						"effect": "muzzle_glow",
						"locator": "mini_gun_muzzle"
					}
				]
			}
		},
		"animation.mini_gun.spin": {
			"loop": true,
			"bones": {
				"barrels": {
					"rotation": [0, 0, "query.life_time * 600"]
				}
			}
		},
		"animation.mini_gun.pose": {
			"loop": true,
			"bones": {
				"weapon_root": {
					"rotation": [7.56397, -7.43547, -0.98448],
					"position": [0, 5, 0]
				}
			}
		},
		"animation.mini_gun.fire_full.sfx": {
			"animation_length": 15
		},
		"animation.mini_gun.fire_stop": {
			"loop": "hold_on_last_frame",
			"animation_length": 2,
			"bones": {
				"barrels": {
					"rotation": {
						"0.0": [0, 0, 500],
						"0.0417": [0, 0, 479.38],
						"0.0833": [0, 0, 459.2],
						"0.125": [0, 0, 439.45],
						"0.1667": [0, 0, 420.14],
						"0.2083": [0, 0, 401.26],
						"0.25": [0, 0, 382.81],
						"0.2917": [0, 0, 364.8],
						"0.3333": [0, 0, 347.22],
						"0.375": [0, 0, 330.08],
						"0.4167": [0, 0, 313.37],
						"0.4583": [0, 0, 297.09],
						"0.5": [0, 0, 281.25],
						"0.5417": [0, 0, 265.84],
						"0.5833": [0, 0, 250.87],
						"0.625": [0, 0, 236.33],
						"0.6667": [0, 0, 222.22],
						"0.7083": [0, 0, 208.55],
						"0.75": [0, 0, 195.31],
						"0.7917": [0, 0, 182.51],
						"0.8333": [0, 0, 170.14],
						"0.875": [0, 0, 158.2],
						"0.9167": [0, 0, 146.7],
						"0.9583": [0, 0, 135.63],
						"1.0": [0, 0, 125],
						"1.0417": [0, 0, 114.8],
						"1.0833": [0, 0, 105.03],
						"1.125": [0, 0, 95.7],
						"1.1667": [0, 0, 86.81],
						"1.2083": [0, 0, 78.34],
						"1.25": [0, 0, 70.31],
						"1.2917": [0, 0, 62.72],
						"1.3333": [0, 0, 55.56],
						"1.375": [0, 0, 48.83],
						"1.4167": [0, 0, 42.53],
						"1.4583": [0, 0, 36.68],
						"1.5": [0, 0, 31.25],
						"1.5417": [0, 0, 26.26],
						"1.5833": [0, 0, 21.7],
						"1.625": [0, 0, 17.58],
						"1.6667": [0, 0, 13.89],
						"1.7083": [0, 0, 10.63],
						"1.75": [0, 0, 7.81],
						"1.7917": [0, 0, 5.43],
						"1.8333": [0, 0, 3.47],
						"1.875": [0, 0, 1.95],
						"1.9167": [0, 0, 0.87],
						"1.9583": [0, 0, 0.22],
						"2.0": [0, 0, 0]
					}
				}
			},
			"particle_effects": {
				"0.0": [
					{
						"effect": "mini_gun.after_burn",
						"locator": "mini_gun_after_burn"
					},
					{
						"effect": "mini_gun.after_burn",
						"locator": "mini_gun_after_burn"
					}
				],
				"0.0417": [
					{
						"effect": "mini_gun.after_burn",
						"locator": "mini_gun_after_burn"
					},
					{
						"effect": "mini_gun.after_burn",
						"locator": "mini_gun_after_burn"
					}
				],
				"0.125": {
					"effect": "mini_gun.after_burn",
					"locator": "mini_gun_after_burn"
				},
				"0.25": {
					"effect": "mini_gun.after_burn",
					"locator": "mini_gun_after_burn"
				},
				"0.4583": {
					"effect": "mini_gun.after_burn",
					"locator": "mini_gun_after_burn"
				}
			}
		},
		"animation.mini_gun.fire_stop2": {
			"loop": "hold_on_last_frame",
			"animation_length": 2,
			"bones": {
				"barrels": {
					"rotation": {
						"0.0": [0, 0, 500],
						"0.0417": [0, 0, 479.38],
						"0.0833": [0, 0, 459.2],
						"0.125": [0, 0, 439.45],
						"0.1667": [0, 0, 420.14],
						"0.2083": [0, 0, 401.26],
						"0.25": [0, 0, 382.81],
						"0.2917": [0, 0, 364.8],
						"0.3333": [0, 0, 347.22],
						"0.375": [0, 0, 330.08],
						"0.4167": [0, 0, 313.37],
						"0.4583": [0, 0, 297.09],
						"0.5": [0, 0, 281.25],
						"0.5417": [0, 0, 265.84],
						"0.5833": [0, 0, 250.87],
						"0.625": [0, 0, 236.33],
						"0.6667": [0, 0, 222.22],
						"0.7083": [0, 0, 208.55],
						"0.75": [0, 0, 195.31],
						"0.7917": [0, 0, 182.51],
						"0.8333": [0, 0, 170.14],
						"0.875": [0, 0, 158.2],
						"0.9167": [0, 0, 146.7],
						"0.9583": [0, 0, 135.63],
						"1.0": [0, 0, 125],
						"1.0417": [0, 0, 114.8],
						"1.0833": [0, 0, 105.03],
						"1.125": [0, 0, 95.7],
						"1.1667": [0, 0, 86.81],
						"1.2083": [0, 0, 78.34],
						"1.25": [0, 0, 70.31],
						"1.2917": [0, 0, 62.72],
						"1.3333": [0, 0, 55.56],
						"1.375": [0, 0, 48.83],
						"1.4167": [0, 0, 42.53],
						"1.4583": [0, 0, 36.68],
						"1.5": [0, 0, 31.25],
						"1.5417": [0, 0, 26.26],
						"1.5833": [0, 0, 21.7],
						"1.625": [0, 0, 17.58],
						"1.6667": [0, 0, 13.89],
						"1.7083": [0, 0, 10.63],
						"1.75": [0, 0, 7.81],
						"1.7917": [0, 0, 5.43],
						"1.8333": [0, 0, 3.47],
						"1.875": [0, 0, 1.95],
						"1.9167": [0, 0, 0.87],
						"1.9583": [0, 0, 0.22],
						"2.0": [0, 0, 0]
					}
				}
			}
		},
		"animation.mini_gun.muzzle_burst.vfx": {
			"loop": true,
			"animation_length": 0.08333,
			"particle_effects": {
				"0.0": [
					{
						"effect": "mini_gun.muzzle_burst",
						"locator": "mini_gun_muzzle_burst_fp"
					},
					{
						"effect": "muzzle.burst_1",
						"locator": "mini_gun_muzzle_fp"
					}
				]
			}
		},
		"animation.mini_gun.muzzle_burst.vfx2": {
			"loop": true,
			"animation_length": 0.08333,
			"particle_effects": {
				"0.0": [
					{
						"effect": "mini_gun.muzzle_burst_1",
						"locator": "mini_gun_muzzle_burst_fp"
					},
					{
						"effect": "muzzle.burst_1",
						"locator": "mini_gun_muzzle_fp"
					}
				]
			}
		}
	}
}