{
	"format_version": "1.8.0",
	"animations": {
		"animation.mini_gun_clip.scale.fp": {
			"loop": true,
			"bones": {
				"weapon_root": {
					"scale": [0.6, 0.6, 0.6]
				}
			}
		},
		"animation.mini_gun_clip.scale.tp": {
			"loop": true,
			"bones": {
				"weapon_root": {
					"scale": [0.65, 0.65, 0.65]
				}
			}
		},
		"animation.mini_gun_clip.draw.fp": {
			"loop": "hold_on_last_frame",
			"animation_length": 0.5,
			"bones": {
				"root": {
					"rotation": [180, 0, 180],
					"position": [2.5, 0.75, 2]
				},
				"rightArm": {
					"rotation": {
						"0.0": ["5+(math.cos(query.life_time * 103.2) * 2)", 0, 0],
						"0.375": ["-70+(math.cos(query.life_time * 103.2) * 2)", 0, 0]
					},
					"position": {
						"0.0": [-2, 0, 3],
						"0.375": [0, 0, 0]
					},
					"scale": 0.9
				},
				"weapon_root": {
					"position": [0, "(v.rpg_rocket_item || v.rpg_rocket_s_item || v.rpg_rocket_f_item || v.rpg_rocket_d_item || v.rpg_rocket_c_item) ? 0 : 1", 0]
				},
				"ammo": {
					"rotation": [79.17223, -19.84302, -60.60058],
					"position": [4, -1.5, 2]
				},
				"leftArm": {
					"rotation": ["variable.is_holding_left ? (-this * 0.5 - 18.0) : 0.0", 0, 0],
					"position": [164, -506, 473],
					"scale": 0
				},
				"scope": {
					"rotation": [88.28219, 1.35162, -49.79664],
					"position": [2.25, -1.8, -5.35],
					"scale": 1.1
				},
				"grip": {
					"position": [-1.75, 0.75, -0.5]
				}
			}
		},
		"animation.mini_gun_clip.draw.tp": {
			"loop": "hold_on_last_frame",
			"animation_length": 0.5,
			"bones": {
				"rightArm": {
					"rotation": {
						"0.0": ["44.767+(math.cos(query.life_time * 103.2) * 2)", -15.83984, -16.18939],
						"0.1667": [-22.83973, -14.10802, 41.70698],
						"0.375": ["-70+(math.cos(query.life_time * 103.2) * 2)", 0, 0]
					},
					"position": {
						"0.0": [0, 0, 3],
						"0.375": [0, 0, 0]
					}
				},
				"weapon_root": {
					"position": [0, 1, 0],
					"scale": {
						"0.0": [0, 0, 0],
						"0.125": [1, 1, 1]
					}
				},
				"ammo": {
					"rotation": [79.17223, -19.84302, -60.60058],
					"position": [4, -1.5, 2]
				},
				"leftArm": {
					"rotation": {
						"0.0": [-63.05907, 5.73576, -11.12501],
						"0.375": [19.71975, 3.40487, -16.90804]
					},
					"position": {
						"0.0": [0, 0, 0],
						"0.375": [0, 0, 0]
					}
				},
				"waist": {
					"rotation": {
						"0.0": [-4.07419, 19.46522, -15.87052],
						"0.2917": [0, 0, 0]
					},
					"position": {
						"0.0": [0, 0, 0],
						"0.2917": [0, 0, 0]
					}
				},
				"head": {
					"rotation": {
						"0.0": [13.08619, 17.07228, 3.90399],
						"0.4167": [0, 0, 0]
					}
				},
				"scope": {
					"rotation": [84.69241, -22.7035, -74.21322],
					"position": [2, -1.8, -4.6]
				},
				"grip": {
					"position": [0.5, 1.75, 0.75]
				}
			}
		},
		"animation.mini_gun_clip.hold.fp": {
			"loop": true,
			"bones": {
				"root": {
					"rotation": [180, 0, 180],
					"position": [2.5, 0.75, 2]
				},
				"rightArm": {
					"rotation": ["-70+(math.cos(query.life_time * 103.2) * 2)", 0, 0],
					"scale": 0.9
				},
				"weapon_root": {
					"position": [0, "(v.rpg_rocket_item || v.rpg_rocket_s_item || v.rpg_rocket_f_item || v.rpg_rocket_d_item || v.rpg_rocket_c_item) ? 0 : 1", 0]
				},
				"ammo": {
					"rotation": [79.17223, -19.84302, -60.60058],
					"position": [4, -1.5, 2]
				},
				"leftArm": {
					"rotation": ["variable.is_holding_left ? (-this * 0.5 - 18.0) : 0.0", 0, 0],
					"position": [0, 0, 5],
					"scale": 0.9
				},
				"scope": {
					"rotation": [88.28219, 1.35162, -49.79664],
					"position": [2.25, -1.8, -5.35],
					"scale": 1.1
				},
				"grip": {
					"position": [-1.75, 0.75, -0.5]
				}
			}
		},
		"animation.mini_gun_clip.hold.tp": {
			"loop": true,
			"bones": {
				"rightArm": {
					"rotation": ["-35+(math.cos(query.life_time * 103.2) * 2)+ v.tcos0*0.5", 0, 0]
				},
				"leftArm": {
					"rotation": ["0+(math.cos(query.life_time * 103.2) * 1)-v.tcos0", 0, "-7.5+(math.cos(query.life_time * 103.2) * 2)"]
				},
				"head": {
					"rotation": ["q.target_x_rotation", "q.target_y_rotation", 0]
				},
				"ammo": {
					"rotation": [79.17223, -19.84302, -60.60058],
					"position": [5.25, -0.75, 2]
				},
				"scope": {
					"rotation": [84.69241, -22.7035, -74.21322],
					"position": [2, -1.8, -4.6]
				},
				"grip": {
					"position": [0.5, 1.75, 0.75]
				}
			}
		},
		"animation.mini_gun_clip.attack": {
			"loop": true,
			"bones": {
				"rightArm": {
					"rotation": [
						"-(math.sin((1 - math.pow((1 - variable.attack_time), 4)) * 180) * 1.2 + math.sin(variable.attack_time * 180)) * 10.0",
						"-(math.sin((1 - math.pow((1 - variable.attack_time), 4)) * 180) * 1.2 + math.sin(variable.attack_time * 180)) * 10.0",
						"-(math.sin((1 - math.pow((1 - variable.attack_time), 4)) * 180) * 1.2 + math.sin(variable.attack_time * 180)) * 10.0"
					],
					"position": [
						0,
						"(math.sin((1 - math.pow((1 - variable.attack_time), 4)) * 180) * 1.2 + math.sin(variable.attack_time * 180)) * 1.0",
						"-(math.sin((1 - math.pow((1 - variable.attack_time), 4)) * 180) * 1.2 + math.sin(variable.attack_time * 180)) * 4.0"
					]
				}
			}
		},
		"animation.rpk_drum.scale.fp": {
			"loop": "hold_on_last_frame",
			"bones": {
				"weapon_root": {
					"rotation": [79.58386, -15.92305, -23.88952],
					"position": [2.25, 0.46905, -1.65461],
					"scale": 0.3
				},
				"bullet_group": {
					"scale": 0.9
				}
			}
		},
		"animation.rpk_drum.scale.tp": {
			"loop": "hold_on_last_frame",
			"bones": {
				"weapon_root": {
					"rotation": [75.31374, -17.38772, -18.2489],
					"position": [1.25, -0.75, -1.5],
					"scale": 0.25
				},
				"bullet_group": {
					"scale": 0.9
				}
			}
		},
		"animation.rpk_drum.swimming": {
			"loop": "hold_on_last_frame",
			"bones": {
				"drum_mag": {
					"rotation": [-82.63889, 3.33425, -19.66223],
					"position": [-0.67905, -10.73902, -0.01829]
				}
			}
		}
	}
}