{
	"format_version": "1.8.0",
	"animations": {
		"animation.mp5.after_burn": {
			"loop": "hold_on_last_frame",
			"animation_length": 2.79167,
			"bones": {
				"after_burn": {
					"position": {
						"0.0": [-1, -5, 1],
						"0.5833": [-1, -5, 1],
						"1.5417": [9, -8, -9]
					}
				}
			},
			"particle_effects": {
				"0.0": {
					"effect": "p90.after_burn",
					"locator": "mp5_muzzle"
				}
			}
		},
		"animation.mp5.shoot.0": {
			"loop": "hold_on_last_frame",
			"animation_length": 0.1667,
			"anim_time_update": "q.anim_time+q.delta_time",
			"bones": {
				"root": {
					"position": {
						"0.0": [0, 0, 0],
						"0.0417": [0, 0, 0.2],
						"0.125": [0, 0, 0]
					}
				},
				"rightArm": {
					"position": {
						"0.0": [0, 0, 0],
						"0.0417": [-0.25, 0, 1],
						"0.125": [0, 0, 0]
					}
				},
				"leftArm": {
					"rotation": {
						"0.0": [0, 0, 0],
						"0.0417": [0, 0, 2.5],
						"0.125": [0, 0, 0]
					},
					"position": {
						"0.0": [0, 0, 0],
						"0.0417": [0, 0, 1.2],
						"0.125": [0, 0, 0]
					}
				},
				"ejector": {
					"position": {
						"0.0": [0, 0, 0],
						"0.0417": [0, 0, 6],
						"0.1667": [0, 0, 0]
					}
				}
			},
			"particle_effects": {
				"0.0": [
					{
						"effect": "p90.muzzle_flash",
						"locator": "mp5_muzzle"
					},
					{
						"effect": "p90.muzzle_glow",
						"locator": "mp5_muzzle"
					},
					{
						"effect": "p90.muzzle_flash_1",
						"locator": "mp5_muzzle"
					},
					{
						"effect": "p90.muzzle_burst_1",
						"locator": "mp5_muzzle"
					},
					{
						"effect": "fire_burst.small2",
						"locator": "mp5_muzzle"
					},
					{
						"effect": "white.muzzle.smoke",
						"locator": "mp5_muzzle"
					}
				],
				"0.0417": [
					{
						"effect": "casing_small",
						"locator": "mp5_ejection_port"
					},
					{
						"effect": "p90.muzzle_smoke",
						"locator": "mp5_muzzle"
					}
				]
			}
		},
		"animation.mp5.shoot.1": {
			"loop": "hold_on_last_frame",
			"animation_length": 0.1667,
			"anim_time_update": "q.anim_time+q.delta_time",
			"bones": {
				"root": {
					"position": {
						"0.0": [0, 0, 0],
						"0.0417": [0, 0, 0.2],
						"0.125": [0, 0, 0]
					}
				},
				"rightArm": {
					"rotation": {
						"0.0": [0, 0, 0],
						"0.0417": [0, 0, 0],
						"0.125": [0, 0, 0]
					},
					"position": {
						"0.0": [0, 0, 0],
						"0.0417": [-0.35, 0, 1],
						"0.125": [0, 0, 0]
					}
				},
				"leftArm": {
					"rotation": {
						"0.0": [0, 0, 0],
						"0.0417": [0, 3, 0],
						"0.125": [0, 0, 0]
					},
					"position": {
						"0.0": [0, 0, 0],
						"0.0417": [0, 0, 1.2],
						"0.125": [0, 0, 0]
					}
				},
				"ejector": {
					"position": {
						"0.0": [0, 0, 0],
						"0.0417": [0, 0, 6],
						"0.1667": [0, 0, 0]
					}
				}
			},
			"particle_effects": {
				"0.0": [
					{
						"effect": "p90.muzzle_flash",
						"locator": "mp5_muzzle"
					},
					{
						"effect": "p90.muzzle_glow",
						"locator": "mp5_muzzle"
					},
					{
						"effect": "p90.muzzle_flash_1",
						"locator": "mp5_muzzle"
					},
					{
						"effect": "p90.muzzle_burst_1",
						"locator": "mp5_muzzle"
					},
					{
						"effect": "fire_burst.small2",
						"locator": "mp5_muzzle"
					},
					{
						"effect": "white.muzzle.smoke",
						"locator": "mp5_muzzle"
					}
				],
				"0.0417": [
					{
						"effect": "casing_small",
						"locator": "mp5_ejection_port"
					},
					{
						"effect": "p90.muzzle_smoke",
						"locator": "mp5_muzzle"
					}
				]
			}
		},
		"animation.mp5.shoot_sup.0": {
			"loop": "hold_on_last_frame",
			"animation_length": 0.1667,
			"anim_time_update": "q.anim_time+q.delta_time",
			"bones": {
				"root": {
					"position": {
						"0.0": [0, 0, 0],
						"0.0417": [0, 0, 0.2],
						"0.125": [0, 0, 0]
					}
				},
				"rightArm": {
					"position": {
						"0.0": [0, 0, 0],
						"0.0417": [-0.25, 0, 1],
						"0.125": [0, 0, 0]
					}
				},
				"leftArm": {
					"rotation": {
						"0.0": [0, 0, 0],
						"0.0417": [0, 0, 2.5],
						"0.125": [0, 0, 0]
					},
					"position": {
						"0.0": [0, 0, 0],
						"0.0417": [0, 0, 1.2],
						"0.125": [0, 0, 0]
					}
				},
				"ejector": {
					"position": {
						"0.0": [0, 0, 0],
						"0.0417": [0, 0, 6],
						"0.1667": [0, 0, 0]
					}
				}
			},
			"particle_effects": {
				"0.0": [
					{
						"effect": "white.muzzle.smoke",
						"locator": "mp5_sup_muzzle"
					}
				],
				"0.0417": [
					{
						"effect": "casing_small",
						"locator": "mp5_ejection_port"
					},
					{
						"effect": "p90.muzzle_smoke",
						"locator": "mp5_sup_muzzle"
					}
				]
			}
		},
		"animation.mp5.shoot_sup.1": {
			"loop": "hold_on_last_frame",
			"animation_length": 0.1667,
			"anim_time_update": "q.anim_time+q.delta_time",
			"bones": {
				"root": {
					"position": {
						"0.0": [0, 0, 0],
						"0.0417": [0, 0, 0.2],
						"0.125": [0, 0, 0]
					}
				},
				"rightArm": {
					"rotation": {
						"0.0": [0, 0, 0],
						"0.0417": [0, 0, 0],
						"0.125": [0, 0, 0]
					},
					"position": {
						"0.0": [0, 0, 0],
						"0.0417": [-0.35, 0, 1],
						"0.125": [0, 0, 0]
					}
				},
				"leftArm": {
					"rotation": {
						"0.0": [0, 0, 0],
						"0.0417": [0, 3, 0],
						"0.125": [0, 0, 0]
					},
					"position": {
						"0.0": [0, 0, 0],
						"0.0417": [0, 0, 1.2],
						"0.125": [0, 0, 0]
					}
				},
				"ejector": {
					"position": {
						"0.0": [0, 0, 0],
						"0.0417": [0, 0, 6],
						"0.1667": [0, 0, 0]
					}
				}
			},
			"particle_effects": {
				"0.0": [
					{
						"effect": "white.muzzle.smoke",
						"locator": "mp5_sup_muzzle"
					}
				],
				"0.0417": [
					{
						"effect": "casing_small",
						"locator": "mp5_ejection_port"
					},
					{
						"effect": "p90.muzzle_smoke",
						"locator": "mp5_sup_muzzle"
					}
				]
			}
		},
		"animation.mp5.scale.tp": {
			"loop": "hold_on_last_frame",
			"bones": {
				"weapon_root": {
					"position": [0.5, -0.7, 0.15],
					"scale": 0.55
				}
			}
		},
		"animation.mp5.hold.fp": {
			"loop": true,
			"bones": {
				"rightArm": {
					"rotation": [-77.57441, -50.38101, 6.63344],
					"position": [-3.5, 0.5, 0.75],
					"scale": 0.9
				},
				"weapon_root": {
					"rotation": [0, -10, 0],
					"position": [0, 0, 0]
				},
				"leftArm": {
					"rotation": [-66.09656, 9.12873, 3.96215],
					"position": [-0.5, -0.25, -2.5],
					"scale": 0.8
				},
				"root": {
					"rotation": [-180, 0, -180],
					"position": [1, 0, 2]
				}
			}
		},
		"animation.mp5.hold.tp": {
			"loop": true,
			"anim_time_update": "q.anim_time+q.delta_time",
			"bones": {
				"rightArm": {
					"rotation": ["-69.70056+(v.tcos0*3.5)*q.delta_time", -43.37107, 4.52175],
					"position": ["-1+(v.tcos0*0.25)*q.delta_time", "(v.tcos0*0.1)*q.delta_time", -1]
				},
				"weapon_root": {
					"rotation": ["0+(v.tcos0*1.15)*q.delta_time", -10, 0]
				},
				"body": {
					"position": [
						"0+math.sin(-query.walk_distance * 220.0) * variable.hand_bob * 2.75",
						"0-math.abs(math.cos(-query.walk_distance * 220.0)) * variable.hand_bob * 1.0 + variable.short_arm_offset_left",
						0
					]
				},
				"leftArm": {
					"rotation": ["-62.24687+(v.tcos0*8.5)*q.delta_time", 9.53274, 3.03513],
					"position": ["0+(v.tcos0*0.25)*q.delta_time", "-0.5+(v.tcos0*0.1)*q.delta_time", -2]
				},
				"waist": {
					"rotation": ["(math.cos(query.life_time * 250) * 0.2)", 0, 0],
					"position": [0, "-0.15+(variable.tcos0*0.005)", 0]
				},
				"rightLeg": {
					"rotation": ["(v.tcos0*0.8)", 0, 0],
					"position": [0, "0-(v.tcos0*0.0175)", "0+(v.tcos0*0.015)"]
				},
				"leftLeg": {
					"rotation": ["-(v.tcos0*0.8)", 0, 0],
					"position": [0, "0+(v.tcos0*0.0175)", "0-(v.tcos0*0.015)"]
				},
				"clip2": {
					"position": [22.56, -16.05, 5.11],
					"scale": {
						"0.0": {
							"pre": [0, 0, 0],
							"post": [0, 0, 0]
						}
					}
				}
			}
		},
		"animation.mp5.ads.fp": {
			"loop": "hold_on_last_frame",
			"animation_length": 0.25,
			"anim_time_update": "q.anim_time+q.delta_time",
			"bones": {
				"root": {
					"rotation": [-185.13242, -17.97856, -179.49681],
					"position": [-3.7195, 0.2625, 1.85]
				},
				"waist": {
					"rotation": [10, 0, 0],
					"position": [0, -0.25, 0]
				},
				"rightArm": {
					"rotation": [-95, -17.461, 1.12397],
					"position": [1.32635, 0.21875, 3.00677],
					"scale": 0.9
				},
				"weapon_root": {
					"rotation": [0, 0, 0],
					"position": [-0.51609, 0.23848, 0.09451]
				},
				"leftArm": {
					"rotation": [-103.77149, 9.06205, -18.41964],
					"position": [-3.81563, 1.22795, -3.42928],
					"scale": 0.8
				},
				"muzzle_particles": {
					"position": [0, 0.75, -0.5]
				}
			},
			"timeline": {
				"0.1667": "v.blur = 1;"
			}
		},
		"animation.mp5.ads.tp": {
			"loop": true,
			"bones": {
				"root": {
					"rotation": [0, "1+q.target_y_rotation", 0]
				},
				"waist": {
					"rotation": [
						"7.4269+(math.clamp(q.target_x_rotation, -10, 10))+(variable.tcos0*0.05)+(math.cos(query.life_time * 350) * 0.1)",
						"18.2761+(math.cos(query.life_time * 350) * 0.05)",
						2.8815
					],
					"position": [0, "-0.25+(variable.tcos0*0.025)", 0]
				},
				"head": {
					"rotation": ["1.8325+(math.clamp(q.target_x_rotation, -40, 40))", -5.26683, -14.04076]
				},
				"rightArm": {
					"rotation": ["-95.348+(math.clamp(q.target_x_rotation, -20, 20))", -22.93792, 1.66054],
					"position": [-0.67365, "v.sp88 ? -0.5 : 0.4688", 2.00677]
				},
				"leftArm": {
					"rotation": [
						"-109.3966+(math.clamp((q.target_x_rotation*1.45), -30, 30))",
						"v.sp88 ? 5 -(math.clamp(q.target_x_rotation, 0, -20)) : 12.8053-(math.clamp(q.target_x_rotation, 0, -20))",
						"v.sp88 ? -30+(math.clamp(q.target_x_rotation, 5, 10)) : -38.4387+(math.clamp(q.target_x_rotation, 5, 10))"
					],
					"position": [-0.56563, "v.sp88 ? -0.35 : 0.7279", -4.17928]
				},
				"rightLeg": {
					"rotation": ["15+v.tcos0", 6, 4],
					"position": [0, 0.25, 2.5]
				},
				"leftLeg": {
					"rotation": ["-2-v.tcos0", 0, 0],
					"position": [0, 0, -2]
				},
				"clip2": {
					"scale": {
						"0.0": {
							"pre": [0, 0, 0],
							"post": [0, 0, 0]
						}
					}
				}
			}
		},
		"animation.mp5.draw.fp": {
			"loop": "hold_on_last_frame",
			"animation_length": 1.375,
			"bones": {
				"root": {
					"rotation": {
						"0.0": [-180, 0, -180],
						"0.125": [-180, 0, -180],
						"0.375": [-180, 5, -180],
						"0.6667": [-180, 5, -180],
						"0.8333": [-180, 5, -180],
						"1.2083": [-180, 0, -180]
					},
					"position": {
						"0.0": [2, -56, -29],
						"0.125": [2, 0, 2],
						"0.375": [2, -0.5, 1],
						"0.6667": [2, -0.5, 1],
						"0.8333": [2, -0.5, 1],
						"1.2083": [1, -0.5, 2]
					},
					"scale": {
						"0.0": [0, 0, 0],
						"0.0833": [1, 1, 1]
					}
				},
				"rightArm": {
					"rotation": {
						"0.0": [22.5, 35.1, 72.68],
						"0.375": [-105.48493, -34.67343, 15.2009],
						"0.4167": [-105.48493, -34.67343, 15.2009],
						"0.5417": [-97.14721, -36.32459, 4.33239],
						"0.6667": [-97.14721, -36.32459, 4.33239],
						"0.8333": [-103.00317, -35.66676, 10.4603],
						"0.9583": [-103.00317, -35.66676, 10.4603],
						"1.3333": [-77.57441, -50.38101, 6.63344]
					},
					"position": {
						"0.0": [-4.15, -6, 6],
						"0.375": [-1.75, -1, 3.25],
						"0.4167": [-1.75, -1, 3.25],
						"0.5417": [-1.75, -1, 3.25],
						"0.6667": [-1.75, -1, 3.25],
						"0.8333": [-1.75, -1, 3.25],
						"0.9583": [-1.75, -1, 3.25],
						"1.3333": [-3.5, 0.5, 0.75]
					},
					"scale": 0.9
				},
				"weapon_root": {
					"rotation": {
						"0.0": [0, 0, 0],
						"0.375": [0, 0, 0],
						"0.5417": [-4.00974, -3.99024, 0.27948],
						"0.6667": [-4.00974, -3.99024, 0.27948],
						"0.7917": [-5.04, -7.69, -1.83],
						"0.9583": [0, 0, 0],
						"1.3333": [0, -10, 0]
					},
					"position": {
						"0.0": [0, 0, 0],
						"0.375": [0.5, 0, 0],
						"0.5417": [0.5, 0, 0],
						"0.6667": [0.5, 0, 0],
						"0.9583": [0.5, 0, 0],
						"1.3333": [0, 0, 0]
					}
				},
				"leftArm": {
					"rotation": {
						"0.1667": [0, 0, 0],
						"0.2083": [-49.26926, 13.35981, -15.02126],
						"0.25": [-79.67628, 32.02538, -26.60593],
						"0.375": [-105.07509, -14.62258, -50.2461],
						"0.5417": [-126.43362, -20.08433, -69.70763],
						"0.6667": [-126.00304, -21.84667, -72.30772],
						"0.8333": [-105.90249, -23.29722, -47.70718],
						"1.0": [-100.79989, -7.61079, -13.26123],
						"1.3333": [-66.09656, 9.12873, 3.96215]
					},
					"position": {
						"0.0": [0, 0, -2],
						"0.2083": [0, 0, -1],
						"0.25": [0, 1, -3],
						"0.375": [1.25, 2.75, -4],
						"0.5417": [0.8, 2.55, -2.4],
						"0.6667": [0.8, 2.55, -2.4],
						"0.8333": [1.25, 2.75, -4],
						"1.0417": [1.25, 2.75, -1],
						"1.3333": [-0.5, -0.25, -2.5]
					},
					"scale": 0.65
				},
				"bolt": {
					"position": {
						"0.375": [0, 0, 0],
						"0.5417": [0, 0, 7.5],
						"0.6667": [0, 0, 7.5],
						"0.8333": [0, 0, 0]
					}
				}
			}
		},
		"animation.mp5.draw.tp": {
			"loop": "hold_on_last_frame",
			"animation_length": 1.375,
			"bones": {
				"rightArm": {
					"rotation": {
						"0.0": [38.10286, -1.52188, -17.94687],
						"0.375": [-106.52743, -39.48002, 16.92849],
						"0.4167": [-106.52743, -39.48002, 16.92849],
						"0.5417": {
							"pre": [-110.36526, -30.02007, 24.03441],
							"post": [-110.36526, -30.02007, 24.03441],
							"lerp_mode": "catmullrom"
						},
						"0.625": {
							"post": [-116.91982, -27.3776, 31.42671],
							"lerp_mode": "catmullrom"
						},
						"0.7083": {
							"post": [-104.15268, -34.4685, 16.39554],
							"lerp_mode": "catmullrom"
						},
						"0.9167": {
							"post": [-104.15268, -34.4685, 16.39554],
							"lerp_mode": "catmullrom"
						},
						"1.25": [-69.70056, -43.37107, 4.52175]
					},
					"position": {
						"0.0": [-0.15, 0, 1],
						"0.25": [-0.97, 0, -0.83],
						"0.375": [-1.25, -1, -0.25],
						"0.4167": [-1.25, -1, -0.25],
						"0.5417": {
							"pre": [-1.75, -1, -0.75],
							"post": [-1.75, -1, -0.75],
							"lerp_mode": "catmullrom"
						},
						"0.7083": {
							"post": [-1.25, -1, -0.75],
							"lerp_mode": "catmullrom"
						},
						"0.9167": {
							"post": [-1.25, -1, -0.75],
							"lerp_mode": "catmullrom"
						},
						"1.25": [-1, 0, -1]
					}
				},
				"weapon_root": {
					"rotation": {
						"0.0": [0, 0, 0],
						"0.375": [-1.73862, -6.89546, -7.05632],
						"0.4167": [-1.73862, -6.89546, -7.05632],
						"0.5417": {
							"pre": [-8.63159, -4.75743, -4.67579],
							"post": [-8.63159, -4.75743, -4.67579],
							"lerp_mode": "catmullrom"
						},
						"0.625": {
							"post": [-7.25147, -1.49625, 0.10486],
							"lerp_mode": "catmullrom"
						},
						"0.75": {
							"post": [-4.01, -3.99, 0.28],
							"lerp_mode": "catmullrom"
						},
						"0.875": {
							"post": [-6.00087, -0.99732, 0.07027],
							"lerp_mode": "catmullrom"
						},
						"1.25": [0, -10, 0]
					},
					"position": {
						"0.0": [0, 0, 0],
						"0.375": [0.5, 0, 0],
						"0.4167": [0.5, 0, 0],
						"0.5417": [0.5, 0, 0],
						"0.75": [0.5, 0, 0],
						"1.25": [0, 0, 0]
					},
					"scale": {
						"0.0833": [0, 0, 0],
						"0.125": [1, 1, 1]
					}
				},
				"leftArm": {
					"rotation": {
						"0.0": [-107.50799, 17.81242, -36.59195],
						"0.1667": [-92.37432, -8.34846, -19.67261],
						"0.375": [-94.60062, -22.97624, -25.86584],
						"0.4167": [-94.60062, -22.97624, -25.86584],
						"0.5417": [-114.20803, -27.42147, -73.34949],
						"0.625": [-126.7677, -27.76062, -71.00318],
						"0.6667": [-126.54124, -25.88622, -69.09729],
						"0.75": [-108.06471, -16.33718, -55.18451],
						"0.875": [-102.27668, -22.24469, -46.22763],
						"1.25": [-62.24687, 9.53274, 3.03513]
					},
					"position": {
						"0.0": [0, 0, -2],
						"0.1667": [0, 0, -2],
						"0.375": [1, 1.5, -2],
						"0.4167": [1, 1.5, -2],
						"0.5417": [1.8, 1.3, -1.65],
						"0.6667": [1.8, 1.3, -1.65],
						"0.875": [0.61553, 1.5, -3.77895],
						"1.25": [0, -0.5, -2]
					}
				},
				"bolt": {
					"position": {
						"0.375": [0, 0, 0],
						"0.5417": [0, 0, 7.5],
						"0.6667": [0, 0, 7.5],
						"0.8333": [0, 0, 0]
					}
				},
				"waist": {
					"rotation": {
						"0.0": [-1.7208, 19.81593, -12.97989],
						"0.25": [0, 0, 0],
						"0.375": [0.6574, -7.4713, -5.04292],
						"0.5417": [-1.19908, 0.11274, -10.02264],
						"0.75": [0, 5, 0],
						"1.25": [0, 0, 0]
					}
				},
				"head": {
					"rotation": {
						"0.0": [27.97532, 19.82169, 2.71994],
						"0.2917": [14.44164, 3.25344, -5.8245],
						"0.4167": [11.48996, -20.55923, -9.26052],
						"0.625": [4.74628, -20.99272, -7.06544],
						"0.875": [12.98379, -20.34425, -3.89486],
						"1.25": [0, 0, 0]
					}
				}
			}
		},
		"animation.mp5.pre_hipfire.fp": {
			"loop": "hold_on_last_frame",
			"bones": {
				"root": {
					"rotation": [-181.01328, -19.13951, -181.4063],
					"position": [-1.05, -1.5, 2.25]
				},
				"waist": {
					"rotation": [10, 0, 0],
					"position": [0, -0.25, 0]
				},
				"rightArm": {
					"rotation": [-95.16248, -17.461, 1.12397],
					"position": [0.12635, 0.21875, 6.50677],
					"scale": 0.9
				},
				"weapon_root": {
					"rotation": [0, 0, 0],
					"position": [-0.51609, 0.23848, 0.09451]
				},
				"leftArm": {
					"rotation": [-102.23643, 9.07369, -23.75339],
					"position": [-4.31563, 1.72795, -0.17928],
					"scale": 0.8
				},
				"muzzle_particles": {
					"position": [0, -1, -0.25]
				}
			}
		},
		"animation.mp5.pre_hipfire.tp": {
			"loop": true,
			"bones": {
				"root": {
					"rotation": [0, "1+q.target_y_rotation", 0]
				},
				"waist": {
					"rotation": [
						"7.4269+(math.clamp(q.target_x_rotation, -10, 10))+(variable.tcos0*0.015)+(math.cos(query.life_time * 350) * 0.1)",
						"18.2761+(math.cos(query.life_time * 350) * 0.05)",
						2.88151
					],
					"position": [0, -0.25, 0]
				},
				"head": {
					"rotation": ["-5+(math.clamp(q.target_x_rotation, -40, 40))", -20, 0]
				},
				"rightArm": {
					"rotation": ["-95.348+(math.clamp(q.target_x_rotation, -20, 20))", -22.93792, 1.66054],
					"position": [-0.67365, -0.53125, 1.00677]
				},
				"leftArm": {
					"rotation": [
						"-109.3241+(math.clamp((q.target_x_rotation*1.45), -30, 30))",
						"11.8618-(math.clamp(q.target_x_rotation, 0, -20))",
						"-38.0993+(math.clamp(q.target_x_rotation, 5, 10))"
					],
					"position": [-1.31563, -0.27205, -4.17928]
				},
				"rightLeg": {
					"rotation": [15, 6, 4],
					"position": [0, 0.25, 0.5]
				},
				"leftLeg": {
					"rotation": [-2, 0, 0],
					"position": [0, 0, -1.5]
				},
				"muzzle": {
					"position": [0, "v.sp88 ? 0 : -2", "v.sp88 ? 0 : -1"]
				}
			}
		},
		"animation.mp5.shoot": {
			"loop": "hold_on_last_frame",
			"animation_length": 0.125,
			"anim_time_update": "q.anim_time+q.delta_time",
			"bones": {
				"root": {
					"rotation": {
						"0.0": [0, 0, 0],
						"0.0417": [0, 1, 0],
						"0.0833": [0, 0, 0]
					}
				},
				"rightArm": {
					"rotation": {
						"0.0": [0, 0, 0],
						"0.0417": [0, 1.5, 0],
						"0.0833": [0, 0, 0]
					},
					"position": {
						"0.0": [0, 0, 0],
						"0.0417": [0, 0, 0.35],
						"0.0833": [0, 0, 0]
					}
				},
				"leftArm": {
					"rotation": {
						"0.0": [0, 0, 0],
						"0.0417": [-1, 0, 1],
						"0.0833": [0, 0, 0]
					}
				},
				"ejector": {
					"position": {
						"0.0": [0, 0, 1],
						"0.0833": [0, 0, 0]
					}
				}
			},
			"particle_effects": {
				"0.0": [
					{
						"effect": "p90.muzzle_flash",
						"locator": "mp5_muzzle"
					},
					{
						"effect": "p90.muzzle_glow",
						"locator": "mp5_muzzle"
					},
					{
						"effect": "p90.muzzle_burst",
						"locator": "mp5_muzzle"
					},
					{
						"effect": "p90.muzzle_flash_1",
						"locator": "mp5_muzzle"
					},
					{
						"effect": "p90.muzzle_burst_1",
						"locator": "mp5_muzzle"
					},
					{
						"effect": "fire_burst.small",
						"locator": "mp5_muzzle"
					}
				],
				"0.0417": [
					{
						"effect": "casing_small",
						"locator": "mp5_ejection_port"
					},
					{
						"effect": "p90.muzzle_smoke",
						"locator": "mp5_muzzle"
					}
				]
			}
		},
		"animation.mp5.reload.fp": {
			"loop": "hold_on_last_frame",
			"animation_length": 2.9167,
			"anim_time_update": "q.anim_time+q.delta_time",
			"bones": {
				"root": {
					"rotation": {
						"0.0": [-180, 0, -180],
						"0.375": [-180, 2.5, -180],
						"0.4167": [-180, 2.5, -180],
						"0.75": [-180, 2.5, -180],
						"0.9167": [-180, 2.5, -180],
						"1.1667": [-180, 2.5, -180],
						"2.0833": [-180, 2.5, -180],
						"2.5": [-180, 0, -180],
						"2.5833": [-180, 0, -180]
					},
					"position": {
						"0.0": [1, 0, 1.25],
						"0.375": [2, 0, 0.25],
						"0.4167": [2, 0, 0.25],
						"0.75": [2, 0, 0.25],
						"0.9167": [2, 0, 0.25],
						"1.1667": [2, 0, 0.25],
						"2.0833": [2, 0, 0.25],
						"2.5": [2, 0, 1.25],
						"2.5833": [2, 0, 1.25]
					}
				},
				"waist": {
					"rotation": {
						"0.0": [10, 0, 0],
						"1.1667": [10, 0, 0],
						"1.2083": [9.00135, 0.98769, 0.15645],
						"1.3333": [10, 0, 0],
						"2.0833": [10, 0, 0],
						"2.1667": [9.75233, 1.23101, 0.21709],
						"2.2917": [10, 0, 0],
						"2.5833": [10, 0, 0]
					},
					"position": {
						"0.0": [0, -0.25, 0],
						"2.5833": [0, -0.25, 0]
					}
				},
				"rightArm": {
					"rotation": {
						"0.0": [-105.49557, -15.02183, 11.22703],
						"0.375": [-105.48493, -34.67343, 15.2009],
						"0.4167": [-105.48, -34.67, 15.2],
						"0.5417": [-97.05794, -35.33226, 4.17989],
						"0.625": [-96.04813, -36.49695, 2.48085],
						"0.7083": [-97.14721, -36.32459, 4.33239],
						"0.75": [-97.15, -36.32, 4.33],
						"0.9167": [-101.33, -34.69, 0.52],
						"1.0833": [-105.51985, -33.06071, -3.29991],
						"1.1667": [-105.52, -33.06, -3.3],
						"1.4167": [-97.83585, -35.80089, -21.20733],
						"1.625": [-97.84, -35.8, -21.21],
						"2.0833": [-105.52, -33.06, -3.3],
						"2.1667": [-106.52, -33.06, -3.3],
						"2.2917": [-105.52, -33.06, -3.3],
						"2.5": [-103.54814, -29.17606, 12.83304],
						"2.5833": [-103.54814, -29.17606, 12.83304],
						"2.7083": [-107.40987, -28.30227, 16.69806],
						"2.7917": [-106.68801, -23.80287, 22.23544],
						"2.9167": [-108.68801, -23.80287, 22.23544]
					},
					"position": {
						"0.0": [0.32635, 0.21875, 3.00677],
						"0.375": [-1.75, -1, 3.25],
						"0.4167": [-1.75, -1, 3.25],
						"0.5417": [-1.75, -1, 3.25],
						"0.7083": [-1.75, -1, 3.25],
						"0.75": [-1.75, -1, 3.25],
						"0.9167": [-1.75, -1, 3.25],
						"1.1667": [-1.75, -1, 3.25],
						"1.625": [-1.75, -1, 3.25],
						"2.0833": [-1.75, -1, 3.25],
						"2.2917": [-1.75, -1, 3.25],
						"2.5": [-0.75, -1, 3.25],
						"2.5833": [-0.75, -1, 3.25],
						"2.7083": [-0.75, -1, 4]
					},
					"scale": 0.9
				},
				"weapon_root": {
					"rotation": {
						"0.0": [0, 0, 0],
						"0.375": [0, 0, 0],
						"0.4167": [0, 0, 0],
						"0.5417": {
							"pre": [-4.00974, -3.99024, 0.27948],
							"post": [-4.00974, -3.99024, 0.27948],
							"lerp_mode": "catmullrom"
						},
						"0.625": {
							"post": [-7.25147, -1.49625, 0.10486],
							"lerp_mode": "catmullrom"
						},
						"0.75": {
							"post": [-4.01, -3.99, 0.28],
							"lerp_mode": "catmullrom"
						},
						"0.8333": {
							"post": [-6.00087, -0.99732, 0.07027],
							"lerp_mode": "catmullrom"
						},
						"0.9167": [-4.01, -3.99, 0.28],
						"1.1667": [-4.01, -3.99, 0.28],
						"1.2917": [-8.01, -3.99, 0.28],
						"1.4167": [-4.01, -3.99, 0.28],
						"1.625": [-4.01, -3.99, 0.28],
						"2.0833": [-4.01, -3.99, 0.28],
						"2.1667": {
							"pre": [-8.01, -3.99, 0.28],
							"post": [-8.01, -3.99, 0.28],
							"lerp_mode": "catmullrom"
						},
						"2.3333": {
							"post": [-2.50545, 2.00426, 0.01756],
							"lerp_mode": "catmullrom"
						},
						"2.5": {
							"post": [-4.01, -3.99, 0.28],
							"lerp_mode": "catmullrom"
						},
						"2.5833": [-4.01, -3.99, 0.28],
						"2.7083": [-4.01, -3.99, 0.28],
						"2.7917": [-1.01, -3.99, 0.28],
						"2.8333": [1.49, -3.99, 0.28],
						"2.9167": [-1.01, -3.99, 0.28]
					},
					"position": {
						"0.0": [-0.51609, 0.23848, 0.09451],
						"0.375": [0.5, 0, 0],
						"0.4167": [0.5, 0, 0],
						"0.5417": [0.5, 0, 0],
						"0.75": [0.5, 0, 0],
						"0.9167": [0.5, 0, 0],
						"1.1667": [0.5, 0, 0],
						"1.2917": [0.5, 0, 0],
						"1.4167": [0.5, 0, 0],
						"1.625": [0.5, 0, 0],
						"2.0833": [0.5, 0, 0],
						"2.5": [0.5, 0, 0],
						"2.5833": [0.5, 0, 0],
						"2.7083": [0.5, 0, 0]
					}
				},
				"leftArm": {
					"rotation": {
						"0.0": [-97.84802, 8.95707, -6.75368],
						"0.375": [-105.31681, -16.99665, -60.34399],
						"0.4167": [-105.32, -17, -60.34],
						"0.5417": [-126.43362, -20.08433, -69.70763],
						"0.625": [-126.7677, -27.76062, -71.00318],
						"0.6667": [-126.54124, -25.88622, -69.09729],
						"0.9167": [-126.94268, 1.12967, -54.91005],
						"1.0833": [-127.64977, 40.82055, -43.35858],
						"1.1667": [-127.65, 40.82, -43.36],
						"1.375": [-76.71982, 27.86928, -25.69822],
						"1.5833": [0, 0, 0],
						"1.625": [0, 0, 0],
						"2.0833": [-122.65, 40.82, -43.36],
						"2.1667": [-132.091, 35.09755, -52.18394],
						"2.25": [-122.65, 40.82, -43.36],
						"2.5": [-138.64423, 4.34526, -40.69501],
						"2.5833": [-147.74444, 0.12329, -43.37377],
						"2.7083": [-164.17451, -11.09733, -46.4843],
						"2.7917": [-105.81078, 5.33483, -34.17642],
						"2.9167": [-108.52515, -1.3969, -15.9249]
					},
					"position": {
						"0.0": [-0.56563, 1.0543, -2.69447],
						"0.375": [2.25, 2.75, -3],
						"0.4167": [2.25, 2.75, -3],
						"0.5417": [1.8, 2.3, -1.65],
						"0.6667": [1.55, 1.55, -1.65],
						"0.9167": [2.8, 1.55, -0.4],
						"1.0833": [-0.45, 1.55, -1.65],
						"1.1667": [-0.45, 1.55, -1.65],
						"1.375": [0.55, 0.55, -1.65],
						"1.5833": [0, 0, 0],
						"1.625": [0, 0, 0],
						"2.0833": [-0.45, 1.55, -1.65],
						"2.25": [-0.45, 1.55, -1.65],
						"2.5": [2.8, 1.55, -0.4],
						"2.5833": [2.3, 2.05, -0.4],
						"2.7083": [2.3, 1.8, -0.4],
						"2.7917": [2.3, 1.55, -0.9]
					},
					"scale": 0.8
				},
				"muzzle_particles": {
					"position": [0, 0.75, -0.5]
				},
				"clip": {
					"rotation": {
						"1.1667": [0, 0, 0],
						"1.375": [29.69586, -18.08724, -25.27134],
						"1.5": [55.86893, -16.13972, -65.44977],
						"1.5833": [74.6468, 20.67218, -71.81244],
						"1.625": [74.6468, 20.67218, -71.81244],
						"1.8333": [47.1499, -16.32586, -57.29833],
						"1.9167": [25.98027, -26.70101, -36.56203],
						"2.0": [0.49013, -13.35051, -18.28101],
						"2.0417": [0.30594, 0.55168, -3.41957],
						"2.0833": [0, 0, 0]
					},
					"position": {
						"1.1667": [0, 0, 0],
						"1.2083": [0.25, -2.04, -0.35],
						"1.375": [1.5, -12.25, -4.5],
						"1.5": [5.6, -19.55, -2.4],
						"1.5833": [7.5, -22.75, 5.25],
						"1.625": [7.5, -22.75, 5.25],
						"1.8333": [4.33, -13.61, -4.17],
						"1.9167": [2.16, -8.8, -4.08],
						"2.0417": [0.04, -2.2, -0.52],
						"2.0833": [0, 0, 0]
					}
				},
				"release": {
					"rotation": {
						"1.1667": [0, 0, 0],
						"1.2083": [-40, 0, 0],
						"2.0417": [-40, 0, 0],
						"2.125": [0, 0, 0]
					}
				},
				"bolt": {
					"rotation": {
						"0.5417": [0, 0, 0],
						"0.625": [0, 0, -22.5],
						"0.75": [0, 0, -22.5],
						"1.1667": [0, 0, -22.5],
						"2.0": [0, 0, -22.5],
						"2.7083": [0, 0, -22.5],
						"2.75": [0, 0, 0],
						"2.7917": [0, 0, 0]
					},
					"position": {
						"0.4167": [0, 0, 0],
						"0.5417": [0, 0, 7],
						"0.625": [0, 0, 7],
						"0.75": [0, 0, 7],
						"1.1667": [0, 0, 7],
						"2.0": [0, 0, 7],
						"2.7083": [0, 0, 7],
						"2.7917": [0, 0, 0]
					}
				},
				"bullets": {
					"scale": {
						"0.0": {
							"pre": [0, 0, 0],
							"post": [0, 0, 0]
						},
						"1.7083": {
							"pre": [0, 0, 0],
							"post": [1, 1, 1]
						}
					}
				}
			}
		},
		"animation.mp5.reload_1.fp": {
			"loop": "hold_on_last_frame",
			"animation_length": 1.625,
			"anim_time_update": "q.anim_time+q.delta_time",
			"bones": {
				"root": {
					"rotation": {
						"0.0": [-180, 0, -180],
						"0.1667": [-180, 0, -180],
						"1.0833": [-180, 0, -180],
						"1.5": [-180, 0, -180]
					},
					"position": {
						"0.0": [2, 0, 1.25],
						"0.1667": [2, 0, 1.25],
						"1.0833": [2, 0, 1.25],
						"1.5": [2, 0, 1.25]
					}
				},
				"waist": {
					"rotation": {
						"0.0": [10, 0, 0],
						"0.1667": [10, 0, 0],
						"0.2083": [9.00135, 0.98769, 0.15645],
						"0.3333": [10, 0, 0],
						"1.0833": [10, 0, 0],
						"1.1667": [9.75233, 1.23101, 0.21709],
						"1.2917": [10, 0, 0],
						"1.3333": [10, 0, 0],
						"1.5": [10, 0, 0]
					},
					"position": [0, -0.25, 0]
				},
				"rightArm": {
					"rotation": {
						"0.0": [-103.42, -33.88, -1.39],
						"0.0833": [-105.51985, -33.06071, -3.29991],
						"0.1667": [-105.52, -33.06, -3.3],
						"0.4167": [-97.83585, -35.80089, -21.20733],
						"0.625": [-97.84, -35.8, -21.21],
						"1.0833": [-105.52, -33.06, -3.3],
						"1.1667": [-106.52, -33.06, -3.3],
						"1.2917": [-105.52, -33.06, -3.3],
						"1.5833": [-110.80202, -29.18458, 10.9997]
					},
					"position": {
						"0.0": [-1.75, -1, 3.25],
						"0.1667": [-1.75, -1, 3.25],
						"0.625": [-1.75, -1, 3.25],
						"1.0833": [-1.75, -1, 3.25],
						"1.2917": [-1.75, -1, 3.25],
						"1.5833": [-1.55, -1, 3.25]
					},
					"scale": 0.9
				},
				"weapon_root": {
					"rotation": {
						"0.0": [-4.01, -3.99, 0.28],
						"0.1667": [-4.01, -3.99, 0.28],
						"0.2917": [-8.01, -3.99, 0.28],
						"0.4167": [-4.01, -3.99, 0.28],
						"0.625": [-4.01, -3.99, 0.28],
						"1.0833": [-4.01, -3.99, 0.28],
						"1.1667": {
							"pre": [-8.01, -3.99, 0.28],
							"post": [-8.01, -3.99, 0.28],
							"lerp_mode": "catmullrom"
						},
						"1.3333": {
							"post": [-2.50545, 2.00426, 0.01756],
							"lerp_mode": "catmullrom"
						},
						"1.5": {
							"post": [-2.50545, 2.00426, 0.01756],
							"lerp_mode": "catmullrom"
						}
					},
					"position": {
						"0.0": [0.5, 0, 0],
						"0.1667": [0.5, 0, 0],
						"0.2917": [0.5, 0, 0],
						"0.4167": [0.5, 0, 0],
						"0.625": [0.5, 0, 0],
						"1.0833": [0.5, 0, 0],
						"1.3333": [0.5, 0, 0],
						"1.5": [0.5, 0, 0]
					}
				},
				"leftArm": {
					"rotation": {
						"0.0": [-127.3, 20.98, -49.13],
						"0.0833": [-127.64977, 40.82055, -43.35858],
						"0.1667": [-127.65, 40.82, -43.36],
						"0.375": [-76.71982, 27.86928, -25.69822],
						"0.5833": [0, 0, 0],
						"0.625": [0, 0, 0],
						"1.0833": [-122.65, 40.82, -43.36],
						"1.1667": [-132.091, 35.09755, -52.18394],
						"1.25": [-122.65, 40.82, -43.36],
						"1.5417": [-116.50715, 11.31663, -37.60736]
					},
					"position": {
						"0.0": [1.17, 1.55, -1.03],
						"0.0833": [-0.45, 1.55, -1.65],
						"0.1667": [-0.45, 1.55, -1.65],
						"0.375": [0.55, 0.55, -1.65],
						"0.5833": [0, 0, 0],
						"0.625": [0, 0, 0],
						"1.0833": [-0.45, 1.55, -1.65],
						"1.25": [-0.45, 1.55, -1.65],
						"1.5417": [0.48, 1.3, 0.07]
					},
					"scale": 0.8
				},
				"muzzle_particles": {
					"position": [0, 0.75, -0.5]
				},
				"clip": {
					"rotation": {
						"0.0": [0, 0, 0],
						"0.1667": [0, 0, 0],
						"0.375": [29.69586, -18.08724, -25.27134],
						"0.5": [55.86893, -16.13972, -65.44977],
						"0.5833": [74.6468, 20.67218, -71.81244],
						"0.625": [74.6468, 20.67218, -71.81244],
						"0.8333": [47.1499, -16.32586, -57.29833],
						"0.9167": [25.98027, -26.70101, -36.56203],
						"1.0": [0.49013, -13.35051, -18.28101],
						"1.0417": [0.30594, 0.55168, -3.41957],
						"1.0833": [0, 0, 0]
					},
					"position": {
						"0.0": [0, 0, 0],
						"0.1667": [0, 0, 0],
						"0.2083": [0.25, -2.04, -0.35],
						"0.375": [1.5, -12.25, -4.5],
						"0.5": [5.6, -19.55, -2.4],
						"0.5833": [7.5, -22.75, 5.25],
						"0.625": [7.5, -22.75, 5.25],
						"0.8333": [4.33, -13.61, -4.17],
						"0.9167": [2.16, -8.8, -4.08],
						"1.0417": [0.04, -2.2, -0.52],
						"1.0833": [0, 0, 0]
					}
				},
				"release": {
					"rotation": {
						"0.0": [0, 0, 0],
						"0.1667": [0, 0, 0],
						"0.2083": [-40, 0, 0],
						"1.0417": [-40, 0, 0],
						"1.125": [0, 0, 0]
					}
				},
				"bullets": {
					"scale": {
						"0.0": {
							"pre": [0, 0, 0],
							"post": [1, 1, 1]
						}
					}
				}
			}
		},
		"animation.mp5.reload.tp": {
			"loop": "hold_on_last_frame",
			"animation_length": 2.95833,
			"anim_time_update": "q.anim_time+q.delta_time",
			"bones": {
				"waist": {
					"rotation": {
						"0.0": [0, 10, 0],
						"0.375": [0.6574, -7.4713, -5.04292],
						"0.5417": [-1.19908, 0.11274, -10.02264],
						"0.75": [0, 5, 0],
						"1.1667": [0, 0, 0],
						"1.25": [-7, 0.98769, 0.15645],
						"1.375": [0, 0, 0],
						"1.625": [-5.16524, -27.0478, 11.24314],
						"1.75": [-6.9737, -31.75641, 14.70075],
						"2.0833": [0, 0, 0],
						"2.1667": [-2.50716, 4.99761, -0.10943],
						"2.3333": [0, 0, 0],
						"2.5": [-2.71603, 4.88622, -2.50673],
						"2.7083": [-5.2288, 7.3834, -2.62615],
						"2.8333": [5.01429, -4.99046, -0.21865],
						"2.9583": [0, 0, 0]
					}
				},
				"rightArm": {
					"rotation": {
						"0.0": [-85.49557, -15.02183, 11.22703],
						"0.375": [-106.52743, -39.48002, 16.92849],
						"0.4167": [-106.52743, -39.48002, 16.92849],
						"0.5417": [-110.36526, -30.02007, 24.03441],
						"0.625": [-116.91982, -27.3776, 31.42671],
						"0.7083": [-104.15268, -34.4685, 16.39554],
						"0.75": [-104.15268, -34.4685, 16.39554],
						"0.9167": [-72.17274, -40.43017, -47.73929],
						"1.0833": [-97.62098, -40.48905, -17.33445],
						"1.1667": [-97.62098, -40.48905, -17.33445],
						"1.4167": [-95.33585, -35.80089, -21.20733],
						"1.625": [-97.84, -35.8, -21.21],
						"2.0833": [-97.62098, -40.48905, -17.33445],
						"2.1667": [-100.12098, -40.48905, -17.33445],
						"2.2917": [-105.52, -33.06, -3.3],
						"2.5": [-89.37471, -35.59571, 12.83587],
						"2.5833": [-89.37471, -35.59571, 12.83587],
						"2.7083": [-91.87471, -35.59571, 12.83587],
						"2.8333": [-84.51824, -32.27349, 25.70109],
						"2.9583": [-81.513, -29.73719, 5.46784]
					},
					"position": {
						"0.0": [0.32635, 0.21875, -0.99323],
						"0.375": [-1.25, -1, -0.25],
						"0.4167": [-1.25, -1, -0.25],
						"0.5417": [-1.75, -1, -0.75],
						"0.7083": [-1.25, -1, -0.75],
						"0.75": [-1.25, -1, -0.75],
						"0.9167": [-2.25, -1, 0.25],
						"1.0833": [-2.25, -1, 0.25],
						"1.1667": [-2.25, -1, 0.25],
						"1.625": [-2.25, -1, 0.25],
						"2.0833": [-2.25, -1, 0.25],
						"2.2917": [-2.25, -1, 0.25],
						"2.5": [-2.25, 0, 0.25],
						"2.5833": [-2.25, 0, 0.25],
						"2.7083": [-2.25, 0, 0.25],
						"2.7917": [-2.25, 0, 0.25],
						"2.9583": [-1.25, 0, 0.25]
					}
				},
				"weapon_root": {
					"rotation": {
						"0.0": [0, 0, 0],
						"0.375": [-1.73862, -6.89546, -7.05632],
						"0.4167": [-1.73862, -6.89546, -7.05632],
						"0.5417": {
							"pre": [-8.63159, -4.75743, -4.67579],
							"post": [-8.63159, -4.75743, -4.67579],
							"lerp_mode": "catmullrom"
						},
						"0.625": {
							"post": [-7.25147, -1.49625, 0.10486],
							"lerp_mode": "catmullrom"
						},
						"0.75": {
							"post": [-4.01, -3.99, 0.28],
							"lerp_mode": "catmullrom"
						},
						"0.8333": {
							"post": [-6.00087, -0.99732, 0.07027],
							"lerp_mode": "catmullrom"
						},
						"0.9167": [-4.01, -3.99, 0.28],
						"1.1667": [-4.01, -3.99, 0.28],
						"1.2917": [-8.01, -3.99, 0.28],
						"1.4167": [-4.01, -3.99, 0.28],
						"1.625": [-4.01, -3.99, 0.28],
						"2.0833": [-4.01, -3.99, 0.28],
						"2.1667": {
							"pre": [-8.01, -3.99, 0.28],
							"post": [-8.01, -3.99, 0.28],
							"lerp_mode": "catmullrom"
						},
						"2.3333": {
							"post": [-2.50545, 2.00426, 0.01756],
							"lerp_mode": "catmullrom"
						},
						"2.5": {
							"post": [-4.01, -3.99, 0.28],
							"lerp_mode": "catmullrom"
						},
						"2.5833": [-4.01, -3.99, 0.28],
						"2.7083": [-4.01, -3.99, 0.28],
						"2.7917": [-1.01, -3.99, 0.28],
						"2.8333": [1.49, -3.99, 0.28],
						"2.9167": [-1.01, -3.99, 0.28]
					},
					"position": {
						"0.0": [-0.51609, 0.23848, 0.09451],
						"0.375": [0.5, 0, 0],
						"0.4167": [0.5, 0, 0],
						"0.5417": [0.5, 0, 0],
						"0.75": [0.5, 0, 0],
						"0.9167": [0.5, 0, 0],
						"1.1667": [0.5, 0, 0],
						"1.2917": [0.5, 0, 0],
						"1.4167": [0.5, 0, 0],
						"1.625": [0.5, 0, 0],
						"2.0833": [0.5, 0, 0],
						"2.5": [0.5, 0, 0],
						"2.5833": [0.5, 0, 0],
						"2.7083": [0.5, 0, 0]
					}
				},
				"leftArm": {
					"rotation": {
						"0.0": [-65.34802, 8.95707, -6.75368],
						"0.375": [-94.60062, -22.97624, -25.86584],
						"0.4167": [-94.60062, -22.97624, -25.86584],
						"0.5417": [-114.20803, -27.42147, -73.34949],
						"0.625": [-126.7677, -27.76062, -71.00318],
						"0.6667": [-126.54124, -25.88622, -69.09729],
						"0.9167": [-126.94268, 1.12967, -54.91005],
						"1.0833": [-115.54404, 21.928, -42.43634],
						"1.1667": [-115.54404, 21.928, -42.43634],
						"1.375": [-76.71982, 27.86928, -25.69822],
						"1.5833": [24.27832, 21.17236, -1.6938],
						"1.6667": [30.08492, 10.77516, 19.10574],
						"1.75": [30.08492, 10.77516, 19.10574],
						"1.8333": [-12.45144, 10.24553, -14.34871],
						"1.9167": [-60.73814, 8.07138, -26.5603],
						"2.0": [-90.16124, 15.11097, -42.26445],
						"2.0417": [-106.85264, 18.51949, -42.3504],
						"2.0833": [-115.54404, 21.928, -42.43634],
						"2.1667": [-118.60501, 21.45589, -39.676],
						"2.25": [-115.54404, 21.928, -42.43634],
						"2.375": [-106.63717, 1.1702, -37.91724],
						"2.5": [-137.93132, 14.89799, -41.32946],
						"2.5833": [-137.93132, 14.89799, -41.32946],
						"2.7083": [-143.21195, 5.6669, -42.67687],
						"2.8333": [-57.02113, 7.08607, -6.94449],
						"2.9583": [-56.92513, 20.27641, -4.24043]
					},
					"position": {
						"0.0": [-0.56563, 0.22795, -1.67928],
						"0.375": [1, 1.5, -2],
						"0.4167": [1, 1.5, -2],
						"0.5417": [1.8, 1.3, -1.65],
						"0.6667": [1.8, 1.3, -1.65],
						"0.9167": [2.8, 1.55, -0.4],
						"1.0833": [-0.7, 1.3, -2.4],
						"1.1667": [-0.7, 1.3, -2.4],
						"1.375": [0.55, 0.55, -1.65],
						"1.5833": [0, 0, 0],
						"1.6667": [0, 0, 0],
						"1.75": [0, 0, 0],
						"1.9167": [-0.35, 0.65, -1.2],
						"2.0": [-0.52, 0.97, -1.05],
						"2.0833": [-0.7, 1.3, -2.4],
						"2.25": [-0.7, 1.3, -2.4],
						"2.375": [1.05, 1.43, -1.4],
						"2.5": [0.8, 1.55, -1.4],
						"2.5833": [0.8, 1.55, -1.4],
						"2.7083": [0.8, 0.55, -1.4],
						"2.7917": [-0.2, 0.55, -2.4],
						"2.9583": [-0.2, 0.55, -1.4]
					}
				},
				"muzzle_particles": {
					"position": [0, 0.75, -0.5]
				},
				"clip": {
					"rotation": {
						"1.1667": [0, 0, 0],
						"1.375": [29.69586, -18.08724, -25.27134],
						"1.5": [47.1485, 1.6427, -71.32285],
						"1.5833": [35.38518, 42.56644, -105.86761],
						"1.6667": [35.38518, 42.56644, -105.86761],
						"1.75": [35.38518, 42.56644, -105.86761],
						"1.8333": [56.91819, 1.73438, -74.80366],
						"1.9167": [42.9931, -35.3851, -51.21838],
						"2.0": [0.49013, -13.35051, -18.28101],
						"2.0417": [0.30594, 0.55168, -3.41957],
						"2.0833": [0, 0, 0]
					},
					"position": {
						"1.1667": [0, 0, 0],
						"1.2083": [0.25, -2.04, -0.35],
						"1.375": [2, -10.75, -1.5],
						"1.5": [8.35, -23.8, 6.1],
						"1.5833": [14.87346, -26.78186, 16.4918],
						"1.625": [14.1921, -25.422, 17.91308],
						"1.6667": [11.5305, -24.53622, 19.61937],
						"1.75": [11.5305, -24.53622, 19.61937],
						"1.8333": [9.83185, -24.3229, 4.71613],
						"1.9167": [4.42768, -14.16218, -4.4888],
						"2.0417": [0.04, -2.2, -0.52],
						"2.0833": [0, 0, 0]
					}
				},
				"release": {
					"rotation": {
						"1.1667": [0, 0, 0],
						"1.2083": [-40, 0, 0],
						"2.0417": [-40, 0, 0],
						"2.125": [0, 0, 0]
					}
				},
				"bolt": {
					"rotation": {
						"0.5417": [0, 0, 0],
						"0.625": [0, 0, -22.5],
						"0.75": [0, 0, -22.5],
						"1.1667": [0, 0, -22.5],
						"2.0": [0, 0, -22.5],
						"2.7083": [0, 0, -22.5],
						"2.75": [0, 0, 0],
						"2.7917": [0, 0, 0]
					},
					"position": {
						"0.4167": [0, 0, 0],
						"0.5417": [0, 0, 7],
						"0.625": [0, 0, 7],
						"0.75": [0, 0, 7],
						"1.1667": [0, 0, 7],
						"2.0": [0, 0, 7],
						"2.7083": [0, 0, 7],
						"2.7917": [0, 0, 0]
					}
				},
				"bullets": {
					"scale": {
						"0.0": {
							"pre": [0, 0, 0],
							"post": [0, 0, 0]
						},
						"1.7083": {
							"pre": [0, 0, 0],
							"post": [1, 1, 1]
						}
					}
				},
				"head": {
					"rotation": {
						"0.0": [7.5, 0, 0],
						"0.2917": {
							"pre": [11.69521, -20.24895, -3.9347],
							"post": [11.69521, -20.24895, -3.9347],
							"lerp_mode": "catmullrom"
						},
						"0.625": {
							"post": [-13.04462, -6.04046, -5.83147],
							"lerp_mode": "catmullrom"
						},
						"0.7917": {
							"post": [7.48326, -6.4605, -8.41073],
							"lerp_mode": "catmullrom"
						},
						"1.1667": {
							"post": [12.43002, -1.42762, -8.18939],
							"lerp_mode": "catmullrom"
						},
						"1.3333": {
							"post": [2.3436, -11.62577, -3.59888],
							"lerp_mode": "catmullrom"
						},
						"1.625": {
							"post": [44.13799, -19.30432, -10.14757],
							"lerp_mode": "catmullrom"
						},
						"1.75": {
							"post": [44.13799, -19.30432, -10.14757],
							"lerp_mode": "catmullrom"
						},
						"2.0": {
							"post": [16.43301, -5.5395, -7.57823],
							"lerp_mode": "catmullrom"
						},
						"2.0833": {
							"post": [16.43, -5.54, -7.58],
							"lerp_mode": "catmullrom"
						},
						"2.2083": {
							"post": [7.5284, -7.33628, 4.86961],
							"lerp_mode": "catmullrom"
						},
						"2.4167": {
							"post": [11.23473, -17.65813, -9.83412],
							"lerp_mode": "catmullrom"
						},
						"2.7083": {
							"post": [6.23473, -17.65813, -9.83412],
							"lerp_mode": "catmullrom"
						},
						"2.9583": [6.43664, -8.04155, 6.3731]
					}
				}
			}
		},
		"animation.mp5.reload_1.tp": {
			"loop": "hold_on_last_frame",
			"animation_length": 1.33333,
			"anim_time_update": "q.anim_time+q.delta_time",
			"bones": {
				"waist": {
					"rotation": {
						"0.0": [0, 0, 0],
						"0.0833": [-7, 0.98769, 0.15645],
						"0.2083": [0, 0, 0],
						"0.4583": [-5.16524, -27.0478, 11.24314],
						"0.5833": [-6.9737, -31.75641, 14.70075],
						"0.9167": [0, 0, 0],
						"1.0": [-2.50716, 4.99761, -0.10943],
						"1.1667": [0, 0, 0],
						"1.2917": [-0.68, 1.22, -0.63]
					}
				},
				"rightArm": {
					"rotation": {
						"0.0": [-97.62098, -40.48905, -17.33445],
						"0.25": [-95.33585, -35.80089, -21.20733],
						"0.4583": [-97.84, -35.8, -21.21],
						"0.9167": [-97.62098, -40.48905, -17.33445],
						"1.0": [-100.12098, -40.48905, -17.33445],
						"1.125": [-105.52, -33.06, -3.3],
						"1.2917": [-99.06, -34.07, 3.15]
					},
					"position": {
						"0.0": [-2.25, -1, 0.25],
						"0.4583": [-2.25, -1, 0.25],
						"0.9167": [-2.25, -1, 0.25],
						"1.125": [-2.25, -1, 0.25],
						"1.2917": [-2.25, -0.6, 0.25]
					}
				},
				"weapon_root": {
					"rotation": {
						"0.0": [-4.01, -3.99, 0.28],
						"0.125": [-8.01, -3.99, 0.28],
						"0.25": [-4.01, -3.99, 0.28],
						"0.4583": [-4.01, -3.99, 0.28],
						"0.9167": [-4.01, -3.99, 0.28],
						"1.0": {
							"pre": [-8.01, -3.99, 0.28],
							"post": [-8.01, -3.99, 0.28],
							"lerp_mode": "catmullrom"
						},
						"1.125": {
							"post": [-2.50545, 2.00426, 0.01756],
							"lerp_mode": "catmullrom"
						},
						"1.2917": [-2.42, 1.21, 0.05]
					},
					"position": {
						"0.0": [0.5, 0, 0],
						"0.125": [0.5, 0, 0],
						"0.25": [0.5, 0, 0],
						"0.4583": [0.5, 0, 0],
						"0.9167": [0.5, 0, 0],
						"1.2917": [0.5, 0, 0]
					}
				},
				"leftArm": {
					"rotation": {
						"0.0": [-115.54404, 21.928, -42.43634],
						"0.2083": [-76.71982, 27.86928, -25.69822],
						"0.4167": [24.27832, 21.17236, -1.6938],
						"0.5": [30.08492, 10.77516, 19.10574],
						"0.5833": [30.08492, 10.77516, 19.10574],
						"0.6667": [-12.45144, 10.24553, -14.34871],
						"0.75": [-60.73814, 8.07138, -26.5603],
						"0.8333": [-90.16124, 15.11097, -42.26445],
						"0.875": [-106.85264, 18.51949, -42.3504],
						"0.9167": [-115.54404, 21.928, -42.43634],
						"1.0": [-118.60501, 21.45589, -39.676],
						"1.0833": [-115.54404, 21.928, -42.43634],
						"1.2917": [-106.63717, 1.1702, -37.91724]
					},
					"position": {
						"0.0": [-0.7, 1.3, -2.4],
						"0.2083": [0.55, 0.55, -1.65],
						"0.4167": [0, 0, 0],
						"0.5": [0, 0, 0],
						"0.5833": [0, 0, 0],
						"0.75": [-0.35, 0.65, -1.2],
						"0.8333": [-0.52, 0.97, -1.05],
						"0.9167": [-0.7, 1.3, -2.4],
						"1.0833": [-0.7, 1.3, -2.4],
						"1.2917": [1.05, 1.43, -1.4]
					}
				},
				"muzzle_particles": {
					"position": {
						"0.0": [0, 0.75, -0.5],
						"1.2917": [0, 0.75, -0.5]
					}
				},
				"clip": {
					"rotation": {
						"0.0": [0, 0, 0],
						"0.2083": [29.69586, -18.08724, -25.27134],
						"0.3333": [47.1485, 1.6427, -71.32285],
						"0.4167": [35.38518, 42.56644, -105.86761],
						"0.5": [35.38518, 42.56644, -105.86761],
						"0.5833": [35.38518, 42.56644, -105.86761],
						"0.6667": [56.91819, 1.73438, -74.80366],
						"0.75": [42.9931, -35.3851, -51.21838],
						"0.8333": [0.49013, -13.35051, -18.28101],
						"0.875": [0.30594, 0.55168, -3.41957],
						"0.9167": [0, 0, 0],
						"1.2917": [0, 0, 0]
					},
					"position": {
						"0.0": [0, 0, 0],
						"0.0417": [0.25, -2.04, -0.35],
						"0.2083": [2, -10.75, -1.5],
						"0.3333": [8.35, -23.8, 6.1],
						"0.4167": [14.87346, -26.78186, 16.4918],
						"0.4583": [14.1921, -25.422, 17.91308],
						"0.5": [11.5305, -24.53622, 19.61937],
						"0.5833": [11.5305, -24.53622, 19.61937],
						"0.6667": [9.83185, -24.3229, 4.71613],
						"0.75": [4.42768, -14.16218, -4.4888],
						"0.875": [0.04, -2.2, -0.52],
						"0.9167": [0, 0, 0],
						"1.2917": [0, 0, 0]
					}
				},
				"release": {
					"rotation": {
						"0.0": [0, 0, 0],
						"0.0417": [-40, 0, 0],
						"0.875": [-40, 0, 0],
						"0.9583": [0, 0, 0],
						"1.2917": [0, 0, 0]
					}
				},
				"bolt": {
					"rotation": {
						"0.0": [0, 0, -22.5],
						"0.8333": [0, 0, -22.5],
						"1.2917": [0, 0, -22.5]
					},
					"position": {
						"0.0": [0, 0, 7],
						"0.8333": [0, 0, 7],
						"1.2917": [0, 0, 7]
					}
				},
				"head": {
					"rotation": {
						"0.0": [12.43002, -1.42762, -8.18939],
						"0.1667": {
							"pre": [2.3436, -11.62577, -3.59888],
							"post": [2.3436, -11.62577, -3.59888],
							"lerp_mode": "catmullrom"
						},
						"0.4583": {
							"post": [44.13799, -19.30432, -10.14757],
							"lerp_mode": "catmullrom"
						},
						"0.5833": {
							"post": [44.13799, -19.30432, -10.14757],
							"lerp_mode": "catmullrom"
						},
						"0.8333": {
							"post": [16.43301, -5.5395, -7.57823],
							"lerp_mode": "catmullrom"
						},
						"0.9167": {
							"post": [16.43, -5.54, -7.58],
							"lerp_mode": "catmullrom"
						},
						"1.0417": {
							"post": [7.5284, -7.33628, 4.86961],
							"lerp_mode": "catmullrom"
						},
						"1.2917": [10.85, -16.12, -7.4]
					}
				}
			}
		},
		"animation.mp5.inspect.fp": {
			"loop": "hold_on_last_frame",
			"animation_length": 3.5,
			"bones": {
				"rightArm": {
					"rotation": {
						"0.0": [-77.57441, -50.38101, 6.63344],
						"0.3333": {
							"pre": [-105.52, -33.06, -3.3],
							"post": [-105.52, -33.06, -3.3],
							"lerp_mode": "catmullrom"
						},
						"0.5417": {
							"post": [-105.52, -33.06, -3.3],
							"lerp_mode": "catmullrom"
						},
						"0.75": {
							"post": [-104.81075, -34.47437, -9.07009],
							"lerp_mode": "catmullrom"
						},
						"0.875": {
							"post": [-102.31075, -34.47437, -9.07009],
							"lerp_mode": "catmullrom"
						},
						"1.0417": {
							"post": [-106.41429, -23.81576, 11.18316],
							"lerp_mode": "catmullrom"
						},
						"1.5417": {
							"post": [-106.41, -23.82, 11.18],
							"lerp_mode": "catmullrom"
						},
						"1.7917": {
							"post": [-102.06157, -23.86181, -0.08887],
							"lerp_mode": "catmullrom"
						},
						"2.3333": {
							"post": [-102.06, -23.86, -0.09],
							"lerp_mode": "catmullrom"
						},
						"2.5": {
							"post": [-105.944, -27.54, -1.374],
							"lerp_mode": "catmullrom"
						},
						"2.75": {
							"post": [-105.52, -33.06, -3.3],
							"lerp_mode": "catmullrom"
						},
						"2.875": {
							"post": [-107.02, -33.06, -3.3],
							"lerp_mode": "catmullrom"
						},
						"3.0417": {
							"post": [-105.52, -33.06, -3.3],
							"lerp_mode": "catmullrom"
						},
						"3.5": [-77.57441, -50.38101, 6.63344]
					},
					"position": {
						"0.0": [-3.5, 0.5, 0.75],
						"0.3333": {
							"pre": [-1.75, -1, 3.25],
							"post": [-1.75, -1, 3.25],
							"lerp_mode": "catmullrom"
						},
						"0.5417": {
							"post": [-1.75, -1, 3.25],
							"lerp_mode": "catmullrom"
						},
						"0.75": {
							"post": [-2.75, -1, 3.25],
							"lerp_mode": "catmullrom"
						},
						"1.5417": {
							"post": [-2.75, -1, 3.25],
							"lerp_mode": "catmullrom"
						},
						"2.3333": {
							"post": [-2.75, -1, 3.25],
							"lerp_mode": "catmullrom"
						},
						"2.5": {
							"post": [-1.85, -1, 3.25],
							"lerp_mode": "catmullrom"
						},
						"2.75": {
							"post": [-1.75, -1, 3.25],
							"lerp_mode": "catmullrom"
						},
						"3.0417": {
							"post": [-1.75, -1, 3.25],
							"lerp_mode": "catmullrom"
						},
						"3.5": [-3.5, 0.5, 0.75]
					},
					"scale": 0.9
				},
				"weapon_root": {
					"rotation": {
						"0.0": [0, -10, 0],
						"0.3333": {
							"pre": [-4.01, -3.99, 0.28],
							"post": [-4.01, -3.99, 0.28],
							"lerp_mode": "catmullrom"
						},
						"0.5417": {
							"post": [-4.01, -3.99, 0.28],
							"lerp_mode": "catmullrom"
						},
						"0.75": {
							"post": [-6.51, -3.99, 0.28],
							"lerp_mode": "catmullrom"
						},
						"0.9583": {
							"post": [-4.01, -3.99, 0.28],
							"lerp_mode": "catmullrom"
						},
						"1.5417": {
							"post": [-4.01, -3.99, 0.28],
							"lerp_mode": "catmullrom"
						},
						"1.7917": {
							"post": [-4.02606, -6.48386, 0.4559],
							"lerp_mode": "catmullrom"
						},
						"2.3333": {
							"post": [-4.03, -6.48, 0.46],
							"lerp_mode": "catmullrom"
						},
						"2.75": {
							"post": [-4.01, -3.99, 0.28],
							"lerp_mode": "catmullrom"
						},
						"2.875": {
							"post": [-11.1997, -3.81493, 0.26734],
							"lerp_mode": "catmullrom"
						},
						"3.1667": {
							"post": [-1.51, -3.99, 0.28],
							"lerp_mode": "catmullrom"
						},
						"3.5": [0, -10, 0]
					},
					"position": {
						"0.0": [0, 0, 0],
						"0.3333": {
							"pre": [0.5, 0, 0],
							"post": [0.5, 0, 0],
							"lerp_mode": "catmullrom"
						},
						"0.5417": {
							"post": [0.5, 0, 0],
							"lerp_mode": "catmullrom"
						},
						"1.5417": {
							"post": [0.5, 0, 0],
							"lerp_mode": "catmullrom"
						},
						"2.3333": {
							"post": [0.5, 0, 0],
							"lerp_mode": "catmullrom"
						},
						"2.75": {
							"post": [0.5, 0, 0],
							"lerp_mode": "catmullrom"
						},
						"3.1667": {
							"post": [0.5, 0, 0],
							"lerp_mode": "catmullrom"
						},
						"3.5": [0, 0, 0]
					}
				},
				"leftArm": {
					"rotation": {
						"0.0": [-66.09656, 9.12873, 3.96215],
						"0.3333": {
							"pre": [-127.65, 40.82, -43.36],
							"post": [-127.65, 40.82, -43.36],
							"lerp_mode": "catmullrom"
						},
						"0.5417": {
							"post": [-127.65, 40.82, -43.36],
							"lerp_mode": "catmullrom"
						},
						"0.75": {
							"post": [-102.65, 40.82, -43.36],
							"lerp_mode": "catmullrom"
						},
						"0.8333": {
							"post": [-104.72677, 40.22821, -46.55565],
							"lerp_mode": "catmullrom"
						},
						"1.0417": {
							"post": [-113.16757, 5.56433, -48.88287],
							"lerp_mode": "catmullrom"
						},
						"1.5417": {
							"post": [-113.17, 5.56, -48.88],
							"lerp_mode": "catmullrom"
						},
						"1.7917": {
							"post": [-109.2015, 9.13235, -25.94353],
							"lerp_mode": "catmullrom"
						},
						"2.3333": {
							"post": [-109.2, 9.13, -25.94],
							"lerp_mode": "catmullrom"
						},
						"2.5": {
							"post": [-94.08, 21.806, -32.908],
							"lerp_mode": "catmullrom"
						},
						"2.75": {
							"post": [-127.65, 40.82, -43.36],
							"lerp_mode": "catmullrom"
						},
						"3.0417": {
							"post": [-127.65, 40.82, -43.36],
							"lerp_mode": "catmullrom"
						},
						"3.25": {
							"post": [-85.15, 40.82, -43.36],
							"lerp_mode": "catmullrom"
						},
						"3.5": [-66.09656, 9.12873, 3.96215]
					},
					"position": {
						"0.0": [-0.5, -0.25, -2.5],
						"0.3333": {
							"pre": [-0.45, 1.55, -1.65],
							"post": [-0.45, 1.55, -1.65],
							"lerp_mode": "catmullrom"
						},
						"0.5417": {
							"post": [-0.45, 1.55, -1.65],
							"lerp_mode": "catmullrom"
						},
						"0.75": {
							"post": [0.55, 0.55, -0.65],
							"lerp_mode": "catmullrom"
						},
						"0.8333": {
							"post": [0.55, 0.55, -0.65],
							"lerp_mode": "catmullrom"
						},
						"1.0417": {
							"post": [0.8, 0.3, -0.65],
							"lerp_mode": "catmullrom"
						},
						"1.5417": {
							"post": [0.8, 0.3, -0.65],
							"lerp_mode": "catmullrom"
						},
						"1.7917": {
							"post": [-0.2, 0.3, -0.65],
							"lerp_mode": "catmullrom"
						},
						"2.3333": {
							"post": [-0.2, 0.3, -0.65],
							"lerp_mode": "catmullrom"
						},
						"2.625": {
							"post": [-1.37, 1.17, -1.35],
							"lerp_mode": "catmullrom"
						},
						"2.75": {
							"post": [-0.45, 1.55, -1.65],
							"lerp_mode": "catmullrom"
						},
						"3.0417": {
							"post": [-0.45, 1.55, -1.65],
							"lerp_mode": "catmullrom"
						},
						"3.5": [-0.5, -0.25, -2.5]
					},
					"scale": 0.8
				},
				"root": {
					"rotation": {
						"0.0": [-180, 0, -180],
						"0.5": [-180, 0, -180],
						"0.5833": [-180, 0, -180],
						"3.125": [-180, 0, -180],
						"3.5": [-180, 0, -180]
					},
					"position": {
						"0.0": [1, 0, 2],
						"0.5": [1.5, 0, 1.5],
						"0.5833": [1.5, 0, 1.5],
						"2.7083": [1.5, 0, 1.5],
						"2.8333": {
							"pre": [1.5, 0.1, 1.25],
							"post": [1.5, 0.1, 1.25],
							"lerp_mode": "catmullrom"
						},
						"2.9583": {
							"post": [1.5, 0, 1],
							"lerp_mode": "catmullrom"
						},
						"3.125": {
							"post": [1.73, 0, 1.5],
							"lerp_mode": "catmullrom"
						},
						"3.5": [1, 0, 2]
					}
				},
				"waist": {
					"rotation": {
						"0.0": [0, 0, 0],
						"0.5": [10, 0, 0],
						"0.5833": [10, 0, 0],
						"3.125": [10, 0, 0],
						"3.5": [0, 0, 0]
					}
				},
				"clip": {
					"rotation": {
						"0.5833": [0, 0, 0],
						"0.7917": [7.48414, -2.05533, -20.19821],
						"0.8333": [4.669, -6.23404, -19.5999],
						"1.0417": {
							"pre": [-24.39132, -39.58042, -17.69405],
							"post": [-24.39132, -39.58042, -17.69405],
							"lerp_mode": "catmullrom"
						},
						"1.5417": {
							"post": [-24.39, -39.58, -17.69],
							"lerp_mode": "catmullrom"
						},
						"1.7917": {
							"post": [-2.61065, -49.46961, -6.95968],
							"lerp_mode": "catmullrom"
						},
						"2.3333": {
							"post": [-2.61, -49.47, -6.96],
							"lerp_mode": "catmullrom"
						},
						"2.5": {
							"post": [12.99133, -33.30193, -29.42339],
							"lerp_mode": "catmullrom"
						},
						"2.75": [0, 0, 0]
					},
					"position": {
						"0.5833": [0, 0, 0],
						"0.625": [0.5, -3.67, -0.5],
						"0.7083": [3, -7.25, 0],
						"0.7917": [4, -9, 0],
						"0.8333": [3.5, -8, -0.67],
						"0.9167": [5.03, -5.04, -1.97],
						"1.0417": {
							"pre": [7, 1, -4],
							"post": [7, 1, -4],
							"lerp_mode": "catmullrom"
						},
						"1.5417": {
							"post": [7, 1, -4],
							"lerp_mode": "catmullrom"
						},
						"1.7917": {
							"post": [9.5, 0.75, -4],
							"lerp_mode": "catmullrom"
						},
						"2.3333": {
							"post": [9.5, 0.75, -4],
							"lerp_mode": "catmullrom"
						},
						"2.5": {
							"post": [4.75, -5.25, -3.75],
							"lerp_mode": "catmullrom"
						},
						"2.625": {
							"post": [0.38, -2.62, -0.87],
							"lerp_mode": "catmullrom"
						},
						"2.75": [0, 0, 0]
					}
				},
				"release": {
					"rotation": {
						"0.5": [0, 0, 0],
						"0.5833": [0, 0, 0],
						"0.7083": [-40, 0, 0],
						"2.75": [-40, 0, 0],
						"2.8333": [0, 0, 0]
					}
				}
			}
		},
		"animation.mp5.pose.fp": {
			"loop": "hold_on_last_frame",
			"bones": {
				"rightArm": {
					"rotation": [-106.57, -23.7, -0.85],
					"position": [-2.81, -1, 3.25],
					"scale": 0.9
				},
				"weapon_root": {
					"rotation": [0.13899, 2.25515, -19.45096],
					"position": [0, 0, -0.2]
				},
				"leftArm": {
					"rotation": [-76.86065, -0.62024, -20.6104],
					"position": [-0.72, -33.74, 3.38],
					"scale": 0.8
				},
				"root": {
					"rotation": [-180, 2.5, -180],
					"position": [-0.5, 0, 3]
				},
				"waist": {
					"rotation": [10, 0, 0]
				},
				"release": {
					"rotation": [-40, 0, 0]
				}
			}
		},
		"animation.mp5.inspect.tp": {
			"loop": "hold_on_last_frame",
			"animation_length": 3.5,
			"bones": {
				"rightArm": {
					"rotation": {
						"0.0": [-69.70056, -43.37107, 4.52175],
						"0.3333": {
							"pre": [-105.52, -33.06, -3.3],
							"post": [-105.52, -33.06, -3.3],
							"lerp_mode": "catmullrom"
						},
						"0.5417": {
							"post": [-105.52, -33.06, -3.3],
							"lerp_mode": "catmullrom"
						},
						"0.75": {
							"post": [-104.81075, -34.47437, -9.07009],
							"lerp_mode": "catmullrom"
						},
						"0.875": {
							"post": [-102.31075, -34.47437, -9.07009],
							"lerp_mode": "catmullrom"
						},
						"1.0417": {
							"post": [-106.41429, -23.81576, 11.18316],
							"lerp_mode": "catmullrom"
						},
						"1.5417": {
							"post": [-106.11822, -21.42001, 10.42154],
							"lerp_mode": "catmullrom"
						},
						"1.7917": {
							"post": [-102.06157, -23.86181, -0.08887],
							"lerp_mode": "catmullrom"
						},
						"2.3333": {
							"post": [-102.06, -23.86, -0.09],
							"lerp_mode": "catmullrom"
						},
						"2.5": {
							"post": [-105.944, -27.54, -1.374],
							"lerp_mode": "catmullrom"
						},
						"2.75": {
							"post": [-105.52, -33.06, -3.3],
							"lerp_mode": "catmullrom"
						},
						"2.875": {
							"post": [-109.52, -33.06, -3.3],
							"lerp_mode": "catmullrom"
						},
						"3.0417": {
							"post": [-105.52, -33.06, -3.3],
							"lerp_mode": "catmullrom"
						},
						"3.5": [-69.70056, -43.37107, 4.52175]
					},
					"position": {
						"0.0": [-1, 0, -1],
						"0.3333": {
							"pre": [-2.75, -0.76781, 1.26352],
							"post": [-2.75, -0.76781, 1.26352],
							"lerp_mode": "catmullrom"
						},
						"0.5417": {
							"post": [-2.75, -0.76781, 1.26352],
							"lerp_mode": "catmullrom"
						},
						"0.75": {
							"post": [-2.75, -1.92627, 2.07468],
							"lerp_mode": "catmullrom"
						},
						"1.5417": {
							"post": [-2.75, -1.92627, 2.07468],
							"lerp_mode": "catmullrom"
						},
						"2.3333": {
							"post": [-1.75, -0.6527, 1.28038],
							"lerp_mode": "catmullrom"
						},
						"2.5": {
							"post": [-1.84752, -0.94143, 1.25086],
							"lerp_mode": "catmullrom"
						},
						"2.75": {
							"post": [-1.74777, -0.79525, 1.26051],
							"lerp_mode": "catmullrom"
						},
						"3.0417": {
							"post": [-1.74981, -0.66194, 1.27878],
							"lerp_mode": "catmullrom"
						},
						"3.5": [-1, 0, -1]
					}
				},
				"weapon_root": {
					"rotation": {
						"0.0": [0, -10, 0],
						"0.3333": {
							"pre": [-4.01, -3.99, 0.28],
							"post": [-4.01, -3.99, 0.28],
							"lerp_mode": "catmullrom"
						},
						"0.5417": {
							"post": [-4.01, -3.99, 0.28],
							"lerp_mode": "catmullrom"
						},
						"0.75": {
							"post": [-6.51, -3.99, 0.28],
							"lerp_mode": "catmullrom"
						},
						"0.9583": {
							"post": [-4.01, -3.99, 0.28],
							"lerp_mode": "catmullrom"
						},
						"1.5417": {
							"post": [-4.01, -3.99, 0.28],
							"lerp_mode": "catmullrom"
						},
						"1.7917": {
							"post": [-4.02606, -6.48386, 0.4559],
							"lerp_mode": "catmullrom"
						},
						"2.3333": {
							"post": [-4.03, -6.48, 0.46],
							"lerp_mode": "catmullrom"
						},
						"2.75": {
							"post": [-4.01, -3.99, 0.28],
							"lerp_mode": "catmullrom"
						},
						"2.875": {
							"post": [-11.1997, -3.81493, 0.26734],
							"lerp_mode": "catmullrom"
						},
						"3.1667": {
							"post": [-1.51, -3.99, 0.28],
							"lerp_mode": "catmullrom"
						},
						"3.5": [0, -10, 0]
					},
					"position": {
						"0.0": [0, 0, 0],
						"0.3333": {
							"pre": [0.5, 0, 0],
							"post": [0.5, 0, 0],
							"lerp_mode": "catmullrom"
						},
						"0.5417": {
							"post": [0.5, 0, 0],
							"lerp_mode": "catmullrom"
						},
						"1.5417": {
							"post": [0.5, 0, 0],
							"lerp_mode": "catmullrom"
						},
						"2.3333": {
							"post": [0.5, 0, 0],
							"lerp_mode": "catmullrom"
						},
						"2.75": {
							"post": [0.5, 0, 0],
							"lerp_mode": "catmullrom"
						},
						"3.1667": {
							"post": [0.5, 0, 0],
							"lerp_mode": "catmullrom"
						},
						"3.5": [0, 0, 0]
					}
				},
				"leftArm": {
					"rotation": {
						"0.0": [-62.24687, 9.53274, 3.03513],
						"0.3333": {
							"pre": [-127.65, 40.82, -43.36],
							"post": [-127.65, 40.82, -43.36],
							"lerp_mode": "catmullrom"
						},
						"0.5417": {
							"post": [-127.65, 40.82, -43.36],
							"lerp_mode": "catmullrom"
						},
						"0.75": {
							"post": [-102.65, 40.82, -43.36],
							"lerp_mode": "catmullrom"
						},
						"0.8333": {
							"post": [-104.72677, 40.22821, -46.55565],
							"lerp_mode": "catmullrom"
						},
						"1.0417": {
							"post": [-113.16757, 5.56433, -48.88287],
							"lerp_mode": "catmullrom"
						},
						"1.5417": {
							"post": [-113.17, 5.56, -48.88],
							"lerp_mode": "catmullrom"
						},
						"1.7917": {
							"post": [-109.2015, 9.13235, -25.94353],
							"lerp_mode": "catmullrom"
						},
						"2.3333": {
							"post": [-109.2, 9.13, -25.94],
							"lerp_mode": "catmullrom"
						},
						"2.5": {
							"post": [-94.08, 21.806, -32.908],
							"lerp_mode": "catmullrom"
						},
						"2.75": {
							"post": [-120.55033, 36.55992, -40.00401],
							"lerp_mode": "catmullrom"
						},
						"2.875": {
							"post": [-131.89585, 34.54269, -49.09714],
							"lerp_mode": "catmullrom"
						},
						"3.0417": {
							"post": [-127.65, 40.82, -43.36],
							"lerp_mode": "catmullrom"
						},
						"3.25": {
							"post": [-85.15, 40.82, -43.36],
							"lerp_mode": "catmullrom"
						},
						"3.5": [-62.24687, 9.53274, 3.03513]
					},
					"position": {
						"0.0": [0, -0.5, -2],
						"0.3333": {
							"pre": [-0.45, 1.78219, -3.63648],
							"post": [-0.45, 1.78219, -3.63648],
							"lerp_mode": "catmullrom"
						},
						"0.5417": {
							"post": [-0.45, 1.78219, -3.63648],
							"lerp_mode": "catmullrom"
						},
						"0.75": {
							"post": [1.55, 0.55, -0.65],
							"lerp_mode": "catmullrom"
						},
						"0.8333": {
							"post": [1.55, 0.55, -0.65],
							"lerp_mode": "catmullrom"
						},
						"1.0417": {
							"post": [0.8, 0.3, -0.65],
							"lerp_mode": "catmullrom"
						},
						"1.5417": {
							"post": [0.8, 0.3, -0.65],
							"lerp_mode": "catmullrom"
						},
						"1.7917": {
							"post": [-0.2, 0.3, -0.65],
							"lerp_mode": "catmullrom"
						},
						"2.3333": {
							"post": [0.8, 0.3, -0.65],
							"lerp_mode": "catmullrom"
						},
						"2.5": {
							"post": [-0.41752, 0.8454, -3.10154],
							"lerp_mode": "catmullrom"
						},
						"2.75": {
							"post": [0.55223, 1.58111, -2.65468],
							"lerp_mode": "catmullrom"
						},
						"3.0417": {
							"post": [1.55016, 1.84524, -3.37473],
							"lerp_mode": "catmullrom"
						},
						"3.5": [0, -0.5, -2]
					}
				},
				"waist": {
					"rotation": {
						"0.0": [0, 0, 0],
						"0.5": [10, 0, 0],
						"0.5833": [10, 0, 0],
						"0.7083": {
							"pre": [0, 0, 0],
							"post": [0, 0, 0],
							"lerp_mode": "catmullrom"
						},
						"1.0417": {
							"post": [0.44067, -9.99038, -2.53852],
							"lerp_mode": "catmullrom"
						},
						"1.5417": {
							"post": [0.44067, -9.99038, -2.53852],
							"lerp_mode": "catmullrom"
						},
						"1.7917": {
							"post": [1.84205, -1.08187, 3.11487],
							"lerp_mode": "catmullrom"
						},
						"2.3333": {
							"post": [0, 0, 0],
							"lerp_mode": "catmullrom"
						},
						"3.125": [10, 0, 0],
						"3.5": [0, 0, 0]
					}
				},
				"clip": {
					"rotation": {
						"0.5833": [0, 0, 0],
						"0.7917": [7.48414, -2.05533, -20.19821],
						"0.8333": [4.669, -6.23404, -19.5999],
						"1.0417": {
							"pre": [-24.39132, -39.58042, -17.69405],
							"post": [-24.39132, -39.58042, -17.69405],
							"lerp_mode": "catmullrom"
						},
						"1.5417": {
							"post": [-24.39, -39.58, -17.69],
							"lerp_mode": "catmullrom"
						},
						"1.7917": {
							"post": [-2.61065, -49.46961, -6.95968],
							"lerp_mode": "catmullrom"
						},
						"2.3333": {
							"post": [-2.61, -49.47, -6.96],
							"lerp_mode": "catmullrom"
						},
						"2.5": {
							"post": [12.99133, -33.30193, -29.42339],
							"lerp_mode": "catmullrom"
						},
						"2.75": [0, 0, 0]
					},
					"position": {
						"0.5833": [0, 0, 0],
						"0.625": [0.5, -3.67, -0.5],
						"0.7083": [3, -7.25, 0],
						"0.7917": [3.34901, -7.75685, 0.1755],
						"0.8333": [2.86129, -6.75544, -0.46236],
						"0.9167": [4.3671, -2.90636, -1.87979],
						"1.0417": {
							"pre": [5.11379, 3.8988, -2.572],
							"post": [5.11379, 3.8988, -2.572],
							"lerp_mode": "catmullrom"
						},
						"1.5417": {
							"post": [6.0239, 4.00886, -2.97147],
							"lerp_mode": "catmullrom"
						},
						"1.7917": {
							"post": [7.87825, 3.87131, -3.73691],
							"lerp_mode": "catmullrom"
						},
						"2.3333": {
							"post": [9.20986, 2.5669, -2.47682],
							"lerp_mode": "catmullrom"
						},
						"2.5": {
							"post": [1.96558, -5.94842, -4.78523],
							"lerp_mode": "catmullrom"
						},
						"2.625": {
							"post": [0.38, -2.62, -0.87],
							"lerp_mode": "catmullrom"
						},
						"2.75": [0, 0, 0]
					}
				},
				"release": {
					"rotation": {
						"0.5": [0, 0, 0],
						"0.5833": [0, 0, 0],
						"0.7083": [-40, 0, 0],
						"2.75": [-40, 0, 0],
						"2.8333": [0, 0, 0]
					}
				},
				"head": {
					"rotation": {
						"0.0": [0, 0, 0],
						"0.3333": {
							"pre": [10, 0, 12.5],
							"post": [10, 0, 12.5],
							"lerp_mode": "catmullrom"
						},
						"0.5": {
							"post": [10, 0, 12.5],
							"lerp_mode": "catmullrom"
						},
						"0.7083": {
							"post": [12.26039, -11.77645, -7.37248],
							"lerp_mode": "catmullrom"
						},
						"1.0417": {
							"post": [12.53253, -16.66004, -8.47944],
							"lerp_mode": "catmullrom"
						},
						"1.5417": {
							"post": [12.53, -16.66, -8.48],
							"lerp_mode": "catmullrom"
						},
						"1.7917": {
							"post": [8.26614, -11.53892, 5.56595],
							"lerp_mode": "catmullrom"
						},
						"2.3333": {
							"post": [8.27, -11.54, 5.57],
							"lerp_mode": "catmullrom"
						},
						"2.8333": {
							"post": [10, 0, 12.5],
							"lerp_mode": "catmullrom"
						},
						"3.375": [0, 0, 0]
					}
				}
			}
		},
		"animation.mp5.leave_inspect.fp": {
			"loop": "hold_on_last_frame",
			"animation_length": 1.08333,
			"bones": {
				"rightArm": {
					"rotation": {
						"0.0": [-105.944, -27.54, -1.374],
						"0.0833": [-105.944, -27.54, -1.374],
						"0.3333": {
							"pre": [-105.52, -33.06, -3.3],
							"post": [-105.52, -33.06, -3.3],
							"lerp_mode": "catmullrom"
						},
						"0.4583": {
							"post": [-107.02, -33.06, -3.3],
							"lerp_mode": "catmullrom"
						},
						"0.625": {
							"post": [-105.52, -33.06, -3.3],
							"lerp_mode": "catmullrom"
						},
						"1.0833": [-77.57441, -50.38101, 6.63344]
					},
					"position": {
						"0.0": [-1.85, -1, 3.25],
						"0.0833": [-1.85, -1, 3.25],
						"0.3333": {
							"pre": [-1.75, -1, 3.25],
							"post": [-1.75, -1, 3.25],
							"lerp_mode": "catmullrom"
						},
						"0.625": {
							"post": [-1.75, -1, 3.25],
							"lerp_mode": "catmullrom"
						},
						"1.0833": [-3.5, 0.5, 0.75]
					},
					"scale": {
						"0.0": [0.9, 0.9, 0.9],
						"0.0833": [0.9, 0.9, 0.9]
					}
				},
				"weapon_root": {
					"rotation": {
						"0.0": [-3.68, -5.55, 0.39],
						"0.0833": [-3.68, -5.55, 0.39],
						"0.3333": {
							"pre": [-4.01, -3.99, 0.28],
							"post": [-4.01, -3.99, 0.28],
							"lerp_mode": "catmullrom"
						},
						"0.4583": {
							"post": [-11.1997, -3.81493, 0.26734],
							"lerp_mode": "catmullrom"
						},
						"0.75": {
							"post": [-1.51, -3.99, 0.28],
							"lerp_mode": "catmullrom"
						},
						"1.0833": [0, -10, 0]
					},
					"position": {
						"0.0": [0.5, 0, 0],
						"0.0833": [0.5, 0, 0],
						"0.3333": {
							"pre": [0.5, 0, 0],
							"post": [0.5, 0, 0],
							"lerp_mode": "catmullrom"
						},
						"0.75": {
							"post": [0.5, 0, 0],
							"lerp_mode": "catmullrom"
						},
						"1.0833": [0, 0, 0]
					}
				},
				"leftArm": {
					"rotation": {
						"0.0": [-89.08, 21.806, -32.908],
						"0.0833": [-89.08, 21.806, -32.908],
						"0.3333": {
							"pre": [-127.65, 40.82, -43.36],
							"post": [-127.65, 40.82, -43.36],
							"lerp_mode": "catmullrom"
						},
						"0.625": {
							"post": [-127.65, 40.82, -43.36],
							"lerp_mode": "catmullrom"
						},
						"0.8333": {
							"post": [-85.15, 40.82, -43.36],
							"lerp_mode": "catmullrom"
						},
						"1.0833": [-66.09656, 9.12873, 3.96215]
					},
					"position": {
						"0.0": [-0.95, 0.79, -1.04],
						"0.0833": [-0.95, 0.79, -1.04],
						"0.2083": {
							"pre": [-1.37, 1.17, -1.35],
							"post": [-1.37, 1.17, -1.35],
							"lerp_mode": "catmullrom"
						},
						"0.3333": {
							"post": [-0.45, 1.55, -1.65],
							"lerp_mode": "catmullrom"
						},
						"0.625": {
							"post": [-0.45, 1.55, -1.65],
							"lerp_mode": "catmullrom"
						},
						"1.0833": [-0.5, -0.25, -2.5]
					},
					"scale": {
						"0.0": [0.8, 0.8, 0.8],
						"0.0833": [0.8, 0.8, 0.8]
					}
				},
				"root": {
					"rotation": {
						"0.0": [-180, 0, -180],
						"0.0833": [-180, 0, -180],
						"0.7083": [-180, 0, -180],
						"1.0833": [-180, 0, -180]
					},
					"position": {
						"0.0": [2, 0, 2],
						"0.0833": [2, 0, 2],
						"0.2917": [2, 0, 2],
						"0.4167": {
							"pre": [2, 0.1, 2],
							"post": [2, 0.1, 2],
							"lerp_mode": "catmullrom"
						},
						"0.5417": {
							"post": [2, 0, 2],
							"lerp_mode": "catmullrom"
						},
						"0.7083": {
							"post": [1.73, 0, 2],
							"lerp_mode": "catmullrom"
						},
						"1.0833": [1, 0, 2]
					}
				},
				"waist": {
					"rotation": {
						"0.0": [10, 0, 0],
						"0.0833": [10, 0, 0],
						"0.7083": [10, 0, 0],
						"1.0833": [0, 0, 0]
					}
				},
				"clip": {
					"rotation": {
						"0.0": [12.99133, -33.30193, -29.42339],
						"0.0833": [12.99133, -33.30193, -29.42339],
						"0.3333": [0, 0, 0]
					},
					"position": {
						"0.0": [4.75, -6.25, -3.75],
						"0.0833": [4.75, -6.25, -3.75],
						"0.2083": {
							"pre": [0.38, -2.62, -0.87],
							"post": [0.38, -2.62, -0.87],
							"lerp_mode": "catmullrom"
						},
						"0.3333": [0, 0, 0]
					}
				},
				"release": {
					"rotation": {
						"0.0": [-40, 0, 0],
						"0.0833": [-40, 0, 0],
						"0.3333": [-40, 0, 0],
						"0.4167": [0, 0, 0]
					}
				}
			}
		},
		"animation.mp5.leave_inspect.tp": {
			"loop": "hold_on_last_frame",
			"animation_length": 1.16667,
			"bones": {
				"rightArm": {
					"rotation": {
						"0.0": [-102.06, -23.86, -0.09],
						"0.1667": {
							"pre": [-105.944, -27.54, -1.374],
							"post": [-105.944, -27.54, -1.374],
							"lerp_mode": "catmullrom"
						},
						"0.4167": {
							"post": [-105.52, -33.06, -3.3],
							"lerp_mode": "catmullrom"
						},
						"0.5417": {
							"post": [-109.52, -33.06, -3.3],
							"lerp_mode": "catmullrom"
						},
						"0.7083": {
							"post": [-105.52, -33.06, -3.3],
							"lerp_mode": "catmullrom"
						},
						"1.1667": [-69.70056, -43.37107, 4.52175]
					},
					"position": {
						"0.0": [-1.75, -0.6527, 1.28038],
						"0.1667": {
							"pre": [-1.84752, -0.94143, 1.25086],
							"post": [-1.84752, -0.94143, 1.25086],
							"lerp_mode": "catmullrom"
						},
						"0.4167": {
							"post": [-1.74777, -0.79525, 1.26051],
							"lerp_mode": "catmullrom"
						},
						"0.7083": {
							"post": [-1.74981, -0.66194, 1.27878],
							"lerp_mode": "catmullrom"
						},
						"1.1667": [-1, 0, -1]
					}
				},
				"weapon_root": {
					"rotation": {
						"0.0": [-4.03, -6.48, 0.46],
						"0.4167": {
							"pre": [-4.01, -3.99, 0.28],
							"post": [-4.01, -3.99, 0.28],
							"lerp_mode": "catmullrom"
						},
						"0.5417": {
							"post": [-11.1997, -3.81493, 0.26734],
							"lerp_mode": "catmullrom"
						},
						"0.8333": {
							"post": [-1.51, -3.99, 0.28],
							"lerp_mode": "catmullrom"
						},
						"1.1667": [0, -10, 0]
					},
					"position": {
						"0.0": [0.5, 0, 0],
						"0.4167": {
							"pre": [0.5, 0, 0],
							"post": [0.5, 0, 0],
							"lerp_mode": "catmullrom"
						},
						"0.8333": {
							"post": [0.5, 0, 0],
							"lerp_mode": "catmullrom"
						},
						"1.1667": [0, 0, 0]
					}
				},
				"leftArm": {
					"rotation": {
						"0.0": [-109.2, 9.13, -25.94],
						"0.1667": {
							"pre": [-94.08, 21.806, -32.908],
							"post": [-94.08, 21.806, -32.908],
							"lerp_mode": "catmullrom"
						},
						"0.4167": {
							"post": [-120.55033, 36.55992, -40.00401],
							"lerp_mode": "catmullrom"
						},
						"0.5417": {
							"post": [-131.89585, 34.54269, -49.09714],
							"lerp_mode": "catmullrom"
						},
						"0.7083": {
							"post": [-127.65, 40.82, -43.36],
							"lerp_mode": "catmullrom"
						},
						"0.9167": {
							"post": [-85.15, 40.82, -43.36],
							"lerp_mode": "catmullrom"
						},
						"1.1667": [-62.24687, 9.53274, 3.03513]
					},
					"position": {
						"0.0": [0.8, 0.3, -0.65],
						"0.1667": {
							"pre": [-0.41752, 0.8454, -3.10154],
							"post": [-0.41752, 0.8454, -3.10154],
							"lerp_mode": "catmullrom"
						},
						"0.4167": {
							"post": [0.55223, 1.58111, -2.65468],
							"lerp_mode": "catmullrom"
						},
						"0.7083": {
							"post": [1.55016, 1.84524, -3.37473],
							"lerp_mode": "catmullrom"
						},
						"1.1667": [0, -0.5, -2]
					}
				},
				"waist": {
					"rotation": {
						"0.0": [0, 0, 0],
						"0.7917": [10, 0, 0],
						"1.1667": [0, 0, 0]
					}
				},
				"clip": {
					"rotation": {
						"0.0": [-2.61, -49.47, -6.96],
						"0.1667": [12.99133, -33.30193, -29.42339],
						"0.4167": [0, 0, 0]
					},
					"position": {
						"0.0": [9.20986, 2.5669, -2.47682],
						"0.1667": [1.96558, -5.94842, -4.78523],
						"0.2917": [0.38, -2.62, -0.87],
						"0.4167": [0, 0, 0]
					}
				},
				"release": {
					"rotation": {
						"0.4167": [-40, 0, 0],
						"0.5": [0, 0, 0]
					}
				},
				"head": {
					"rotation": {
						"0.0": [8.27, -11.54, 5.57],
						"0.5": [10, 0, 12.5],
						"1.0417": [0, 0, 0]
					}
				}
			}
		},
		"animation.mp5.idle.fp": {
			"loop": "hold_on_last_frame",
			"animation_length": 4.5,
			"bones": {
				"root": {
					"rotation": {
						"0.0": [-180, 0, -180],
						"0.5417": {
							"pre": [-181.26495, -17.09715, -190.21418],
							"post": [-181.26495, -17.09715, -190.21418],
							"lerp_mode": "catmullrom"
						},
						"2.0": {
							"post": [-181.26495, -17.09715, -190.21418],
							"lerp_mode": "catmullrom"
						},
						"2.5": {
							"post": [-180.03966, 24.64893, -187.65591],
							"lerp_mode": "catmullrom"
						},
						"3.9583": {
							"post": [-180.04051, 27.14892, -187.65786],
							"lerp_mode": "catmullrom"
						},
						"4.5": [-180, 0, -180]
					},
					"position": {
						"0.0": [1, 0, 2],
						"0.5417": {
							"pre": [3.25, -1.3075, 2.25],
							"post": [3.25, -1.3075, 2.25],
							"lerp_mode": "catmullrom"
						},
						"2.0": {
							"post": [3.25, -1.3075, 2.25],
							"lerp_mode": "catmullrom"
						},
						"2.5": {
							"post": [4, -0.0575, 1.25],
							"lerp_mode": "catmullrom"
						},
						"3.9583": {
							"post": [4, -0.0575, 1.25],
							"lerp_mode": "catmullrom"
						},
						"4.5": [1, 0, 2]
					}
				},
				"rightArm": {
					"rotation": {
						"0.0": [-77.57441, -50.38101, 6.63344],
						"0.5417": {
							"pre": [-100.91931, -14.63165, 21.73671],
							"post": [-100.91931, -14.63165, 21.73671],
							"lerp_mode": "catmullrom"
						},
						"2.0": {
							"post": [-100.91931, -14.63165, 21.73671],
							"lerp_mode": "catmullrom"
						},
						"2.5": {
							"post": [-86.46746, -30.80813, -23.30838],
							"lerp_mode": "catmullrom"
						},
						"3.9583": {
							"post": [-86.56976, -27.81366, -23.09948],
							"lerp_mode": "catmullrom"
						},
						"4.5": [-77.57441, -50.38101, 6.63344]
					},
					"position": {
						"0.0": [-3.5, 0.5, 0.75],
						"0.5417": {
							"pre": [1.32635, 0.21875, 3.00677],
							"post": [1.32635, 0.21875, 3.00677],
							"lerp_mode": "catmullrom"
						},
						"2.0": {
							"post": [1.32635, 0.21875, 3.00677],
							"lerp_mode": "catmullrom"
						},
						"2.5": {
							"post": [-0.67, -0.78, 3.01],
							"lerp_mode": "catmullrom"
						},
						"3.9583": {
							"post": [-0.67, -0.78, 3.01],
							"lerp_mode": "catmullrom"
						},
						"4.5": [-3.5, 0.5, 0.75]
					},
					"scale": {
						"0.0": [0.9, 0.9, 0.9],
						"0.5417": [0.9, 0.9, 0.9],
						"2.0": [0.9, 0.9, 0.9],
						"3.9583": [0.9, 0.9, 0.9],
						"4.5": [0.9, 0.9, 0.9]
					}
				},
				"weapon_root": {
					"rotation": {
						"0.0": [0, -10, 0],
						"0.5417": [0, 0, 0],
						"2.0": [0, 0, 0],
						"2.5": [0, 0, -5],
						"3.9583": [0, 0, -5],
						"4.5": [0, -10, 0]
					},
					"position": {
						"0.0": [0, 0, 0],
						"0.5417": [-0.51609, -0.01152, 0.09451],
						"2.0": [-0.51609, -0.01152, 0.09451],
						"2.5": [-0.52, 0.05, 0.09],
						"3.9583": [-0.51609, 0.23848, 0.09451],
						"4.5": [0, 0, 0]
					}
				},
				"leftArm": {
					"rotation": {
						"0.0": [-62.24687, 9.53274, 3.03513],
						"0.25": {
							"pre": [-81.95844, 11.36996, 3.6173],
							"post": [-81.95844, 11.36996, 3.6173],
							"lerp_mode": "catmullrom"
						},
						"0.5417": {
							"post": [-115.21098, 29.08081, 2.73624],
							"lerp_mode": "catmullrom"
						},
						"1.2917": {
							"post": [-118.97143, 26.96084, 0.99055],
							"lerp_mode": "catmullrom"
						},
						"2.0": {
							"post": [-110.21019, 33.92821, 6.8105],
							"lerp_mode": "catmullrom"
						},
						"2.5": {
							"post": [-100.74164, 22.11175, -20.52584],
							"lerp_mode": "catmullrom"
						},
						"3.9583": {
							"post": [-101.96236, 22.76993, -18.18209],
							"lerp_mode": "catmullrom"
						},
						"4.5": [-62.24687, 9.53274, 3.03513]
					},
					"position": {
						"0.0": [0, 0.25, -3],
						"0.5417": {
							"pre": [-1.71819, -0.46837, -5.31839],
							"post": [-1.71819, -0.46837, -5.31839],
							"lerp_mode": "catmullrom"
						},
						"1.2917": {
							"post": [-1.54, -0.42, -6.04],
							"lerp_mode": "catmullrom"
						},
						"2.0": {
							"post": [-1.71819, -0.46837, -5.31839],
							"lerp_mode": "catmullrom"
						},
						"2.5": {
							"post": [-1.21819, 1.53163, -4.06839],
							"lerp_mode": "catmullrom"
						},
						"3.9583": {
							"post": [-1.71819, 1.03163, -4.06839],
							"lerp_mode": "catmullrom"
						},
						"4.5": [0, 0.25, -3]
					},
					"scale": {
						"0.0": [0.8, 0.8, 0.8],
						"4.5": [0.8, 0.8, 0.8]
					}
				}
			}
		},
		"animation.mp5.grip.idle.fp": {
			"loop": "hold_on_last_frame",
			"animation_length": 4.5,
			"bones": {
				"root": {
					"rotation": {
						"2.0": [0, 0, 0],
						"2.5": [0, 0, 0]
					},
					"position": {
						"0.0": [0, 0, 0],
						"0.5417": [0, 0, -1],
						"2.0": [0, 0, -1],
						"2.5": [0, 0, 0]
					}
				},
				"leftArm": {
					"rotation": {
						"0.0": [0, 0, 0],
						"0.5417": [10, -12, 5],
						"1.2917": [10, -8, 12],
						"2.0": [9, -19, 5],
						"2.25": [13.97214, -17.23936, 1.49815],
						"2.5": [13.94428, -15.47872, -2.0037],
						"3.3333": [12.97, -15.24, -6.18],
						"3.9583": [13.2404, -15.0665, -9.30449],
						"4.5": [0, 0, 0]
					},
					"position": {
						"0.0": [0, 0, 0],
						"0.5417": [-1.3784, 0.28106, -0.42491],
						"1.2917": [-1.60996, 0.23136, -0.50497],
						"2.0": [-1.60996, 0.23136, -0.50497],
						"2.5": [-1.12864, 0.05021, -0.56676],
						"3.9583": [-1.12864, 0.05021, -0.56676],
						"4.5": [0, 0, 0]
					}
				}
			}
		},
		"animation.mp5.grip.idle.tp": {
			"loop": "hold_on_last_frame",
			"animation_length": 4.5,
			"bones": {
				"leftArm": {
					"rotation": {
						"0.0": [0, 0, 0],
						"0.5417": [10, -12, 5],
						"1.2917": [10, -8, 12],
						"2.0": [9, -19, 5],
						"2.5": [22, -16, 3],
						"3.9583": [22, -18, 3],
						"4.5": [0, 0, 0]
					},
					"position": {
						"0.0": [0, 0, 0],
						"0.5417": [-1.3784, 0.28106, -0.42491],
						"1.2917": [-1.60996, 0.23136, -0.50497],
						"2.0": [-1.60996, 0.23136, -0.50497],
						"2.5": [-2.0649, -0.08273, -0.24157],
						"3.9583": [-2.07819, 0.01638, -0.24125],
						"4.5": [0, 0, 0]
					}
				}
			}
		},
		"animation.mp5.attachments.scale.fp": {
			"loop": "hold_on_last_frame",
			"bones": {
				"m203": {
					"position": [0, 0.075, 2.25],
					"scale": 0.65
				},
				"grip": {
					"position": [-0.025, 1.05, -1.4],
					"scale": 0.65
				},
				"acog": {
					"position": [-0.5, 0.15, -0.3],
					"scale": 0.575
				},
				"red_dot_scope": {
					"position": [-0.525, 0.15, -0.3],
					"scale": 0.575
				},
				"halographic": {
					"position": [0.525, 0.25, 0.2],
					"scale": 0.575
				}
			}
		},
		"animation.mp5.attachments.scale.tp": {
			"loop": "hold_on_last_frame",
			"bones": {
				"m203": {
					"position": [0, 0.075, 2.75],
					"scale": 0.6
				},
				"grip": {
					"position": [-0.025, 1.05, -1.4],
					"scale": 0.65
				},
				"acog": {
					"position": [-0.5, 0.15, -0.3],
					"scale": 0.575
				},
				"red_dot_scope": {
					"position": [-0.525, 0.15, -0.3],
					"scale": 0.575
				},
				"halographic": {
					"position": [0.475, 0.15, -0.05],
					"scale": 0.575
				}
			}
		},
		"animation.mp5.grip.hold.fp": {
			"loop": "hold_on_last_frame",
			"bones": {
				"root": {
					"position": [0, 0.2, -0.25]
				},
				"rightArm": {
					"rotation": [-0.75, 0, 0]
				},
				"weapon_root": {
					"rotation": [-2, 5, -6]
				},
				"leftArm": {
					"rotation": [2, -4, -3],
					"position": [0, -0.45, 0.25]
				}
			}
		},
		"animation.mp5.grip.hold.tp": {
			"loop": "hold_on_last_frame",
			"bones": {
				"weapon_root": {
					"rotation": [-3, 6, -12]
				},
				"leftArm": {
					"rotation": [0, -12, 4],
					"position": [-0.1, -0.75, -0.6]
				},
				"rightArm": {
					"rotation": [-1, -3, -5],
					"position": [-0.75, 0, 0.5]
				}
			}
		},
		"animation.mp5.grip.pre_hipfire.fp": {
			"loop": "hold_on_last_frame",
			"bones": {
				"leftArm": {
					"rotation": [8, 4, 12],
					"position": [-0.25, -0.4, -1.75]
				}
			}
		},
		"animation.mp5.grip.pre_hipfire.tp": {
			"loop": "hold_on_last_frame",
			"bones": {
				"leftArm": {
					"rotation": [12, -12, 25],
					"position": [-0.25, -0.4, 0]
				},
				"rightArm": {
					"position": [0, -0.25, 2.25]
				}
			}
		},
		"animation.mp5.grip.ads.fp": {
			"loop": "hold_on_last_frame",
			"bones": {
				"leftArm": {
					"rotation": [9, 4, 7],
					"position": [0.22941, -0.1885, -0.73269]
				}
			}
		},
		"animation.mp5.grip.ads.tp": {
			"loop": true,
			"bones": {
				"rightArm": {
					"position": [-0.33092, -0.12448, 0.93541]
				},
				"leftArm": {
					"rotation": [12, "v.sp88 ? -1 : -7", "v.sp88 ? 20 : 25"],
					"position": [-0.89473, "v.sp88 ? 0 : -0.9987", -0.44944]
				}
			}
		},
		"animation.mp5.red_dot.ads.fp": {
			"loop": "hold_on_last_frame",
			"bones": {
				"root": {
					"rotation": [0, 1, 0],
					"position": [0.15, -1.15, -0.75]
				},
				"weapon_root": {
					"rotation": [0, -1.9, 0]
				},
				"red_dot": {
					"position": [0, -0.1, 0]
				}
			}
		},
		"animation.mp5.red_dot.ads.tp": {
			"loop": "hold_on_last_frame",
			"bones": {
				"rightArm": {
					"rotation": [0, -1, 0],
					"position": [0.24814, -1.23894, -0.07709]
				},
				"leftArm": {
					"position": [0.01193, -0.24805, -0.02879]
				}
			}
		},
		"animation.mp5.acog.ads.fp": {
			"loop": "hold_on_last_frame",
			"bones": {
				"root": {
					"rotation": [0, 1, 0],
					"position": [0.05, -1.5, -1.75]
				},
				"weapon_root": {
					"rotation": [0, -1.25, 0]
				},
				"crosshair": {
					"position": [0, 0.025, 0],
					"scale": 0.3
				},
				"crosshair_night_vision": {
					"position": [0, 0.025, 0],
					"scale": 0.3
				}
			}
		},
		"animation.mp5.acog.ads.tp": {
			"loop": "hold_on_last_frame",
			"bones": {
				"rightArm": {
					"rotation": [0, -1, 0],
					"position": [0.33385, -1.45948, -0.29541]
				},
				"crosshair": {
					"position": [0, 0.025, 0],
					"scale": 0.3
				},
				"crosshair_night_vision": {
					"position": [0, 0.025, 0],
					"scale": 0.3
				},
				"leftArm": {
					"position": [0.02386, -0.4961, -0.05758]
				}
			}
		},
		"animation.mp5.m203.hold.fp": {
			"loop": "hold_on_last_frame",
			"bones": {
				"leftArm": {
					"rotation": ["v.sp88 ? 8 : 11", "v.sp88 ? -2 : 4", "v.sp88 ? -2 : -13"],
					"position": [0, 0, 0.5]
				},
				"rightArm": {
					"rotation": [-1.5, -1, 0]
				}
			}
		},
		"animation.mp5.m203.hold.tp": {
			"loop": "hold_on_last_frame",
			"bones": {
				"leftArm": {
					"rotation": [7, 3, -12],
					"position": [0, -0.5, -0.5]
				},
				"rightArm": {
					"rotation": [-4, -3, 0]
				}
			}
		},
		"animation.mp5.m203.pre_hipfire.fp": {
			"loop": "hold_on_last_frame",
			"bones": {
				"leftArm": {
					"rotation": ["v.sp88 ? 12 : 17", 1, "v.sp88 ? -8 : -14"],
					"position": ["v.sp88 ? 0.75 : 0", "v.sp88 ? -0.5 : -0.15", "v.sp88 ? -0.5 : -1.25"],
					"scale": "v.sp88 ? 1.1 : 1"
				},
				"root": {
					"position": [0, "v.sp88 ? 1 : 0", "v.sp88 ? -0.25 : 0"]
				},
				"rightArm": {
					"position": ["v.sp88 ? -0.25 : 0", "v.sp88 ? 0.25 : 0", "v.sp88 ? 1 : 0"]
				},
				"weapon_root": {
					"rotation": ["v.sp88 ? -2.5 : 0", 0, 0],
					"position": [0, 0, "v.sp88 ? 1 : 0"]
				}
			}
		},
		"animation.mp5.m203.pre_hipfire.tp": {
			"loop": "hold_on_last_frame",
			"bones": {
				"leftArm": {
					"rotation": [12, -8, 12],
					"position": [-0.5, -0.15, 0]
				}
			}
		},
		"animation.mp5.m203.ads.fp": {
			"loop": "hold_on_last_frame",
			"bones": {
				"leftArm": {
					"rotation": [10, 2, 2],
					"position": [0, -0.9, 0.75]
				}
			}
		},
		"animation.mp5.m203.ads.tp": {
			"loop": true,
			"bones": {
				"leftArm": {
					"rotation": ["v.sp88 ? 12 : 9", -15, 10],
					"position": ["v.sp88 ? -1 : -0.25", "v.sp88 ? 0 : -1.5", 0]
				}
			}
		},
		"animation.mp5.m203.load.fp": {
			"loop": "hold_on_last_frame",
			"animation_length": 2.75,
			"bones": {
				"weapon_root": {
					"rotation": {
						"0.0": ["v.sp88 ? 5 : -7", 2, -4],
						"0.25": ["v.sp88 ? 6 : -11", 2, -3],
						"0.75": ["v.sp88 ? 10 : -15", 2, -4],
						"1.25": ["v.sp88 ? 7 : -11", 0, -4],
						"1.6667": ["v.sp88 ? 4 : -6", 2, -2],
						"2.0": ["v.sp88 ? 5 : -9", 2, -2],
						"2.2917": ["v.sp88 ? 5 : -9", 2, -2],
						"2.6667": ["v.sp88 ? 9 : -10", 2, -4]
					},
					"position": {
						"0.0": ["v.sp88 ? -1 : -0.5582", "v.sp88 ? 0 : 0.716", 0.96042],
						"0.25": ["v.sp88 ? -1 : -0.56", "v.sp88 ? 0 : 0.72", 0.96],
						"0.75": [-0.56, "v.sp88 ? 0 : 0.72", 0.96],
						"1.25": [-0.56, "v.sp88 ? 1 : 2.22", 0.96],
						"1.6667": [-0.56, "v.sp88 ? 1 : 2.22", 0.96],
						"2.0": [-0.56, "v.sp88 ? 1 : 2.22", 0.96],
						"2.2917": [-0.56, "v.sp88 ? 1 : 2.22", 0.96],
						"2.7083": [-0.55819, "v.sp88 ? 0 : 0.716", 0.96042]
					}
				},
				"rightArm": {
					"position": ["v.sp88 ? -0.45 : 0", "v.sp88 ? -0.4 : 0", "v.sp88 ? 0.9 : 0"]
				}
			}
		},
		"animation.mp5.m203.load.tp": {
			"loop": "hold_on_last_frame",
			"animation_length": 2.75,
			"bones": {
				"weapon_root": {
					"rotation": {
						"0.0": [-7, 2, -4],
						"0.25": [-11, 2, -3],
						"0.75": [-15, 2, -4],
						"1.25": [-11, 0, -4],
						"1.6667": [-6, 2, -2],
						"2.0": [-9, 2, -2],
						"2.2917": [-9, 2, -2],
						"2.6667": [-10, 2, -4]
					},
					"position": {
						"0.0": [-0.55819, 0.71604, 1.96042],
						"0.75": [-0.55819, 0.71604, 1.96042]
					}
				},
				"shell": {
					"position": {
						"0.75": [0, 0, 0],
						"1.0": [1.5, 17, 6],
						"1.25": [0.5, 5, -4],
						"1.375": [0, 0, 0]
					}
				},
				"rightArm": {
					"position": {
						"0.0": [-0.25, 0, 0.75],
						"1.25": [-0.25, 0, 0.75],
						"1.5": [-0.25, -0.25, 1.5],
						"1.8333": [-0.25, -0.25, 1.5],
						"2.2083": [-0.5, -0.25, 1.75]
					}
				}
			}
		},
		"animation.mp5.m203.empty.fp": {
			"loop": "hold_on_last_frame",
			"animation_length": 1.3333,
			"bones": {
				"weapon_root": {
					"rotation": {
						"0.0": ["v.sp88 ? 3 : -7", "v.sp88 ? 0 : 2", "v.sp88 ? 0 : -4"],
						"0.2083": ["v.sp88 ? 3 : -9", "v.sp88 ? 0 : 2", "v.sp88 ? 0 : -3"],
						"0.375": ["v.sp88 ? 0 : -15", "v.sp88 ? 0 : 2", "v.sp88 ? 0 : -3"],
						"0.5833": ["v.sp88 ? 0 : -12", "v.sp88 ? 0 : 2", "v.sp88 ? 0 : -3"],
						"0.75": ["v.sp88 ? 3 : -7", "v.sp88 ? 0 : 2", "v.sp88 ? 0 : -3"],
						"1.125": ["v.sp88 ? 3 : -7", "v.sp88 ? 0 : 2", "v.sp88 ? 0 : -4"]
					},
					"position": ["v.sp88 ? 0.15 : -0.5582", "v.sp88 ? 0 : 0.716", "v.sp88 ? 0.5 : 0.9604"]
				},
				"root": {
					"position": [0, "v.sp88 ? -0.25 : 0", 0]
				},
				"rightArm": {
					"rotation": [0, "v.sp88 ? -0.5 : 0", 0],
					"position": {
						"0.0": ["v.sp88 ? -1 : 0", "v.sp88 ? -0.65 : 0", "v.sp88 ? 0.75 : 0"],
						"0.9583": ["v.sp88 ? -1 : 0", "v.sp88 ? -0.65 : 0", "v.sp88 ? 0.75 : 0"],
						"1.25": ["v.sp88 ? -0.75 : 0", "v.sp88 ? -0.3 : 0", "v.sp88 ? 0.35 : 0"]
					}
				},
				"leftArm": {
					"position": {
						"0.0": ["v.sp88 ? 0.25 : 0", 0, "v.sp88 ? -0.5 : 0"],
						"0.2083": ["v.sp88 ? 0.5 : 0", 0, "v.sp88 ? -1 : 0"],
						"0.5417": ["v.sp88 ? 0.5 : 0", 0, "v.sp88 ? -1 : 0"],
						"0.75": ["v.sp88 ? 0.25 : 0", 0, "v.sp88 ? -0.5 : 0"]
					}
				}
			}
		},
		"animation.mp5.m203.empty.tp": {
			"loop": "hold_on_last_frame",
			"animation_length": 1.6667,
			"bones": {
				"weapon_root": {
					"rotation": {
						"0.0": [-7, 2, -4],
						"0.25": [-11, 2, -3],
						"0.75": [-15, 2, -4],
						"1.25": [-11, 0, -4]
					},
					"position": {
						"0.0": [-0.55819, 0.71604, 1.96042],
						"0.75": [-0.55819, 0.71604, 1.96042]
					}
				},
				"shell": {
					"position": {
						"0.75": [0, 0, 0],
						"1.0": [1.5, 17, 6],
						"1.25": [0.5, 5, -4],
						"1.375": [0, 0, 0]
					}
				},
				"rightArm": {
					"position": {
						"0.0": [-0.25, 0, 0.75],
						"0.6667": [-0.25, 0, 0.75],
						"0.9167": [-0.25, -0.25, 1.5],
						"1.0833": [-0.25, -0.25, 1.5]
					}
				}
			}
		},
		"animation.mp5.m203.idle.fp": {
			"loop": "hold_on_last_frame",
			"animation_length": 4.5,
			"bones": {
				"leftArm": {
					"rotation": {
						"0.0": [19, -6, -8],
						"2.0": [19, -6, -8],
						"2.5": [19, -6, -8],
						"4.0": [19, -6, -8],
						"4.4167": [19, -6, -8]
					},
					"position": {
						"0.0": [0, -0.15, -1.25],
						"2.0": [0, -0.15, -1.25],
						"2.5": ["v.sp88 ? 0.5 : 0", "v.sp88 ? -0.25 : -0.15", "v.sp88 ? -1 : -1.25"],
						"4.0": ["v.sp88 ? 0.5 : 0", "v.sp88 ? -0.25 : -0.15", "v.sp88 ? -1 : -1.25"],
						"4.4167": [0, 0, 0]
					}
				}
			}
		},
		"animation.mp5.m203.pos.fp": {
			"loop": "hold_on_last_frame",
			"bones": {
				"weapon_root": {
					"rotation": ["v.sp88 ? 1 : -16", -1, -4],
					"position": [-0.30819, 0.966, 0.96042]
				},
				"root": {
					"position": [0, "v.sp88 ? -0.5 : 0", "v.sp88 ? 0.25 : 0"]
				},
				"leftArm": {
					"position": ["v.sp88 ? 0.25 : 0", 0, "v.sp88 ? -1 : 0"]
				}
			}
		},
		"animation.mp5.m203.pos.tp": {
			"loop": true,
			"bones": {
				"weapon_root": {
					"rotation": ["v.sp88 ? 2 : -32", 0, 0],
					"position": ["v.sp88 ? 0.55 : 0", "v.sp88 ? 1.25 : 0.75", 1.25]
				},
				"leftArm": {
					"rotation": ["v.sp88 ? -5 : 0", "v.sp88 ? -25 : 0", 0]
				}
			}
		},
		"animation.mp5.scale.fp": {
			"loop": "hold_on_last_frame",
			"bones": {
				"weapon_root": {
					"position": [0.5, -0.5, 0],
					"scale": 0.65
				}
			}
		}
	}
}