{
	"format_version": "1.8.0",
	"animations": {
		"animation.p250.scale.fp": {
			"loop": true,
			"bones": {
				"pistol": {
					"position": [0.875, -2.75, 1],
					"scale": 0.35
				},
				"tip": {
					"position": [0, 0, 0.25],
					"scale": [0.8, 0.8, 0.9]
				}
			}
		},
		"animation.p250.scale.tp": {
			"loop": true,
			"bones": {
				"pistol": {
					"position": [0.625, -1.5, 0.2],
					"scale": [0.3, 0.3, 0.3]
				}
			}
		},
		"animation.p250.hold_fp": {
			"loop": true,
			"bones": {
				"root": {
					"rotation": [-185.04292, 7.4713, -180.6574],
					"position": [1, 0.75, 3.5]
				},
				"rightArm": {
					"rotation": [-77.20056, -43.37107, 4.52175],
					"position": [-1, 0, -1],
					"scale": [0.9, 0.9, 0.9]
				},
				"weapon_root": {
					"rotation": [0, -10, 0],
					"position": [0, 1.25, -0.75]
				},
				"leftArm": {
					"rotation": [-61.26107, 28.97438, 18.84748],
					"position": [-2, -0.75, -1],
					"scale": [0.8, 0.8, 0.8]
				}
			}
		},
		"animation.p250.hold_tp": {
			"loop": true,
			"bones": {
				"rightArm": {
					"rotation": ["-67.2006+(v.tcos0*3.5)*q.delta_time", -43.37107, 4.52175],
					"position": [0, -0.5, -1]
				},
				"leftArm": {
					"rotation": ["-53.1188+(v.tcos0*8.5)*q.delta_time", 26.24533, 19.92665],
					"position": [-0.75, -1, 0]
				},
				"waist": {
					"rotation": ["(math.cos(query.life_time * 100) * 1) + 1.25+(v.tcos0*0.025)", 0, 0]
				}
			}
		},
		"animation.p250.draw_fp": {
			"loop": "hold_on_last_frame",
			"animation_length": 1.2917,
			"bones": {
				"root": {
					"rotation": {
						"0.0": [-180, 0, -180],
						"0.25": [-180, 0, -180]
					},
					"position": {
						"0.0": [2, -56, -35],
						"0.25": [2, 0, 2]
					},
					"scale": {
						"0.0": [0, 0, 0],
						"0.0833": [1, 1, 1]
					}
				},
				"rightArm": {
					"rotation": {
						"0.0": [22.5, 35.1, 72.68],
						"0.375": [-107.21495, -24.30159, 18.19925],
						"0.4167": [-102.47372, -25.68876, 12.89859],
						"0.5": [-102.47, -25.69, 12.9],
						"0.5833": [-104.74814, -24.51258, 18.26669],
						"0.6667": [-104.75, -24.51, 18.27],
						"0.75": [-100.29391, -29.12591, 7.93885],
						"0.7917": [-100.29391, -29.12591, 7.93885],
						"0.875": [-106.06037, -30.30651, -0.58931],
						"0.9583": [-96.64468, -28.65427, 10.74332],
						"1.0": [-96.87593, -31.1217, 11.20729],
						"1.0417": [-94.37593, -31.1217, 11.20729],
						"1.0833": [-96.84986, -33.59851, 11.56584],
						"1.1667": [-94.30384, -31.09504, 11.47097],
						"1.25": [-96.73599, -31.10553, 11.34421]
					},
					"position": {
						"0.0": [-4.15, -6, 6],
						"0.0417": [-0.42, -5.39, -0.51],
						"0.0833": [-1.1, -3.81, -1.82],
						"0.125": [-1.91, -1.95, -3.38],
						"0.1667": [-0.55, -0.47, -4.61],
						"0.2083": [-0.87, 0.28, -5.23],
						"0.25": [-0.91, 0.38, -5.31],
						"0.2917": [-0.83, 0.18, -5.15],
						"0.3333": [-0.76, 0.03, -5.02],
						"0.375": [0.75, 0, -5.5],
						"0.4167": [1.25, 0, -5],
						"0.5": [1.25, 0, -5],
						"0.5833": [1.25, 0, -5],
						"0.6667": [1.25, 0, -5],
						"0.875": [1.25, 0, -5],
						"0.9583": [1.25, 0, -5]
					},
					"scale": [0.75, 0.75, 0.75]
				},
				"weapon_root": {
					"rotation": {
						"0.0": [0, 0, 0],
						"0.4167": [0, 0, 0],
						"0.5417": [-5.04067, -7.68916, -1.83339],
						"0.625": [-5.04, -7.69, -1.83],
						"0.9583": [-5.04, -7.69, -1.83],
						"1.0": [4.12931, -5.41332, -0.42912],
						"1.125": [12.42415, -1.71762, 4.7417],
						"1.2917": [0, -10, 0]
					},
					"position": {
						"0.0": [0, 1.25, 0],
						"0.4167": [0, 1.25, -0.75],
						"0.5417": [0, 1.5, -0.75],
						"0.625": [0, 1.25, -0.75],
						"0.9583": [0, 1.25, -0.75],
						"1.125": [0, 1.25, -0.75],
						"1.2917": [0, 1.25, -0.75]
					}
				},
				"p250_barrel": {
					"position": {
						"0.375": [0, 0, 0],
						"0.5": [0, 0, 7.25],
						"0.9583": [0, 0, 7.25],
						"1.0": [0, 0, 0]
					}
				},
				"leftArm": {
					"rotation": {
						"0.2083": [-91.13222, 59.80125, -80.18378],
						"0.2917": [-72.43121, 24.02969, -33.66048],
						"0.3333": [-88.37343, 21.35645, -81.94996],
						"0.375": [-98.11495, -0.16933, -85.30869],
						"0.4167": [-120.71616, -13.96132, -88.78116],
						"0.5833": [-137.92525, -11.80872, -90.08543],
						"0.625": [-152.92525, -11.80872, -90.08543],
						"0.7083": [-150.65906, -1.06429, -110.01138],
						"1.1667": [0, 0, 0]
					},
					"position": {
						"0.0": [0, 0, -2],
						"0.1667": [0, 0, -2],
						"0.2083": [-1, 1, -4],
						"0.2917": [-1, 1, -2],
						"0.375": [-1.6, 0.6, -5.3],
						"0.4167": [-3, 0.6, -5.8],
						"0.4583": [-3.06, 0.5, -4.25],
						"0.5": [-3.12, 0.5, -2.83],
						"0.5417": [-3.18, 0.5, -1.91],
						"0.5833": [-3.25, 0.5, -3],
						"0.625": [-1.25, 0.5, -2],
						"0.7083": [-1.25, 0.5, 0],
						"0.8333": [1.75, -2.5, 3],
						"0.9583": [0, 0, 0]
					},
					"scale": [0.65, 0.65, 0.65]
				},
				"pin": {
					"rotation": {
						"0.375": [0, 0, 0],
						"0.4583": [-70, 0, 0],
						"0.9583": [-70, 0, 0],
						"1.0833": [0, 0, 0]
					},
					"position": {
						"0.375": [0, 0, 0],
						"0.4583": [0, 0, 0],
						"0.9583": [0, 0, 0]
					}
				}
			}
		},
		"animation.p250.draw_tp": {
			"loop": "hold_on_last_frame",
			"animation_length": 1.2917,
			"bones": {
				"rightArm": {
					"rotation": {
						"0.0": [43.29405, -22.94186, -13.23487],
						"0.375": [-107.21495, -24.30159, 18.19925],
						"0.4167": [-102.47372, -25.68876, 12.89859],
						"0.5": [-102.47, -25.69, 12.9],
						"0.5833": [-104.74814, -24.51258, 18.26669],
						"0.6667": [-104.75, -24.51, 18.27],
						"0.75": [-100.29391, -29.12591, 7.93885],
						"0.7917": [-100.29391, -29.12591, 7.93885],
						"0.875": [-106.06037, -30.30651, -0.58931],
						"0.9583": [-96.64468, -28.65427, 10.74332],
						"1.0": [-96.87593, -31.1217, 11.20729],
						"1.0417": [-94.37593, -31.1217, 11.20729],
						"1.0833": [-96.84986, -33.59851, 11.56584],
						"1.1667": [-94.30384, -31.09504, 11.47097],
						"1.25": [-96.73599, -31.10553, 11.34421]
					},
					"position": {
						"0.0": [-0.15, -1, 0],
						"0.375": [0.75, -1, -3.5],
						"0.4167": [1.25, -1, -3],
						"0.5": [1.25, -1, -3],
						"0.5833": [1.25, -1, -3],
						"0.6667": [1.25, -1, -3],
						"0.875": [1.25, -1, -3],
						"0.9583": [1.25, -0.5, -3],
						"1.0417": [0.25, -0.5, -3]
					}
				},
				"weapon_root": {
					"rotation": {
						"0.0": [0, 0, 0],
						"0.4167": [0, 0, 0],
						"0.5417": [-5.04067, -7.68916, -1.83339],
						"0.625": [-5.04, -7.69, -1.83],
						"0.9583": [-5.04, -7.69, -1.83],
						"1.0": [4.12931, -5.41332, -0.42912],
						"1.125": [12.42415, -1.71762, 4.7417],
						"1.2917": [0, -10, 0]
					},
					"position": [0, 0, 0],
					"scale": {
						"0.0": [0, 0, 0],
						"0.125": [0, 0, 0],
						"0.25": [1, 1, 1],
						"0.375": [1.3, 1.3, 1.3],
						"0.5": [1, 1, 1]
					}
				},
				"p250_barrel": {
					"position": {
						"0.375": [0, 0, 0],
						"0.5": [0, 0, 7.25],
						"0.9583": [0, 0, 7.25],
						"1.0": [0, 0, 0]
					}
				},
				"leftArm": {
					"rotation": {
						"0.0": [-61.41222, 17.51803, 2.96832],
						"0.2083": [-91.13222, 59.80125, -80.18378],
						"0.3333": [-102.00863, 9.25543, -82.36409],
						"0.375": [-112.41192, -12.49816, -80.66708],
						"0.4167": [-121.92219, -20.37128, -84.7029],
						"0.5833": [-141.00328, -16.14049, -76.94875],
						"0.7083": [-130.44532, -10.19748, -79.67168],
						"1.0833": [-27.5, 0, -7.5]
					},
					"position": {
						"0.0": [0, 0, -1],
						"0.2083": [-1, 0, -3],
						"0.3333": [0.6, 0.36, -3.48],
						"0.4167": [0, 0.6, -3.8],
						"0.7083": [-1.25, 0.5, -1],
						"0.8333": [1.75, -2.5, 3],
						"0.9583": [0, 0, 0]
					}
				},
				"pin": {
					"rotation": {
						"0.375": [0, 0, 0],
						"0.4583": [-70, 0, 0],
						"0.9583": [-70, 0, 0],
						"1.0833": [0, 0, 0]
					},
					"position": {
						"0.375": [0, 0, 0],
						"0.4583": [0, 0, 0],
						"0.9583": [0, 0, 0]
					}
				},
				"waist": {
					"rotation": {
						"0.0": [-1.43199, 24.90932, -7.99056],
						"0.25": [0, 0, 0],
						"0.4167": [-2.50238, -2.49762, 0.10912],
						"0.625": [-3.50558, -3.49575, 0.17032],
						"0.75": [-3.51, -3.5, 0.17],
						"0.9583": [0, 0, 0]
					}
				},
				"head": {
					"rotation": {
						"0.0": [11.6195, 9.9616, -5.07673],
						"0.25": [12.4332, 8.9191, -0.11936],
						"0.3333": [12.4332, 8.9191, -0.12],
						"0.5417": [0.8348, 9.205, -10.24259],
						"0.75": [8.3348, 9.205, -10.24259],
						"0.9167": [8.3348, 9.205, -10.24],
						"1.2083": [0, 0, 0]
					}
				}
			}
		},
		"animation.p250.draw_empty.fp": {
			"loop": "hold_on_last_frame",
			"animation_length": 1.75,
			"bones": {
				"root": {
					"rotation": {
						"0.0": [-180, 0, -180],
						"0.25": [-180, 0, -180]
					},
					"position": {
						"0.0": [3, 1, 0],
						"0.25": [2, 0, 2]
					},
					"scale": {
						"0.0": [0, 0, 0],
						"0.0833": [1, 1, 1]
					}
				},
				"rightArm": {
					"rotation": {
						"0.0": [-64.89957, -7.03143, 14.54818],
						"0.4583": [-53.83142, -59.98764, -46.71181],
						"0.5417": [-51.83142, -59.98764, -46.71181],
						"0.6667": [-53.83142, -59.98764, -46.71181],
						"0.8333": {
							"pre": [-53.83142, -59.98764, -46.71181],
							"post": [-53.83142, -59.98764, -46.71181],
							"lerp_mode": "catmullrom"
						},
						"1.125": {
							"post": [-81.43175, -56.34377, -12.95841],
							"lerp_mode": "catmullrom"
						},
						"1.5417": [-88.98499, -56.7626, -3.91186]
					},
					"position": {
						"0.0": [-4.15, -6, 6],
						"0.4583": [-0.25, 0, -3.25],
						"0.6667": [-0.25, 0, -3.25],
						"0.8333": [-0.25, 0, -3.25]
					},
					"scale": [0.9, 0.9, 0.9]
				},
				"weapon_root": {
					"rotation": {
						"0.0": [0, -10, 0],
						"0.375": [0, -2.5, 0],
						"0.8333": [0, -2.5, 0],
						"1.125": [-0.32653, 2.52132, 7.47858]
					},
					"position": [0, 1.25, -0.75]
				},
				"leftArm": {
					"scale": [0.65, 0.65, 0.65]
				}
			}
		},
		"animation.p250.draw_empty.tp": {
			"loop": "hold_on_last_frame",
			"animation_length": 1.75,
			"bones": {
				"rightArm": {
					"rotation": {
						"0.0": [43.29405, -22.94186, -13.23487],
						"0.4583": [-70.10044, -53.68797, -39.23753],
						"0.6667": [-53.83142, -59.98764, -46.71181],
						"0.8333": {
							"pre": [-53.83142, -59.98764, -46.71181],
							"post": [-53.83142, -59.98764, -46.71181],
							"lerp_mode": "catmullrom"
						},
						"1.125": {
							"post": [-81.43175, -56.34377, -12.95841],
							"lerp_mode": "catmullrom"
						},
						"1.5417": [-88.98499, -56.7626, -3.91186]
					},
					"position": {
						"0.0": [-0.15, -1, 0],
						"0.4583": [-0.25, 0, -3.25],
						"0.6667": [-0.25, 0, -3.25],
						"0.8333": [-0.25, 0, -3.25]
					}
				},
				"weapon_root": {
					"rotation": {
						"0.0": [0, 0, 0],
						"0.375": [0, -2.5, 0],
						"0.8333": [0, -2.5, 0],
						"1.125": [-0.32653, 2.52132, 7.47858]
					},
					"position": [0, 0, 0],
					"scale": {
						"0.0": [0, 0, 0],
						"0.0833": {
							"pre": [0, 0, 0],
							"post": [1, 1, 1]
						}
					}
				},
				"waist": {
					"rotation": {
						"0.0": [-1.43199, 24.90932, -7.99056],
						"0.375": [0, 0, 0],
						"0.8333": [-2.5, -7.5, 0],
						"1.375": [0, 0, 0]
					}
				},
				"head": {
					"rotation": {
						"0.0": [11.6195, 9.9616, -5.07673],
						"0.5": [19.53055, -16.92463, -10.87766],
						"1.125": [19.53, -16.92, -10.88],
						"1.5417": [13.93552, -14.06914, 6.23585]
					}
				},
				"leftArm": {
					"rotation": {
						"0.0": [-73.91222, 17.51803, 2.96832],
						"0.375": [15.39551, 7.11937, -33.99919],
						"0.7917": [-5.82659, 2.95389, -19.52975],
						"1.2083": [-80.49291, 13.93491, -7.80426]
					},
					"position": {
						"0.0": [0, 0, -1],
						"0.375": [0, 0, 0]
					}
				}
			}
		},
		"animation.p250.ads_fp": {
			"loop": "hold_on_last_frame",
			"anim_time_update": "q.anim_time+q.delta_time",
			"bones": {
				"root": {
					"rotation": [-183.02001, -17, -180.525],
					"position": [-2.985, -1.75, 3]
				},
				"waist": {
					"rotation": [12.5, 0.85, 0.66807],
					"position": [0, -0.25, 0]
				},
				"rightArm": {
					"rotation": [-95.16248, -17.461, 1.12397],
					"position": [1.32635, 4.21875, 3.00677],
					"scale": [0.9, 0.9, 0.9]
				},
				"weapon_root": {
					"rotation": [-2.8, 0.1, -0.35],
					"position": [-0.07, 0.9, -0.4]
				},
				"leftArm": {
					"rotation": [-96.17052, 10.18056, 3.31179],
					"position": [-5.56563, 3.72795, 2.57072],
					"scale": [0.8, 0.8, 0.8]
				}
			}
		},
		"animation.p250.ads_tp": {
			"loop": "hold_on_last_frame",
			"anim_time_update": "q.anim_time+q.delta_time",
			"bones": {
				"root": {
					"rotation": [0, "1+q.target_y_rotation", 0]
				},
				"waist": {
					"rotation": [
						"7.1747+(math.clamp(q.target_x_rotation, -10, 10))+(variable.tcos0*0.05)+(math.cos(query.life_time * 350) * 0.1)",
						"10.8383+(math.cos(query.life_time * 350) * 0.05)",
						1.88387
					],
					"position": [0, "-0.25+(variable.tcos0*0.025)", 0]
				},
				"rightArm": {
					"rotation": ["-95.1096+(math.clamp(q.target_x_rotation, -40, 40))", -15.46903, 0.93728],
					"position": [2.32635, 2.21875, -2.99323]
				},
				"leftArm": {
					"rotation": ["-99.4344+(math.clamp(q.target_x_rotation, -40, 40))", 22.06504, "-11.7337+(math.clamp(q.target_x_rotation, 5, 10))"],
					"position": [-2.31563, 1.22795, -3.17928]
				},
				"head": {
					"rotation": ["1.4297+(math.clamp(q.target_x_rotation, -40, 40))", -10.39277, -9.64817]
				},
				"rightLeg": {
					"rotation": ["0+(v.tcos0*2.5)*q.delta_time", 15, 0],
					"position": [0, 0, "0.75+(v.tcos0*0.15)"]
				},
				"leftLeg": {
					"rotation": ["0-(v.tcos0*1.5)+q.delta_time", -3, 0],
					"position": [0, 0, "-1-(v.tcos0*0.15)"]
				}
			}
		},
		"animation.p250.ads_fire_fp": {
			"loop": "hold_on_last_frame",
			"animation_length": 0.2917,
			"anim_time_update": "q.anim_time+q.delta_time",
			"bones": {
				"rightArm": {
					"rotation": {
						"0.0": [0, 0, 0],
						"0.0833": [-2, 0, 0],
						"0.125": [-2, 0, 0],
						"0.2083": [0, 0, 0]
					},
					"position": {
						"0.0": [0, 0, 0],
						"0.0833": [0, 0, 0.25],
						"0.2083": [0, 0, 0]
					}
				},
				"weapon_root": {
					"rotation": {
						"0.0": [-2.8, 0.1, -0.35],
						"0.0833": [-2.8, 0.1, -0.35],
						"0.125": [-3.9, 0.1, -0.35],
						"0.1667": [-3.5, 0.1, -0.35],
						"0.2083": [0, 0, 0]
					},
					"position": {
						"0.0": [0, 0, 0],
						"0.0833": [0, 0.00872, 0.24985],
						"0.125": [0, 0.01, 0.25],
						"0.1667": [0, 0, 0]
					}
				},
				"leftArm": {
					"rotation": {
						"0.0": [0, 0, 0],
						"0.0833": [-1.99726, 0.10465, 2.99818],
						"0.125": [-2, 0, 0],
						"0.2083": [0, 0, 0]
					},
					"position": {
						"0.0": [0, 0, 0],
						"0.0833": [0, 0, 0.25],
						"0.2083": [0, 0, 0]
					}
				},
				"p250_barrel": {
					"rotation": {
						"0.0417": [0, 0, 0],
						"0.125": [0, 0, 0],
						"0.1667": [0, 0, 0]
					},
					"position": {
						"0.0417": [0, 0, 0],
						"0.0833": [0, 0, 4.25],
						"0.125": [0, 0, 4.25],
						"0.1667": [0, 0, 0]
					}
				},
				"pin": {
					"rotation": {
						"0.0": [0, 0, 0],
						"0.0417": [-70, 0, 0],
						"0.125": [-70, 0, 0],
						"0.1667": [0, 0, 0]
					},
					"position": {
						"0.0": [0, 0, 0],
						"0.125": [0, 0, 2],
						"0.1667": [0, 0, 0]
					}
				},
				"casing": {
					"rotation": {
						"0.0417": [0, 0, 0],
						"0.0833": [0, 0, 0],
						"0.125": ["math.random(30,-30)", "math.random(10,-10)", "math.random(40,-40)"]
					},
					"position": {
						"0.0417": [0, 0, 0],
						"0.0833": [-0.5, 0, 3],
						"0.125": [-5.75, 4.55, 2],
						"0.1667": [-11, "1+math.random(2,4)", 1],
						"0.2083": [-22.5, 3.38, 3],
						"0.25": [-37, -26, 5]
					},
					"scale": {
						"0.0": {"pre": [0, 0, 0], "post": [0, 0, 0]}
					}
				},
				"muzzle_flash": {
					"position": [0, 0, 0]
				}
			},
			"particle_effects": {
				"0.0": [
					{
						"effect": "muzzle.flash3",
						"locator": "muzzle_flashp250"
					},
					{
						"effect": "muzzle_smoke_fp1",
						"locator": "muzzle_flashp250"
					},
					{
						"effect": "muzzle_glow_1",
						"locator": "muzzle_flashp250"
					},
					{
						"effect": "fire_burst.small.1",
						"locator": "muzzle_flashp250"
					},
					{
						"effect": "casing_small",
						"locator": "p250_casing"
					}
				]
			}
		},
		"animation.p250.pre_hipfire_fp": {
			"loop": true,
			"bones": {
				"root": {
					"rotation": [-180.86377, -5.65134, -181.52087],
					"position": [-4, 0.25, 1.5]
				},
				"rightArm": {
					"rotation": [-85.68926, -5.55569, -2.70834],
					"position": [-1, 0, -1],
					"scale": 0.9
				},
				"weapon_root": {
					"rotation": [0, 0, 0],
					"position": [0, 1, -0.75]
				},
				"leftArm": {
					"rotation": [-85.71815, 39.37465, 2.74706],
					"position": [-6, -0.75, -4],
					"scale": 0.8
				},
				"muzzle_flash": {
					"position": [-2.75, -8.25, -1]
				}
			}
		},
		"animation.p250.pre_hipfire_tp": {
			"loop": true,
			"bones": {
				"root": {
					"rotation": [0, "q.target_y_rotation", 0]
				},
				"rightArm": {
					"rotation": ["-79.08+(math.clamp(q.target_x_rotation, -40, 40))", -10.88101, 1.98684],
					"position": [1.5, 0, -1]
				},
				"weapon_root": {
					"rotation": [-5, 0, 0]
				},
				"leftArm": {
					"rotation": ["-73.6657+(math.clamp(q.target_x_rotation, -40, 40))", 35.91012, -0.49408],
					"position": [-2.5, -0.25, -2]
				},
				"muzzle_flash": {
					"position": [-2.75, -8.25, -1]
				},
				"waist": {
					"rotation": ["0+(math.clamp(q.target_x_rotation, -10, 10))+(variable.tcos0*0.05)+(math.cos(query.life_time * 350) * 0.1)", 7.5, 0]
				},
				"head": {
					"rotation": ["math.clamp(q.target_x_rotation, -40, 40)", -5, 0]
				}
			}
		},
		"animation.p250.hipfire_fp": {
			"loop": "hold_on_last_frame",
			"animation_length": 0.2917,
			"bones": {
				"rightArm": {
					"rotation": {
						"0.0": [0, 0, 0],
						"0.0833": [-2, 0, 0],
						"0.125": [-2, 0, 0],
						"0.2083": [0, 0, 0]
					},
					"position": {
						"0.0": [0, 0, 0],
						"0.0833": [0, 0, 0.25],
						"0.2083": [0, 0, 0]
					}
				},
				"weapon_root": {
					"rotation": {
						"0.0": [0, 0, 0],
						"0.0833": [-6, 0, 0],
						"0.1667": [0, 0, 0]
					},
					"position": {
						"0.0": [0, 0, 0],
						"0.0833": [0, 0.00872, 0.04985],
						"0.125": [0, 0.01, 0.25],
						"0.1667": [0, 0, 0]
					}
				},
				"p250_barrel": {
					"rotation": {
						"0.0417": [0, 0, 0],
						"0.125": [0, 0, 0],
						"0.1667": [0, 0, 0]
					},
					"position": {
						"0.0417": [0, 0, 0],
						"0.0833": [0, 0, 4.25],
						"0.125": [0, 0, 4.25],
						"0.1667": [0, 0, 0]
					}
				},
				"pin": {
					"rotation": {
						"0.0": [0, 0, 0],
						"0.0417": [-70, 0, 0],
						"0.125": [-70, 0, 0],
						"0.2083": [0, 0, 0]
					},
					"position": {
						"0.0": [0, 0, 0],
						"0.125": [0, 0, 2],
						"0.2083": [0, 0, 0]
					}
				},
				"casing": {
					"rotation": {
						"0.0417": [0, 0, 0],
						"0.0833": [0, 0, 0],
						"0.125": ["math.random(30,-30)", "math.random(10,-10)", "math.random(40,-40)"]
					},
					"position": {
						"0.0417": [0, 0, 0],
						"0.0833": [-0.5, 0, 3],
						"0.125": [-8.25, 4.61, 2],
						"0.1667": [-22, "2+math.random(2,4)", 1],
						"0.2083": [-27.5, 1.38, 3],
						"0.25": [-44, -26, 5]
					},
					"scale": [0, 0, 0]
				},
				"leftArm": {
					"rotation": {
						"0.0": [0, 0, 0],
						"0.0833": [-1.99726, 0.10465, 2.99818],
						"0.125": [-2, 0, 0],
						"0.2083": [0, 0, 0]
					},
					"position": {
						"0.0": [0, 0, 0],
						"0.0833": [0, 0, 0.25],
						"0.2083": [0, 0, 0]
					}
				},
				"muzzle_flash": {
					"position": [3, 6, 1.75]
				},
				"waist": {
					"rotation": {
						"0.0": [0, 0, 0],
						"0.0833": [-1.00015, 0.99985, -0.01745],
						"0.125": [0, 0, 0]
					},
					"position": {
						"0.0": [0, 0, 0],
						"0.0417": [-0.1, 0, 0.2],
						"0.1667": [0, 0, 0]
					}
				}
			},
			"particle_effects": {
				"0.0": [
					{
						"effect": "muzzle.flash3",
						"locator": "muzzle_flashp250"
					},
					{
						"effect": "muzzle_smoke_fp1",
						"locator": "muzzle_flashp250"
					},
					{
						"effect": "muzzle_glow_1",
						"locator": "muzzle_flashp250"
					},
					{
						"effect": "fire_burst.small.1",
						"locator": "muzzle_flashp250"
					},
					{
						"effect": "casing_small",
						"locator": "p250_casing"
					}
				]
			}
		},
		"animation.p250.reload_empty_fp": {
			"loop": "hold_on_last_frame",
			"animation_length": 2.29167,
			"bones": {
				"root": {
					"rotation": {
						"0.0": [-185.04292, 7.4713, -180.6574],
						"0.25": [-185.04, 7.47, -180.66],
						"0.5": [-185.04, 7.47, -180.66],
						"0.5833": [-180.04, 7.47, -180.66]
					},
					"position": {
						"0.0": [1, 0.75, 3.5],
						"0.25": [1, 0.75, 2.5],
						"0.5833": [1, 0.75, 3.5]
					}
				},
				"waist": {
					"rotation": {
						"1.1667": [0, 0, 0],
						"1.2917": [-2, 0, 0],
						"1.4167": [0, 0, 0]
					}
				},
				"rightArm": {
					"rotation": {
						"0.0": [-87.55037, -19.70605, -26.94075],
						"0.125": [-89.90227, -19.2116, -34.87853],
						"0.25": [-114.9, -19.21, -34.88],
						"0.375": [-109.9, -19.21, -34.88],
						"0.5": [-87.4, -19.21, -34.88],
						"0.5833": [-87.52895, -19.37855, -26.93499],
						"0.6667": [-95.02895, -19.37855, -26.93499],
						"0.8333": [-98.41784, -18.20494, -16.441],
						"1.0417": [-95.03, -19.38, -26.93],
						"1.125": [-98.64965, -19.68862, -29.56242],
						"1.3333": [-98.65, -19.69, -29.56],
						"1.625": [-104.90527, -6.34847, 38.35265],
						"1.8333": [-108.90527, -6.34847, 38.35265],
						"2.0417": [-108.91, -6.35, 38.35],
						"2.1667": [-104.90527, -6.34847, 38.35265]
					},
					"position": {
						"0.0": [-1, 0, -1],
						"0.25": [-1, 0, -1],
						"0.375": [-2, 0, -1],
						"0.6667": [-2, 0, -1],
						"1.0417": [-2, 0, -1],
						"1.3333": [-2, 0, -1],
						"1.625": [-2, -1, -1]
					},
					"scale": [0.9, 0.9, 0.9]
				},
				"weapon_root": {
					"rotation": {
						"0.0": [0, -10, 0],
						"0.1667": [0, -10, 0],
						"0.25": [-14.13, -2.46, -4.96],
						"0.375": [-9.13, -2.46, -4.96],
						"0.5": [5.87, -2.46, -4.96],
						"1.0417": [5.87, -2.46, -4.96],
						"1.125": [-1.43884, -1.94002, -9.93658],
						"1.3333": [-1.44, -1.94, -9.94],
						"1.625": [0, -10, 0]
					},
					"position": {
						"0.0": [0, 0, -0.75],
						"0.125": [0, 0.25, -0.75],
						"0.25": [0, 0.25, -0.75],
						"0.375": [0, 0.25, -0.75],
						"1.0417": [0, 0.25, -0.75],
						"1.3333": [0, 0.25, -0.75],
						"1.625": [0, 0, -0.75]
					}
				},
				"clip": {
					"rotation": [0, 0, 0],
					"position": {
						"0.4167": [0, 0, 0],
						"0.625": [0, -16, 0],
						"0.875": [8, -53, 16],
						"1.0": [1, -19, 3],
						"1.0417": [0, -11, 1],
						"1.0833": [0, -7, 0.5],
						"1.1667": [0, -3, 0],
						"1.25": [0, 0, 0]
					},
					"scale": {
						"0.8333": [1, 1, 1],
						"0.875": [0, 0, 0],
						"0.9583": [0, 0, 0],
						"1.0": [1, 1, 1]
					}
				},
				"p250_barrel": {
					"position": {
						"1.7083": [0, 0, 0],
						"1.875": [0, 0, 7],
						"2.0417": [0, 0, 7.5],
						"2.1667": [0, 0, 0]
					}
				},
				"leftArm": {
					"rotation": {
						"0.0": [-73.2833, 12.29085, 13.17339],
						"0.125": [-59.85725, 19.61642, 47.44189],
						"0.25": [-59.86, 19.62, 47.44],
						"0.375": [-40.08236, 16.96256, 67.72815],
						"0.5": [-45.90603, -1.98597, 67.1228],
						"0.5833": [-50.90603, -1.98597, 67.1228],
						"0.75": [-9.06606, -50.34316, -9.55492],
						"0.8333": [-9.07, -50.34, -9.55],
						"1.0833": [-56.34315, 11.63404, 62.45264],
						"1.125": [-56.03027, 13.71128, 63.87852],
						"1.2083": [-55.23236, 17.83933, 66.81096],
						"1.3333": [-55.23, 17.84, 66.81],
						"1.7083": [-118.03415, -11.85226, -80.43799],
						"1.875": [-125.00853, -20.77257, -89.96017],
						"2.0417": [-127.50853, -20.77257, -89.96017],
						"2.1667": [-118.03415, -11.85226, -80.43799]
					},
					"position": {
						"0.0": [0, 0.25, -3],
						"0.125": [-2, -0.75, -6],
						"0.25": [-2, -0.75, -6],
						"0.375": [-5, -2.75, -7],
						"0.5": [-5, -1.75, -3],
						"0.5833": [-3, -2.75, -2],
						"0.75": [-3, -2.75, 0],
						"0.8333": [-3, -2.75, 0],
						"1.0833": [-5, 0.25, -4],
						"1.3333": [-5, 0.25, -4],
						"1.5417": [-3.96, -0.18, -1.14],
						"1.7083": [-5.35, -0.4, -2],
						"1.875": [-5.25, -1, 2],
						"2.0417": [-4.75, -1, 1.75],
						"2.1667": [-5.75, 0, -2.25]
					},
					"scale": [0.8, 0.8, 0.8]
				}
			}
		},
		"animation.p250.reload_empty_tp": {
			"loop": "hold_on_last_frame",
			"animation_length": 2.29167,
			"bones": {
				"waist": {
					"rotation": {
						"0.0": [0, 0, 0],
						"0.1667": [-0.44067, 9.99038, -2.53852],
						"0.375": [-0.35, 7.91, -2.01],
						"0.5": [0, 0, 0],
						"0.625": [0, 0, 0],
						"0.7917": [1.61955, -9.96156, 5.07673],
						"1.0417": [0, 0, 0],
						"1.1667": [0, 0, 0],
						"1.2917": [-2, 0, 0],
						"1.4167": [0, 0, 0],
						"1.625": [0, 0, 0],
						"1.8333": [-2.5, 5, 0],
						"2.0": [-2.52889, 9.99519, -0.22118],
						"2.1667": [0, 0, 0]
					}
				},
				"rightArm": {
					"rotation": {
						"0.0": [-87.55037, -19.70605, -26.94075],
						"0.125": [-89.90227, -19.2116, -34.87853],
						"0.25": [-114.9, -19.21, -34.88],
						"0.375": [-109.9, -19.21, -34.88],
						"0.5": [-87.4, -19.21, -34.88],
						"0.5833": [-87.52895, -19.37855, -26.93499],
						"0.6667": [-95.02895, -19.37855, -26.93499],
						"0.8333": [-98.41784, -18.20494, -16.441],
						"1.0417": [-95.03, -19.38, -26.93],
						"1.125": [-98.64965, -19.68862, -29.56242],
						"1.2083": [-107.00603, -17.89117, -19.16858],
						"1.3333": [-107.00603, -17.89117, -19.16858],
						"1.625": [-102.40527, -6.34847, 38.35265],
						"1.8333": [-108.90527, -6.34847, 38.35265],
						"2.0417": [-108.91, -6.35, 38.35],
						"2.1667": [-104.90527, -6.34847, 38.35265]
					},
					"position": {
						"0.0": [-1, 0, -1],
						"0.25": [0, 0, -1],
						"0.375": [0, 0, -1],
						"0.6667": [-1, 0, -1],
						"1.0417": [0, 0, -1],
						"1.3333": [0, 0, -1],
						"1.625": [-0.75, -0.5, -3]
					}
				},
				"weapon_root": {
					"rotation": {
						"0.0": [0, -10, 0],
						"0.1667": [0, -10, 0],
						"0.25": [-14.13, -2.46, -4.96],
						"0.375": [-9.13, -2.46, -4.96],
						"0.5": [5.87, -2.46, -4.96],
						"1.0417": [5.87, -2.46, -4.96],
						"1.125": [-1.43884, -1.94002, -9.93658],
						"1.3333": [-1.44, -1.94, -9.94],
						"1.625": [0, -10, 0]
					}
				},
				"clip": {
					"rotation": {
						"0.0": [0, 0, 0],
						"0.4167": [0, 0, 0],
						"0.5417": [-20, 0, 0],
						"0.625": [0, 0, -37.5],
						"0.75": [0, 0, -77.5],
						"0.875": [-35, 0, -77.5],
						"1.0": [-16.96884, -10.39238, -28.9076],
						"1.0417": [-19.81782, 0.1204, 2.01694]
					},
					"position": {
						"0.4167": [0, 0, 0],
						"0.5417": [-3.2, -18.4, 1.2],
						"0.5833": [-0.1, -22.2, 1.6],
						"0.625": [3, -34, 4],
						"0.7083": [18.33, -45, 11.33],
						"0.75": [30.5, -47.5, 12],
						"0.7917": [29.17, -47, 16.5],
						"0.8333": [29.83, -46.5, 21],
						"0.875": [29.5, -47.5, 21],
						"0.9167": [11.67, -37.67, 15],
						"1.0": [-1, -25, 6],
						"1.0417": [-3, -14, 1],
						"1.0833": [0, -7, 0.5],
						"1.1667": [0, -3, 0],
						"1.25": [0, 0, 0]
					}
				},
				"p250_barrel": {
					"position": {
						"1.7083": [0, 0, 0],
						"1.875": [0, 0, 7],
						"2.0417": [0, 0, 7.5],
						"2.1667": [0, 0, 0]
					}
				},
				"leftArm": {
					"rotation": {
						"0.0": [-73.2833, 12.29085, 13.17339],
						"0.125": [-59.85725, 19.61642, 47.44189],
						"0.25": [-59.86, 19.62, 47.44],
						"0.375": [-40.08236, 16.96256, 67.72815],
						"0.5": [-45.90603, -1.98597, 67.1228],
						"0.5833": [-44.59034, -13.54601, 57.45823],
						"0.75": [-14.06606, -50.34316, -9.55492],
						"0.8333": [4.27137, -15.99872, -4.63391],
						"1.0833": [-56.34315, 11.63404, 62.45264],
						"1.125": [-56.03027, 13.71128, 63.87852],
						"1.2083": [-55.23236, 17.83933, 66.81096],
						"1.3333": [-55.23, 17.84, 66.81],
						"1.7083": [-121.06009, -14.07381, -58.59745],
						"1.8333": [-133.07497, -15.78907, -60.47985],
						"2.0": [-158.07497, -15.78907, -60.47985],
						"2.1667": [-134.01224, -11.63573, -57.44254]
					},
					"position": {
						"0.0": [0, 0.25, -3],
						"0.125": [-1, -0.75, -4],
						"0.25": [-1, -0.75, -4],
						"0.375": [-2, -0.75, -3],
						"0.5": [-2, -0.75, -2],
						"0.5833": [-2, -0.75, -2],
						"0.75": [-1, -0.75, 0],
						"0.8333": [-1, -0.75, 0],
						"1.0833": [-3, 0.25, -4],
						"1.3333": [-3, 0.25, -4],
						"1.5417": [-3.96, -0.18, -1.14],
						"1.7083": [-3.35, -0.4, -3],
						"1.8333": [-2.35, -0.4, -3],
						"2.0": [-2.35, -0.4, -4],
						"2.1667": [-2.35, -0.4, -3]
					}
				},
				"head": {
					"rotation": {
						"0.0": [0, 0, 0],
						"0.1667": [9.98684, 4.05734, 5.79056],
						"0.375": [12.58648, 8.98092, 6.66735],
						"0.5833": [12.24781, 2.72784, 0.14879],
						"0.7917": [17.50799, -11.92736, -3.06819],
						"1.0417": [12.58648, 8.98092, 6.66735],
						"1.25": [12.59, 8.98, 6.67],
						"1.4167": [0, 0, 0],
						"1.7083": [-2.74715, 12.19908, -5.29362],
						"1.8333": [-4.341, 16.88113, -10.76362],
						"2.0": [-14.341, 16.88113, -10.76362],
						"2.1667": [-4.341, 16.88113, -10.76362]
					}
				}
			}
		},
		"animation.p250.reload_fp": {
			"loop": "hold_on_last_frame",
			"animation_length": 1.4167,
			"bones": {
				"root": {
					"rotation": {
						"0.0": [-185.04292, 7.4713, -180.6574],
						"0.25": [-185.04, 7.47, -180.66],
						"0.5": [-185.04, 7.47, -180.66],
						"0.5833": [-180.04, 7.47, -180.66]
					},
					"position": {
						"0.0": [1, 0.75, 3.5],
						"0.25": [1, 0.75, 2.5],
						"0.5833": [1, 0.75, 3.5]
					}
				},
				"waist": {
					"rotation": {
						"1.1667": [0, 0, 0],
						"1.2917": [-2, 0, 0],
						"1.4167": [0, 0, 0]
					}
				},
				"rightArm": {
					"rotation": {
						"0.0": [-87.55037, -19.70605, -26.94075],
						"0.125": [-89.90227, -19.2116, -34.87853],
						"0.25": [-114.9, -19.21, -34.88],
						"0.375": [-109.9, -19.21, -34.88],
						"0.5": [-87.4, -19.21, -34.88],
						"0.5833": [-87.52895, -19.37855, -26.93499],
						"0.6667": [-95.02895, -19.37855, -26.93499],
						"0.8333": [-98.41784, -18.20494, -16.441],
						"1.0417": [-95.03, -19.38, -26.93],
						"1.125": [-98.64965, -19.68862, -29.56242],
						"1.3333": [-98.65, -19.69, -29.56]
					},
					"position": {
						"0.0": [-1, 0, -1],
						"0.25": [-1, 0, -1],
						"0.375": [-2, 0, -1],
						"0.6667": [-2, 0, -1],
						"1.0417": [-2, 0, -1],
						"1.3333": [-2, 0, -1]
					},
					"scale": [0.9, 0.9, 0.9]
				},
				"weapon_root": {
					"rotation": {
						"0.0": [0, -10, 0],
						"0.1667": [0, -10, 0],
						"0.25": [-14.13, -2.46, -4.96],
						"0.375": [-9.13, -2.46, -4.96],
						"0.5": [5.87, -2.46, -4.96],
						"1.0417": [5.87, -2.46, -4.96],
						"1.125": [-1.43884, -1.94002, -9.93658],
						"1.3333": [-1.44, -1.94, -9.94]
					},
					"position": {
						"0.0": [0, 0, -0.75],
						"0.125": [0, 0.25, -0.75],
						"0.25": [0, 0.25, -0.75],
						"0.375": [0, 0.25, -0.75],
						"1.0417": [0, 0.25, -0.75],
						"1.3333": [0, 0.25, -0.75]
					}
				},
				"clip": {
					"rotation": [0, 0, 0],
					"position": {
						"0.4167": [0, 0, 0],
						"0.625": [0, -16, 0],
						"0.875": [8, -53, 16],
						"1.0": [1, -19, 3],
						"1.0417": [0, -11, 1],
						"1.0833": [0, -7, 0.5],
						"1.1667": [0, -3, 0],
						"1.25": [0, 0, 0]
					},
					"scale": {
						"0.8333": [1, 1, 1],
						"0.875": [0, 0, 0],
						"0.9583": [0, 0, 0],
						"1.0": [1, 1, 1]
					}
				},
				"leftArm": {
					"rotation": {
						"0.0": [-73.2833, 12.29085, 13.17339],
						"0.125": [-59.85725, 19.61642, 47.44189],
						"0.25": [-59.86, 19.62, 47.44],
						"0.375": [-40.08236, 16.96256, 67.72815],
						"0.5": [-45.90603, -1.98597, 67.1228],
						"0.5833": [-50.90603, -1.98597, 67.1228],
						"0.75": [-9.06606, -50.34316, -9.55492],
						"0.8333": [-9.07, -50.34, -9.55],
						"1.0833": [-56.34315, 11.63404, 62.45264],
						"1.125": [-56.03027, 13.71128, 63.87852],
						"1.2083": [-55.23236, 17.83933, 66.81096],
						"1.3333": [-55.23, 17.84, 66.81]
					},
					"position": {
						"0.0": [0, 0.25, -3],
						"0.125": [-2, -0.75, -6],
						"0.25": [-2, -0.75, -6],
						"0.375": [-5, -2.75, -7],
						"0.5": [-5, -1.75, -3],
						"0.5833": [-3, -2.75, -2],
						"0.75": [-3, -2.75, 0],
						"0.8333": [-3, -2.75, 0],
						"1.0833": [-5, 0.25, -4],
						"1.3333": [-5, 0.25, -4]
					},
					"scale": [0.8, 0.8, 0.8]
				}
			}
		},
		"animation.p250.reload_tp": {
			"loop": "hold_on_last_frame",
			"animation_length": 1.4167,
			"bones": {
				"waist": {
					"rotation": {
						"0.0": [0, 0, 0],
						"0.1667": [-0.44067, 9.99038, -2.53852],
						"0.375": [-0.35, 7.91, -2.01],
						"0.5": [0, 0, 0],
						"0.625": [0, 0, 0],
						"0.7917": [1.61955, -9.96156, 5.07673],
						"1.0417": [0, 0, 0],
						"1.1667": [0, 0, 0],
						"1.2917": [-2, 0, 0],
						"1.4167": [0, 0, 0]
					}
				},
				"rightArm": {
					"rotation": {
						"0.0": [-87.55037, -19.70605, -26.94075],
						"0.125": [-89.90227, -19.2116, -34.87853],
						"0.25": [-114.9, -19.21, -34.88],
						"0.375": [-109.9, -19.21, -34.88],
						"0.5": [-87.4, -19.21, -34.88],
						"0.5833": [-87.52895, -19.37855, -26.93499],
						"0.6667": [-95.02895, -19.37855, -26.93499],
						"0.8333": [-98.41784, -18.20494, -16.441],
						"1.0417": [-95.03, -19.38, -26.93],
						"1.125": [-98.64965, -19.68862, -29.56242],
						"1.2083": [-107.00603, -17.89117, -19.16858],
						"1.3333": [-107.00603, -17.89117, -19.16858]
					},
					"position": {
						"0.0": [-1, 0, -1],
						"0.25": [0, 0, -1],
						"0.375": [0, 0, -1],
						"0.6667": [-1, 0, -1],
						"1.0417": [0, 0, -1],
						"1.3333": [0, 0, -1]
					}
				},
				"weapon_root": {
					"rotation": {
						"0.0": [0, -10, 0],
						"0.1667": [0, -10, 0],
						"0.25": [-14.13, -2.46, -4.96],
						"0.375": [-9.13, -2.46, -4.96],
						"0.5": [5.87, -2.46, -4.96],
						"1.0417": [5.87, -2.46, -4.96],
						"1.125": [-1.43884, -1.94002, -9.93658],
						"1.3333": [-1.44, -1.94, -9.94]
					}
				},
				"clip": {
					"rotation": {
						"0.0": [0, 0, 0],
						"0.4167": [0, 0, 0],
						"0.5417": [-20, 0, 0],
						"0.625": [0, 0, -37.5],
						"0.75": [0, 0, -77.5],
						"0.875": [-35, 0, -77.5],
						"1.0": [-16.96884, -10.39238, -28.9076],
						"1.0417": [-19.81782, 0.1204, 2.01694]
					},
					"position": {
						"0.4167": [0, 0, 0],
						"0.5417": [-3.2, -18.4, 1.2],
						"0.5833": [-0.1, -22.2, 1.6],
						"0.625": [3, -34, 4],
						"0.7083": [18.33, -45, 11.33],
						"0.75": [30.5, -47.5, 12],
						"0.7917": [29.17, -47, 16.5],
						"0.8333": [29.83, -46.5, 21],
						"0.875": [29.5, -47.5, 21],
						"0.9167": [11.67, -37.67, 15],
						"1.0": [-1, -25, 6],
						"1.0417": [-3, -14, 1],
						"1.0833": [0, -7, 0.5],
						"1.1667": [0, -3, 0],
						"1.25": [0, 0, 0]
					}
				},
				"leftArm": {
					"rotation": {
						"0.0": [-73.2833, 12.29085, 13.17339],
						"0.125": [-59.85725, 19.61642, 47.44189],
						"0.25": [-59.86, 19.62, 47.44],
						"0.375": [-40.08236, 16.96256, 67.72815],
						"0.5": [-45.90603, -1.98597, 67.1228],
						"0.5833": [-44.59034, -13.54601, 57.45823],
						"0.75": [-14.06606, -50.34316, -9.55492],
						"0.8333": [4.27137, -15.99872, -4.63391],
						"1.0833": [-56.34315, 11.63404, 62.45264],
						"1.125": [-56.03027, 13.71128, 63.87852],
						"1.2083": [-55.23236, 17.83933, 66.81096],
						"1.3333": [-55.23, 17.84, 66.81]
					},
					"position": {
						"0.0": [0, 0.25, -3],
						"0.125": [-1, -0.75, -4],
						"0.25": [-1, -0.75, -4],
						"0.375": [-2, -0.75, -3],
						"0.5": [-2, -0.75, -2],
						"0.5833": [-2, -0.75, -2],
						"0.75": [-1, -0.75, 0],
						"0.8333": [-1, -0.75, 0],
						"1.0833": [-3, 0.25, -4],
						"1.3333": [-3, 0.25, -4]
					}
				},
				"head": {
					"rotation": {
						"0.0": [0, 0, 0],
						"0.1667": [9.98684, 4.05734, 5.79056],
						"0.375": [12.58648, 8.98092, 6.66735],
						"0.5833": [12.24781, 2.72784, 0.14879],
						"0.7917": [17.50799, -11.92736, -3.06819],
						"1.0417": [12.58648, 8.98092, 6.66735],
						"1.25": [12.59, 8.98, 6.67],
						"1.4167": [0, 0, 0]
					}
				}
			}
		},
		"animation.p250.out_of_ammo": {
			"loop": true,
			"bones": {
				"p250_barrel": {
					"position": [0, 0, 6]
				},
				"pin": {
					"rotation": [-70, 0, 0]
				}
			}
		},
		"animation.p250.admire_fp": {
			"loop": "hold_on_last_frame",
			"animation_length": 2.70833,
			"bones": {
				"root": {
					"rotation": {
						"0.0": [-185.04292, 7.4713, -180.6574],
						"1.4583": [-185.04, 7.47, -180.66],
						"1.7083": [-185.08176, 10.45831, -180.92788],
						"2.0833": [-185.08176, 10.45831, -180.92788],
						"2.3333": [-185.04, 7.47, -180.66],
						"2.7083": [-185.04292, 7.4713, -180.6574]
					},
					"position": {
						"0.0": [1, 0.75, 3.5],
						"0.2917": [1, 0.75, 7],
						"1.4583": [1, 0.75, 7],
						"1.7083": [2.25, 0.75, 6.75],
						"2.0833": [2.25, 0.75, 6.75],
						"2.3333": [1, 0.75, 6.5],
						"2.7083": [1, 0.75, 3.5]
					}
				},
				"waist": {
					"rotation": {
						"1.4583": [0, 0, 0],
						"1.7083": [-0.99863, 0.05233, 4.49954],
						"2.0833": [-0.99863, 0.05233, 4.49954],
						"2.3333": [0, 0, 0]
					},
					"position": {
						"1.4583": [0, 0, 0],
						"1.7083": [-0.75, 0, 0],
						"2.0833": [-0.75, 0, 0],
						"2.3333": [0, 0, 0]
					}
				},
				"rightArm": {
					"rotation": {
						"0.0": [-77.20056, -43.37107, 4.52175],
						"0.2917": [-112.67961, -33.21186, 5.61128],
						"1.0": [-112.68, -33.21, 5.61],
						"1.2917": [-127.81802, -12.25145, 42.97601],
						"2.3333": [-127.81802, -12.25145, 42.97601],
						"2.7083": [-77.20056, -43.37107, 4.52175]
					},
					"position": {
						"0.0": [-1, 0, -1],
						"0.2917": [-2, 0, -1],
						"1.0": [-2, 0, -1],
						"1.2917": [1, -1, -1],
						"2.3333": [1, -1, -1],
						"2.7083": [-1, 0, -1]
					},
					"scale": {
						"0.0": [0.9, 0.9, 0.9],
						"2.7083": [0.9, 0.9, 0.9]
					}
				},
				"weapon_root": {
					"rotation": {
						"0.0": [0, -10, 0],
						"2.7083": [0, -10, 0]
					},
					"position": {
						"0.0": [0, 1.25, -0.75],
						"0.2917": [-0.5, 0.75, -0.75],
						"2.375": [-0.5, 0.75, -0.75],
						"2.7083": [0, 1.25, -0.75]
					}
				},
				"pistol": {
					"rotation": {
						"0.0": [0, 0, 0],
						"0.2917": [0, 0, -25],
						"1.0": [0, 0, -25],
						"1.2917": [0, 0, 5],
						"2.3333": [0, 0, 5],
						"2.7083": [0, 0, 0]
					},
					"position": {
						"0.0": [0, 0, 0],
						"0.2917": [0.5, 0, -0.25],
						"1.0": [0.5, 0, -0.25],
						"2.3333": [0.5, 0, -0.25],
						"2.7083": [0, 0, 0]
					}
				},
				"p250_barrel": {
					"position": {
						"1.4583": [0, 0, 0],
						"1.7083": [0, 0, 6],
						"1.9167": [0, 0, 6],
						"2.0833": [0, 0, 6],
						"2.4583": [0, 0, 0]
					}
				},
				"casing": {
					"position": {
						"1.4583": [-0.5, 0, 0.25],
						"1.7083": [-0.5, 0, 5.5],
						"2.0833": [-0.5, 0, 5.5],
						"2.4583": [-0.5, 0, 0.25]
					},
					"scale": {
						"1.7083": [1, 1, 1.2],
						"2.0833": [1, 1, 1.2],
						"2.4583": [1, 1, 1]
					}
				},
				"leftArm": {
					"rotation": {
						"0.0": [-61.26107, 28.97438, 18.84748],
						"0.2917": [-36.59834, -15.45921, 7.56701],
						"1.0": [-36.59834, -15.45921, 7.56701],
						"1.1667": [-94.32831, -10.74662, -14.06499],
						"1.25": [-98.17728, -18.16309, -25.34345],
						"1.3333": [-104.08792, -12.66855, -38.29033],
						"1.4583": [-104.08792, -12.66855, -38.29033],
						"1.7083": [-101.21544, -3.57229, -41.0825],
						"2.0833": [-101.21544, -3.57229, -41.0825],
						"2.3333": [-106.39, -8.81, -39.36],
						"2.5": [-86.35709, -4.49171, -14.28568],
						"2.7083": [-61.26107, 28.97438, 18.84748]
					},
					"position": {
						"0.0": [-2, -0.75, -1],
						"0.2917": [0, 0.25, 2],
						"1.0": [0, 0.25, 2],
						"1.25": [-3.25, 0.25, 1.06],
						"1.3333": [-4, 0.25, 1.75],
						"1.4583": [-4, 0.25, 2],
						"1.7083": [-4, 0.25, 4],
						"2.0833": [-4, 0.25, 4],
						"2.3333": [-4, 0.25, 2],
						"2.375": [-3.03, 0.14, 2.67],
						"2.5": [-0.11, -0.19, 0.67],
						"2.7083": [-2, -0.75, -1]
					},
					"scale": {
						"0.0": [0.8, 0.8, 0.8],
						"2.7083": [0.8, 0.8, 0.8]
					}
				},
				"pin": {
					"rotation": {
						"1.4583": [0, 0, 0],
						"1.7083": [-67.5, 0, 0],
						"2.25": [-67.5, 0, 0],
						"2.4583": [0, 0, 0]
					}
				}
			}
		},
		"animation.p250.admire_empty_fp": {
			"loop": "hold_on_last_frame",
			"animation_length": 2.79167,
			"bones": {
				"root": {
					"rotation": {
						"0.0": [-185.04292, 7.4713, -180.6574],
						"1.25": [-185.04, 7.47, -180.66],
						"1.4167": [-185.04, 7.47, -180.66],
						"2.2917": [-185.04, 7.47, -180.66],
						"2.7917": [-185.04292, 7.4713, -180.6574]
					},
					"position": {
						"0.0": [1, 0.75, 3.5],
						"0.2917": [1, 0.75, 7],
						"1.25": [1, 0.75, 7],
						"1.4167": [1, 0.75, 7],
						"2.2917": [1, 0.75, 7],
						"2.7917": [1, 0.75, 3.5]
					}
				},
				"rightArm": {
					"rotation": {
						"0.0": [-77.20056, -43.37107, 4.52175],
						"0.2917": [-112.67961, -33.21186, 5.61128],
						"1.0": [-112.68, -33.21, 5.61],
						"1.25": [-128.84875, -7.5954, 48.94692],
						"1.4167": [-128.84875, -7.5954, 48.94692],
						"2.2917": [-128.84875, -7.5954, 48.94692],
						"2.7917": [-77.20056, -43.37107, 4.52175]
					},
					"position": {
						"0.0": [-1, 0, -1],
						"0.2917": [-2, 0, -1],
						"1.0": [-2, 0, -1],
						"1.25": [1, -1, -1],
						"1.4167": [1, -1, -1],
						"2.2917": [1, -1, -1],
						"2.7917": [-1, 0, -1]
					},
					"scale": {
						"0.0": [0.9, 0.9, 0.9],
						"2.7917": [0.9, 0.9, 0.9]
					}
				},
				"weapon_root": {
					"rotation": {
						"0.0": [0, -10, 0],
						"1.4167": [0, -10, 0],
						"2.2917": [0, -10, 0],
						"2.7917": [0, -10, 0]
					},
					"position": {
						"0.0": [0, 1.25, -0.75],
						"0.2917": [-0.5, 0.75, -0.75],
						"1.4167": [-0.5, 0.75, -0.75],
						"2.2917": [-0.5, 0.75, -0.75],
						"2.7917": [0, 1.25, -0.75]
					}
				},
				"pistol": {
					"rotation": {
						"0.0": [0, 0, 0],
						"0.2917": [0, 0, -25],
						"1.0": [0, 0, -25],
						"1.25": [0, 0, 5],
						"1.4167": [0, 0, 5],
						"2.2917": [0, 0, 5],
						"2.7917": [0, 0, 0]
					},
					"position": {
						"0.0": [0, 0, 0],
						"0.2917": [0.5, 0, -0.25],
						"1.0": [0.5, 0, -0.25],
						"1.4167": [0.5, 0, -0.25],
						"2.2917": [0.5, 0, -0.25],
						"2.7917": [0, 0, 0]
					}
				},
				"leftArm": {
					"rotation": {
						"0.0": [-61.26107, 28.97438, 18.84748],
						"0.2917": [-36.59834, -15.45921, 7.56701],
						"2.2917": [-36.59834, -15.45921, 7.56701],
						"2.7917": [-61.26107, 28.97438, 18.84748]
					},
					"position": {
						"0.0": [-2, -0.75, -1],
						"0.2917": [0, 0.25, 2],
						"2.2917": [0, 0.25, 2],
						"2.7917": [-2, -0.75, -1]
					},
					"scale": {
						"0.0": [0.8, 0.8, 0.8],
						"2.7917": [0.8, 0.8, 0.8]
					}
				}
			}
		},
		"animation.p250.admire_tp": {
			"loop": "hold_on_last_frame",
			"animation_length": 2.70833,
			"bones": {
				"waist": {
					"rotation": {
						"0.0": ["(math.cos(query.life_time * 100) * 1) + 1.25+(v.tcos0*0.025)", 0, 0],
						"1.4583": [0, 0, 0],
						"1.7083": [-3.06906, -7.51528, -0.40668],
						"2.0833": [-3.06906, -7.51528, -0.40668],
						"2.3333": [0, 0, 0],
						"2.7083": ["(math.cos(query.life_time * 100) * 1) + 1.25+(v.tcos0*0.025)", 0, 0]
					}
				},
				"rightArm": {
					"rotation": {
						"0.0": ["-67.2006+(v.tcos0*3.5)*q.delta_time", -43.37107, 4.52175],
						"0.2917": [-112.67961, -33.21186, 5.61128],
						"1.0": [-112.67961, -33.21186, 5.61128],
						"1.2917": [-120.31802, -12.25145, 42.97601],
						"2.3333": [-120.31802, -12.25145, 42.97601],
						"2.7083": ["-67.2006+(v.tcos0*3.5)*q.delta_time", -43.37107, 4.52175]
					},
					"position": {
						"0.0": [0, -0.5, -1],
						"0.2917": [0, 0, -3.5],
						"1.0": [0, 0, -3.5],
						"1.2917": [2, -1, -4],
						"2.3333": [2, -1, -4],
						"2.7083": [0, -0.5, -1]
					}
				},
				"weapon_root": {
					"rotation": {
						"0.0": [0, -10, 0],
						"2.7083": [0, -10, 0]
					}
				},
				"pistol": {
					"rotation": {
						"0.0": [0, 0, 0],
						"0.2917": [0, 0, -25],
						"1.0": [0, 0, -25],
						"1.2917": [0, 0, 5],
						"2.3333": [0, 0, 5],
						"2.7083": [0, 0, 0]
					},
					"position": {
						"0.0": [0, 0, 0],
						"0.2917": [0.5, 0, -0.25],
						"1.0": [0.5, 0, -0.25],
						"2.3333": [0.5, 0, -0.25],
						"2.7083": [0, 0, 0]
					}
				},
				"p250_barrel": {
					"position": {
						"1.4583": [0, 0, 0],
						"1.7083": [0, 0, 6],
						"1.9167": [0, 0, 6],
						"2.0833": [0, 0, 6],
						"2.4583": [0, 0, 0]
					}
				},
				"casing": {
					"position": {
						"1.4583": [-0.5, 0, 3.25],
						"1.7083": [-0.5, 0, 6.5],
						"2.3333": [-0.5, 0, 6.5],
						"2.4583": [0, 0, 0]
					},
					"scale": {
						"1.7083": [1, 1, 1.2],
						"2.3333": [1, 1, 1.2],
						"2.4583": [1, 1, 1]
					}
				},
				"leftArm": {
					"rotation": {
						"0.0": ["-53.1188+(v.tcos0*8.5)*q.delta_time", 26.24533, 19.92665],
						"0.2917": [-36.59834, -15.45921, 7.56701],
						"1.0": [-36.59834, -15.45921, 7.56701],
						"1.1667": [-94.32831, -10.74662, -14.06499],
						"1.25": [-105.27048, 1.64751, -28.13301],
						"1.3333": [-105.55205, -9.14406, -33.44517],
						"1.4583": [-105.55205, -9.14406, -33.44517],
						"1.7083": [-101.19643, 1.3325, -42.05407],
						"2.0833": [-101.19643, 1.3325, -42.05407],
						"2.3333": [-105.55205, -9.14406, -33.44517],
						"2.5": [-86.35709, -4.49171, -14.28568],
						"2.7083": ["-53.1188+(v.tcos0*8.5)*q.delta_time", 26.24533, 19.92665]
					},
					"position": {
						"0.0": [-0.75, -1, 0],
						"0.2917": [0, 0.25, 0],
						"1.0": [0, 0.25, 0],
						"1.25": [-1.25, 0.25, 1.06],
						"1.3333": [-2.25, -0.5, 0.56],
						"1.4583": [-2.25, -0.5, 0.56],
						"1.7083": [-1.5, 0.25, 1.5],
						"2.0833": [-1.5, 0.25, 1.5],
						"2.3333": [-2.25, -0.5, 0.56],
						"2.5": [-0.11, -0.19, 0.67],
						"2.7083": [-0.75, -1, 0]
					}
				},
				"pin": {
					"rotation": {
						"1.4583": [0, 0, 0],
						"1.7083": [-67.5, 0, 0],
						"2.25": [-67.5, 0, 0],
						"2.4583": [0, 0, 0]
					}
				},
				"head": {
					"rotation": {
						"0.0": [0, 0, 0],
						"0.2917": [7.51882, -7.03631, -5.63535],
						"1.0": [7.48568, -4.55771, -5.30729],
						"1.2917": [6.91421, -10.45771, 1.559],
						"1.4583": [6.91, -10.46, 1.56],
						"1.625": [7.04971, -15.42299, 0.93676],
						"1.875": [12.6179, -3.30149, -12.32485],
						"2.3333": [12.62, -3.3, -12.32],
						"2.7083": [0, 0, 0]
					}
				}
			}
		},
		"animation.p250.admire_empty_tp": {
			"loop": "hold_on_last_frame",
			"animation_length": 2.79167,
			"bones": {
				"waist": {
					"rotation": {
						"0.0": ["(math.cos(query.life_time * 100) * 1) + 1.25+(v.tcos0*0.025)", 0, 0],
						"1.3333": [0, 0, 0],
						"2.25": [0, 0, 0],
						"2.7917": ["(math.cos(query.life_time * 100) * 1) + 1.25+(v.tcos0*0.025)", 0, 0]
					}
				},
				"rightArm": {
					"rotation": {
						"0.0": ["-67.2006+(v.tcos0*3.5)*q.delta_time", -43.37107, 4.52175],
						"0.2917": [-112.67961, -33.21186, 5.61128],
						"1.0": [-112.67961, -33.21186, 5.61128],
						"1.3333": [-120.31802, -12.25145, 42.97601],
						"2.25": [-120.31802, -12.25145, 42.97601],
						"2.7917": ["-67.2006+(v.tcos0*3.5)*q.delta_time", -43.37107, 4.52175]
					},
					"position": {
						"0.0": [0, -0.5, -1],
						"0.2917": [0, 0, -3.5],
						"1.0": [0, 0, -3.5],
						"1.3333": [2, -1, -4],
						"2.25": [2, -1, -4],
						"2.7917": [0, -0.5, -1]
					}
				},
				"weapon_root": {
					"rotation": {
						"0.0": [0, -10, 0],
						"2.25": [0, -10, 0],
						"2.7917": [0, 0, 0]
					}
				},
				"pistol": {
					"rotation": {
						"0.0": [0, 0, 0],
						"0.2917": [0, 0, -25],
						"1.0": [0, 0, -25],
						"1.3333": [0, 0, 5],
						"2.25": [0, 0, 5],
						"2.7917": [0, 0, 0]
					},
					"position": {
						"0.0": [0, 0, 0],
						"0.2917": [0.5, 0, -0.25],
						"1.0": [0.5, 0, -0.25],
						"2.25": [0.5, 0, -0.25],
						"2.7917": [0, 0, 0]
					}
				},
				"leftArm": {
					"rotation": {
						"0.0": ["-53.1188+(v.tcos0*8.5)*q.delta_time", 26.24533, 19.92665],
						"0.2917": [-36.59834, -15.45921, 7.56701],
						"1.0": [-36.59834, -15.45921, 7.56701],
						"1.1667": [-94.32831, -10.74662, -14.06499],
						"1.3333": [-93.26919, 3.23452, -46.02796],
						"2.25": [-93.26919, 3.23452, -46.02796],
						"2.7917": ["-53.1188+(v.tcos0*8.5)*q.delta_time", 26.24533, 19.92665]
					},
					"position": {
						"0.0": [-0.75, -1, 0],
						"0.2917": [0, 0.25, 0],
						"1.0": [0, 0.25, 0],
						"1.3333": [-1.25, -1.5, -1.44],
						"2.25": [-1.25, -1.5, -1.44],
						"2.7917": [-0.75, -1, 0]
					}
				},
				"head": {
					"rotation": {
						"0.0": [0, 0, 0],
						"0.2917": [7.51882, -7.03631, -5.63535],
						"1.0": [7.48568, -4.55771, -5.30729],
						"1.3333": [12.9571, -11.91475, 9.05901],
						"2.25": [12.9571, -11.91475, 9.05901],
						"2.7917": [0, 0, 0]
					}
				}
			}
		},
		"animation.p250.sprint.fp": {
			"loop": true,
			"bones": {
				"rightArm": {
					"rotation": ["-145.7929-(v.tcos0*0.15)", -2.53877, 15.11401],
					"position": [-2, 0.25, -0.25],
					"scale": [0.8, 0.8, 0.8]
				},
				"weapon_root": {
					"rotation": [0, -10, 0],
					"position": [0, 0, -0.25]
				},
				"leftArm": {
					"rotation": ["-65.7929+(v.tcos0*0.7)", 2.53882, -15.11403],
					"position": [2, 0.25, -0.25],
					"scale": [0.8, 0.8, 0.8]
				},
				"root": {
					"rotation": [-180, 0, -180],
					"position": [1, 0, 2]
				},
				"clip_glow": {
					"position": [-7, 6, 3]
				}
			}
		},
		"animation.p250.sprint.tp": {
			"loop": true,
			"bones": {
				"rightArm": {
					"rotation": ["-137.7535-(v.tcos0*0.2)", 3.94937, -4.66136],
					"position": [0, 0.25, -0.25]
				},
				"weapon_root": {
					"rotation": [-0.33669, -11.36935, -4.73513]
				},
				"leftArm": {
					"rotation": ["3.9637+v.tcos0", 11.5392, -6.20382],
					"position": [0, 0.25, -0.25]
				},
				"root": {
					"rotation": [2.5, 0, 0]
				},
				"waist": {
					"rotation": ["5+(v.tcos0*0.05)", 0, 0]
				},
				"head": {
					"rotation": ["q.target_x_rotation", "q.target_y_rotation", 0]
				},
				"rightLeg": {
					"rotation": ["(v.tcos0*0.9)", 0, 0],
					"position": [0, "0-(v.tcos0*0.0175)", "0+(v.tcos0*0.015)"]
				},
				"leftLeg": {
					"rotation": ["-(v.tcos0*0.9)", 0, 0],
					"position": [0, "0+(v.tcos0*0.0175)", "0-(v.tcos0*0.015)"]
				}
			}
		},
		"animation.p250.shell.tp": {
			"loop": true,
			"bones": {
				"casing": {
					"scale": [0, 0, 0]
				}
			}
		}
	}
}