{
	"format_version": "1.8.0",
	"animations": {
		"animation.p90.scale.fp": {
			"loop": true,
			"bones": {
				"weapon_root": {
					"position": [0.8, -0.75, 1],
					"scale": 0.3
				}
			}
		},
		"animation.p90.scale.tp": {
			"loop": true,
			"bones": {
				"weapon_root": {
					"position": [0.7, -0.75, 0],
					"scale": [0.3, 0.25, 0.25]
				}
			}
		},
		"animation.p90.draw.fp": {
			"loop": "hold_on_last_frame",
			"animation_length": 1.08333,
			"bones": {
				"root": {
					"rotation": {
						"0.0": [-180, 0, -180],
						"0.2083": [-180.90956, 19.98015, -182.66022],
						"0.875": [-180.88489, 14.98076, -182.57816],
						"1.0833": [-180, 0, -180]
					},
					"position": {
						"0.0": [1, 0, -15],
						"0.2083": [2, -2, 3],
						"0.875": [1, -1, 3],
						"1.0833": [1, 0, 2]
					},
					"scale": {
						"0.0": [0, 0, 0],
						"0.0833": [1, 1, 1]
					}
				},
				"rightArm": {
					"rotation": {
						"0.0": [22.5, 35.1, 72.68],
						"0.375": [-84.65422, -19.4557, -8.85798],
						"0.5": [-84.65422, -19.4557, -8.85798],
						"0.625": [-94.28263, -22.26586, 4.56193],
						"0.7083": [-89.45195, -25.23685, 1.9659],
						"1.0833": [-77.57441, -50.38101, 6.63344]
					},
					"position": {
						"0.0": [-2.15, -1, 0],
						"0.375": [0, 2, -1],
						"0.5": [0, 1.25, -1],
						"0.6667": [-0.75, 1.58, -0.62],
						"1.0833": [-1.5, 1.5, -0.25]
					},
					"scale": {
						"0.0": [0.8, 0.8, 0.8],
						"1.0833": [0.8, 0.8, 0.8]
					}
				},
				"weapon_root": {
					"rotation": {
						"0.0": [0, 0, 0],
						"0.0417": [-0.31, -0.74, 5.48],
						"0.0833": [-0.63, -1.48, 10.97],
						"0.125": [-0.66, -1.55, 11.49],
						"0.1667": [-0.67, -1.58, 11.74],
						"0.2083": [-0.67, -1.59, 11.77],
						"0.25": [-0.66, -1.57, 11.65],
						"0.2917": [-0.65, -1.54, 11.45],
						"0.3333": [-0.64, -1.51, 11.22],
						"0.375": [-0.63, -1.49, 11.04]
					},
					"position": {
						"0.0": [0, 0, 0],
						"0.0417": [0.13, 0.25, -0.6],
						"0.0833": [0.25, 0.5, -1.2],
						"0.125": [0.26, 0.52, -1.26],
						"0.1667": [0.27, 0.54, -1.28],
						"0.2083": [0.27, 0.54, -1.29],
						"0.25": [0.27, 0.53, -1.28],
						"0.2917": [0.26, 0.52, -1.25],
						"0.3333": [0.26, 0.51, -1.23],
						"0.375": [0.25, 0.5, -1.21]
					}
				},
				"leftArm": {
					"rotation": {
						"0.0": [-38.91222, 17.51803, 2.96832],
						"0.375": [-95.46984, 27.12826, -15.59872],
						"0.5": [-87.90399, 34.15745, -9.23383],
						"0.5833": [-98.16785, 35.91564, -26.48743],
						"0.6667": [-86.5364, 31.53918, -6.41212],
						"0.75": [-89.16808, 20.80713, -3.90869],
						"1.0833": [-58.19041, 37.29012, 15.18109]
					},
					"position": {
						"0.0": [3, 0, -1],
						"0.375": [-1.12, 2.47, -4.25],
						"0.5": [-1.65, 2.93, -3.15],
						"0.5833": [-1.4, 3.68, -0.9],
						"0.6667": [-1.65, 3.68, -2.15],
						"1.0833": [0, 1.25, 1]
					},
					"scale": {
						"0.0": [0.8, 0.8, 0.8],
						"1.0833": [0.8, 0.8, 0.8]
					}
				},
				"pullback": {
					"position": {
						"0.4583": [0, 0, 0],
						"0.5": [0, 0, 4],
						"0.5417": [0, 0, 8],
						"0.5833": [0, 0, 8.89],
						"0.625": [0, 0, 8.89],
						"0.6667": [0, 0, 8],
						"0.7083": [0, 0, 5.63],
						"0.75": [0, 0, 2.37],
						"0.7917": [0, 0, 0]
					}
				}
			}
		},
		"animation.p90.draw.tp": {
			"loop": "hold_on_last_frame",
			"animation_length": 1.08333,
			"bones": {
				"rightArm": {
					"rotation": {
						"0.0": [28.29405, -22.94186, -13.23487],
						"0.1667": [-28.06091, -11.77429, 9.97566],
						"0.375": [-84.65422, -19.4557, -8.85798],
						"0.5": [-84.65422, -19.4557, -8.85798],
						"0.625": [-94.28263, -22.26586, 4.56193],
						"0.7083": [-89.45195, -25.23685, 1.9659],
						"1.0833": [-68.14138, -50.90631, 12.01223]
					},
					"position": {
						"0.0": [-0.15, -1, 0],
						"0.375": [0, 0, -1],
						"0.5": [0, -0.75, -1],
						"0.6667": [-0.75, -0.42, -0.62],
						"1.0833": [-0.5, -0.5, -1.25]
					}
				},
				"weapon_root": {
					"rotation": {
						"0.0": [0, 0, 0],
						"0.0417": [-0.31, -0.74, 5.48],
						"0.0833": [-0.63, -1.48, 10.97],
						"0.125": [-0.66, -1.55, 11.49],
						"0.1667": [-0.67, -1.58, 11.74],
						"0.2083": [-0.67, -1.59, 11.77],
						"0.25": [-0.66, -1.57, 11.65],
						"0.2917": [-0.65, -1.54, 11.45],
						"0.3333": [-0.64, -1.51, 11.22],
						"0.375": [-0.63, -1.49, 11.04],
						"1.0833": [0, -2.5, 0]
					},
					"position": {
						"0.0": [0, 0, 0],
						"0.375": [-0.25, 0.5, 0.04],
						"1.0833": [-0.75, 0, 0]
					},
					"scale": {
						"0.0": [0, 0, 0],
						"0.0833": [1, 1, 1]
					}
				},
				"leftArm": {
					"rotation": {
						"0.0": [-38.91222, 17.51803, 2.96832],
						"0.375": [-95.46984, 27.12826, -15.59872],
						"0.5": [-87.90399, 34.15745, -9.23383],
						"0.5833": [-98.16785, 35.91564, -26.48743],
						"0.6667": [-86.5364, 31.53918, -6.41212],
						"0.75": [-89.16808, 20.80713, -3.90869],
						"1.0833": [-46.6068, 33.37095, 18.95396]
					},
					"position": {
						"0.0": [0, 0, -1],
						"0.375": [-1.12, 0.47, -4.25],
						"0.5": [-0.15, 0.93, -3.15],
						"0.5833": [-0.65, 1.68, -0.9],
						"0.6667": [-0.4, 1.68, -2.15],
						"1.0833": [0.5, -0.25, 0]
					}
				},
				"pullback": {
					"position": {
						"0.4583": [0, 0, 0],
						"0.5": [0, 0, 4],
						"0.5417": [0, 0, 8],
						"0.5833": [0, 0, 8.89],
						"0.625": [0, 0, 8.89],
						"0.6667": [0, 0, 8],
						"0.7083": [0, 0, 5.63],
						"0.75": [0, 0, 2.37],
						"0.7917": [0, 0, 0]
					}
				},
				"waist": {
					"rotation": {
						"0.0": [-1.36113, 17.41154, -7.79469],
						"0.25": [-5, 0, 0],
						"0.375": [0, 0, 0],
						"0.5": [0, 0, 0],
						"0.625": [-2.5, 0, 0],
						"0.75": [0, 0, 0]
					}
				},
				"head": {
					"rotation": {
						"0.0": [20, 7.5, -7.5],
						"0.2917": [21.08994, 3.0977, 4.25249],
						"0.5": [21.40456, 10.08923, 6.98684],
						"0.6667": [11.40456, 10.08923, 6.98684],
						"1.0833": [0, 0, 0]
					}
				}
			}
		},
		"animation.p90.hold.fp": {
			"loop": true,
			"bones": {
				"rightArm": {
					"rotation": [-77.57441, -50.38101, 6.63344],
					"position": [-1.5, 1.5, -0.25],
					"scale": [0.8, 0.8, 0.8]
				},
				"weapon_root": {
					"rotation": [0, -10, 0],
					"position": [0, 0, -1]
				},
				"leftArm": {
					"rotation": [-58.19041, 37.29012, 15.18109],
					"position": [0, 1.25, 1],
					"scale": [0.8, 0.8, 0.8]
				},
				"root": {
					"rotation": [-180, 0, -180],
					"position": [1, 0, 2]
				}
			}
		},
		"animation.p90.hold.tp": {
			"loop": true,
			"bones": {
				"rightArm": {
					"rotation": [-68.14138, -50.90631, 12.01223],
					"position": [-0.5, -0.5, -1.25]
				},
				"weapon_root": {
					"rotation": [0, -2.5, 0],
					"position": [-0.75, 0, 0]
				},
				"leftArm": {
					"rotation": [-46.6068, 33.37095, 18.95396],
					"position": [0.5, -0.25, 0]
				},
				"head": {
					"rotation": ["q.target_x_rotation", "q.target_y_rotation", 0]
				}
			}
		},
		"animation.p90.ads.fp": {
			"loop": "hold_on_last_frame",
			"animation_length": 0.25,
			"anim_time_update": "q.anim_time+q.delta_time",
			"bones": {
				"root": {
					"rotation": ["-185.1112+q.target_x_rotation", "-17.375+q.target_y_rotation", -179.56705],
					"position": [-3.2175, 0.76, 2.6]
				},
				"waist": {
					"rotation": [10, 0, 0],
					"position": [0, -0.25, 0]
				},
				"rightArm": {
					"rotation": [-94.16248, -17.461, 1.12397],
					"position": [1.32635, 0.21875, 3.00677],
					"scale": 0.9
				},
				"weapon_root": {
					"rotation": [0, 0, 0],
					"position": [-0.51609, 0.23848, 0.09451]
				},
				"leftArm": {
					"rotation": [-89.90904, 26.74065, -6.47345],
					"position": [-3.56563, 0.72795, 1.57072],
					"scale": 0.8
				}
			},
			"timeline": {
				"0.1667": "v.blur = 1;"
			}
		},
		"animation.p90.ads.tp": {
			"loop": true,
			"bones": {
				"root": {
					"rotation": [0, "1+q.target_y_rotation", 0]
				},
				"waist": {
					"rotation": [
						"7.4269+(math.clamp(q.target_x_rotation, -10, 10))+(variable.tcos0*0.05)+(math.cos(query.life_time * 450) * 0.125)",
						"18.2761+(math.cos(query.life_time * 450) * 0.075)",
						2.8815
					],
					"position": [0, "-0.25+(variable.tcos0*0.01)", 0]
				},
				"head": {
					"rotation": ["1.8325+(math.clamp(q.target_x_rotation, -40, 40))", -5.26683, -14.04076]
				},
				"rightArm": {
					"rotation": ["-95.348+(math.clamp(q.target_x_rotation, -20, 20))", -22.93792, 1.66054],
					"position": [0.82635, 0.46875, -0.99323]
				},
				"leftArm": {
					"rotation": [
						"-98.8286+(math.clamp((q.target_x_rotation*1.45), -30, 30))",
						"34.7525-(math.clamp(q.target_x_rotation, 3, -20))",
						"-14.4875+(math.clamp(q.target_x_rotation, 5, 10))"
					],
					"position": [-0.56563, -0.27205, -1.42928]
				},
				"rightLeg": {
					"rotation": ["15+(v.tcos0*1.25)*q.delta_time", 6, 4],
					"position": [0, 0.25, "1+(v.tcos0*0.1)"]
				},
				"leftLeg": {
					"rotation": ["-2-(v.tcos0*1.25)+q.delta_time", 0, 0],
					"position": [0, 0, "-1.25-(v.tcos0*0.1)"]
				}
			}
		},
		"animation.p90.pre_hipfire.fp": {
			"loop": true,
			"bones": {
				"root": {
					"rotation": [-184.86132, -3.65157, -181.55108],
					"position": [-3, -0.75, 2.5]
				},
				"rightArm": {
					"rotation": [-85.68926, -5.55569, -2.70834],
					"position": [-1, 0, -1],
					"scale": 0.9
				},
				"weapon_root": {
					"rotation": [0, 0, 0],
					"position": [-0.1, 1, -0.75]
				},
				"leftArm": {
					"rotation": [-85.71815, 39.37465, 2.74706],
					"position": [-6, -0.75, -4],
					"scale": 0.8
				},
				"muzzle_flash": {
					"position": [-2.75, -8.25, -1]
				},
				"flash": {
					"position": [0, -0.5, 0]
				}
			}
		},
		"animation.p90.pre_hipfire.tp": {
			"loop": true,
			"bones": {
				"root": {
					"rotation": [0, "1+q.target_y_rotation", 0]
				},
				"rightArm": {
					"rotation": ["-98.348+(math.clamp(q.target_x_rotation, -20, 20))", -22.93792, 1.66054],
					"position": [1.32635, -1.78125, -0.99323]
				},
				"leftArm": {
					"rotation": [
						"-81.7705+(math.clamp((q.target_x_rotation*1.45), -30, 30))",
						"27.9032-(math.clamp(q.target_x_rotation, 0, -20))",
						"-16.2143+(math.clamp(q.target_x_rotation, 5, 10))"
					],
					"position": [-1.31563, -0.27205, -1.17928]
				},
				"waist": {
					"rotation": [
						"7.4269+(math.clamp(q.target_x_rotation, -10, 10))+(variable.tcos0*0.015)+(math.cos(query.life_time * 350) * 0.1)",
						"18.2761+(math.cos(query.life_time * 350) * 0.05)",
						2.88151
					],
					"position": [0, -0.25, 0]
				},
				"head": {
					"rotation": ["-5+(math.clamp(q.target_x_rotation, -40, 40))", -20, 0]
				},
				"rightLeg": {
					"rotation": [15, 6, 4],
					"position": [0, 0.25, 0.5]
				},
				"leftLeg": {
					"rotation": [-2, 0, 0],
					"position": [0, 0, -1.5]
				}
			}
		},
		"animation.p90.reload.fp": {
			"loop": "hold_on_last_frame",
			"animation_length": 3.5417,
			"bones": {
				"root": {
					"rotation": {
						"0.0": [-183.86402, 3.31934, -182.19609],
						"1.5": [-183.86, 3.32, -182.2],
						"2.0": [-183.92314, 10.80276, -182.71254],
						"2.9167": [-183.92314, 10.80276, -182.71254],
						"3.2083": [-183.85515, -1.66869, -181.86369]
					},
					"position": {
						"0.0": [1, -0.75, 4.5],
						"1.0417": [1, -0.75, 4.5],
						"1.5": [1, -0.75, 4.5],
						"2.0": [1, -0.75, 5.5],
						"2.9167": [1, -0.75, 5.5],
						"3.2083": [0, -0.75, 4.5]
					}
				},
				"rightArm": {
					"rotation": {
						"0.0": [-97.95826, -18.4484, 4.19558],
						"0.2917": [-106.65737, -30.48984, 21.01471],
						"0.4167": [-106.66, -30.49, 21.01],
						"0.5": [-105.66, -30.49, 21.01],
						"0.5833": [-101.66, -30.49, 21.01],
						"0.7083": [-106.66, -30.49, 21.01],
						"0.8333": [-105.74187, -31.80223, 15.37178],
						"1.0417": [-97.51731, -25.18656, 8.40173],
						"1.3333": [-86.48297, -32.93442, 6.61391],
						"1.5": [-87.12737, -32.98576, 7.79995],
						"2.0": [-100.10638, -16.97548, 18.42456],
						"2.1667": [-101.81034, -22.67093, 19.11569],
						"2.375": [-103.66, -30.49, 21.01],
						"2.5": [-106.66, -30.49, 21.01],
						"2.6667": [-103.92543, -31.25622, 17.63049],
						"2.75": [-103.93, -31.26, 17.63],
						"2.875": [-99.93, -31.26, 17.63],
						"2.9583": [-103.93, -31.26, 17.63],
						"3.2917": [-84.65422, -19.4557, -8.85798],
						"3.4167": [-94.28263, -22.26586, 4.56193],
						"3.5": [-89.45195, -25.23685, 1.9659]
					},
					"position": {
						"0.0": [-1, 0, -3],
						"0.4167": [-1, 0, -3],
						"1.0417": [-1, 0, -3],
						"1.3333": [-1, 0, -1],
						"1.5": [-1, 0, -1],
						"2.0833": [-1, 0, -2.5],
						"2.25": [-1.3, 0, -2.75],
						"2.375": [-1, 0, -3],
						"2.5": [-1, 0, -3],
						"2.9583": [-1, 0, -3],
						"3.2917": [0, 1.25, -1],
						"3.4583": [-0.75, 1.58, -0.62]
					},
					"scale": 0.9
				},
				"weapon_root": {
					"rotation": [0, 0, 0],
					"position": [-0.1, 0.5, -1]
				},
				"leftArm": {
					"rotation": {
						"0.0": [-119.78843, 12.12191, -8.08152],
						"0.2917": [-145.69935, -15.0706, -73.66324],
						"0.375": [-146.12865, -14.58973, -74.57186],
						"0.4583": [-147.25689, -16.12427, -71.11035],
						"0.5": [-150.00218, -16.92091, -69.00703],
						"0.5417": [-151.82665, -17.25251, -68.40988],
						"0.625": [-157.83, -17.25, -68.41],
						"0.8333": [-190.96686, -29.86194, -66.7047],
						"1.0417": [-140.97283, -14.57197, -119.94287],
						"1.3333": [-57.55699, 54.8735, -60.02911],
						"1.5": [-57.55699, 54.8735, -60.02911],
						"2.0833": [-183.46686, -29.86194, -66.7047],
						"2.25": [-153.83, -17.25, -68.41],
						"2.375": [-146.72795, -16.25737, -71.37956],
						"2.5": [-149.24367, -14.83071, -74.11892],
						"2.6667": [-158.3481, -12.79283, -52.14747],
						"2.75": [-158.3481, -12.79283, -52.14747],
						"2.8333": [-152.23961, -16.72517, -70.45781],
						"2.9167": [-153.37177, -18.55629, -66.72557],
						"2.9583": [-152.24, -16.73, -70.46],
						"3.2917": [-87.90399, 34.15745, -9.23383],
						"3.375": [-98.16785, 35.91564, -26.48743],
						"3.4583": [-86.5364, 31.53918, -6.41212],
						"3.5417": [-89.16808, 20.80713, -3.90869]
					},
					"position": {
						"0.0": [0, 0.25, -3],
						"0.2917": [-1.55, 1.4, -3.2],
						"0.4167": [-1.55, 1.4, -3.2],
						"0.5417": [-1.75, 1.4, -2.9],
						"0.625": [-1.75, 1.4, -2.9],
						"0.8333": [-1.75, 1.4, -1.9],
						"1.0417": [1.25, 1.4, 2.1],
						"1.3333": [3, 0, 6],
						"1.5": [3, 0, 6],
						"2.0833": [-1.75, 1.4, -1.9],
						"2.25": [-1.75, 1.4, -2.9],
						"2.375": [-1.55, 1.4, -3.2],
						"2.5": [-1.55, 1.4, -3.2],
						"2.6667": [-1.25, 1.7, -3.2],
						"2.75": [-1.25, 1.7, -3.2],
						"2.8333": [-1.55, 1.4, -3.2],
						"2.9167": [-1.55, 1.4, -3.2],
						"3.2917": [-1.65, 2.93, -3.15],
						"3.375": [-1.4, 3.68, -0.9],
						"3.4583": [-1.65, 3.68, -2.15]
					},
					"scale": 0.8
				},
				"muzzle_flash": {
					"position": [-2.75, -8.25, -1]
				},
				"mag": {
					"rotation": {
						"0.0417": [0, 0, 0],
						"0.4167": [0, 0, 0],
						"0.5": [5.32757, 1.71057, 2.86077],
						"0.5417": [3.99136, 2.56586, 4.29116],
						"0.5833": [-2.00467, 5.06655, 4.33408],
						"0.625": [0.9977, 7.56925, 4.37704],
						"0.8333": [-8.50327, 37.60713, 14.01105],
						"0.9583": [-20.27006, 13.18344, -8.92793],
						"1.0417": [-27.48598, -12.49214, -20.73145],
						"1.1667": [4.3896, -46.19897, -16.88939],
						"1.3333": [71.40194, -33.37196, -85.67946],
						"1.5": [71.4, -33.37, -85.68],
						"1.7917": [21.0167, -31.31191, -1.84386],
						"1.9583": [2.30533, -6.71309, 6.51569],
						"2.0833": [-11.75407, 20.479, 13.13703],
						"2.25": [3.56523, 0.25907, 5.93979],
						"2.4167": [3, 0, 0],
						"2.8333": [3, 0, 0],
						"2.9167": [0, 0, 0]
					},
					"position": {
						"0.0417": [0, 0, 0],
						"0.375": [0, 0, 0],
						"0.4583": [0, 2.75, 0.6],
						"0.5": [0, 2.93, 2.15],
						"0.5417": [0.25, 4.87, 4.02],
						"0.5833": [0.75, 6.1, 6.4],
						"0.625": [0, 4.75, 6.9],
						"0.7083": [1, 4.88, 12.32],
						"0.8333": [6, 5.7, 22.2],
						"0.9583": [14.1, -2.4, 17.56],
						"1.0417": [24, -7.8, 12.8],
						"1.0833": [29.26, -6.53, 8.47],
						"1.125": [34.51, -7.26, 3.39],
						"1.1667": [39.77, -9.99, -0.2],
						"1.3333": [59.4, -26.9, 3],
						"1.5": [59.4, -26.9, 3],
						"1.7917": [21.15, 0, 9.9],
						"1.9583": [9.69, 6.89, 17.39],
						"2.0833": [5.3, 6.1, 23],
						"2.25": [2.65, 3.9, 4.6],
						"2.3333": [1.32, 2.8, 2],
						"2.4167": [0.66, 2.5, 0.75],
						"2.5": [0, 0.7, 0.4],
						"2.8333": [0, 0.7, 0.4],
						"2.9167": [0, 0, 0]
					}
				},
				"pullback": {
					"position": {
						"3.125": [0, 0, 0],
						"3.1667": [0, 0, -0.38],
						"3.2083": [0, 0, 0],
						"3.25": [0, 0, 6],
						"3.2917": [0, 0, 6.67],
						"3.3333": [0, 0, 6.67],
						"3.375": [0, 0, 6],
						"3.4167": [0, 0, 3],
						"3.4583": [0, 0, 0]
					}
				}
			}
		},
		"animation.p90.reload.tp": {
			"loop": "hold_on_last_frame",
			"animation_length": 3.5417,
			"bones": {
				"rightArm": {
					"rotation": {
						"0.0": [-97.95826, -18.4484, 4.19558],
						"0.2917": [-91.65737, -30.48984, 21.01471],
						"0.4167": [-99.16, -30.49, 21.01],
						"0.5": [-104.66, -30.49, 21.01],
						"0.5833": [-101.66, -30.49, 21.01],
						"0.7083": [-106.66, -30.49, 21.01],
						"0.8333": [-105.74187, -31.80223, 15.37178],
						"1.0417": [-97.51731, -25.18656, 8.40173],
						"1.3333": [-86.48297, -32.93442, 6.61391],
						"1.5": [-87.12737, -32.98576, 7.79995],
						"2.0": [-100.10638, -16.97548, 18.42456],
						"2.1667": [-101.81034, -22.67093, 19.11569],
						"2.375": [-103.66, -30.49, 21.01],
						"2.5": [-106.66, -30.49, 21.01],
						"2.6667": [-103.92543, -31.25622, 17.63049],
						"2.75": [-103.93, -31.26, 17.63],
						"2.875": [-99.93, -31.26, 17.63],
						"2.9583": [-103.93, -31.26, 17.63],
						"3.2917": [-84.65422, -19.4557, -8.85798],
						"3.4167": [-94.28263, -22.26586, 4.56193],
						"3.5417": [-89.45195, -25.23685, 1.9659]
					},
					"position": {
						"0.0": [-1, 0, -3],
						"0.2917": [0, 0, -4],
						"0.4167": [0, 0, -4],
						"1.0417": [0, 0, -4],
						"1.3333": [-1, 0, -1],
						"1.5": [-1, 0, -1],
						"2.0833": [0, 0, -3.5],
						"2.25": [-1.3, 0, -2.75],
						"2.375": [-1, 0, -3],
						"2.5": [-1, 0, -3],
						"2.9583": [-1, 0, -3],
						"3.2917": [0, -0.5, -1],
						"3.375": [-0.37, -1.08, -1.06],
						"3.4583": [-0.75, -0.42, -0.62]
					}
				},
				"weapon_root": {
					"rotation": [0, 0, 0]
				},
				"leftArm": {
					"rotation": {
						"0.0": [-119.78843, 12.12191, -8.08152],
						"0.2917": [-146.74157, -3.01552, -69.15061],
						"0.4167": [-144.78477, -8.0487, -67.47265],
						"0.4583": [-143.37776, -10.88105, -66.89367],
						"0.5417": [-139.94405, -14.70134, -71.61486],
						"0.625": [-147.60493, -3.71496, -67.15001],
						"0.8333": [-164.80904, -14.84356, -70.90334],
						"1.0833": [-68.15946, 15.3203, -52.52222],
						"1.3333": [-18.44678, -1.51692, -3.77031],
						"1.5": [30.12042, 15.19454, 14.29869],
						"2.0833": [-167.85871, 2.14945, -61.52635],
						"2.25": [-161.86412, -1.65193, -62.7714],
						"2.375": [-146.72795, -16.25737, -71.37956],
						"2.5": [-149.24367, -14.83071, -74.11892],
						"2.6667": [-158.3481, -12.79283, -52.14747],
						"2.75": [-158.3481, -12.79283, -52.14747],
						"2.8333": [-152.23961, -16.72517, -70.45781],
						"2.9167": [-154.31064, -19.87916, -63.87397],
						"3.0": [-152.24, -16.73, -70.46],
						"3.2917": [-87.90399, 34.15745, -9.23383],
						"3.375": [-98.16785, 35.91564, -26.48743],
						"3.4583": [-86.5364, 31.53918, -6.41212],
						"3.5417": [-89.16808, 20.80713, -3.90869]
					},
					"position": {
						"0.0": [0, 0.25, -3],
						"0.2917": [1.45, 0.65, -4.2],
						"0.4167": [1.2, 0.4, -3.7],
						"0.5417": [0, 1.4, -2.9],
						"0.625": [0.25, 1.4, -2.9],
						"0.8333": [0.25, 1.4, -3.65],
						"1.0833": [1.25, 1.4, -0.4],
						"1.3333": [0.25, 0, 0],
						"1.5": [0.25, 0, 0.5],
						"2.0833": [0, 1.4, -4.9],
						"2.25": [0, 0.9, -4.9],
						"2.375": [-1.55, 1.4, -3.2],
						"2.5": [-0.05, 1.4, -3.2],
						"2.6667": [-1.25, 1.7, -3.2],
						"2.75": [-1.25, 1.7, -3.2],
						"2.8333": [-0.55, 1.15, -3.2],
						"2.9167": [-0.55, 0.9, -3.95],
						"3.125": [0.26, 0.78, -1.51],
						"3.2917": [-0.9, 0.68, -3.15],
						"3.375": [-0.15, 0.93, -0.9],
						"3.4583": [0.35, 1.68, -2.15]
					}
				},
				"mag": {
					"rotation": {
						"0.0417": [0, 0, 0],
						"0.4167": [0, 0, 0],
						"0.5": [5.32757, 1.71057, 2.86077],
						"0.5417": [3.99136, 2.56586, 4.29116],
						"0.5833": [-1.9997, 3.06777, 4.40413],
						"0.625": [4.98903, -0.42955, 4.23819],
						"0.6667": [9.09601, 3.1795, 6.25663],
						"0.8333": [1.73595, 13.76639, 16.43482],
						"0.875": [10.81891, -3.36496, 9.18029],
						"0.9583": [37.10953, -46.31445, -4.33723],
						"1.0417": [67.20684, -49.67365, -36.60847],
						"1.1667": [131.11198, -50.55429, -90.84215],
						"1.3333": [152.67139, -24.52429, -89.34468],
						"1.5": [128.723, 22.40091, -112.73061],
						"1.6667": [141.57868, -26.88191, -88.44475],
						"1.7917": [93.06274, -58.84267, -43.90865],
						"1.875": [51.25212, -65.30451, -5.72996],
						"1.9583": [31.4368, -36.40054, 8.06895],
						"2.0833": [20.07598, 3.26246, 9.91767],
						"2.1667": [15.81895, 1.76047, 7.92833],
						"2.25": [13.56523, 0.25907, 5.93979],
						"2.4167": [3, 0, 0],
						"2.8333": [3, 0, 0],
						"2.9167": [0, 0, 0]
					},
					"position": {
						"0.0417": [0, 0, 0],
						"0.375": [0, 0, 0],
						"0.4583": [0, 1.75, 0.6],
						"0.5": [0, 1.93, 2.15],
						"0.5417": [0.25, 1.87, 4.02],
						"0.5833": [0.5, 0.85, 6.4],
						"0.625": [0, 1.75, 8.9],
						"0.6667": [0.5, 3.07, 13.61],
						"0.7083": [1, 4.88, 17.07],
						"0.8333": [2, 5.7, 20.7],
						"0.875": [3.79, 4.75, 12.65],
						"0.9583": [14.35, -1.4, -5.69],
						"1.0417": [27.35, -10.4, -3.69],
						"1.1667": [35.1, -24.65, -4.94],
						"1.3333": [33.1, -36.65, -1.94],
						"1.5": [42.1, -36.65, 25.56],
						"1.6667": [32.67, -34.03, 0.51],
						"1.7917": [25.15, -15, -10.85],
						"1.875": [17.42, -4.05, -11.73],
						"1.9583": [9.69, 6.89, -5.61],
						"2.0833": [-0.7, 8.1, 16],
						"2.1667": [0.98, 4, 10.3],
						"2.25": [0.65, 3.4, 4.6],
						"2.3333": [0.07, 2.3, 2],
						"2.4167": [0.66, 1.5, 0.75],
						"2.5": [0, 0.7, 0.3],
						"2.8333": [0, 0.7, 0.3],
						"2.9167": [0, 0, 0]
					}
				},
				"pullback": {
					"position": {
						"3.125": [0, 0, 0],
						"3.1667": [0, 0, -0.38],
						"3.2083": [0, 0, 0],
						"3.25": [0, 0, 6],
						"3.2917": [0, 0, 6.67],
						"3.3333": [0, 0, 6.67],
						"3.375": [0, 0, 6],
						"3.4167": [0, 0, 3],
						"3.4583": [0, 0, 0]
					}
				},
				"waist": {
					"rotation": {
						"0.0": [0, 0, 0],
						"0.3333": [-2.00735, 6.99878, -0.07031],
						"0.375": [-2.00735, 6.99878, -0.07031],
						"0.4583": [-3.02213, 8.99601, -0.17652],
						"0.6667": [0, 5, 0],
						"0.9583": [0, 5, 0],
						"1.375": [-0.33412, -12.49274, 2.55092],
						"1.5833": [-0.34203, -17.49265, 2.58145],
						"2.2083": [-0.21865, 4.99523, -2.50954],
						"2.6667": [0, 5, 0],
						"2.7917": [2.5, 5, 0],
						"2.9167": [0, 0, 0],
						"3.0417": [2.5, 5, 0],
						"3.25": [0, 0, 0],
						"3.375": [-2.51197, -7.49761, 0.10995],
						"3.5417": [0, 0, 0]
					}
				},
				"head": {
					"rotation": {
						"0.0": [7.5, 0, 0],
						"0.3333": [7.2803, 7.49044, -10.02391],
						"0.5833": [7.2803, 7.49044, -10.02391],
						"0.8333": [-0.21866, -5.00946, -9.97617],
						"1.125": [4.71192, -24.11617, 10.50094],
						"1.5833": [4.92238, -29.09854, 10.03148],
						"2.125": [-0.21866, -5.00946, -9.97617],
						"2.4583": [2.50062, -2.51422, -12.48574],
						"3.0417": [2.5, -2.51, -12.49],
						"3.25": [12.48782, -0.06918, -11.94906],
						"3.5417": [7.5, 0, 0]
					}
				}
			}
		},
		"animation.p90.sprint.fp": {
			"loop": true,
			"bones": {
				"rightArm": {
					"rotation": ["-137.7619-(v.tcos0*0.1)", -12.71365, 0.10564],
					"position": [-3.5, -2.5, 0.75],
					"scale": 0.9
				},
				"weapon_root": {
					"rotation": [0, -10, 0],
					"position": [0, -0.25, -1.1]
				},
				"leftArm": {
					"rotation": ["-51.2116+(v.tcos0*0.7)", 19.616, -16.11885],
					"position": [2, 0.25, -0.25],
					"scale": 0.8
				},
				"root": {
					"rotation": [-180, 0, -180],
					"position": [1, 0, 3]
				}
			}
		},
		"animation.p90.after_burn.fp": {
			"animation_length": 2.79167,
			"bones": {
				"after_burn": {
					"position": {
						"0.0": [-1, -5, 1],
						"0.5833": [-1, -5, 1],
						"1.5417": [9, -8, -9]
					}
				}
			},
			"particle_effects": {
				"0.0": {
					"effect": "p90.after_burn",
					"locator": "p90_after_burn"
				}
			}
		},
		"animation.p90.inspect.fp": {
			"loop": "hold_on_last_frame",
			"animation_length": 3.95833,
			"bones": {
				"rightArm": {
					"rotation": {
						"0.0": [-77.57441, -50.38101, 6.63344],
						"0.375": [-119.94813, -69.16402, 25.96075],
						"1.625": [-119.94813, -69.16402, 25.96075],
						"2.1667": [-116.29819, 10.83404, 90.12686],
						"3.3333": [-116.29819, 10.83404, 90.12686],
						"3.9583": [-77.57441, -50.38101, 6.63344]
					},
					"position": {
						"0.0": [-1.5, 1.5, -0.25],
						"0.375": [-4.15, 1.15, -3.19],
						"1.625": [-4.15, 1.15, -3.19],
						"2.1667": [-2.15, 1.15, -3.19],
						"3.3333": [-2.15, 1.15, -3.19],
						"3.9583": [-1.5, 1.5, -0.25]
					},
					"scale": {
						"0.0": [0.8, 0.8, 0.8],
						"3.9583": [0.8, 0.8, 0.8]
					}
				},
				"weapon_root": {
					"rotation": {
						"0.0": [9.38497, 3.56352, 24.03019],
						"0.375": [9.38497, 3.56352, 24.03019],
						"1.625": [9.38497, 3.56352, 24.03019],
						"2.1667": [8.40779, -7.03222, 27.44564],
						"3.3333": [8.40779, -7.03222, 27.44564],
						"3.9583": [0, -10, 0]
					},
					"position": {
						"0.0": [-0.25, -1, -0.75],
						"0.375": [-0.25, -1, -0.75],
						"1.625": [-0.25, -1, -0.75],
						"2.1667": [-0.25, 0, -1],
						"3.3333": [-0.25, 0, -1],
						"3.9583": [0, 0, -1]
					}
				},
				"leftArm": {
					"rotation": {
						"0.0": [-58.19041, 37.29012, 15.18109],
						"0.1667": [-58.9662, 41.7535, 5.16335],
						"0.375": [-117.89054, 39.96586, -44.38416],
						"1.625": [-117.89054, 39.96586, -44.38416],
						"1.75": [-90.53818, 37.54246, -20.42196],
						"2.1667": [-51.0115, 29.18124, 45.79913],
						"3.3333": [-51.0115, 29.18124, 45.79913],
						"3.9583": [-58.19041, 37.29012, 15.18109]
					},
					"position": {
						"0.0": [0, 1.25, 1],
						"0.375": [0.5, 0, -3.15],
						"1.625": [0.5, 0, -3.15],
						"2.1667": [-1.5, 0, -3.15],
						"3.3333": [-1.5, 0, -3.15],
						"3.9583": [0, 1.25, 1]
					},
					"scale": {
						"0.0": [0.8, 0.8, 0.8],
						"3.9583": [0.8, 0.8, 0.8]
					}
				},
				"root": {
					"rotation": {
						"0.0": {
							"post": [-180, 0, -180],
							"lerp_mode": "catmullrom"
						},
						"0.375": {
							"post": [-180, 2.5, -180],
							"lerp_mode": "catmullrom"
						},
						"1.625": {
							"post": [-180, 2.5, -180],
							"lerp_mode": "catmullrom"
						},
						"2.1667": {
							"post": [-182.5, 0.17857, -180],
							"lerp_mode": "catmullrom"
						},
						"3.3333": {
							"post": [-182.5, 0.17857, -180],
							"lerp_mode": "catmullrom"
						},
						"3.9583": [-180, 0, -180]
					},
					"position": {
						"0.0": {
							"post": [1, 0, 2],
							"lerp_mode": "catmullrom"
						},
						"0.375": {
							"post": [0.5, 0, 3],
							"lerp_mode": "catmullrom"
						},
						"1.625": {
							"post": [0.5, 0, 3],
							"lerp_mode": "catmullrom"
						},
						"2.1667": {
							"post": [-0.5, 1, 2.77],
							"lerp_mode": "catmullrom"
						},
						"3.3333": {
							"post": [-0.5, 1, 2.77],
							"lerp_mode": "catmullrom"
						},
						"3.9583": [1, 0, 2]
					}
				}
			}
		},
		"animation.p90.inspect.tp": {
			"loop": "hold_on_last_frame",
			"animation_length": 3.95833,
			"bones": {
				"rightArm": {
					"rotation": {
						"0.0": [-68.14138, -50.90631, 12.01223],
						"0.375": [-90.93327, -33.17978, -16.64636],
						"1.625": {
							"pre": [-90.93327, -33.17978, -16.64636],
							"post": [-90.93327, -33.17978, -16.64636],
							"lerp_mode": "catmullrom"
						},
						"2.1667": {
							"post": [-103.23236, -1.95996, 65.6579],
							"lerp_mode": "catmullrom"
						},
						"3.3333": [-103.23236, -1.95996, 65.6579],
						"3.9583": [-68.14138, -50.90631, 12.01223]
					},
					"position": {
						"0.0": [-0.5, -0.5, -1.25],
						"0.375": [-1.15, 0.15, -2.19],
						"1.625": [-1.15, 0.15, -2.19],
						"2.1667": [-1.15, 0.15, -3.19],
						"3.3333": [-1.15, 0.15, -3.19],
						"3.9583": [-0.5, -0.5, -1.25]
					}
				},
				"weapon_root": {
					"rotation": {
						"0.0": [0, -2.5, 0],
						"0.375": [6.3665, 7.7704, -5.82959],
						"1.625": [6.3665, 7.7704, -5.82959],
						"2.1667": [8.40779, -7.03222, 27.44564],
						"3.3333": [8.40779, -7.03222, 27.44564],
						"3.9583": [0, -2.5, 0]
					},
					"position": {
						"0.0": [-0.75, 0, 0],
						"0.375": [-0.25, 0, 0],
						"1.625": [-0.25, 0, 0],
						"2.1667": [-0.25, 0, -0.25],
						"3.3333": [-0.25, 0, -0.25],
						"3.9583": [-0.75, 0, 0]
					}
				},
				"leftArm": {
					"rotation": {
						"0.0": [-46.6068, 33.37095, 18.95396],
						"0.1667": [-58.9662, 41.7535, 5.16335],
						"0.375": [-114.24309, 29.17344, -37.98886],
						"1.625": {
							"pre": [-114.24309, 29.17344, -37.98886],
							"post": [-114.24309, 29.17344, -37.98886],
							"lerp_mode": "catmullrom"
						},
						"1.8333": {
							"post": [-90.53818, 37.54246, -20.42196],
							"lerp_mode": "catmullrom"
						},
						"2.1667": {
							"post": [-60.47306, 23.2188, 27.29598],
							"lerp_mode": "catmullrom"
						},
						"3.3333": [-60.47306, 23.2188, 27.29598],
						"3.9583": [-46.6068, 33.37095, 18.95396]
					},
					"position": {
						"0.0": [0.5, -0.25, 0],
						"0.375": [0.5, 0, -3.15],
						"1.625": [0.5, 0, -3.15],
						"2.1667": [-0.5, 1.25, -2.9],
						"3.3333": [-0.5, 1.25, -2.9],
						"3.9583": [0.5, -0.25, 0]
					}
				},
				"waist": {
					"rotation": {
						"0.0": [0, 0, 0],
						"0.375": [-2.50238, 2.49762, -0.10912],
						"1.625": {
							"pre": [-2.5, 2.5, -0.11],
							"post": [-2.5, 2.5, -0.11],
							"lerp_mode": "catmullrom"
						},
						"2.1667": {
							"post": [2.50238, 0.00238, -0.00099],
							"lerp_mode": "catmullrom"
						},
						"3.3333": [2.5, 0, 0],
						"3.9583": [0, 0, 0]
					}
				},
				"head": {
					"rotation": {
						"0.0": [0, 0, 0],
						"0.375": [12.5, 10, 0],
						"1.625": {
							"pre": [12.5, 10, 0],
							"post": [12.5, 10, 0],
							"lerp_mode": "catmullrom"
						},
						"2.1667": {
							"post": [13.71134, 13.98882, -6.97709],
							"lerp_mode": "catmullrom"
						},
						"3.3333": [13.39016, 6.697, -8.76221],
						"3.9583": [0, 0, 0]
					}
				}
			}
		},
		"animation.p90.shoot": {
			"loop": "hold_on_last_frame",
			"animation_length": 0.125,
			"anim_time_update": "q.anim_time+q.delta_time",
			"bones": {
				"root": {
					"rotation": {
						"0.0": [0, 0, 0],
						"0.0417": [-1, -2, 0],
						"0.125": [0, 0, 0]
					}
				},
				"flash": {
					"position": [0, 2, 0]
				},
				"waist": {
					"position": {
						"0.0": [0, 0, 0],
						"0.0417": [-0.35, 0, 0.5],
						"0.125": [0, 0, 0]
					}
				}
			},
			"particle_effects": {
				"0.0": [
					{
						"effect": "p90.muzzle_glow",
						"locator": "p90_muzzle_flash"
					},
					{
						"effect": "p90.muzzle_burst_1",
						"locator": "p90_muzzle_flash"
					},
					{
						"effect": "fire_burst.small",
						"locator": "p90_muzzle_flash"
					}
				],
				"0.0417": [
					{
						"effect": "p90.casing",
						"locator": "p90_ejection_port"
					},
					{
						"effect": "p90.muzzle_smoke",
						"locator": "p90_muzzle_flash"
					}
				]
			}
		},
		"animation.p90.shoot2": {
			"loop": "hold_on_last_frame",
			"animation_length": 0.125,
			"anim_time_update": "q.anim_time+q.delta_time",
			"bones": {
				"root": {
					"rotation": {
						"0.0": [0, 0, 0],
						"0.0417": [0, 1, 0],
						"0.0833": [0, 0, 0]
					}
				},
				"rightArm": {
					"rotation": {
						"0.0": [0, 0, 0],
						"0.0417": [0, 1.5, 0],
						"0.0833": [0, 0, 0]
					},
					"position": {
						"0.0": [0, 0, 0],
						"0.0417": [0, 0, 0.35],
						"0.0833": [0, 0, 0]
					}
				},
				"leftArm": {
					"rotation": {
						"0.0": [0, 0, 0],
						"0.0417": [-1, 0, 1],
						"0.0833": [0, 0, 0]
					}
				}
			},
			"particle_effects": {
				"0.0": [
					{
						"effect": "p90.muzzle_glow",
						"locator": "p90_muzzle_flash"
					},
					{
						"effect": "p90.muzzle_burst_1",
						"locator": "p90_muzzle_flash"
					},
					{
						"effect": "fire_burst.small",
						"locator": "p90_muzzle_flash"
					}
				],
				"0.0417": [
					{
						"effect": "p90.casing",
						"locator": "p90_ejection_port"
					},
					{
						"effect": "p90.muzzle_smoke",
						"locator": "p90_muzzle_flash"
					}
				]
			}
		}
	}
}