{
	"format_version": "1.8.0",
	"animations": {
		"animation.projectile.face": {
			"loop": true,
			"bones": {
				"root": {
					"rotation": ["-query.target_x_rotation", "-query.body_y_rotation", 0],
					"position": [0, 0, 0]
				}
			}
		},
		"animation.projectile.gold_trail": {
			"loop": true,
			"animation_length": 0.025,
			"particle_effects": {
				"0.0": [
					{
						"effect": "gold_trail",
						"locator": "particle"
					}
				]
			}
		},
		"animation.projectile.dirty_droplets": {
			"loop": true,
			"animation_length": 0.075,
			"particle_effects": {
				"0.0": [
					{
						"effect": "droplets",
						"locator": "particle"
					},
					{
						"effect": "puffs",
						"locator": "particle"
					}
				]
			}
		},
		"animation.projectile.red_trail": {
			"loop": true,
			"animation_length": 0.025,
			"particle_effects": {
				"0.0": [
					{
						"effect": "red_trail",
						"locator": "particle"
					}
				]
			}
		},
		"animation.thunder_gun.projectile.particles": {
			"loop": true,
			"animation_length": 0.1,
			"particle_effects": {
				"0.0": [
					{
						"effect": "particle",
						"locator": "particle"
					}
				]
			}
		},
		"animation.projectile.particles_blue": {
			"loop": true,
			"animation_length": 0.075,
			"particle_effects": {
				"0.0": [
					{
						"effect": "particles_blue",
						"locator": "particle"
					},
					{
						"effect": "particles_blue.small",
						"locator": "mx115"
					},
					{
						"effect": "particles_blue.small",
						"locator": "mx1152"
					}
				]
			}
		},
		"animation.projectile.particles_red_mx": {
			"loop": true,
			"animation_length": 0.075,
			"particle_effects": {
				"0.0": [
					{
						"effect": "particles_red_mx",
						"locator": "particle"
					},
					{
						"effect": "particles_red_mx.small",
						"locator": "mx115"
					},
					{
						"effect": "particles_red_mx.small",
						"locator": "mx1152"
					}
				]
			}
		},
		"animation.projectile.sp88_trail": {
			"loop": true,
			"animation_length": 0.05,
			"particle_effects": {
				"0.0": [
					{
						"effect": "lime_trail",
						"locator": "particle"
					}
				]
			}
		},
		"animation.projectile.sp88_glow_trail": {
			"loop": true,
			"animation_length": 0.01,
			"particle_effects": {
				"0.0": [
					{
						"effect": "lime_glow.trail",
						"locator": "particle"
					}
				]
			}
		},
		"animation.projectile.sp88_glow": {
			"loop": false,
			"animation_length": 0.1,
			"particle_effects": {
				"0.0": [
					{
						"effect": "lime_glow",
						"locator": "particle"
					}
				]
			}
		},
		"animation.projectile.particles_mini": {
			"loop": true,
			"animation_length": 0.05,
			"particle_effects": {
				"0.0": [
					{
						"effect": "particle_mini",
						"locator": "particle"
					}
				]
			}
		},
		"animation.projectile.shrink": {
			"loop": "hold_on_last_frame",
			"animation_length": 1,
			"bones": {
				"root": {
					"scale": {
						"0.0": [1, 1, 1],
						"1.0": [0, 0, 0]
					}
				}
			}
		},
		"animation.projectile.bullet_scale": {
			"loop": true,
			"bones": {
				"root": {
					"position": [0, 0, -2],
					"scale": 0.75
				},
				"inner": {
					"scale": 0.5
				}
			}
		},
		"animation.projectile.mini_gun": {
			"loop": true,
			"bones": {
				"root": {
					"position": [0, 0, -6],
					"scale": [1, 1, 0.9]
				}
			}
		},
		"animation.projectile.blue_glow": {
			"loop": true,
			"animation_length": 0.25,
			"particle_effects": {
				"0.0": [
					{
						"effect": "blue_glow",
						"locator": "particle"
					},
					{
						"effect": "blue_glow.small",
						"locator": "mx115"
					},
					{
						"effect": "blue_glow.small",
						"locator": "mx1152"
					}
				]
			}
		},
		"animation.projectile.red_mx_glow": {
			"loop": true,
			"animation_length": 0.25,
			"particle_effects": {
				"0.0": [
					{
						"effect": "red_glow",
						"locator": "particle"
					},
					{
						"effect": "red_glow.small",
						"locator": "mx115"
					},
					{
						"effect": "red_glow.small",
						"locator": "mx1152"
					}
				]
			}
		},
		"animation.projectile.face2": {
			"loop": true,
			"bones": {
				"root": {
					"rotation": ["q.target_x_rotation", "q.target_y_rotation", 0]
				}
			}
		},
		"animation.projectile.particles.small": {
			"loop": true,
			"animation_length": 0.05,
			"particle_effects": {
				"0.0": [
					{
						"effect": "particle_small",
						"locator": "particle"
					}
				]
			}
		},
		"animation.projectile.particles": {
			"loop": true,
			"animation_length": 0.05,
			"particle_effects": {
				"0.0": [
					{
						"effect": "particle",
						"locator": "particle"
					}
				]
			}
		},
		"animation.projectile.particles_red": {
			"loop": true,
			"animation_length": 0.05,
			"particle_effects": {
				"0.0": [
					{
						"effect": "particle_red",
						"locator": "particle"
					}
				]
			}
		},
		"animation.projectile.dirty_shell": {
			"loop": "hold_on_last_frame",
			"animation_length": 5,
			"bones": {
				"root": {
					"rotation": {
						"0.0": ["math.sin(query.anim_time * 1360 * 14)", "math.sin(query.anim_time * 1360 * 14)", "math.sin(query.anim_time * 1360 * 14)"],
						"3.5": [
							"math.sin(query.anim_time * query.anim_time * 360 * 4)",
							"math.sin(query.anim_time * query.anim_time * 360 * 4)",
							"math.sin(query.anim_time * query.anim_time * 360 * 4)"
						],
						"5.0": [0, 0, 0]
					},
					"scale": {
						"0.0": [1, 1, 1],
						"0.0417": ["1.1-math.sin(query.anim_time*3100)*0.05", "1.1-math.sin(query.anim_time*3100)*0.05", "1.1-math.sin(query.anim_time*3100)*0.05"],
						"3.5": ["1.1-math.sin(query.anim_time*3100)*0.05", "1.1-math.sin(query.anim_time*3100)*0.05", "1.1-math.sin(query.anim_time*3100)*0.05"],
						"5.0": [1, 1, 1]
					}
				}
			},
			"particle_effects": {
				"0.0": [
					{
						"effect": "particle",
						"locator": "gas"
					},
					{
						"effect": "droplets",
						"locator": "gas"
					},
					{
						"effect": "droplets.1",
						"locator": "gas"
					},
					{
						"effect": "smoke",
						"locator": "gas"
					},
					{
						"effect": "mist",
						"locator": "gas"
					},
					{
						"effect": "mist.1",
						"locator": "gas"
					}
				]
			}
		},
		"animation.projectile.small.scale": {
			"loop": "hold_on_last_frame",
			"bones": {
				"root": {
					"scale": [0.5, 0.5, 0.1]
				}
			}
		},
		"animation.rpg_rocket.glow": {
			"loop": "hold_on_last_frame",
			"animation_length": 0.0833,
			"particle_effects": {
				"0.0417": [
					{
						"effect": "glow",
						"locator": "particle"
					},
					{
						"effect": "fire_trail",
						"locator": "particle"
					}
				]
			}
		},
		"animation.rpg_rocket.spawn": {
			"loop": "hold_on_last_frame",
			"animation_length": 0.5417,
			"bones": {
				"arm2": {
					"rotation": {
						"0.0417": [0, 0, 0],
						"0.25": [0, 85, 0]
					}
				},
				"arm": {
					"rotation": {
						"0.0417": [0, 0, 0],
						"0.25": [0, 85, 0]
					}
				},
				"arm4": {
					"rotation": {
						"0.0417": [0, 0, 0],
						"0.25": [0, -85, 0]
					}
				},
				"arm3": {
					"rotation": {
						"0.0417": [0, 0, 0],
						"0.25": [0, -85, 0]
					}
				},
				"arm5": {
					"rotation": {
						"0.0417": [0, 0, 0],
						"0.25": [0, 85, 0]
					}
				},
				"arm6": {
					"rotation": {
						"0.0417": [0, 0, 0],
						"0.25": [0, -85, 0]
					}
				},
				"arm7": {
					"rotation": {
						"0.0417": [0, 0, 0],
						"0.25": [0, 85, 0]
					}
				},
				"arm8": {
					"rotation": {
						"0.0417": [0, 0, 0],
						"0.25": [0, -85, 0]
					}
				}
			}
		},
		"animation.rpg_rocket.idle": {
			"loop": true,
			"bones": {
				"root": {
					"rotation": ["-query.target_x_rotation", "-query.body_y_rotation", 0]
				},
				"rocket": {
					"rotation": [0, 0, "-q.anim_time*1600"],
					"scale": 0.85
				},
				"rocket_glass": {
					"rotation": [0, 0, "-q.anim_time*1600"],
					"scale": 0.85
				}
			}
		},
		"animation.rpg_rocket.sfx": {
			"loop": true,
			"animation_length": 0.1,
			"sound_effects": {
				"0.0417": {
					"effect": "rocket"
				}
			}
		}
	}
}