{
	"format_version": "1.8.0",
	"animations": {
		"animation.remington_870.scale.fp": {
			"loop": "hold_on_last_frame",
			"bones": {
				"weapon_root": {
					"position": [0, 1.5, -0.4],
					"scale": 0.265
				},
				"pump": {
					"position": [0, 0, 0.5],
					"scale": [1.1, 1.1, 1]
				}
			}
		},
		"animation.remington_870.scale.tp": {
			"loop": "hold_on_last_frame",
			"bones": {
				"weapon_root": {
					"position": [0, 1.25, -0.4],
					"scale": 0.225
				},
				"barrels": {
					"scale": [1, 1, 0.9]
				}
			}
		},
		"animation.remington_870.draw.fp": {
			"loop": "hold_on_last_frame",
			"animation_length": 1.25,
			"bones": {
				"root": {
					"rotation": {
						"0.0": [-180, 0, -180],
						"0.2083": [-184.15024, -17.60896, -181.01876],
						"0.75": [-184.15024, -17.60896, -181.01876],
						"1.25": [-180, 0, -180]
					},
					"position": {
						"0.0": [0, 0, 0],
						"0.0417": [-0.05, -0.8, 3.5],
						"0.2083": [-0.05, -0.8, 3.5],
						"0.75": [-0.05, -0.8, 3.5],
						"1.25": [1, 0.25, 1]
					},
					"scale": {
						"0.0": {
							"pre": [0, 0, 0],
							"post": [0, 0, 0]
						},
						"0.0833": [1, 1, 1]
					}
				},
				"rightArm": {
					"rotation": {
						"0.0": [-50.11794, -1.08089, 12.45392],
						"0.2917": [-117.29, -26.08, 33.39],
						"0.4583": [-118.361, -25.72558, 34.12479],
						"0.5833": [-118.361, -25.72558, 34.12479],
						"0.75": [-117.29, -26.08, 33.39],
						"1.25": [-81.10181, -54.81855, 5.40816]
					},
					"position": {
						"0.0": [0, 0, 5],
						"0.2917": [-0.87, 0.22, 5.51],
						"0.4583": [-0.87, 0.22, 5.51],
						"0.5833": [-0.87, 0.22, 5.51],
						"0.75": [-0.87, 0.22, 5.51],
						"1.25": [-4.5, 1, 1.5]
					},
					"scale": {
						"0.0": [0.8, 0.8, 0.8],
						"1.25": [0.9, 0.9, 0.9]
					}
				},
				"weapon_root": {
					"rotation": {
						"0.0": [0, 0, 0],
						"0.2917": [0, 0, 0],
						"0.4583": [-3.9453, -1.10269, -2.96382],
						"0.5833": [-3.94529, -1.10269, -2.96382],
						"0.75": [0, 0, 0],
						"1.25": [0, -10, 0]
					},
					"position": {
						"0.0": [0, 0, 0],
						"0.2917": [-0.52, 0.24, 0.09],
						"0.5833": [-0.52, 0.24, 0.09],
						"0.75": [-0.52, 0.24, 0.09],
						"1.25": [0, 0, 0]
					}
				},
				"leftArm": {
					"rotation": {
						"0.0": [-51.13984, -18.89589, 58.55499],
						"0.2917": [-94.04217, 32.48684, 75.03906],
						"0.4583": [-65.73628, 34.43456, 99.99492],
						"0.5833": [-65.73628, 34.43456, 99.99492],
						"0.75": [-91.00406, 30.17602, 76.41965],
						"1.0": [-84.6937, 3.16909, 77.74867],
						"1.25": [-93.42213, -17.82812, 78.32202]
					},
					"position": {
						"0.0": [-3.77, -3.33, -1.46],
						"0.2917": [0.43, 1.23, -2.68],
						"0.4583": [0.93, 0.48, 0.07],
						"0.5833": [0.93, 0.48, 0.07],
						"0.75": [0.43, 1.23, -2.18],
						"1.25": [-0.25, 0.25, -2]
					},
					"scale": {
						"0.0": [0.8, 0.8, 0.8],
						"1.25": [0.8, 0.8, 0.8]
					}
				},
				"waist": {
					"rotation": {
						"0.0": ["11.015+math.sin(query.anim_time*50*2)*0.5", 2.9427, 0.5838],
						"0.2917": [11.1085, 7.84383, 1.57793],
						"1.25": [0, 0, 0]
					}
				},
				"pump": {
					"position": {
						"0.2917": [0, 0, 0],
						"0.4583": [0, 0, 12.45],
						"0.5833": [0, 0, 12.45],
						"0.75": [0, 0, 0]
					}
				},
				"slide": {
					"position": {
						"0.3333": [0, 0, 0],
						"0.5": [0, 0, 7.25],
						"0.625": [0, 0, 7.25],
						"0.7917": [0, 0, 0]
					}
				}
			}
		},
		"animation.remington_870.draw.tp": {
			"loop": "hold_on_last_frame",
			"animation_length": 0.75,
			"bones": {
				"rightArm": {
					"rotation": {
						"0.0": [43.29405, -22.94186, -13.23487],
						"0.2083": {
							"pre": [-41.61201, -15.33612, 19.56422],
							"post": [-41.61201, -15.33612, 19.56422],
							"lerp_mode": "catmullrom"
						},
						"0.3333": {
							"post": [-84.28, -20.21, 26.11],
							"lerp_mode": "catmullrom"
						},
						"0.4167": [-103.45815, -23.73193, 27.52993]
					},
					"position": {
						"0.0": [-0.15, -1, 0],
						"0.2083": {
							"pre": [-0.34, 0.11, 0],
							"post": [-0.34, 0.11, 0],
							"lerp_mode": "catmullrom"
						},
						"0.3333": {
							"post": [-0.45, 0.72, 0],
							"lerp_mode": "catmullrom"
						},
						"0.4167": [-0.5, 1, 0]
					}
				},
				"weapon_root": {
					"scale": {
						"0.0": {
							"pre": [0, 0, 0],
							"post": [0, 0, 0]
						},
						"0.125": [1, 1, 1]
					}
				},
				"leftArm": {
					"rotation": {
						"0.0": [-61.41222, 17.51803, 2.96832],
						"0.2083": {
							"pre": [-42.08682, -7.61004, -7.38215],
							"post": [-42.08682, -7.61004, -7.38215],
							"lerp_mode": "catmullrom"
						},
						"0.3333": {
							"post": [-71.15, 5.41, -9.78],
							"lerp_mode": "catmullrom"
						},
						"0.4583": [-102.60602, 21.56373, -10.88712]
					},
					"position": {
						"0.0": [0, 0, -1],
						"0.2083": {
							"pre": [-0.56, -0.28, -0.53],
							"post": [-0.56, -0.28, -0.53],
							"lerp_mode": "catmullrom"
						},
						"0.3333": {
							"post": [-0.82, -0.41, -2.11],
							"lerp_mode": "catmullrom"
						},
						"0.4583": [-1, -0.5, -3.75]
					}
				},
				"waist": {
					"rotation": {
						"0.0": [-1.43199, 24.90932, -7.99056],
						"0.2083": {
							"pre": [-2.46, 4.68, -2.76],
							"post": [-2.46, 4.68, -2.76],
							"lerp_mode": "catmullrom"
						},
						"0.3333": {
							"post": [-3, -6, 0],
							"lerp_mode": "catmullrom"
						},
						"0.5": [0, 0, 0]
					}
				},
				"head": {
					"rotation": {
						"0.0": [12.5, 0, 0],
						"0.2083": [16.85369, 17.92014, -9.89573],
						"0.6667": [9.8953, -5.66129, -11.13695]
					}
				}
			}
		},
		"animation.remington_870.hold.fp": {
			"loop": true,
			"bones": {
				"rightArm": {
					"rotation": [-81.10181, -54.81855, 5.40816],
					"position": [-4.5, 1, 1.5],
					"scale": 0.9
				},
				"weapon_root": {
					"rotation": [0, -10, 0]
				},
				"leftArm": {
					"rotation": [-93.42213, -17.82812, 78.32202],
					"position": [-0.25, 0.25, -2],
					"scale": 0.8
				},
				"root": {
					"rotation": [-180, 0, -180],
					"position": [1, 0.25, 1]
				},
				"waist": {
					"rotation": ["0+math.sin(query.anim_time*70*2)*0.75", 0, 0]
				}
			}
		},
		"animation.remington_870.hold.tp": {
			"loop": true,
			"bones": {
				"rightArm": {
					"rotation": ["-89.4008+math.sin(query.anim_time*50*2)*0.5", -58.40238, 19.53936],
					"position": [-2, -0.5, -0.75]
				},
				"leftArm": {
					"rotation": ["-60.1632+math.sin(query.anim_time*50*2)*0.5", -6.13292, -17.18896],
					"position": [0, -1, -1]
				},
				"waist": {
					"rotation": ["math.sin(query.anim_time*50*2)*0.75", 0, "math.sin(query.anim_time*50*2)*0.5"]
				},
				"weapon_root_2": {
					"rotation": ["2.131+math.sin(query.anim_time*50*2)*0.5", -57.47196, 16.33374],
					"position": [0.2, "7.25-math.sin(query.anim_time*50*2)*0.075", -4.6]
				},
				"head": {
					"rotation": ["q.target_x_rotation", "q.target_y_rotation", 0]
				},
				"casing": {
					"scale": {
						"0.0": {
							"pre": [0, 0, 0],
							"post": [0, 0, 0]
						}
					}
				}
			}
		},
		"animation.remington_870.ads.fp": {
			"loop": "hold_on_last_frame",
			"animation_length": 0.20833,
			"anim_time_update": "q.anim_time+q.delta_time",
			"bones": {
				"root": {
					"rotation": [-180, -17, -180],
					"position": [-3.8395, 1.15, -1.4]
				},
				"waist": {
					"rotation": [10, 0, 0],
					"position": [0, -0.25, 0]
				},
				"rightArm": {
					"rotation": [-100.5, -16.80663, 3.02543],
					"position": [1.57635, 0.21875, 3.00677],
					"scale": 0.9
				},
				"weapon_root": {
					"rotation": [0, 0, 0],
					"position": [-0.51609, 0.23848, 0.09451]
				},
				"leftArm": {
					"rotation": [-82.33522, 26.79173, 84.70517],
					"position": [-3.56563, 1.22795, -4.17928],
					"scale": 0.8
				},
				"muzzle_particles": {
					"position": [5, -9, 0]
				}
			},
			"timeline": {
				"0.1667": "v.blur = 1;"
			}
		},
		"animation.remington_870.ads.tp": {
			"loop": true,
			"bones": {
				"root": {
					"rotation": [0, "1+q.target_y_rotation", 0]
				},
				"waist": {
					"rotation": [
						"7.4269+(math.clamp(q.target_x_rotation, -10, 10))+(variable.tcos0*0.05)+(math.cos(query.life_time * 350) * 0.1)",
						"18.2761+(math.cos(query.life_time * 350) * 0.05)",
						2.8815
					],
					"position": [0, "-0.25+(variable.tcos0*0.025)", 0]
				},
				"head": {
					"rotation": ["1.8325+(math.clamp(q.target_x_rotation, -40, 40))", -5.26683, -14.04076]
				},
				"rightArm": {
					"rotation": ["-95.348+(math.clamp(q.target_x_rotation, -20, 20))", -22.93792, 1.66054],
					"position": [-0.67365, 0.46875, 2.00677]
				},
				"leftArm": {
					"rotation": [
						"-109.3966+(math.clamp((q.target_x_rotation*1.45), -30, 30))",
						"12.8053-(math.clamp(q.target_x_rotation, 0, -20))",
						"-38.4387+(math.clamp(q.target_x_rotation, 5, 10))"
					],
					"position": [-0.56563, 0.72795, -4.17928]
				},
				"rightLeg": {
					"rotation": ["15+v.tcos0", 6, 4],
					"position": [0, 0.25, 2.5]
				},
				"leftLeg": {
					"rotation": ["-2-v.tcos0", 0, 0],
					"position": [0, 0, -2]
				}
			}
		},
		"animation.remington_870.pre_hipfire.fp": {
			"loop": "hold_on_last_frame",
			"bones": {
				"root": {
					"rotation": [-180.21738, -19.1024, -180.81162],
					"position": [-1.8, -0.05, 2]
				},
				"waist": {
					"rotation": [10, 0, 0],
					"position": [0, -0.25, 0]
				},
				"rightArm": {
					"rotation": [-95.93953, -17.21913, 3.73073],
					"position": [0.12635, 0.21875, 6.50677],
					"scale": 0.9
				},
				"weapon_root": {
					"rotation": [0, 0, 0],
					"position": [-0.51609, 0.23848, 0.09451]
				},
				"flap": {
					"rotation": [0, 0, 0]
				},
				"shell": {
					"rotation": [0, 0, 0],
					"position": [0, 0, 0]
				},
				"leftArm": {
					"rotation": [-79.33522, 26.79173, 84.70517],
					"position": [-3.56563, 0.22795, -4.17928],
					"scale": 0.8
				},
				"muzzle_flash": {
					"position": [0.5, 0, 0]
				},
				"muzzle_flash_sup": {
					"position": [-0.5, -1.1, 1]
				},
				"muzzle_particles": {
					"position": [9, -5, 26]
				},
				"afterburn_particles": {
					"position": [-2, 0, 0]
				}
			}
		},
		"animation.remington_870.pre_hipfire.tp": {
			"loop": true,
			"bones": {
				"root": {
					"rotation": [0, "1+q.target_y_rotation", 0]
				},
				"waist": {
					"rotation": [
						"7.4269+(math.clamp(q.target_x_rotation, -10, 10))+(variable.tcos0*0.05)+(math.cos(query.life_time * 350) * 0.1)",
						"18.2761+(math.cos(query.life_time * 350) * 0.05)",
						2.88151
					],
					"position": [0, -0.25, 0]
				},
				"head": {
					"rotation": ["-5+(math.clamp(q.target_x_rotation, -40, 40))", -20, 0]
				},
				"rightArm": {
					"rotation": ["-95.348+(math.clamp(q.target_x_rotation, -20, 20))", -22.93792, 1.66054],
					"position": [0.32635, -0.53125, 2.00677]
				},
				"leftArm": {
					"rotation": [
						"-99.2284+(math.clamp((q.target_x_rotation*1.45), -30, 30))",
						"-0.7297-(math.clamp(q.target_x_rotation, 0, -20))",
						"-17.0955+(math.clamp(q.target_x_rotation, 5, 10))"
					],
					"position": [-1.56563, -0.02205, -4.42928]
				},
				"rightLeg": {
					"rotation": [15, 6, 4],
					"position": [0, 0.25, 0.5]
				},
				"leftLeg": {
					"rotation": [-2, 0, 0],
					"position": [0, 0, -1.5]
				}
			}
		},
		"animation.remington_870.pullback_hip.fp": {
			"loop": "hold_on_last_frame",
			"animation_length": 0.91667,
			"bones": {
				"root": {
					"rotation": {
						"0.0": [-184.2125, -20.10231, -180.82616],
						"0.25": [-184.57196, -30.07314, -179.98161]
					},
					"position": {
						"0.0": [-1.05, -0.8, 2.5],
						"0.25": [-0.3, -0.8, 2.5]
					}
				},
				"waist": {
					"rotation": {
						"0.0": ["10+math.sin(query.anim_time*50*2)*0.5", 0, 0],
						"0.25": ["11.015+math.sin(query.anim_time*50*2)*0.5", 2.9427, 0.5838]
					},
					"position": [0, -0.25, 0]
				},
				"rightArm": {
					"rotation": {
						"0.0": [-95.93953, -17.21913, 3.73073],
						"0.25": [-117.28661, -26.07525, 33.39459],
						"0.3333": [-117.29, -26.08, 33.39],
						"0.5": [-118.361, -25.72558, 34.12479],
						"0.625": [-118.361, -25.72558, 34.12479],
						"0.7917": [-117.29, -26.08, 33.39]
					},
					"position": {
						"0.0": [0.12635, 0.21875, 6.50677],
						"0.25": [-0.87, 0.22, 5.51],
						"0.3333": [-0.87, 0.22, 5.51],
						"0.5": [-0.87, 0.22, 5.51],
						"0.625": [-0.87, 0.22, 5.51],
						"0.7917": [-0.87, 0.22, 5.51]
					},
					"scale": 0.9
				},
				"weapon_root": {
					"rotation": {
						"0.0": [0, 0, 0],
						"0.25": [0, 0, 0],
						"0.3333": [0, 0, 0],
						"0.5": [-3.9453, -1.10269, -2.96382],
						"0.625": [-3.94529, -1.10269, -2.96382],
						"0.7917": [0, 0, 0]
					},
					"position": {
						"0.0": [-0.51609, 0.23848, 0.09451],
						"0.25": [-0.52, 0.24, 0.09],
						"0.3333": [-0.52, 0.24, 0.09],
						"0.625": [-0.52, 0.24, 0.09],
						"0.7917": [-0.52, 0.24, 0.09]
					}
				},
				"shell": {
					"rotation": {
						"0.375": [0, 0, 0],
						"0.5417": [18.67282, -12.45301, -173.66802],
						"0.8333": [-18.13171, 13.24234, -351.23496]
					},
					"position": {
						"0.375": [0, 0, 0],
						"0.5417": {
							"pre": [-19, 5, 0],
							"post": [-19, 5, 0],
							"lerp_mode": "catmullrom"
						},
						"0.6667": {
							"post": [-41, -19, 4],
							"lerp_mode": "catmullrom"
						},
						"0.8333": [-45, -78, 25]
					},
					"scale": {
						"0.375": [0.9, 0.9, 0.9],
						"0.8333": {
							"pre": [0.9, 0.9, 0.9],
							"post": [0, 0, 0]
						}
					}
				},
				"leftArm": {
					"rotation": {
						"0.0": [-79.33522, 26.79173, 84.70517],
						"0.125": [-91.52429, 31.73399, 71.38551],
						"0.25": [-94.04217, 32.48684, 75.03906],
						"0.3333": [-94.04217, 32.48684, 75.03906],
						"0.5": [-65.73628, 34.43456, 99.99492],
						"0.625": [-65.73628, 34.43456, 99.99492],
						"0.7917": [-91.00406, 30.17602, 76.41965]
					},
					"position": {
						"0.0": [-3.56563, 0.22795, -4.17928],
						"0.125": [-1.57, 0.93, -3.38],
						"0.25": [0.43, 1.23, -2.68],
						"0.3333": [0.43, 1.23, -2.68],
						"0.5": [0.93, 0.48, 0.07],
						"0.625": [0.93, 0.48, 0.07],
						"0.7917": [0.43, 1.23, -2.18]
					},
					"scale": 0.8
				},
				"pump": {
					"position": {
						"0.3333": [0, 0, 0],
						"0.5": [0, 0, 12.45],
						"0.625": [0, 0, 12.45],
						"0.7917": [0, 0, 0]
					}
				},
				"slide": {
					"position": {
						"0.375": [0, 0, 0],
						"0.5417": [0, 0, 7.25],
						"0.6667": [0, 0, 7.25],
						"0.8333": [0, 0, 0]
					}
				},
				"muzzle_particles": {
					"position": [9, -5, 26]
				},
				"afterburn_particles": {
					"position": [-2, 0, 0]
				}
			}
		},
		"animation.remington_870.after_burn": {
			"animation_length": 4,
			"particle_effects": {
				"0.0": {
					"effect": "remington_870.after_burn",
					"locator": "rm870_afterburn"
				}
			}
		},
		"animation.remington_870.pullback_hip.tp": {
			"loop": "hold_on_last_frame",
			"animation_length": 0.91667,
			"bones": {
				"root": {
					"rotation": [0, "1+q.target_y_rotation", 0]
				},
				"waist": {
					"rotation": {
						"0.0": [
							"7.4269+(math.clamp(q.target_x_rotation, -10, 10))+(variable.tcos0*0.05)+(math.cos(query.life_time * 350) * 0.1)",
							"18.2761+(math.cos(query.life_time * 350) * 0.05)",
							2.88151
						],
						"0.3333": [5, -7.5, 0],
						"0.5": [4.9739, 5.16904, -1.40587],
						"0.625": [4.95, 0.19, -1.84],
						"0.7917": [5, -7.5, 0]
					},
					"position": {
						"0.0": [0, -0.25, 0],
						"0.25": [0, 0, 0]
					}
				},
				"rightArm": {
					"rotation": {
						"0.0": ["-95.348+(math.clamp(q.target_x_rotation, -20, 20))", -22.93792, 1.66054],
						"0.25": [-133.02073, -24.14326, 48.56812],
						"0.3333": [-133.02073, -24.14326, 48.56812],
						"0.5": [-118.361, -25.72558, 34.12479],
						"0.625": [-118.361, -25.72558, 34.12479],
						"0.7917": [-133.02073, -24.14326, 48.56812]
					},
					"position": {
						"0.0": [0.32635, -0.53125, 2.00677],
						"0.25": [-0.87, -0.78, -0.49],
						"0.3333": [-0.87, -0.78, -0.49],
						"0.5": [-0.87, -0.78, -0.49],
						"0.625": [-0.87, -0.78, -0.49],
						"0.7917": [-0.87, -0.78, -0.49]
					}
				},
				"weapon_root": {
					"rotation": {
						"0.0": [0, 0, 0],
						"0.25": [0, 0, 0],
						"0.3333": [0, 0, 0],
						"0.5": [-3.9453, -1.10269, -2.96382],
						"0.625": [-3.94529, -1.10269, -2.96382],
						"0.7917": [0, 0, 0]
					},
					"position": {
						"0.0": [-0.51609, 0.23848, 0.09451],
						"0.25": [-0.52, 0.24, 0.09],
						"0.3333": [-0.52, 0.24, 0.09],
						"0.625": [-0.52, 0.24, 0.09],
						"0.7917": [-0.52, 0.24, 0.09]
					}
				},
				"shell": {
					"rotation": {
						"0.375": [0, 0, 0],
						"0.5417": [18.67282, -12.45301, -173.66802],
						"0.8333": [-18.13171, 13.24234, -351.23496]
					},
					"position": {
						"0.375": [0, 0, 0],
						"0.5417": {
							"pre": [-19, 5, 0],
							"post": [-19, 5, 0],
							"lerp_mode": "catmullrom"
						},
						"0.6667": {
							"post": [-41, -19, 4],
							"lerp_mode": "catmullrom"
						},
						"0.8333": [-45, -78, 25]
					},
					"scale": {
						"0.375": [0.9, 0.9, 0.9],
						"0.8333": {
							"pre": [0.9, 0.9, 0.9],
							"post": [0, 0, 0]
						}
					}
				},
				"leftArm": {
					"rotation": {
						"0.0": [
							"-99.2284+(math.clamp((q.target_x_rotation*1.45), -30, 30))",
							"-0.7297-(math.clamp(q.target_x_rotation, 0, -20))",
							"-17.0955+(math.clamp(q.target_x_rotation, 5, 10))"
						],
						"0.125": [-104.85277, 6.60843, -21.86411],
						"0.25": [-109.23128, -14.92693, -19.16587],
						"0.3333": [-112.23128, -14.92693, -19.16587],
						"0.5": [-112.84775, 6.99872, -18.0262],
						"0.625": [-112.84775, 6.99872, -18.0262],
						"0.7917": [-113.23128, -14.92693, -19.16587]
					},
					"position": {
						"0.0": [-1.56563, -0.02205, -4.42928],
						"0.125": [-0.07, 1.48, -3.68],
						"0.25": [0.43, -0.27, -3.18],
						"0.3333": [0.43, -0.27, -3.18],
						"0.5": [0.43, -0.27, -3.18],
						"0.625": [0.43, -0.27, -3.18],
						"0.7917": [0.43, -0.52, -3.18]
					}
				},
				"pump": {
					"position": {
						"0.3333": [0, 0, 0],
						"0.5": [0, 0, 12.45],
						"0.625": [0, 0, 12.45],
						"0.7917": [0, 0, 0]
					}
				},
				"slide": {
					"position": {
						"0.375": [0, 0, 0],
						"0.5417": [0, 0, 7.25],
						"0.6667": [0, 0, 7.25],
						"0.8333": [0, 0, 0]
					}
				},
				"afterburn_particles": {
					"position": [-2, 0, 0]
				},
				"head": {
					"rotation": {
						"0.0": ["-5+(math.clamp(q.target_x_rotation, -40, 40))", -20, 0],
						"0.25": [7.82642, -26.17687, -9.72496],
						"0.3333": [7.82642, -26.17687, -9.72496],
						"0.5": [2.66399, -14.76689, 2.15473],
						"0.625": [2.66, -14.77, 2.15],
						"0.7917": [2.66399, -14.76689, 2.15473]
					}
				},
				"rightLeg": {
					"rotation": {
						"0.0": [15, 6, 4],
						"0.25": [0, 0, 0]
					},
					"position": {
						"0.0": [0, 0.25, 0.5],
						"0.25": [0, 0, 0]
					}
				},
				"leftLeg": {
					"rotation": {
						"0.0": [-2, 0, 0],
						"0.25": [0, 0, 0]
					},
					"position": {
						"0.0": [0, 0, -1.5],
						"0.25": [0, 0, 0]
					}
				}
			}
		},
		"animation.remington_870.pullback.fp": {
			"loop": "hold_on_last_frame",
			"animation_length": 0.91667,
			"bones": {
				"root": {
					"rotation": [-180, -17, -180],
					"position": {
						"0.0": [-3.8395, 1.15, -1.4],
						"0.25": [-3.84, -0.35, -0.65]
					}
				},
				"waist": {
					"rotation": {
						"0.0": [10, 0, 0],
						"0.25": [17.69575, 10.95716, -4.77787]
					},
					"position": {
						"0.0": [0, -0.25, 0],
						"0.25": [1, -0.25, -1]
					}
				},
				"rightArm": {
					"rotation": {
						"0.0": [-100.5, -16.80663, 3.02543],
						"0.25": [-115.98029, -28.27914, 28.34863],
						"0.3333": [-115.98029, -28.27914, 28.34863],
						"0.5": [-118.361, -25.72558, 34.12479],
						"0.625": [-118.361, -25.72558, 34.12479],
						"0.7917": [-117.29, -26.08, 33.39]
					},
					"position": {
						"0.0": [1.57635, 0.21875, 3.00677],
						"0.25": [-0.87, 0.22, 5.51],
						"0.3333": [-0.87, 0.22, 5.51],
						"0.5": [-0.87, 0.22, 5.76],
						"0.625": [-0.87, 0.22, 5.76],
						"0.7917": [-0.87, 0.22, 5.51]
					},
					"scale": 0.9
				},
				"weapon_root": {
					"rotation": {
						"0.0": [0, 0, 0],
						"0.25": [0, 0, 0],
						"0.3333": [0, 0, 0],
						"0.5": [-3.9453, -1.10269, -2.96382],
						"0.625": [-3.94529, -1.10269, -2.96382],
						"0.7917": [0, 0, 0]
					},
					"position": {
						"0.0": [-0.51609, 0.23848, 0.09451],
						"0.25": [-0.52, 0.24, 0.09],
						"0.3333": [-0.52, 0.24, 0.09],
						"0.625": [-0.52, 0.24, 0.09],
						"0.7917": [-0.52, 0.24, 0.09]
					}
				},
				"shell": {
					"rotation": {
						"0.375": [0, 0, 0],
						"0.5417": [18.67282, -12.45301, -173.66802],
						"0.8333": [-18.13171, 13.24234, -351.23496]
					},
					"position": {
						"0.375": [0, 0, 0],
						"0.5417": {
							"pre": [-19, 5, 0],
							"post": [-19, 5, 0],
							"lerp_mode": "catmullrom"
						},
						"0.6667": {
							"post": [-41, -19, 4],
							"lerp_mode": "catmullrom"
						},
						"0.8333": [-45, -78, 25]
					},
					"scale": {
						"0.375": [0.9, 0.9, 0.9],
						"0.8333": {
							"pre": [0.9, 0.9, 0.9],
							"post": [0, 0, 0]
						}
					}
				},
				"leftArm": {
					"rotation": {
						"0.0": [-82.33522, 26.79173, 84.70517],
						"0.125": [-91.52429, 31.73399, 71.38551],
						"0.25": [-94.04217, 32.48684, 75.03906],
						"0.3333": [-94.04217, 32.48684, 75.03906],
						"0.5": [-58.08945, 42.07772, 99.222],
						"0.625": [-58.08945, 42.07772, 99.222],
						"0.7917": [-91.00406, 30.17602, 76.41965]
					},
					"position": {
						"0.0": [-3.56563, 1.22795, -4.17928],
						"0.125": [-1.57, 0.93, -3.38],
						"0.25": [0.43, 1.23, -2.68],
						"0.3333": [0.43, 1.23, -2.68],
						"0.5": [1.43, 0.23, -0.43],
						"0.625": [1.43, 0.23, -0.43],
						"0.7917": [0.43, 1.23, -2.18]
					},
					"scale": 0.8
				},
				"pump": {
					"position": {
						"0.3333": [0, 0, 0],
						"0.5": [0, 0, 12.45],
						"0.625": [0, 0, 12.45],
						"0.7917": [0, 0, 0]
					}
				},
				"slide": {
					"position": {
						"0.375": [0, 0, 0],
						"0.5417": [0, 0, 7.25],
						"0.6667": [0, 0, 7.25],
						"0.8333": [0, 0, 0]
					}
				},
				"muzzle_particles": {
					"position": [5, -9, 0]
				},
				"afterburn_particles": {
					"position": [-4, 0, 0]
				}
			}
		},
		"animation.remington_870.pullback.tp": {
			"loop": "hold_on_last_frame",
			"animation_length": 0.91667,
			"bones": {
				"root": {
					"rotation": [0, "1+q.target_y_rotation", 0]
				},
				"waist": {
					"rotation": {
						"0.0": [
							"7.4269+(math.clamp(q.target_x_rotation, -10, 10))+(variable.tcos0*0.05)+(math.cos(query.life_time * 350) * 0.1)",
							"18.2761+(math.cos(query.life_time * 350) * 0.05)",
							2.8815
						],
						"0.1667": [6.24, 12.87, 2.09],
						"0.3333": {
							"pre": [4.99935, 7.44357, 1.30355],
							"post": [4.99935, 7.44357, 1.30355],
							"lerp_mode": "catmullrom"
						},
						"0.5": {
							"post": [5.19812, 17.62024, -0.27768],
							"lerp_mode": "catmullrom"
						},
						"0.625": {
							"post": [4.46861, 20.32198, -2.68854],
							"lerp_mode": "catmullrom"
						},
						"0.8333": [7.4269, 18.2761, 2.8815]
					},
					"position": {
						"0.0": [0, "-0.25+(variable.tcos0*0.025)", 0],
						"0.25": [0, 0, 0]
					}
				},
				"rightArm": {
					"rotation": {
						"0.0": ["-95.348+(math.clamp(q.target_x_rotation, -20, 20))", -22.93792, 1.66054],
						"0.25": [-106.29058, -37.46537, 9.4101],
						"0.3333": [-106.29058, -37.46537, 9.4101],
						"0.5": [-118.361, -25.72558, 34.12479],
						"0.625": [-118.361, -25.72558, 34.12479],
						"0.8333": [-95.348, -22.93792, 1.66054]
					},
					"position": {
						"0.0": [-0.67365, 0.46875, 2.00677],
						"0.25": [-1.12, -0.78, 1.01],
						"0.3333": [-1.12, -0.78, 1.01],
						"0.5": [-0.87, -0.78, -0.49],
						"0.625": [-0.87, -0.78, -0.49],
						"0.8333": [-0.67365, 0.46875, 2.00677]
					}
				},
				"weapon_root": {
					"rotation": {
						"0.0": [0, 0, 0],
						"0.25": [0, 0, 0],
						"0.3333": [0, 0, 0],
						"0.5": [-3.9453, -1.10269, -2.96382],
						"0.625": [-3.94529, -1.10269, -2.96382],
						"0.7917": [0, 0, 0]
					},
					"position": {
						"0.0": [-0.51609, 0.23848, 0.09451],
						"0.25": [-0.52, 0.24, 0.09],
						"0.3333": [-0.52, 0.24, 0.09],
						"0.625": [-0.52, 0.24, 0.09],
						"0.7917": [-0.52, 0.24, 0.09]
					}
				},
				"shell": {
					"rotation": {
						"0.375": [0, 0, 0],
						"0.5417": [18.67282, -12.45301, -173.66802],
						"0.8333": [-18.13171, 13.24234, -351.23496]
					},
					"position": {
						"0.375": [0, 0, 0],
						"0.5417": {
							"pre": [-19, 5, 0],
							"post": [-19, 5, 0],
							"lerp_mode": "catmullrom"
						},
						"0.6667": {
							"post": [-41, -19, 4],
							"lerp_mode": "catmullrom"
						},
						"0.8333": [-45, -78, 25]
					},
					"scale": {
						"0.375": [0.9, 0.9, 0.9],
						"0.8333": {
							"pre": [0.9, 0.9, 0.9],
							"post": [0, 0, 0]
						}
					}
				},
				"leftArm": {
					"rotation": {
						"0.0": [
							"-109.3966+(math.clamp((q.target_x_rotation*1.45), -30, 30))",
							"12.8053-(math.clamp(q.target_x_rotation, 0, -20))",
							"-38.4387+(math.clamp(q.target_x_rotation, 5, 10))"
						],
						"0.125": [-104.85277, 6.60843, -21.86411],
						"0.25": [-110.59558, -3.57029, -23.10034],
						"0.3333": [-110.59558, -3.57029, -23.10034],
						"0.5": [-113.84775, 6.99872, -18.0262],
						"0.625": [-114.40174, 4.54448, -23.52965],
						"0.8333": [-112.3966, 12.8053, -38.4387]
					},
					"position": {
						"0.0": [-0.56563, 0.72795, -4.17928],
						"0.125": [-1.82, 0.73, -3.68],
						"0.25": [-0.57, -0.27, -3.68],
						"0.3333": [-0.57, -0.27, -3.68],
						"0.5": [0.43, -0.27, -3.18],
						"0.625": [0.43, -0.27, -3.18],
						"0.8333": [-0.81563, 0.72795, -4.17928]
					}
				},
				"pump": {
					"position": {
						"0.3333": [0, 0, 0],
						"0.5": [0, 0, 12.45],
						"0.625": [0, 0, 12.45],
						"0.7917": [0, 0, 0]
					}
				},
				"slide": {
					"position": {
						"0.375": [0, 0, 0],
						"0.5417": [0, 0, 7.25],
						"0.6667": [0, 0, 7.25],
						"0.8333": [0, 0, 0]
					}
				},
				"muzzle_particles": {
					"position": [9, -5, 26]
				},
				"afterburn_particles": {
					"position": [-2, 0, 0]
				},
				"head": {
					"rotation": {
						"0.0": ["1.8325+(math.clamp(q.target_x_rotation, -40, 40))", -5.26683, -14.04076],
						"0.25": [7.82642, -26.17687, -9.72496],
						"0.3333": [7.82642, -26.17687, -9.72496],
						"0.5": [2.66399, -14.76689, 2.15473],
						"0.625": [2.66, -14.77, 2.15],
						"0.8333": [1.8325, -5.26683, -14.04076]
					}
				},
				"rightLeg": {
					"rotation": {
						"0.0": ["15+v.tcos0", 6, 4],
						"0.25": [0, 0, 0]
					},
					"position": {
						"0.0": [0, 0.25, 2.5],
						"0.25": [0, 0, 0]
					}
				},
				"leftLeg": {
					"rotation": {
						"0.0": ["-2-v.tcos0", 0, 0],
						"0.25": [0, 0, 0]
					},
					"position": {
						"0.0": [0, 0, -2],
						"0.25": [0, 0, 0]
					}
				}
			}
		},
		"animation.remington_870.pre_load.fp": {
			"loop": "hold_on_last_frame",
			"animation_length": 0.5,
			"bones": {
				"root": {
					"rotation": {
						"0.0": [-184.2125, -20.10231, -180.82616],
						"0.5": [-184.15024, -17.60896, -181.01877]
					},
					"position": {
						"0.0": [-1.05, -0.8, 2.5],
						"0.5": [-0.05, -0.05, -0.5]
					}
				},
				"waist": {
					"rotation": [10, 0, 0],
					"position": [0, -0.25, 0]
				},
				"rightArm": {
					"rotation": {
						"0.0": [-96.37826, -27.16177, 4.88796],
						"0.5": [-81.2386, -48.46338, -28.41223]
					},
					"position": {
						"0.0": [-0.87, 0.22, 4.51],
						"0.5": [-0.87, 0.22, -0.49]
					},
					"scale": 0.9
				},
				"weapon_root": {
					"rotation": {
						"0.0": [0, 0, 0],
						"0.5": [-4, 17.5, 0]
					},
					"position": [-0.51609, 0.23848, 0.09451]
				},
				"shell": {
					"rotation": [0, 0, 0],
					"position": [0, -64, 17],
					"scale": {
						"0.0": {
							"pre": [0, 0, 0],
							"post": [0, 0, 0]
						}
					}
				},
				"leftArm": {
					"rotation": {
						"0.0": [-98.37303, 15.33586, 48.59054],
						"0.5": [0, 0, 0]
					},
					"position": {
						"0.0": [-0.57, 0.23, -2.18],
						"0.5": [0, 0, 0]
					},
					"scale": 0.8
				},
				"muzzle_particles": {
					"position": [9, -5, 26]
				},
				"afterburn_particles": {
					"position": [-4, 0, 0]
				}
			}
		},
		"animation.remington_870.pre_load.tp": {
			"loop": "hold_on_last_frame",
			"animation_length": 0.5,
			"bones": {
				"rightArm": {
					"rotation": {
						"0.0": [-81.82455, -38.94277, -21.64641],
						"0.5": [-81.2386, -48.46338, -28.41223]
					},
					"position": {
						"0.0": [-0.87, 0.22, 1.51],
						"0.5": [-0.87, 0.22, -1.49]
					}
				},
				"weapon_root": {
					"rotation": {
						"0.0": [0, 0, 0],
						"0.5": [-4, 17.5, 0]
					},
					"position": {
						"0.0": [-0.51609, 0.23848, 0.09451],
						"0.5": [-0.51609, 0.23848, 0.09451]
					}
				},
				"shell": {
					"rotation": {
						"0.0": [0, 0, 0],
						"0.5": [0, 0, 0]
					},
					"position": {
						"0.0": [0, -64, 17],
						"0.5": [0, -64, 17]
					},
					"scale": {
						"0.0": {
							"pre": [0, 0, 0],
							"post": [0, 0, 0]
						},
						"0.5": {
							"pre": [0, 0, 0],
							"post": [1, 1, 1]
						}
					}
				},
				"leftArm": {
					"rotation": {
						"0.0": [-98.37303, 15.33586, 48.59054],
						"0.4": [-5.10791, 11.45339, -4.82564],
						"0.5": [24.2538, 11.82099, 10.54879]
					},
					"position": {
						"0.0": [-0.57, 0.23, -2.18],
						"0.5": [0, 0, 0]
					}
				},
				"muzzle_particles": {
					"position": {
						"0.0": [9, -5, 26],
						"0.5": [9, -5, 26]
					}
				},
				"waist": {
					"rotation": {
						"0.0": [0, 0, 0],
						"0.5": [2.55916, -17.49513, -0.22839]
					}
				},
				"head": {
					"rotation": {
						"0.0": [0, 0, 0],
						"0.5": [30.6992, -28.43911, -13.33121]
					}
				}
			}
		},
		"animation.remington_870.hold_load.fp": {
			"loop": "hold_on_last_frame",
			"bones": {
				"root": {
					"rotation": [-184.15024, -17.60896, -181.01877],
					"position": [-0.05, -0.05, -0.5]
				},
				"waist": {
					"rotation": [10, 0, 0],
					"position": [0, -0.25, 0]
				},
				"rightArm": {
					"rotation": [-81.2386, -48.46338, -28.41223],
					"position": [-0.87, 0.22, -0.49],
					"scale": 0.9
				},
				"weapon_root": {
					"rotation": [-4, 17.5, 0],
					"position": [-0.51609, 0.23848, 0.09451]
				},
				"shell": {
					"position": [0, -64, 17],
					"scale": {
						"0.0": {
							"pre": [0, 0, 0],
							"post": [0, 0, 0]
						}
					}
				},
				"leftArm": {
					"rotation": [0, 0, 0],
					"position": [0, 0, 0],
					"scale": 0.8
				},
				"muzzle_particles": {
					"position": [9, -5, 26]
				}
			}
		},
		"animation.remington_870.hold_load.tp": {
			"loop": "hold_on_last_frame",
			"bones": {
				"rightArm": {
					"rotation": [-81.2386, -48.46338, -28.41223],
					"position": [-0.87, 0.22, -1.49]
				},
				"weapon_root": {
					"rotation": [-4, 17.5, 0],
					"position": [-0.51609, 0.23848, 0.09451]
				},
				"shell": {
					"rotation": [0, 0, 0],
					"position": [0, -64, 17],
					"scale": {
						"0.0": {
							"pre": [0, 0, 0],
							"post": [1, 1, 1]
						}
					}
				},
				"leftArm": {
					"rotation": [24.2538, 11.82099, 10.54879],
					"position": [0, 0, 0]
				},
				"muzzle_particles": {
					"position": [9, -5, 26]
				},
				"waist": {
					"rotation": [2.55916, -17.49513, -0.22839]
				},
				"head": {
					"rotation": [30.6992, -28.43911, -13.33121]
				}
			}
		},
		"animation.remington_870.load.fp": {
			"loop": "hold_on_last_frame",
			"animation_length": 0.54167,
			"bones": {
				"root": {
					"rotation": [-184.15024, -17.60896, -181.01877],
					"position": [-0.05, -0.05, -0.5]
				},
				"waist": {
					"rotation": [10, 0, 0],
					"position": [0, -0.25, 0]
				},
				"rightArm": {
					"rotation": {
						"0.0": [-81.2386, -48.46338, -28.41223],
						"0.25": [-75.77782, -50.93268, -29.01628],
						"0.3333": [-75.78, -50.93, -29.02],
						"0.4167": [-76.87911, -51.05029, -28.24899],
						"0.5": [-75.78, -50.93, -29.02]
					},
					"position": [-0.87, 0.22, -0.49],
					"scale": 0.9
				},
				"weapon_root": {
					"rotation": {
						"0.0": [-4, 17.5, 0],
						"0.3333": [-4, 17.5, 0],
						"0.4167": [-5.10766, 20.9864, -0.32652],
						"0.5": [-4, 17.5, 0]
					},
					"position": [-0.51609, 0.23848, 0.09451]
				},
				"shell": {
					"rotation": {
						"0.0": [0, 0, 0],
						"0.25": [-31.5667, 17.2294, -10.3141],
						"0.3333": [-12.05256, 12.99194, -0.46163],
						"0.4583": [0, 0, 0]
					},
					"position": {
						"0.0": [0, -64, 17],
						"0.25": [1.75, -8.25, 1],
						"0.3333": [1.25, -7, 1.75],
						"0.4167": [0.42, -4.33, -0.5],
						"0.4583": [0, -3, -5]
					},
					"scale": {
						"0.0": {
							"pre": [0, 0, 0],
							"post": [1, 1, 1]
						},
						"0.4583": {
							"pre": [1, 1, 1],
							"post": [0, 0, 0]
						}
					}
				},
				"leftArm": {
					"rotation": {
						"0.0": [0, 0, 0],
						"0.25": [-120.91971, -7.4352, -30.02589],
						"0.3333": [-120.91926, -11.12808, -36.05608],
						"0.375": [-117.72637, -12.63212, -39.47016],
						"0.4167": [-115.33099, -14.3444, -43.37239],
						"0.5": [-107.0564, -11.69233, -38.03029]
					},
					"position": {
						"0.0": [0, 0, 0],
						"0.25": [-0.5, -1.75, -2],
						"0.3333": [-1.25, -2, -2],
						"0.4583": [-0.75, -0.75, -3.25]
					},
					"scale": 0.8
				},
				"muzzle_particles": {
					"position": [9, -5, 26]
				},
				"loader": {
					"rotation": {
						"0.25": [0, 0, 0],
						"0.375": [-22.5, 0, 0],
						"0.4167": [-22.5, 0, 0],
						"0.5417": [0, 0, 0]
					}
				}
			}
		},
		"animation.remington_870.load.tp": {
			"loop": "hold_on_last_frame",
			"animation_length": 0.5417,
			"bones": {
				"rightArm": {
					"rotation": {
						"0.0": [-81.2386, -48.46338, -28.41223],
						"0.25": [-67.59189, -43.90097, -47.20194],
						"0.3333": [-67.59189, -43.90097, -47.20194],
						"0.4167": [-69.59189, -43.90097, -47.20194],
						"0.5": [-67.59189, -43.90097, -47.20194]
					},
					"position": {
						"0.0": [-0.87, 0.22, -1.49],
						"0.25": [-0.87, 0.22, -1.49]
					}
				},
				"weapon_root": {
					"rotation": {
						"0.0": [-4, 17.5, 0],
						"0.3333": [-4, 17.5, 0],
						"0.4167": [-5.10766, 20.9864, -0.32652],
						"0.5": [-4, 17.5, 0]
					},
					"position": [-0.51609, 0.23848, 0.09451]
				},
				"shell": {
					"rotation": {
						"0.0": [0, 0, 0],
						"0.0417": [194.18394, 46.5073, 81.87404],
						"0.2083": [41.58343, 23.08498, 8.12353],
						"0.25": [-31.5667, 17.2294, -10.3141],
						"0.3333": [-12.05256, 12.99194, -0.46163],
						"0.4583": [0, 0, 0]
					},
					"position": {
						"0.0": [0, -64, 17],
						"0.0417": [-10.71, -71.71, 33.33],
						"0.0833": [-20.59, -64.02, 17.12],
						"0.125": [-21.48, -51.33, 0.9],
						"0.1667": [-16.24, -36.22, -9.07],
						"0.2083": [-8.49, -19.23, -7.78],
						"0.25": [1.75, -8.25, 1],
						"0.3333": [1.25, -7, 1.75],
						"0.4167": [0.42, -4.33, -0.5],
						"0.4583": [0, -3, -5]
					},
					"scale": {
						"0.0": {
							"pre": [0, 0, 0],
							"post": [1, 1, 1]
						},
						"0.4583": {
							"pre": [1, 1, 1],
							"post": [0, 0, 0]
						}
					}
				},
				"leftArm": {
					"rotation": {
						"0.0": [24.2538, 11.82099, 10.54879],
						"0.25": [-117.24667, -9.67386, -34.54736],
						"0.3333": [-116.92852, -10.58464, -36.35616],
						"0.375": [-117.72637, -12.63212, -39.47016],
						"0.4167": [-115.33099, -14.3444, -43.37239],
						"0.5": [-107.0564, -11.69233, -38.03029]
					},
					"position": {
						"0.0": [0, 0, 0],
						"0.25": [-0.5, -1.75, -2.75],
						"0.3333": [-1.25, -2, -2.25],
						"0.4583": [-0.75, -0.75, -3.25]
					}
				},
				"muzzle_particles": {
					"position": [9, -5, 26]
				},
				"loader": {
					"rotation": {
						"0.25": [0, 0, 0],
						"0.375": [-22.5, 0, 0],
						"0.4167": [-22.5, 0, 0],
						"0.5417": [0, 0, 0]
					}
				},
				"waist": {
					"rotation": {
						"0.0": [2.55916, -17.49513, -0.22839],
						"0.25": [2.44144, -0.0164, 0.53957]
					}
				},
				"head": {
					"rotation": {
						"0.0": [24.46117, -24.11154, -10.53699],
						"0.25": [12.69663, -11.42229, 15.75472],
						"0.3333": [12.7, -11.42, 15.75],
						"0.4583": [8.19246, -11.07433, 13.22552]
					}
				}
			}
		},
		"animation.remington_870.prime.fp": {
			"loop": "hold_on_last_frame",
			"animation_length": 0.91667,
			"bones": {
				"root": {
					"rotation": {
						"0.0": [-184.2125, -20.10231, -180.82616],
						"0.25": [-184.36827, -25.08832, -180.42113]
					},
					"position": [-1.05, -0.8, 2.5]
				},
				"waist": {
					"rotation": {
						"0.0": ["10+math.sin(query.anim_time*50*2)*0.5", 0, 0],
						"0.25": ["11.015+math.sin(query.anim_time*50*2)*0.5", 2.9427, 0.5838]
					},
					"position": [0, -0.25, 0]
				},
				"rightArm": {
					"rotation": {
						"0.0": [-95.512, -20.24463, -3.85013],
						"0.25": [-117.28661, -26.07525, 33.39459],
						"0.3333": [-117.29, -26.08, 33.39],
						"0.5": [-118.361, -25.72558, 34.12479],
						"0.625": [-118.361, -25.72558, 34.12479],
						"0.7917": [-117.29, -26.08, 33.39]
					},
					"position": {
						"0.0": [0.12635, 0.21875, 6.50677],
						"0.25": [-0.87, 0.22, 5.51],
						"0.3333": [-0.87, 0.22, 5.51],
						"0.5": [-0.87, 0.22, 5.51],
						"0.625": [-0.87, 0.22, 5.51],
						"0.7917": [-0.87, 0.22, 5.51]
					},
					"scale": 0.9
				},
				"weapon_root": {
					"rotation": {
						"0.0": [0, 0, 0],
						"0.25": [0, 0, 0],
						"0.3333": [0, 0, 0],
						"0.5": [-3.9453, -1.10269, -2.96382],
						"0.625": [-3.94529, -1.10269, -2.96382],
						"0.7917": [0, 0, 0]
					},
					"position": {
						"0.0": [-0.51609, 0.23848, 0.09451],
						"0.25": [-0.52, 0.24, 0.09],
						"0.3333": [-0.52, 0.24, 0.09],
						"0.625": [-0.52, 0.24, 0.09],
						"0.7917": [-0.52, 0.24, 0.09]
					}
				},
				"shell": {
					"scale": {
						"0.0": {
							"pre": [0, 0, 0],
							"post": [0, 0, 0]
						}
					}
				},
				"leftArm": {
					"rotation": {
						"0.0": [-92.74226, 14.23379, 72.01405],
						"0.125": [-91.52429, 31.73399, 71.38551],
						"0.25": [-94.04217, 32.48684, 75.03906],
						"0.3333": [-94.04217, 32.48684, 75.03906],
						"0.5": [-65.73628, 34.43456, 99.99492],
						"0.625": [-65.73628, 34.43456, 99.99492],
						"0.7917": [-91.00406, 30.17602, 76.41965]
					},
					"position": {
						"0.0": [-1.56563, 0.22795, -2.17928],
						"0.125": [-1.57, 0.93, -3.38],
						"0.25": [0.43, 1.23, -2.68],
						"0.3333": [0.43, 1.23, -2.68],
						"0.5": [0.93, 0.48, 0.07],
						"0.625": [0.93, 0.48, 0.07],
						"0.7917": [0.43, 1.23, -2.18]
					},
					"scale": 0.8
				},
				"pump": {
					"position": {
						"0.3333": [0, 0, 0],
						"0.5": [0, 0, 12.45],
						"0.625": [0, 0, 12.45],
						"0.7917": [0, 0, 0]
					}
				},
				"slide": {
					"position": {
						"0.375": [0, 0, 0],
						"0.5417": [0, 0, 7.25],
						"0.6667": [0, 0, 7.25],
						"0.8333": [0, 0, 0]
					}
				},
				"muzzle_particles": {
					"position": [6, -5, 26]
				}
			}
		},
		"animation.remington_870.prime.tp": {
			"loop": "hold_on_last_frame",
			"animation_length": 0.91667,
			"bones": {
				"rightArm": {
					"rotation": {
						"0.0": [-82.49941, -40.00416, -27.38895],
						"0.25": [-133.02073, -24.14326, 48.56812],
						"0.3333": [-133.02073, -24.14326, 48.56812],
						"0.5": [-118.361, -25.72558, 34.12479],
						"0.625": [-118.361, -25.72558, 34.12479],
						"0.7917": [-133.02073, -24.14326, 48.56812]
					},
					"position": {
						"0.0": [-0.87365, 0.21875, 0.50677],
						"0.25": [-0.87, -0.78, -0.49],
						"0.3333": [-0.87, -0.78, -0.49],
						"0.5": [-0.87, -0.78, -0.49],
						"0.625": [-0.87, -0.78, -0.49],
						"0.7917": [-0.87, -0.78, -0.49]
					}
				},
				"weapon_root": {
					"rotation": {
						"0.0": [0, 0, 0],
						"0.25": [0, 0, 0],
						"0.3333": [0, 0, 0],
						"0.5": [-3.9453, -1.10269, -2.96382],
						"0.625": [-3.94529, -1.10269, -2.96382],
						"0.7917": [0, 0, 0]
					},
					"position": {
						"0.0": [-0.51609, 0.23848, 0.09451],
						"0.25": [-0.52, 0.24, 0.09],
						"0.3333": [-0.52, 0.24, 0.09],
						"0.625": [-0.52, 0.24, 0.09],
						"0.7917": [-0.52, 0.24, 0.09]
					}
				},
				"shell": {
					"rotation": {
						"0.375": [0, 0, 0],
						"0.5417": [18.67282, -12.45301, -173.66802],
						"0.8333": [-18.13171, 13.24234, -351.23496]
					},
					"position": {
						"0.375": [0, 0, 0],
						"0.5417": {
							"pre": [-19, 5, 0],
							"post": [-19, 5, 0],
							"lerp_mode": "catmullrom"
						},
						"0.6667": {
							"post": [-41, -19, 4],
							"lerp_mode": "catmullrom"
						},
						"0.8333": [-45, -78, 25]
					},
					"scale": {
						"0.0": {
							"pre": [0, 0, 0],
							"post": [0, 0, 0]
						},
						"0.375": [0.9, 0.9, 0.9],
						"0.8333": {
							"pre": [0.9, 0.9, 0.9],
							"post": [0, 0, 0]
						}
					}
				},
				"leftArm": {
					"rotation": {
						"0.0": [-113.13531, 1.96209, -18.95061],
						"0.125": [-111.63085, -13.232, -28.07039],
						"0.25": [-109.23128, -14.92693, -19.16587],
						"0.3333": [-112.23128, -14.92693, -19.16587],
						"0.5": [-112.84775, 6.99872, -18.0262],
						"0.625": [-112.84775, 6.99872, -18.0262],
						"0.7917": [-113.23128, -14.92693, -19.16587]
					},
					"position": {
						"0.0": [-1.56563, -0.77205, -3.17928],
						"0.125": [-1.57, -0.07, -4.38],
						"0.25": [0.43, -0.27, -3.18],
						"0.3333": [0.43, -0.27, -3.18],
						"0.5": [0.43, -0.27, -3.18],
						"0.625": [0.43, -0.27, -3.18],
						"0.7917": [0.43, -0.52, -3.18]
					}
				},
				"pump": {
					"position": {
						"0.3333": [0, 0, 0],
						"0.5": [0, 0, 12.45],
						"0.625": [0, 0, 12.45],
						"0.7917": [0, 0, 0]
					}
				},
				"slide": {
					"position": {
						"0.375": [0, 0, 0],
						"0.5417": [0, 0, 7.25],
						"0.6667": [0, 0, 7.25],
						"0.8333": [0, 0, 0]
					}
				},
				"waist": {
					"rotation": {
						"0.0": [0, 0, 0],
						"0.3333": [5, -7.5, 0],
						"0.5": [4.9739, 5.16904, -1.40587],
						"0.625": [4.95, 0.19, -1.84],
						"0.7917": [5, -7.5, 0]
					},
					"position": [0, 0, 0]
				},
				"head": {
					"rotation": {
						"0.0": [7.43548, -0.06343, 0.9762],
						"0.25": [7.82642, -26.17687, -9.72496],
						"0.3333": [7.82642, -26.17687, -9.72496],
						"0.5": [2.66399, -14.76689, 2.15473],
						"0.625": [2.66, -14.77, 2.15],
						"0.7917": [2.66399, -14.76689, 2.15473]
					}
				},
				"rightLeg": {
					"rotation": [0, 0, 0],
					"position": [0, 0, 0]
				},
				"leftLeg": {
					"rotation": [0, 0, 0],
					"position": [0, 0, 0]
				}
			}
		},
		"animation.remington_870.shoot": {
			"loop": "hold_on_last_frame",
			"animation_length": 0.1667,
			"bones": {
				"root": {
					"rotation": {
						"0.0": [0, 0, 0],
						"0.1667": [0, 0, 0]
					},
					"position": {
						"0.0": [0, 0, 0],
						"0.0833": [0, 0, -0.1],
						"0.1667": [0, 0, 0]
					}
				},
				"rightArm": {
					"rotation": {
						"0.0": [0, 0, 0],
						"0.0833": [-3, 1, -3],
						"0.1667": [0, 0, 0]
					},
					"position": {
						"0.0": [0, 0, 0],
						"0.0833": [-0.25, 0, 0.25],
						"0.1667": [0, 0, 0]
					}
				},
				"weapon_root": {
					"rotation": {
						"0.0": [0, 0, 0],
						"0.0833": [-1, 0, 0],
						"0.1667": [0, 0, 0]
					},
					"position": {
						"0.0": [0, 0, 0],
						"0.0833": [0, 0.5, 0],
						"0.1667": [0, 0, 0]
					}
				},
				"leftArm": {
					"rotation": {
						"0.0": [0, 0, 0],
						"0.0833": [2, 9, -4],
						"0.1667": [0, 0, 0]
					},
					"position": {
						"0.0": [0, 0, 0],
						"0.0833": [-0.1, 0, 0.1],
						"0.1667": [0, 0, 0]
					}
				},
				"waist": {
					"rotation": {
						"0.0": [0, 0, 0],
						"0.0833": [-1, 1.5, 0],
						"0.1667": [0, 0, 0]
					},
					"position": {
						"0.0": [0, 0, 0],
						"0.0833": [0, 0, 0.25],
						"0.1667": [0, 0, 0]
					}
				},
				"head": {
					"rotation": {
						"0.0": [0, 0, 0],
						"0.0833": [-2, 5, 0],
						"0.1667": [0, 0, 0]
					},
					"position": {
						"0.0": [0, 0, 0],
						"0.0833": [0, 0, 0],
						"0.1667": [0, 0, 0]
					}
				}
			},
			"particle_effects": {
				"0.0": [
					{
						"effect": "citori_725.muzzle_smoke",
						"locator": "rm_870_muzzle"
					},
					{
						"effect": "citori_725.muzzle_ring",
						"locator": "rm_870_muzzle"
					},
					{
						"effect": "citori_725.muzzle_glow",
						"locator": "rm_870_muzzle"
					}
				],
				"0.0833": {
					"effect": "fire_burst.2",
					"locator": "rm_870_muzzle"
				}
			}
		},
		"animation.remington_870.inspect.fp": {
			"loop": "hold_on_last_frame",
			"animation_length": 4.83333,
			"bones": {
				"root": {
					"rotation": {
						"0.0": [-180, 0, -180],
						"0.5417": [-181.26495, -17.09715, -190.21418],
						"0.75": [-181.26495, -17.09715, -190.21418],
						"1.0": {
							"pre": [-181.26495, -17.09715, -190.21418],
							"post": [-181.26495, -17.09715, -190.21418],
							"lerp_mode": "catmullrom"
						},
						"1.5": {
							"post": [-181.26495, -17.09715, -190.21418],
							"lerp_mode": "catmullrom"
						},
						"1.7917": {
							"post": [-181.26495, -17.09715, -190.21418],
							"lerp_mode": "catmullrom"
						},
						"2.4167": {
							"post": [-181.26495, -17.09715, -190.21418],
							"lerp_mode": "catmullrom"
						},
						"3.0": {
							"post": [-179.78009, -5.84706, -190.14876],
							"lerp_mode": "catmullrom"
						},
						"4.2917": {
							"post": [-179.78009, -5.84706, -190.14876],
							"lerp_mode": "catmullrom"
						},
						"4.8333": [-180, 0, -180]
					},
					"position": {
						"0.0": [1, 0.25, 1],
						"0.5417": [2.5, -0.3075, -0.5],
						"0.75": [2.5, -0.3075, -0.5],
						"1.0": {
							"pre": [2.25, -0.3075, -0.75],
							"post": [2.25, -0.3075, -0.75],
							"lerp_mode": "catmullrom"
						},
						"1.5": {
							"post": [2.25, -0.3075, -0.75],
							"lerp_mode": "catmullrom"
						},
						"1.7917": {
							"post": [2.5, -0.3075, -0.5],
							"lerp_mode": "catmullrom"
						},
						"2.4167": {
							"post": [2.5, -0.3075, -0.5],
							"lerp_mode": "catmullrom"
						},
						"3.0": {
							"post": [1.75, 0.9425, -1],
							"lerp_mode": "catmullrom"
						},
						"4.2917": {
							"post": [1.75, 0.9425, -1],
							"lerp_mode": "catmullrom"
						},
						"4.8333": [1, 0.25, 1]
					}
				},
				"rightArm": {
					"rotation": {
						"0.0": [-81.10181, -54.81855, 5.40816],
						"0.5417": [-100.91931, -14.63165, 21.73671],
						"0.75": [-100.91931, -14.63165, 21.73671],
						"1.0": {
							"pre": [-102.90833, -13.7714, 25.76635],
							"post": [-102.90833, -13.7714, 25.76635],
							"lerp_mode": "catmullrom"
						},
						"1.5": {
							"post": [-102.90833, -13.7714, 25.76635],
							"lerp_mode": "catmullrom"
						},
						"1.7917": {
							"post": [-100.91931, -14.63165, 21.73671],
							"lerp_mode": "catmullrom"
						},
						"2.4167": {
							"post": [-100.91931, -14.63165, 21.73671],
							"lerp_mode": "catmullrom"
						},
						"3.0": {
							"post": [-86.56976, -27.81366, -23.09948],
							"lerp_mode": "catmullrom"
						},
						"4.2917": {
							"post": [-86.56976, -27.81366, -23.09948],
							"lerp_mode": "catmullrom"
						},
						"4.8333": [-81.10181, -54.81855, 5.40816]
					},
					"position": {
						"0.0": [-4.5, 1, 1.5],
						"0.5417": [1.32635, 0.21875, 3.00677],
						"0.75": [1.32635, 0.21875, 3.00677],
						"1.0": {
							"pre": [0.82635, -0.03125, 3.25677],
							"post": [0.82635, -0.03125, 3.25677],
							"lerp_mode": "catmullrom"
						},
						"1.5": {
							"post": [0.82635, -0.03125, 3.25677],
							"lerp_mode": "catmullrom"
						},
						"1.7917": {
							"post": [1.32635, 0.21875, 3.00677],
							"lerp_mode": "catmullrom"
						},
						"2.4167": {
							"post": [1.32635, 0.21875, 3.00677],
							"lerp_mode": "catmullrom"
						},
						"3.0": {
							"post": [-0.67, -0.78, 3.01],
							"lerp_mode": "catmullrom"
						},
						"4.2917": {
							"post": [-0.67, -0.78, 3.01],
							"lerp_mode": "catmullrom"
						},
						"4.8333": [-4.5, 1, 1.5]
					},
					"scale": 0.9
				},
				"weapon_root": {
					"rotation": {
						"0.0": [0, -10, 0],
						"0.5417": [0, 0, 0],
						"0.75": [0, 0, 0],
						"1.0": {
							"pre": [-2, 0, 0],
							"post": [-2, 0, 0],
							"lerp_mode": "catmullrom"
						},
						"1.5": {
							"post": [-2, 0, 0],
							"lerp_mode": "catmullrom"
						},
						"1.7917": {
							"post": [0, 0, 0],
							"lerp_mode": "catmullrom"
						},
						"2.4167": {
							"post": [0, 0, 0],
							"lerp_mode": "catmullrom"
						},
						"3.0": {
							"post": [0, 0, 0],
							"lerp_mode": "catmullrom"
						},
						"4.2917": [0, 0, 0],
						"4.8333": [0, -10, 0]
					},
					"position": {
						"0.0": [0, 0, 0],
						"0.5417": [-0.51609, 0.23848, 0.09451],
						"0.75": [-0.51609, 0.23848, 0.09451],
						"1.0": {
							"pre": [-0.51609, 0.23848, 0.09451],
							"post": [-0.51609, 0.23848, 0.09451],
							"lerp_mode": "catmullrom"
						},
						"1.5": {
							"post": [-0.51609, 0.23848, 0.09451],
							"lerp_mode": "catmullrom"
						},
						"1.7917": {
							"post": [-0.51609, 0.23848, 0.09451],
							"lerp_mode": "catmullrom"
						},
						"2.4167": {
							"post": [-0.51609, 0.23848, 0.09451],
							"lerp_mode": "catmullrom"
						},
						"3.0": {
							"post": [-0.51609, 0.23848, 0.09451],
							"lerp_mode": "catmullrom"
						},
						"4.2917": [-0.51609, 0.23848, 0.09451],
						"4.8333": [0, 0, 0]
					}
				},
				"leftArm": {
					"rotation": {
						"0.0": [-93.42213, -17.82812, 78.32202],
						"0.25": [-80.88888, 3.77829, 67.71966],
						"0.5417": [-61.36263, 35.11651, 100.31556],
						"0.75": [-61.36263, 35.11651, 100.31556],
						"1.0": {
							"pre": [-67.95505, 40.31654, 89.42807],
							"post": [-67.95505, 40.31654, 89.42807],
							"lerp_mode": "catmullrom"
						},
						"1.5": {
							"post": [-67.95505, 40.31654, 89.42807],
							"lerp_mode": "catmullrom"
						},
						"1.7917": {
							"post": [-61.36263, 35.11651, 100.31556],
							"lerp_mode": "catmullrom"
						},
						"2.4167": {
							"post": [-61.36263, 35.11651, 100.31556],
							"lerp_mode": "catmullrom"
						},
						"3.0": {
							"post": [-88.17358, 17.82272, 32.99243],
							"lerp_mode": "catmullrom"
						},
						"4.2917": {
							"post": [-88.17358, 17.82272, 32.99243],
							"lerp_mode": "catmullrom"
						},
						"4.8333": [-93.42213, -17.82812, 78.32202]
					},
					"position": {
						"0.0": [-0.25, 0.25, -2],
						"0.25": [-0.46, -0.3, -4.39],
						"0.5417": [-0.71819, -0.96837, -8.81839],
						"0.75": [-0.71819, -0.96837, -8.81839],
						"1.0": {
							"pre": [-0.96819, -0.96837, -7.61839],
							"post": [-0.96819, -0.96837, -7.61839],
							"lerp_mode": "catmullrom"
						},
						"1.5": {
							"post": [-0.96819, -0.96837, -7.61839],
							"lerp_mode": "catmullrom"
						},
						"1.7917": {
							"post": [-0.71819, -0.96837, -8.81839],
							"lerp_mode": "catmullrom"
						},
						"2.4167": {
							"post": [-0.71819, -0.96837, -8.81839],
							"lerp_mode": "catmullrom"
						},
						"3.0": {
							"post": [-1.96819, 1.28163, -5.31839],
							"lerp_mode": "catmullrom"
						},
						"4.2917": {
							"post": [-1.96819, 1.28163, -5.31839],
							"lerp_mode": "catmullrom"
						},
						"4.8333": [-0.25, 0.25, -2]
					},
					"scale": 0.8
				},
				"pump": {
					"position": {
						"0.75": [0, 0, 0],
						"1.0": [0, 0, 6],
						"1.5": [0, 0, 6],
						"1.7917": [0, 0, 0],
						"2.3333": [0, 0, 0]
					}
				},
				"slide": {
					"position": {
						"0.75": [0, 0, 0],
						"1.0": [0, 0, 5.25],
						"1.5": [0, 0, 5.25],
						"1.7917": [0, 0, 0],
						"2.3333": [0, 0, 0]
					}
				},
				"shell3": {
					"rotation": {
						"0.75": [0, 0, 0],
						"1.0": [0, 0, 0],
						"1.5": [0, 0, 0]
					},
					"position": {
						"0.75": [-0.5, 0.25, 0],
						"1.0": [-0.5, 0.25, -2.5],
						"1.5": [-0.5, 0.25, -2.5],
						"1.7917": [0, 0.75, -7.5]
					}
				}
			}
		},
		"animation.remington_870.shell_scale": {
			"loop": true,
			"bones": {
				"shell3": {
					"scale": 0
				}
			}
		},
		"animation.remington_870.red_dot.ads.fp": {
			"loop": "hold_on_last_frame",
			"bones": {
				"root": {
					"position": [0, -0.5, -1]
				},
				"weapon_root": {
					"rotation": [2, 0, 0]
				}
			}
		},
		"animation.remington_870.acog.ads.fp": {
			"loop": "hold_on_last_frame",
			"bones": {
				"root": {
					"position": [0, -1.025, -3]
				},
				"weapon_root": {
					"rotation": [1, 0, 0]
				}
			}
		},
		"animation.remington_870.attachment.scale": {
			"loop": "hold_on_last_frame",
			"bones": {
				"red_dot_scope": {
					"scale": 1.15
				},
				"acog": {
					"scale": 1.15
				}
			}
		}
	}
}