{
	"format_version": "1.8.0",
	"animations": {
		"animation.thunder_gun.gage.idle": {
			"loop": true,
			"bones": {
				"gage2": {
					"rotation": [0, 0, "-12+(math.sin(query.life_time * 2000) * math.random(1,6))"]
				}
			}
		},
		"animation.thunder_gun.scale.fp": {
			"loop": true,
			"bones": {
				"weapon_root": {
					"scale": [0.4, 0.4, 0.4]
				}
			}
		},
		"animation.thunder_gun.scale.tp": {
			"loop": true,
			"bones": {
				"weapon_root": {
					"scale": [0.4, 0.4, 0.4]
				}
			}
		},
		"animation.thunder_gun.draw.fp": {
			"loop": "hold_on_last_frame",
			"animation_length": 1.6667,
			"bones": {
				"root": {
					"rotation": {
						"0.0": [-189.6, -13.84, -180.93],
						"0.4167": [-189.6, -13.84, -180.93],
						"0.9583": [-189.6, -13.84, -180.93],
						"1.2917": [-189.60406, -13.84424, -180.92721],
						"1.3333": [-189.60406, -13.84424, -180.92721]
					},
					"position": {
						"0.0": [4.85, -2.15, -0.07],
						"0.4167": [0.85, -2.15, 5.93],
						"0.9583": [0.85, -2.15, 5.93],
						"1.2917": [0.85, -2.15, 5.925],
						"1.3333": [0.85, -2.15, 5.925]
					},
					"scale": {
						"0.0": [0, 0, 0],
						"0.0417": [1, 1, 1]
					}
				},
				"rightArm": {
					"rotation": {
						"0.0": [-66.26668, -11.26201, 7.31976],
						"0.4167": [-85.48978, -26.53369, -0.38147],
						"0.625": [-83.03105, -26.03323, -5.93045],
						"0.9583": [-83.03, -26.03, -5.93],
						"1.2917": [-95.16248, -17.461, 1.12397],
						"1.3333": [-95.16248, -17.461, 1.12397]
					},
					"position": {
						"0.0": [0, 0, 5],
						"0.4167": [-1.16, 0.97, 5.44],
						"0.625": [-0.41, 0.97, 5.94],
						"0.9583": [-0.41, 0.97, 5.94],
						"1.2917": [0.12635, 0.21875, 6.50677],
						"1.3333": [0.12635, 0.21875, 6.50677]
					},
					"scale": {
						"0.0": [0.8, 0.8, 0.8],
						"1.2917": [0.9, 0.9, 0.9],
						"1.3333": [0.9, 0.9, 0.9]
					}
				},
				"weapon_root": {
					"rotation": {
						"0.0": [0, 0, 0],
						"0.4167": [-0.6, -9, -5],
						"0.6667": [-0.6, -9, -5],
						"0.7917": [1.4, -9, -5],
						"0.9167": [-0.6, -9, -5],
						"0.9583": [-0.6, -9, -5],
						"1.2917": [0, 0, 0],
						"1.3333": [0, 0, 0]
					},
					"position": {
						"0.0": [0, 0, 0],
						"0.4167": [0, 0, 0],
						"0.6667": [0, 0, 0],
						"0.7917": [0, -0.25, 0.25],
						"0.9167": [0, 0, 0],
						"0.9583": [0, 0, 0]
					}
				},
				"leftArm": {
					"rotation": {
						"0.0": [-134.86667, 5.39709, -99.8455],
						"0.5": [-117.40981, 4.40154, -53.79509],
						"0.6667": [-129.62828, -9.26052, -61.32198],
						"0.7917": [-113.69032, -4.65735, -45.15529],
						"0.875": [-113.69, -4.66, -45.16],
						"1.125": [-104.91025, 1.68402, -17.57605],
						"1.2917": [-96.60619, 21.37306, -3.88943],
						"1.375": [-96.60619, 21.37306, -3.88943]
					},
					"position": {
						"0.0": [-6, -6.25, -0.75],
						"0.5": [0, 2, 5.5],
						"0.7917": [0, 2, 3.5],
						"0.875": [0, 2, 3.5],
						"1.125": [-1.08, 1.66, 0.53],
						"1.2917": [-3.56563, 1.22795, -3.17928],
						"1.4167": [-3.56563, 1.22795, -3.17928]
					},
					"scale": {
						"0.0": [0.8, 0.8, 0.8],
						"1.2917": [0.8, 0.8, 0.8],
						"1.3333": [0.8, 0.8, 0.8]
					}
				},
				"switch2": {
					"rotation": {
						"0.4583": [-102.5, 0, 0],
						"0.5833": [0, 0, 0],
						"0.6667": [-95, 0, 0],
						"0.75": [0, 0, 0]
					}
				},
				"waist": {
					"rotation": [10, 0, 0],
					"position": [0, -0.25, 0]
				},
				"curly_wire": {
					"rotation": {
						"0.4167": [0, 0, "(math.sin(query.life_time * 200) * math.random(-2,2))"],
						"0.7083": [0, 0, 0],
						"0.8333": [0, 0, "-(math.sin(query.life_time * 500) * math.random(-7,7))"],
						"1.0": [0, 0, "(math.sin(query.life_time * 200) * math.random(-2,2))"],
						"1.2917": [0, 0, 0]
					},
					"position": {
						"0.4167": [0, "(math.sin(query.life_time * 500) * math.random(-0.1,0.1))", 0],
						"0.7083": [0, 0, 0],
						"0.8333": [0, "(math.sin(query.life_time * 500) * math.random(-0.2,0.2))", 0],
						"1.0": [0, "(math.sin(query.life_time * 500) * math.random(-0.1,0.1))", 0],
						"1.2917": [0, 0, 0]
					}
				},
				"curly_wire5": {
					"rotation": {
						"0.4167": [0, 0, "(math.sin(query.life_time * 200) * math.random(-2,2))"],
						"0.7083": [0, 0, 0],
						"0.8333": [0, 0, "(math.sin(query.life_time * 500) * math.random(-7,7))"],
						"1.0": [0, 0, "(math.sin(query.life_time * 200) * math.random(-2,2))"],
						"1.2917": [0, 0, 0]
					},
					"position": {
						"0.4167": [0, "(math.sin(query.life_time * 500) * math.random(-0.1,0.1))", 0],
						"0.7083": [0, 0, 0],
						"0.8333": [0, "(math.sin(query.life_time * 1000) * math.random(-0.3,0.3))", 0],
						"1.0": [0, "(math.sin(query.life_time * 500) * math.random(-0.1,0.1))", 0],
						"1.2917": [0, 0, 0]
					}
				}
			},
			"timeline": {
				"1.3333": "v.thunder_gun_flicker = 0;",
				"1.4167": "v.thunder_gun_flicker = 1;",
				"1.5": "v.thunder_gun_flicker = 0;",
				"1.5833": "v.thunder_gun_flicker = 1;",
				"1.6667": "v.thunder_gun_flicker = 0;"
			}
		},
		"animation.thunder_gun.draw.tp": {
			"loop": "hold_on_last_frame",
			"animation_length": 1.75,
			"bones": {
				"rightArm": {
					"rotation": {
						"0.0": [33.45864, -8.92043, -15.17973],
						"0.1667": [-30.64935, -5.70512, 14.65799],
						"0.3333": [-85.48978, -26.53369, -0.38147],
						"0.5417": [-83.03105, -26.03323, -5.93045],
						"0.5833": [-83.03, -26.03, -5.93],
						"0.7083": [-82.03, -26.03, -5.93],
						"0.875": [-83.03, -26.03, -5.93],
						"1.0833": [-73.34328, -24.82809, 10.80384]
					},
					"position": {
						"0.0": [0, 0, 1],
						"0.3333": [-1.16, -1.03, -0.56],
						"0.5417": [-1.41, -1.03, -0.06],
						"0.875": [-0.41, -0.03, -0.06],
						"1.0833": [-0.67365, -0.03125, -0.24323]
					}
				},
				"weapon_root": {
					"rotation": {
						"0.0": [0, 0, 0],
						"0.3333": [-0.6, -9, -5],
						"0.5833": [-0.6, -9, -5],
						"0.7083": [1.4, -9, -5],
						"0.8333": [-0.6, -9, -5],
						"0.875": [-0.6, -9, -5],
						"1.0833": [-4.26481, -1.25189, -7.36638]
					},
					"position": {
						"0.0": [0, 0, 0],
						"0.3333": [0, 0, 0],
						"0.5833": [0, 0, 0],
						"0.7083": [0, -0.25, 0.25],
						"0.8333": [0, 0, 0],
						"0.875": [0, 0, 0],
						"1.0833": [0, 0, 0]
					},
					"scale": {
						"0.0": [0, 0, 0],
						"0.0833": [0, 0, 0],
						"0.2083": [1, 1, 1],
						"0.2917": [1.1, 1.1, 1.1]
					}
				},
				"leftArm": {
					"rotation": {
						"0.0": [-119.47765, 14.37035, -112.06093],
						"0.4167": [-117.40981, 4.40154, -53.79509],
						"0.5833": [-129.62828, -9.26052, -61.32198],
						"0.625": [-124.66504, -14.54598, -53.73475],
						"0.6667": [-119.23997, -16.99693, -48.25063],
						"0.7083": [-113.52059, -17.70274, -43.77943],
						"0.7917": [-113.52059, -17.70274, -43.77943],
						"0.9167": [-104.91025, 1.68402, -17.57605],
						"1.0833": [-72.25566, 5.06543, -7.71061]
					},
					"position": {
						"0.0": [0, -0.25, -0.75],
						"0.4167": [1, -0.37, -0.54],
						"0.5": [1.29, -0.12, -0.79],
						"0.5833": [1.57, 0.13, -1.53],
						"0.7083": [1.25, -0.5, -2.83],
						"0.7917": [1.25, -0.5, -2.83],
						"0.9167": [0.17, -0.34, -1.47],
						"1.0833": [0.17, -0.34, -2.47]
					}
				},
				"switch2": {
					"rotation": {
						"0.4583": [-102.5, 0, 0],
						"0.5833": [0, 0, 0],
						"0.6667": [-95, 0, 0],
						"0.75": [0, 0, 0]
					}
				},
				"waist": {
					"rotation": {
						"0.0": [-2.75122, 27.34611, -8.31552],
						"0.125": [0, 0, 0],
						"0.2083": [-0.21865, -4.99523, 2.50954],
						"0.3333": [0, 0, 0],
						"0.4583": [0, -2.5, 0],
						"0.625": [-3, -2.5, 0],
						"0.75": [4, 0, 0],
						"0.9167": [0, 0, 0]
					}
				},
				"curly_wire": {
					"rotation": {
						"0.4167": [0, 0, "(math.sin(query.life_time * 200) * math.random(-2,2))"],
						"0.7083": [0, 0, 0],
						"0.8333": [0, 0, "-(math.sin(query.life_time * 500) * math.random(-7,7))"],
						"1.0": [0, 0, "(math.sin(query.life_time * 200) * math.random(-2,2))"],
						"1.2917": [0, 0, 0]
					},
					"position": {
						"0.4167": [0, "(math.sin(query.life_time * 500) * math.random(-0.1,0.1))", 0],
						"0.7083": [0, 0, 0],
						"0.8333": [0, "(math.sin(query.life_time * 500) * math.random(-0.2,0.2))", 0],
						"1.0": [0, "(math.sin(query.life_time * 500) * math.random(-0.1,0.1))", 0],
						"1.2917": [0, 0, 0]
					}
				},
				"curly_wire5": {
					"rotation": {
						"0.4167": [0, 0, "(math.sin(query.life_time * 200) * math.random(-2,2))"],
						"0.7083": [0, 0, 0],
						"0.8333": [0, 0, "(math.sin(query.life_time * 500) * math.random(-7,7))"],
						"1.0": [0, 0, "(math.sin(query.life_time * 200) * math.random(-2,2))"],
						"1.2917": [0, 0, 0]
					},
					"position": {
						"0.4167": [0, "(math.sin(query.life_time * 500) * math.random(-0.1,0.1))", 0],
						"0.7083": [0, 0, 0],
						"0.8333": [0, "(math.sin(query.life_time * 1000) * math.random(-0.3,0.3))", 0],
						"1.0": [0, "(math.sin(query.life_time * 500) * math.random(-0.1,0.1))", 0],
						"1.2917": [0, 0, 0]
					}
				}
			},
			"timeline": {
				"1.125": "v.thunder_gun_flicker = 0;",
				"1.2083": "v.thunder_gun_flicker = 1;",
				"1.2917": "v.thunder_gun_flicker = 0;",
				"1.375": "v.thunder_gun_flicker = 1;",
				"1.4583": "v.thunder_gun_flicker = 0;"
			}
		},
		"animation.thunder_gun.idle.fp": {
			"loop": "hold_on_last_frame",
			"animation_length": 4.625,
			"bones": {
				"root": {
					"rotation": {
						"0.0833": [-180, 0, -180],
						"0.6667": [-181.23651, -12.09834, -190.32692],
						"2.125": [-181.23651, -12.09834, -190.32692],
						"2.625": [-179.77516, -13.347, -190.17826],
						"4.0833": [-179.77516, -13.347, -190.17826],
						"4.625": [-180, 0, -180]
					},
					"position": {
						"0.0833": [1, 0, 1],
						"0.6667": [4.55, -2.3075, 3],
						"2.125": [4.55, -2.3075, 3],
						"2.625": [1.5, -1.0575, 2],
						"4.0833": [1.5, -1.0575, 2],
						"4.625": [1, 0, 1]
					}
				},
				"rightArm": {
					"rotation": {
						"0.0833": [-94.7702, -57.19408, 21.23972],
						"0.6667": [-89.40916, -27.74127, -9.23358],
						"2.125": [-89.40916, -27.74127, -9.23358],
						"2.625": [-86.56976, -27.81366, -23.09948],
						"4.0833": [-86.56976, -27.81366, -23.09948],
						"4.625": [-94.7702, -57.19408, 21.23972]
					},
					"position": {
						"0.0833": [-3, -0.75, 0],
						"0.6667": [1.32635, 0.21875, 3.00677],
						"2.125": [1.32635, 0.21875, 3.00677],
						"2.625": [-0.67, -0.78, 3.01],
						"4.0833": [-0.67, -0.78, 3.01],
						"4.625": [-3, -0.75, 0]
					},
					"scale": [0.9, 0.9, 0.9]
				},
				"weapon_root": {
					"rotation": {
						"0.0833": [0, 0, 0],
						"0.6667": [0, 0, 0],
						"2.125": [0, 0, 0],
						"4.0833": [0, 0, 0],
						"4.625": [0, 0, 0]
					},
					"position": {
						"0.0833": [0, 0.25, 0],
						"0.6667": [0.48391, 0.23848, 0.09451],
						"2.125": [0.48391, 0.23848, 0.09451],
						"4.0833": [0.48391, 0.23848, 0.09451],
						"4.625": [0, 0.25, 0]
					}
				},
				"leftArm": {
					"rotation": {
						"0.0833": [-74.88605, -2.38305, 25.44783],
						"0.6667": [-94.27544, 15.17187, -9.74148],
						"2.125": [-94.27544, 15.17187, -9.74148],
						"2.625": [-95.20754, 21.34867, -26.03541],
						"4.0833": [-95.20754, 21.34867, -26.03541],
						"4.625": [-74.88605, -2.38305, 25.44783]
					},
					"position": {
						"0.0833": [0, -2, -2],
						"0.6667": [-0.21819, 1.28163, -3.31839],
						"2.125": [-0.21819, 1.28163, -3.31839],
						"2.625": [-1.46819, 1.53163, -5.06839],
						"4.0833": [-1.46819, 1.53163, -5.06839],
						"4.625": [0, -2, -2]
					},
					"scale": [0.9, 0.9, 0.9]
				},
				"waist": {
					"rotation": {
						"0.0833": ["(math.cos(query.life_time * 100) * 1) + 1.25", 0, 0],
						"4.625": ["(math.cos(query.life_time * 100) * 1) + 1.25", 0, 0]
					}
				}
			}
		},
		"animation.thunder_gun.idle.tp": {
			"loop": "hold_on_last_frame",
			"animation_length": 4.625,
			"bones": {
				"rightArm": {
					"rotation": {
						"0.0833": [-81.79922, -44.61881, 19.59931],
						"0.6667": [-89.40916, -27.74127, -9.23358],
						"2.125": [-89.40916, -27.74127, -9.23358],
						"2.625": [-75.11368, -21.74372, -27.08793],
						"4.0833": [-75.11368, -21.74372, -27.08793],
						"4.625": [-81.79922, -44.61881, 19.59931]
					},
					"position": {
						"0.0833": [-2.25, -0.25, 0],
						"0.6667": [-0.92365, -1.78125, 1.25677],
						"2.125": [-0.92365, -1.78125, 1.25677],
						"2.625": [-0.67, -0.78, 3.01],
						"4.0833": [-0.67, -0.78, 3.01],
						"4.625": [-2.25, -0.25, 0]
					}
				},
				"weapon_root": {
					"rotation": {
						"0.0833": [-4.82958, 0.70034, -15.11387],
						"0.6667": [0.76592, 4.6728, -12.86124],
						"2.125": [0.76592, 4.6728, -12.86124],
						"2.625": [6.19764, 9.63134, -10.25845],
						"4.0833": [6.19764, 9.63134, -10.25845],
						"4.625": [-4.82958, 0.70034, -15.11387]
					},
					"position": {
						"0.0833": [-0.5, 0.75, -0.25],
						"0.6667": [0.48391, 0.23848, -0.15549],
						"2.125": [0.48391, 0.23848, -0.15549],
						"2.625": [0.48, 0.24, -0.16],
						"4.0833": [0.48, 0.24, -0.16],
						"4.625": [-0.5, 0.75, -0.25]
					}
				},
				"leftArm": {
					"rotation": {
						"0.0833": [-62.93117, -1.62863, 10.49463],
						"0.6667": [-91.69883, 6.68143, -9.36852],
						"2.125": [-91.69883, 6.68143, -9.36852],
						"2.625": [-72.39967, 10.40645, -18.53946],
						"4.0833": [-72.39967, 10.40645, -18.53946],
						"4.625": [-62.93117, -1.62863, 10.49463]
					},
					"position": {
						"0.0833": [-0.5, -1, -3],
						"0.6667": [-0.71819, -0.46837, -4.06839],
						"2.125": [-0.71819, -0.46837, -4.06839],
						"2.625": [-1.46819, 1.03163, -3.81839],
						"4.0833": [-1.46819, 1.03163, -3.81839],
						"4.625": [-0.5, -1, -3]
					}
				},
				"waist": {
					"rotation": {
						"0.0": ["(math.cos(query.life_time * 100) * 1) + 1.25", 0, 0],
						"0.6667": ["0.2193+(math.cos(query.life_time * 100) * 1)", 4.97681, 2.59861],
						"2.125": ["0.2193+(math.cos(query.life_time * 100) * 1)", 4.97681, 2.59861],
						"2.625": ["0.2221+(math.cos(query.life_time * 100) * 1)", -4.96572, -2.46755],
						"4.0833": ["0.2221+(math.cos(query.life_time * 100) * 1)", -4.96572, -2.46755],
						"4.625": ["(math.cos(query.life_time * 100) * 1) + 1.25", 0, 0]
					}
				},
				"head": {
					"rotation": {
						"0.0833": [0, 0, 0],
						"0.6667": [8.74971, -2.68204, 10.27198],
						"2.125": [8.75, -2.68, 10.27],
						"2.625": [11.20497, -4.45578, -8.12294],
						"4.0833": [11.2, -4.46, -8.12],
						"4.625": [0, 0, 0]
					}
				}
			}
		},
		"animation.thunder_gun.hold.fp": {
			"loop": true,
			"bones": {
				"root": {
					"rotation": [-180, 0, -180],
					"position": [1, 0, 1]
				},
				"waist": {
					"rotation": ["(math.cos(query.life_time * 100) * 1) + 1.25", 0, 0]
				},
				"rightArm": {
					"rotation": [-94.7702, -57.19408, 21.23972],
					"position": [-3, -0.75, 0],
					"scale": [0.9, 0.9, 0.9]
				},
				"weapon_root": {
					"rotation": [0, 0, 0],
					"position": [0, 0.25, 0]
				},
				"leftArm": {
					"rotation": [-74.88605, -2.38305, 25.44783],
					"position": [0, -2, -2],
					"scale": [0.9, 0.9, 0.9]
				}
			}
		},
		"animation.thunder_gun.hold.tp": {
			"loop": true,
			"bones": {
				"waist": {
					"rotation": ["(math.cos(query.life_time * 100) * 1) + 1.25", 0, 0]
				},
				"rightArm": {
					"rotation": ["-81.7992+(v.tcos0*3.5)*q.delta_time", -44.61881, 19.59931],
					"position": ["-2.25+(v.tcos0*0.25)*q.delta_time", "-0.25+(v.tcos0*0.1)*q.delta_time", 0]
				},
				"weapon_root": {
					"rotation": [-4.82958, 0.70034, -15.11387],
					"position": [-0.5, 0.75, -0.25]
				},
				"leftArm": {
					"rotation": ["-62.9312+(v.tcos0*8.5)*q.delta_time", -1.62863, 10.49463],
					"position": ["-0.5+(v.tcos0*0.25)*q.delta_time", "-1+(v.tcos0*0.1)*q.delta_time", -3]
				},
				"head": {
					"rotation": ["q.target_x_rotation", "q.target_y_rotation", 0]
				}
			}
		},
		"animation.thunder_gun.pre_hipfire.fp": {
			"loop": "hold_on_last_frame",
			"animation_length": 0.16667,
			"bones": {
				"root": {
					"rotation": [-189.60406, -13.84424, -180.92721],
					"position": [0.85, -2.15, 5.925]
				},
				"waist": {
					"rotation": [10, 0, 0],
					"position": [0, -0.25, 0]
				},
				"rightArm": {
					"rotation": [-95.16248, -17.461, 1.12397],
					"position": [0.12635, 0.21875, 6.50677],
					"scale": [0.9, 0.9, 0.9]
				},
				"weapon_root": {
					"rotation": [0, 0, 0]
				},
				"leftArm": {
					"rotation": [-96.60619, 21.37306, -3.88943],
					"position": [-3.56563, 1.22795, -3.17928],
					"scale": [0.8, 0.8, 0.8]
				}
			},
			"timeline": {
				"0.0417": "v.thunder_gun_flicker = 0;",
				"0.0833": "v.thunder_gun_flicker = 0;",
				"0.125": "v.thunder_gun_flicker = 0;",
				"0.1667": "v.thunder_gun_flicker = 0;"
			}
		},
		"animation.thunder_gun.pre_hipfire.tp": {
			"loop": "hold_on_last_frame",
			"bones": {
				"root": {
					"rotation": [0, "16+query.target_y_rotation - this", 0],
					"position": [0.5, 0, 0]
				},
				"waist": {
					"rotation": ["2.5718+(math.clamp(q.target_x_rotation, -30, 30))", 9.4544, 0.77009],
					"position": [0.5, -0.25, 0]
				},
				"rightArm": {
					"rotation": [-82.9059, -21.60318, 2.94999],
					"position": [0.32635, -2.03125, 1.75677]
				},
				"weapon_root": {
					"rotation": [-9.26481, -1.25189, -7.36638],
					"position": [0, 0.5, 0]
				},
				"leftArm": {
					"rotation": [-81.87111, -14.84544, -9.85169],
					"position": [-1.81563, -1.27205, -4.92928]
				},
				"head": {
					"rotation": ["-1.4571+(math.clamp(q.target_x_rotation, -10, 10))", -32.57714, -2.18513]
				},
				"rightLeg": {
					"position": [0, 0, 0.5]
				},
				"leftLeg": {
					"rotation": [0, -15.5, 0],
					"position": [0.5, 0, -1]
				},
				"body": {
					"rotation": [0, 17.5, 0]
				}
			}
		},
		"animation.thunder_gun.ads.fp": {
			"loop": "hold_on_last_frame",
			"animation_length": 0.16667,
			"bones": {
				"root": {
					"rotation": [-189.60406, -13.84424, -180.92721],
					"position": [0.35, -2.4, 5.925]
				},
				"waist": {
					"rotation": [10, 0, 0],
					"position": [0, -0.25, 0]
				},
				"rightArm": {
					"rotation": [-92.63429, -15.37758, 1.97029],
					"position": [0.62635, 0.46875, 6.50677],
					"scale": [0.9, 0.9, 0.9]
				},
				"weapon_root": {
					"rotation": [0, 0, 0]
				},
				"leftArm": {
					"rotation": [-95.27511, 11.43582, -2.72155],
					"position": [-4.61563, 1.02795, -2.92928],
					"scale": [0.8, 0.8, 0.8]
				}
			},
			"timeline": {
				"0.0417": "v.thunder_gun_flicker = 0;",
				"0.0833": "v.thunder_gun_flicker = 0;",
				"0.125": "v.thunder_gun_flicker = 0;",
				"0.1667": "v.thunder_gun_flicker = 0;"
			}
		},
		"animation.thunder_gun.ads.tp": {
			"loop": "hold_on_last_frame",
			"bones": {
				"root": {
					"rotation": [0, "16+query.target_y_rotation - this", 0],
					"position": [0.5, 0, 0]
				},
				"waist": {
					"rotation": ["2.5718+(math.clamp(q.target_x_rotation, -30, 30))", "9.4544-(math.clamp(q.target_x_rotation, -5, 5))", 0.77009],
					"position": [0.5, -0.25, 0]
				},
				"rightArm": {
					"rotation": ["-82.8556+(math.clamp(q.target_x_rotation, -9, 10))", -22.59547, 2.81623],
					"position": [-0.42365, -0.0313, 1.75677]
				},
				"weapon_root": {
					"rotation": [-9.26481, -1.25189, -7.36638],
					"position": [0, 0.5, 0]
				},
				"leftArm": {
					"rotation": ["-85.7905+(math.clamp(q.target_x_rotation, -15, 20))", -16.82515, -10.14708],
					"position": [-1.8156, "-0.772-(math.clamp(q.target_x_rotation, 0, 1.25))", -4.92928]
				},
				"head": {
					"rotation": ["0.0689+(math.clamp(q.target_x_rotation, -10, 10))", -24.49627, -0.54494]
				},
				"rightLeg": {
					"position": [0, 0, 0.5]
				},
				"leftLeg": {
					"rotation": [0, -15.5, 0],
					"position": [0.5, 0, -1]
				},
				"body": {
					"rotation": [0, 17.5, 0]
				}
			}
		},
		"animation.thunder_gun.ads_shoot.fp": {
			"loop": "hold_on_last_frame",
			"animation_length": 0.5,
			"bones": {
				"root": {
					"rotation": {
						"0.0": [-189.60406, -13.84424, -180.92721],
						"0.0833": [-189.6, -13.84, -180.93],
						"0.125": [-189.6, -13.84, -180.93],
						"0.2083": [-189.60406, -13.84424, -180.92721],
						"0.2917": [-189.6, -13.84, -180.93],
						"0.5": [-189.60406, -13.84424, -180.92721]
					},
					"position": {
						"0.0": [0.85, -2.15, 5.925],
						"0.0833": [0.85, -2.15, 5.93],
						"0.125": [0.85, -2.15, 5.93],
						"0.2083": [0.85, -2.15, 5.925],
						"0.2917": [0.85, -2.15, 5.93],
						"0.5": [0.35, -2.4, 5.925]
					}
				},
				"waist": {
					"rotation": {
						"0.0417": [10, 0, 0],
						"0.125": [8.7521, 1.23545, 0.19018],
						"0.1667": [8.7521, 1.23545, 0.19018],
						"0.25": [10, 0, 0],
						"0.2917": [10, 0, 0],
						"0.5": [10, 0, 0]
					},
					"position": {
						"0.0417": [0, -0.25, 0],
						"0.125": [0, -0.25, 1],
						"0.1667": [0, -0.25, 1],
						"0.25": [0, -0.25, 0],
						"0.2917": [0, -0.25, 0],
						"0.5": [0, -0.25, 0]
					}
				},
				"rightArm": {
					"rotation": {
						"0.0417": [-95.16248, -17.461, 1.12397],
						"0.0833": [-95.16248, -17.461, 1.12397],
						"0.1667": [-98.89599, -18.12351, -3.01905],
						"0.2083": [-98.9, -18.12, -3.02],
						"0.2917": [-95.16248, -17.461, 1.12397],
						"0.5": [-92.63429, -15.37758, 1.97029]
					},
					"position": {
						"0.0417": [0.12635, 0.21875, 6.50677],
						"0.0833": [0.12635, 0.21875, 6.50677],
						"0.1667": [0.13, 0.22, 7.51],
						"0.2083": [0.13, 0.22, 7.51],
						"0.2917": [0.12635, 0.21875, 6.50677],
						"0.5": [0.62635, 0.46875, 6.50677]
					},
					"scale": {
						"0.0417": [0.9, 0.9, 0.9],
						"0.0833": [0.9, 0.9, 0.9],
						"0.2917": [0.9, 0.9, 0.9],
						"0.5": [0.9, 0.9, 0.9]
					}
				},
				"weapon_root": {
					"rotation": {
						"0.0": [0, 0, 0],
						"0.0833": [0, 0, 0],
						"0.2083": [0, 0, 0],
						"0.375": [0, 0, 0],
						"0.5": [0, 0, 0]
					}
				},
				"shock_obsorber": {
					"position": {
						"0.0": [0, 0, 0],
						"0.0417": [0, 0, 3],
						"0.2083": [0, 0, 3],
						"0.4167": [0, 0, 0]
					}
				},
				"cw2": {
					"rotation": {
						"0.0": [0, 0, 0],
						"0.0417": [-23.5199, -11.74323, 27.1401],
						"0.2083": [-23.5199, -11.74323, 27.1401],
						"0.4167": [0, 0, 0]
					},
					"position": {
						"0.0": [0, 0, 0],
						"0.0417": [-0.55, 0, 0],
						"0.2083": [-0.55, 0, 0],
						"0.4167": [0, 0, 0]
					}
				},
				"curly_wire2": {
					"rotation": {
						"0.0": [0, 0, 0],
						"0.0417": [0, 0, 0],
						"0.2083": [0, 0, 0],
						"0.4167": [0, 0, 0]
					},
					"position": {
						"0.0": [0, 0, 0],
						"0.0417": [0, -0.25, -1.25],
						"0.2083": [0, -0.25, -1.25],
						"0.4167": [0, 0, 0]
					}
				},
				"curly_wire3": {
					"rotation": {
						"0.0": [0, 0, 0],
						"0.0417": [0, -22.5, 0],
						"0.2083": [0, -22.5, 0],
						"0.4167": [0, 0, 0]
					},
					"position": {
						"0.0": [0, 0, 0],
						"0.0417": [-0.5, 0, -1],
						"0.2083": [-0.5, 0, -1],
						"0.4167": [0, 0, 0]
					}
				},
				"cw5": {
					"rotation": {
						"0.0": [0, 0, 0],
						"0.0417": [3.63717, 13.95597, 1.12068],
						"0.2083": [3.63717, 13.95597, 1.12068],
						"0.4167": [0, 0, 0]
					},
					"position": {
						"0.0": [0, 0, 0],
						"0.0417": [0, 0, 0.1],
						"0.2083": [0, 0, 0.1],
						"0.4167": [0, 0, 0]
					}
				},
				"curly_wire5": {
					"rotation": {
						"0.0": [0, 0, 0],
						"0.0417": [0, 0, 0],
						"0.2083": [0, 0, 0],
						"0.4167": [0, 0, 0]
					},
					"position": {
						"0.0": [0, 0, 0],
						"0.0417": [0.25, 0.03, -0.15],
						"0.2083": [0.25, 0.03, -0.15],
						"0.4167": [0, 0, 0]
					}
				},
				"cw10": {
					"rotation": {
						"0.0": [0, 0, 0],
						"0.0417": [20, 0, 0],
						"0.2083": [20, 0, 0],
						"0.4167": [0, 0, 0]
					},
					"position": {
						"0.0": [0, 0, 0],
						"0.0417": [0, 0, -0.25],
						"0.2083": [0, 0, -0.25],
						"0.4167": [0, 0, 0]
					}
				},
				"curly_wire6": {
					"rotation": {
						"0.0": [0, 0, 0],
						"0.0417": [0, 0, 0],
						"0.2083": [0, 0, 0],
						"0.4167": [0, 0, 0]
					},
					"position": {
						"0.0": [0, 0, 0],
						"0.0417": [0.5, 0, -1.3],
						"0.2083": [0.5, 0, -1.3],
						"0.4167": [0, 0, 0]
					}
				},
				"curly_wire7": {
					"rotation": {
						"0.0": [0, 0, 0],
						"0.4167": [0, 0, 0]
					},
					"position": {
						"0.0": [0, 0, 0],
						"0.0417": [0.55, 0, -1.375],
						"0.2083": [0.55, 0, -1.375],
						"0.4167": [0, 0, 0]
					}
				},
				"cw13": {
					"rotation": {
						"0.0": [0, 0, 0],
						"0.0417": [35, 0, 0],
						"0.2083": [35, 0, 0],
						"0.4167": [0, 0, 0]
					},
					"position": {
						"0.0": [0, 0, 0],
						"0.0417": [0, 0, 0.28],
						"0.2083": [0, 0, 0.28],
						"0.4167": [0, 0, 0]
					}
				},
				"gage2": {
					"rotation": {
						"0.0417": [0, 0, 0],
						"0.1667": [0, 0, "-75+(math.sin(query.life_time * 22000) * 25)"],
						"0.375": [0, 0, "-75+(math.sin(query.life_time * 22000) * 25)"],
						"0.5": [0, 0, 0]
					}
				},
				"leftArm": {
					"rotation": {
						"0.0833": [-96.60619, 21.37306, -3.88943],
						"0.1667": [-106.4273, 21.34683, -17.66742],
						"0.2083": [-106.4273, 21.34683, -17.66742],
						"0.2917": [-96.60619, 21.37306, -3.88943],
						"0.5": [-95.27511, 11.43582, -2.72155]
					},
					"position": {
						"0.0833": [-3.56563, 1.22795, -3.17928],
						"0.1667": [-3.57, 1.73, -2.18],
						"0.2083": [-3.57, 1.73, -2.18],
						"0.2917": [-3.56563, 1.22795, -3.17928],
						"0.5": [-4.61563, 1.02795, -2.92928]
					},
					"scale": {
						"0.0833": [0.8, 0.8, 0.8],
						"0.2917": [0.8, 0.8, 0.8],
						"0.5": [0.8, 0.8, 0.8]
					}
				},
				"cw": {
					"rotation": {
						"0.0": [0, 0, 0],
						"0.0417": [26.04731, 10.82294, 5.77269],
						"0.2083": [26.04731, 10.82294, 5.77269],
						"0.4167": [0, 0, 0]
					},
					"position": {
						"0.0": [0, 0, 0],
						"0.0417": [0, -0.1, -0.125],
						"0.2083": [0, -0.1, -0.125],
						"0.4167": [0, 0, 0]
					}
				},
				"cw4": {
					"rotation": {
						"0.0": [0, 0, 0],
						"0.0417": [-6.69618, -7.66455, 17.09941],
						"0.2083": [-6.69618, -7.66455, 17.09941],
						"0.4167": [0, 0, 0]
					},
					"position": {
						"0.0": [0, 0, 0],
						"0.0417": [0.25, 0.2, -0.05],
						"0.2083": [0.25, 0.2, -0.05],
						"0.4167": [0, 0, 0]
					}
				},
				"cw6": {
					"rotation": {
						"0.0": [0, 0, 0],
						"0.0417": [3.25, -7.5, 0],
						"0.2083": [3.25, -7.5, 0],
						"0.4167": [0, 0, 0]
					},
					"position": {
						"0.0": [0, 0, 0],
						"0.0417": [0, 0, 0],
						"0.2083": [0, 0, 0],
						"0.4167": [0, 0, 0]
					}
				},
				"cw8": {
					"rotation": {
						"0.0": [0, 0, 0],
						"0.0417": [-25.6103, 1.3919, 3.79336],
						"0.2083": [-25.6103, 1.3919, 3.79336],
						"0.4167": [0, 0, 0]
					},
					"position": {
						"0.0": [0, 0, 0],
						"0.0417": [0.125, 0.175, -0.325],
						"0.2083": [0.125, 0.175, -0.325],
						"0.4167": [0, 0, 0]
					}
				},
				"cw14": {
					"rotation": {
						"0.0": [0, 0, 0],
						"0.0417": [0, -12, 0],
						"0.2083": [0, -12, 0],
						"0.4167": [0, 0, 0]
					},
					"position": {
						"0.0": [0, 0, 0],
						"0.0417": [0, 0, 0.25],
						"0.2083": [0, 0, 0.25],
						"0.4167": [0, 0, 0]
					}
				},
				"cw15": {
					"rotation": {
						"0.0": [0, 0, 0],
						"0.0417": [9, 0, 0],
						"0.2083": [9, 0, 0],
						"0.4167": [0, 0, 0]
					},
					"position": {
						"0.0": [0, 0, 0],
						"0.0417": [0, 0, 0.25],
						"0.2083": [0, 0, 0.25],
						"0.4167": [0, 0, 0]
					}
				},
				"cw16": {
					"rotation": {
						"0.0": [0, 0, 0],
						"0.0417": [9, 0, 0],
						"0.2083": [9, 0, 0],
						"0.4167": [0, 0, 0]
					},
					"position": {
						"0.0": [0, 0, 0],
						"0.0417": [0, 0, 0.25],
						"0.2083": [0, 0, 0.25],
						"0.4167": [0, 0, 0]
					}
				},
				"thunder_gun_muzzle": {
					"rotation": {
						"0.0417": [0, 0, 0],
						"0.1667": [5.53001, -5.06172, -0.60205],
						"0.3333": [0, 0, 0]
					},
					"position": {
						"0.0417": [0, 0, 0],
						"0.1667": [2.02149, -2.14691, 0.55171],
						"0.3333": [0, 0, 0]
					}
				}
			},
			"particle_effects": {
				"0.0": {
					"effect": "thunder_gun.smoke.ring",
					"locator": "thunder_gun_muzzle"
				}
			},
			"timeline": {
				"0.0": "v.thunder_gun_flicker = 0;",
				"0.0417": "v.thunder_gun_flicker = 0;",
				"0.0833": "v.thunder_gun_flicker = 0;",
				"0.125": "v.thunder_gun_flicker = 0;"
			}
		},
		"animation.thunder_gun.hipfire.fp": {
			"loop": "hold_on_last_frame",
			"animation_length": 0.5,
			"bones": {
				"root": {
					"rotation": {
						"0.0833": [-189.60406, -13.84424, -180.92721],
						"0.4583": [-189.60406, -13.84424, -180.92721]
					},
					"position": {
						"0.0833": [0.85, -2.15, 5.925],
						"0.25": [1.15, -2.15, 5.825],
						"0.4583": [0.85, -2.15, 5.925]
					}
				},
				"waist": {
					"rotation": {
						"0.0417": [10, 0, 0],
						"0.125": [8.75205, 1.23545, 0.19018],
						"0.1667": [8.75205, 1.23545, 0.19018],
						"0.25": [10, 0, 0]
					},
					"position": {
						"0.0417": [0, -0.25, 0],
						"0.125": [0, -0.25, 1],
						"0.1667": [0, -0.25, 1],
						"0.25": [0, -0.25, 0]
					}
				},
				"rightArm": {
					"rotation": {
						"0.0417": [-95.16248, -17.461, 1.12397],
						"0.0833": [-95.16248, -17.461, 1.12397],
						"0.1667": [-98.89599, -18.12351, -3.01905],
						"0.2083": [-98.9, -18.12, -3.02],
						"0.2917": [-95.16248, -17.461, 1.12397]
					},
					"position": {
						"0.0417": [0.12635, 0.21875, 6.50677],
						"0.0833": [0.12635, 0.21875, 6.50677],
						"0.1667": [0.13, 0.22, 7.51],
						"0.2083": [0.13, 0.22, 7.51],
						"0.2917": [0.12635, 0.21875, 6.50677]
					},
					"scale": {
						"0.0417": [0.9, 0.9, 0.9],
						"0.0833": [0.9, 0.9, 0.9],
						"0.2917": [0.9, 0.9, 0.9]
					}
				},
				"weapon_root": {
					"rotation": {
						"0.0": [0, 0, 0],
						"0.0833": [0, 0, 0],
						"0.2083": [0, 0, 0],
						"0.375": [0, 0, 0]
					}
				},
				"shock_obsorber": {
					"position": {
						"0.0": [0, 0, 0],
						"0.0417": [0, 0, 3],
						"0.2083": [0, 0, 3],
						"0.4167": [0, 0, 0]
					}
				},
				"cw2": {
					"rotation": {
						"0.0": [0, 0, 0],
						"0.0417": [-23.5199, -11.74323, 27.1401],
						"0.2083": [-23.5199, -11.74323, 27.1401],
						"0.4167": [0, 0, 0]
					},
					"position": {
						"0.0": [0, 0, 0],
						"0.0417": [-0.55, 0, 0],
						"0.2083": [-0.55, 0, 0],
						"0.4167": [0, 0, 0]
					}
				},
				"curly_wire2": {
					"rotation": {
						"0.0": [0, 0, 0],
						"0.0417": [0, 0, 0],
						"0.2083": [0, 0, 0],
						"0.4167": [0, 0, 0]
					},
					"position": {
						"0.0": [0, 0, 0],
						"0.0417": [0, -0.25, -1.25],
						"0.2083": [0, -0.25, -1.25],
						"0.4167": [0, 0, 0]
					}
				},
				"curly_wire3": {
					"rotation": {
						"0.0": [0, 0, 0],
						"0.0417": [0, -22.5, 0],
						"0.2083": [0, -22.5, 0],
						"0.4167": [0, 0, 0]
					},
					"position": {
						"0.0": [0, 0, 0],
						"0.0417": [-0.5, 0, -1],
						"0.2083": [-0.5, 0, -1],
						"0.4167": [0, 0, 0]
					}
				},
				"cw5": {
					"rotation": {
						"0.0": [0, 0, 0],
						"0.0417": [3.63717, 13.95597, 1.12068],
						"0.2083": [3.63717, 13.95597, 1.12068],
						"0.4167": [0, 0, 0]
					},
					"position": {
						"0.0": [0, 0, 0],
						"0.0417": [0, 0, 0.1],
						"0.2083": [0, 0, 0.1],
						"0.4167": [0, 0, 0]
					}
				},
				"curly_wire5": {
					"rotation": {
						"0.0": [0, 0, 0],
						"0.0417": [0, 0, 0],
						"0.2083": [0, 0, 0],
						"0.4167": [0, 0, 0]
					},
					"position": {
						"0.0": [0, 0, 0],
						"0.0417": [0.25, 0.03, -0.15],
						"0.2083": [0.25, 0.03, -0.15],
						"0.4167": [0, 0, 0]
					}
				},
				"cw10": {
					"rotation": {
						"0.0": [0, 0, 0],
						"0.0417": [20, 0, 0],
						"0.2083": [20, 0, 0],
						"0.4167": [0, 0, 0]
					},
					"position": {
						"0.0": [0, 0, 0],
						"0.0417": [0, 0, -0.25],
						"0.2083": [0, 0, -0.25],
						"0.4167": [0, 0, 0]
					}
				},
				"curly_wire6": {
					"rotation": {
						"0.0": [0, 0, 0],
						"0.0417": [0, 0, 0],
						"0.2083": [0, 0, 0],
						"0.4167": [0, 0, 0]
					},
					"position": {
						"0.0": [0, 0, 0],
						"0.0417": [0.5, 0, -1.3],
						"0.2083": [0.5, 0, -1.3],
						"0.4167": [0, 0, 0]
					}
				},
				"curly_wire7": {
					"rotation": {
						"0.0": [0, 0, 0],
						"0.4167": [0, 0, 0]
					},
					"position": {
						"0.0": [0, 0, 0],
						"0.0417": [0.55, 0, -1.375],
						"0.2083": [0.55, 0, -1.375],
						"0.4167": [0, 0, 0]
					}
				},
				"cw13": {
					"rotation": {
						"0.0": [0, 0, 0],
						"0.0417": [35, 0, 0],
						"0.2083": [35, 0, 0],
						"0.4167": [0, 0, 0]
					},
					"position": {
						"0.0": [0, 0, 0],
						"0.0417": [0, 0, 0.28],
						"0.2083": [0, 0, 0.28],
						"0.4167": [0, 0, 0]
					}
				},
				"gage2": {
					"rotation": {
						"0.0417": [0, 0, 0],
						"0.1667": [0, 0, "-75+(math.sin(query.life_time * 22000) * 25)"],
						"0.375": [0, 0, "-75+(math.sin(query.life_time * 22000) * 25)"],
						"0.5": [0, 0, 0]
					}
				},
				"leftArm": {
					"rotation": {
						"0.0833": [-96.60619, 21.37306, -3.88943],
						"0.1667": [-106.4273, 21.34683, -17.66742],
						"0.2083": [-106.4273, 21.34683, -17.66742],
						"0.3333": [-96.60619, 21.37306, -3.88943]
					},
					"position": {
						"0.0833": [-3.56563, 1.22795, -3.17928],
						"0.1667": [-3.57, 1.73, -1.18],
						"0.2083": [-3.57, 1.73, -2.18],
						"0.3333": [-3.56563, 1.22795, -3.17928]
					},
					"scale": {
						"0.0833": [0.8, 0.8, 0.8],
						"0.3333": [0.8, 0.8, 0.8]
					}
				},
				"cw": {
					"rotation": {
						"0.0": [0, 0, 0],
						"0.0417": [26.04731, 10.82294, 5.77269],
						"0.2083": [26.04731, 10.82294, 5.77269],
						"0.4167": [0, 0, 0]
					},
					"position": {
						"0.0": [0, 0, 0],
						"0.0417": [0, -0.1, -0.125],
						"0.2083": [0, -0.1, -0.125],
						"0.4167": [0, 0, 0]
					}
				},
				"cw4": {
					"rotation": {
						"0.0": [0, 0, 0],
						"0.0417": [-6.69618, -7.66455, 17.09941],
						"0.2083": [-6.69618, -7.66455, 17.09941],
						"0.4167": [0, 0, 0]
					},
					"position": {
						"0.0": [0, 0, 0],
						"0.0417": [0.25, 0.2, -0.05],
						"0.2083": [0.25, 0.2, -0.05],
						"0.4167": [0, 0, 0]
					}
				},
				"cw6": {
					"rotation": {
						"0.0": [0, 0, 0],
						"0.0417": [3.25, -7.5, 0],
						"0.2083": [3.25, -7.5, 0],
						"0.4167": [0, 0, 0]
					},
					"position": {
						"0.0": [0, 0, 0],
						"0.0417": [0, 0, 0],
						"0.2083": [0, 0, 0],
						"0.4167": [0, 0, 0]
					}
				},
				"cw8": {
					"rotation": {
						"0.0": [0, 0, 0],
						"0.0417": [-25.6103, 1.3919, 3.79336],
						"0.2083": [-25.6103, 1.3919, 3.79336],
						"0.4167": [0, 0, 0]
					},
					"position": {
						"0.0": [0, 0, 0],
						"0.0417": [0.125, 0.175, -0.325],
						"0.2083": [0.125, 0.175, -0.325],
						"0.4167": [0, 0, 0]
					}
				},
				"cw14": {
					"rotation": {
						"0.0": [0, 0, 0],
						"0.0417": [0, -12, 0],
						"0.2083": [0, -12, 0],
						"0.4167": [0, 0, 0]
					},
					"position": {
						"0.0": [0, 0, 0],
						"0.0417": [0, 0, 0.25],
						"0.2083": [0, 0, 0.25],
						"0.4167": [0, 0, 0]
					}
				},
				"cw15": {
					"rotation": {
						"0.0": [0, 0, 0],
						"0.0417": [9, 0, 0],
						"0.2083": [9, 0, 0],
						"0.4167": [0, 0, 0]
					},
					"position": {
						"0.0": [0, 0, 0],
						"0.0417": [0, 0, 0.25],
						"0.2083": [0, 0, 0.25],
						"0.4167": [0, 0, 0]
					}
				},
				"cw16": {
					"rotation": {
						"0.0": [0, 0, 0],
						"0.0417": [9, 0, 0],
						"0.2083": [9, 0, 0],
						"0.4167": [0, 0, 0]
					},
					"position": {
						"0.0": [0, 0, 0],
						"0.0417": [0, 0, 0.25],
						"0.2083": [0, 0, 0.25],
						"0.4167": [0, 0, 0]
					}
				},
				"thunder_gun_muzzle": {
					"rotation": {
						"0.0417": [0, 0, 0],
						"0.1667": [5.53001, -5.06172, -0.60205],
						"0.3333": [0, 0, 0]
					},
					"position": {
						"0.0417": [0, 0, 0],
						"0.1667": [2.02149, -2.14691, 0.55171],
						"0.3333": [0, 0, 0]
					}
				},
				"curly_wire": {
					"rotation": {
						"0.0417": [0, 0, 0],
						"0.2083": [0, 0, "-(math.sin(query.life_time * 1500) * math.random(-3,3))"],
						"0.4583": [0, 0, 0]
					},
					"position": {
						"0.0417": [0, 0, 0],
						"0.2083": [0, "(math.sin(query.life_time * 1500) * math.random(-0.25,0.15))", 0],
						"0.4583": [0, 0, 0]
					}
				}
			},
			"particle_effects": {
				"0.0": {
					"effect": "thunder_gun.smoke.ring",
					"locator": "thunder_gun_muzzle"
				}
			},
			"timeline": {
				"0.0": "v.thunder_gun_flicker = 0;",
				"0.0417": "v.thunder_gun_flicker = 0;",
				"0.0833": "v.thunder_gun_flicker = 0;",
				"0.125": "v.thunder_gun_flicker = 0;"
			}
		},
		"animation.thunder_gun.hipfire.tp": {
			"loop": "hold_on_last_frame",
			"animation_length": 0.5,
			"bones": {
				"root": {
					"rotation": {
						"0.0833": [0, "16+query.target_y_rotation - this", 0],
						"0.1667": [-3.01554, "16.9986+query.target_y_rotation - this", -0.05472],
						"0.2917": [0, "16+query.target_y_rotation - this", 0]
					},
					"position": {
						"0.0833": {
							"pre": [0.5, 0, 0],
							"post": [0.5, 0, 0],
							"lerp_mode": "catmullrom"
						},
						"0.1667": {
							"post": [0.5, 0, 0],
							"lerp_mode": "catmullrom"
						},
						"0.2917": [0.5, 0, 0]
					}
				},
				"waist": {
					"rotation": {
						"0.0833": {
							"pre": [2.57182, 9.4544, 0.77009],
							"post": [2.57182, 9.4544, 0.77009],
							"lerp_mode": "catmullrom"
						},
						"0.1667": {
							"post": [-2.43611, 17.45413, 0.74393],
							"lerp_mode": "catmullrom"
						},
						"0.375": [2.57182, 9.4544, 0.77009]
					},
					"position": {
						"0.0833": {
							"pre": [0.5, -0.25, 0],
							"post": [0.5, -0.25, 0],
							"lerp_mode": "catmullrom"
						},
						"0.1667": {
							"post": [0.2, -0.25, 0.3],
							"lerp_mode": "catmullrom"
						},
						"0.375": [0.5, -0.25, 0]
					}
				},
				"rightArm": {
					"rotation": {
						"0.0417": {
							"pre": [-82.9059, -21.60318, 2.94999],
							"post": [-82.9059, -21.60318, 2.94999],
							"lerp_mode": "catmullrom"
						},
						"0.125": {
							"post": [-86.27602, -18.34976, -2.19959],
							"lerp_mode": "catmullrom"
						},
						"0.1667": {
							"post": [-86.28, -18.35, -2.2],
							"lerp_mode": "catmullrom"
						},
						"0.375": [-82.9059, -21.60318, 2.94999]
					},
					"position": {
						"0.0417": {
							"pre": [0.32635, -2.03125, 1.75677],
							"post": [0.32635, -2.03125, 1.75677],
							"lerp_mode": "catmullrom"
						},
						"0.1667": {
							"post": [0.33, -1.03, 1.76],
							"lerp_mode": "catmullrom"
						},
						"0.375": [0.32635, -2.03125, 1.75677]
					}
				},
				"weapon_root": {
					"rotation": {
						"0.0417": [-9.26481, -1.25189, -7.36638],
						"0.125": [-13.12317, 6.02046, -7.02242],
						"0.2083": [-9.26481, -1.25189, -7.36638]
					},
					"position": {
						"0.0417": [0, 0.5, 0],
						"0.125": [0, 1, 0],
						"0.2083": [0, 0.5, 0]
					}
				},
				"shock_obsorber": {
					"position": {
						"0.0": [0, 0, 0],
						"0.0417": [0, 0, 3],
						"0.2083": [0, 0, 3],
						"0.4167": [0, 0, 0]
					}
				},
				"cw2": {
					"rotation": {
						"0.0": [0, 0, 0],
						"0.0417": [-23.5199, -11.74323, 27.1401],
						"0.2083": [-23.5199, -11.74323, 27.1401],
						"0.4167": [0, 0, 0]
					},
					"position": {
						"0.0": [0, 0, 0],
						"0.0417": [-0.55, 0, 0],
						"0.2083": [-0.55, 0, 0],
						"0.4167": [0, 0, 0]
					}
				},
				"curly_wire2": {
					"rotation": {
						"0.0": [0, 0, 0],
						"0.0417": [0, 0, 0],
						"0.2083": [0, 0, 0],
						"0.4167": [0, 0, 0]
					},
					"position": {
						"0.0": [0, 0, 0],
						"0.0417": [0, -0.25, -1.25],
						"0.2083": [0, -0.25, -1.25],
						"0.4167": [0, 0, 0]
					}
				},
				"curly_wire3": {
					"rotation": {
						"0.0": [0, 0, 0],
						"0.0417": [0, -22.5, 0],
						"0.2083": [0, -22.5, 0],
						"0.4167": [0, 0, 0]
					},
					"position": {
						"0.0": [0, 0, 0],
						"0.0417": [-0.5, 0, -1],
						"0.2083": [-0.5, 0, -1],
						"0.4167": [0, 0, 0]
					}
				},
				"cw5": {
					"rotation": {
						"0.0": [0, 0, 0],
						"0.0417": [3.63717, 13.95597, 1.12068],
						"0.2083": [3.63717, 13.95597, 1.12068],
						"0.4167": [0, 0, 0]
					},
					"position": {
						"0.0": [0, 0, 0],
						"0.0417": [0, 0, 0.1],
						"0.2083": [0, 0, 0.1],
						"0.4167": [0, 0, 0]
					}
				},
				"curly_wire5": {
					"rotation": {
						"0.0": [0, 0, 0],
						"0.0417": [0, 0, 0],
						"0.2083": [0, 0, 0],
						"0.4167": [0, 0, 0]
					},
					"position": {
						"0.0": [0, 0, 0],
						"0.0417": [0.25, 0.03, -0.15],
						"0.2083": [0.25, 0.03, -0.15],
						"0.4167": [0, 0, 0]
					}
				},
				"cw10": {
					"rotation": {
						"0.0": [0, 0, 0],
						"0.0417": [20, 0, 0],
						"0.2083": [20, 0, 0],
						"0.4167": [0, 0, 0]
					},
					"position": {
						"0.0": [0, 0, 0],
						"0.0417": [0, 0, -0.25],
						"0.2083": [0, 0, -0.25],
						"0.4167": [0, 0, 0]
					}
				},
				"curly_wire6": {
					"rotation": {
						"0.0": [0, 0, 0],
						"0.0417": [0, 0, 0],
						"0.2083": [0, 0, 0],
						"0.4167": [0, 0, 0]
					},
					"position": {
						"0.0": [0, 0, 0],
						"0.0417": [0.5, 0, -1.3],
						"0.2083": [0.5, 0, -1.3],
						"0.4167": [0, 0, 0]
					}
				},
				"curly_wire7": {
					"rotation": {
						"0.0": [0, 0, 0],
						"0.4167": [0, 0, 0]
					},
					"position": {
						"0.0": [0, 0, 0],
						"0.0417": [0.55, 0, -1.375],
						"0.2083": [0.55, 0, -1.375],
						"0.4167": [0, 0, 0]
					}
				},
				"cw13": {
					"rotation": {
						"0.0": [0, 0, 0],
						"0.0417": [35, 0, 0],
						"0.2083": [35, 0, 0],
						"0.4167": [0, 0, 0]
					},
					"position": {
						"0.0": [0, 0, 0],
						"0.0417": [0, 0, 0.28],
						"0.2083": [0, 0, 0.28],
						"0.4167": [0, 0, 0]
					}
				},
				"leftArm": {
					"rotation": {
						"0.0417": {
							"pre": [-81.87111, -14.84544, -9.85169],
							"post": [-81.87111, -14.84544, -9.85169],
							"lerp_mode": "catmullrom"
						},
						"0.1667": {
							"post": [-98.49895, 6.92944, -17.97852],
							"lerp_mode": "catmullrom"
						},
						"0.2917": [-81.87111, -14.84544, -9.85169]
					},
					"position": {
						"0.0417": {
							"pre": [-1.81563, -1.27205, -4.92928],
							"post": [-1.81563, -1.27205, -4.92928],
							"lerp_mode": "catmullrom"
						},
						"0.1667": {
							"post": [-2.82, -0.77, -4.18],
							"lerp_mode": "catmullrom"
						},
						"0.2917": [-1.81563, -1.27205, -4.92928]
					}
				},
				"cw": {
					"rotation": {
						"0.0": [0, 0, 0],
						"0.0417": [26.04731, 10.82294, 5.77269],
						"0.2083": [26.04731, 10.82294, 5.77269],
						"0.4167": [0, 0, 0]
					},
					"position": {
						"0.0": [0, 0, 0],
						"0.0417": [0, -0.1, -0.125],
						"0.2083": [0, -0.1, -0.125],
						"0.4167": [0, 0, 0]
					}
				},
				"cw4": {
					"rotation": {
						"0.0": [0, 0, 0],
						"0.0417": [-6.69618, -7.66455, 17.09941],
						"0.2083": [-6.69618, -7.66455, 17.09941],
						"0.4167": [0, 0, 0]
					},
					"position": {
						"0.0": [0, 0, 0],
						"0.0417": [0.25, 0.2, -0.05],
						"0.2083": [0.25, 0.2, -0.05],
						"0.4167": [0, 0, 0]
					}
				},
				"cw6": {
					"rotation": {
						"0.0": [0, 0, 0],
						"0.0417": [3.25, -7.5, 0],
						"0.2083": [3.25, -7.5, 0],
						"0.4167": [0, 0, 0]
					},
					"position": {
						"0.0": [0, 0, 0],
						"0.0417": [0, 0, 0],
						"0.2083": [0, 0, 0],
						"0.4167": [0, 0, 0]
					}
				},
				"cw8": {
					"rotation": {
						"0.0": [0, 0, 0],
						"0.0417": [-25.6103, 1.3919, 3.79336],
						"0.2083": [-25.6103, 1.3919, 3.79336],
						"0.4167": [0, 0, 0]
					},
					"position": {
						"0.0": [0, 0, 0],
						"0.0417": [0.125, 0.175, -0.325],
						"0.2083": [0.125, 0.175, -0.325],
						"0.4167": [0, 0, 0]
					}
				},
				"cw14": {
					"rotation": {
						"0.0": [0, 0, 0],
						"0.0417": [0, -12, 0],
						"0.2083": [0, -12, 0],
						"0.4167": [0, 0, 0]
					},
					"position": {
						"0.0": [0, 0, 0],
						"0.0417": [0, 0, 0.25],
						"0.2083": [0, 0, 0.25],
						"0.4167": [0, 0, 0]
					}
				},
				"cw15": {
					"rotation": {
						"0.0": [0, 0, 0],
						"0.0417": [9, 0, 0],
						"0.2083": [9, 0, 0],
						"0.4167": [0, 0, 0]
					},
					"position": {
						"0.0": [0, 0, 0],
						"0.0417": [0, 0, 0.25],
						"0.2083": [0, 0, 0.25],
						"0.4167": [0, 0, 0]
					}
				},
				"cw16": {
					"rotation": {
						"0.0": [0, 0, 0],
						"0.0417": [9, 0, 0],
						"0.2083": [9, 0, 0],
						"0.4167": [0, 0, 0]
					},
					"position": {
						"0.0": [0, 0, 0],
						"0.0417": [0, 0, 0.25],
						"0.2083": [0, 0, 0.25],
						"0.4167": [0, 0, 0]
					}
				},
				"curly_wire": {
					"rotation": {
						"0.0417": [0, 0, 0],
						"0.2083": [0, 0, "-(math.sin(query.life_time * 1500) * math.random(-3,3))"],
						"0.4583": [0, 0, 0]
					},
					"position": {
						"0.0417": [0, 0, 0],
						"0.2083": [0, "(math.sin(query.life_time * 1500) * math.random(-0.25,0.15))", 0],
						"0.4583": [0, 0, 0]
					}
				},
				"body": {
					"rotation": [0, 17.5, 0]
				},
				"head": {
					"rotation": {
						"0.0833": ["0+query.target_x_rotation - this", -17.5, 0],
						"0.1667": ["-7.7145+query.target_x_rotation - this", -8.58412, -1.26159],
						"0.25": ["0+query.target_x_rotation - this", -17.5, 0]
					}
				},
				"stock": {
					"position": {
						"0.0833": [0, 0, 0],
						"0.1667": [0, 0, -0.5],
						"0.2083": [0, 0, -0.5],
						"0.375": [0, 0, 0]
					}
				},
				"rightLeg": {
					"rotation": {
						"0.0": {
							"post": [0, 0, 0],
							"lerp_mode": "catmullrom"
						},
						"0.1667": {
							"post": [0, 0, 0],
							"lerp_mode": "catmullrom"
						},
						"0.2917": [0, 0, 0]
					},
					"position": {
						"0.0": {
							"post": [0, 0, 0.5],
							"lerp_mode": "catmullrom"
						},
						"0.1667": {
							"post": [0, 0, 0.5],
							"lerp_mode": "catmullrom"
						},
						"0.2917": [0, 0, 0.5]
					}
				},
				"leftLeg": {
					"rotation": [0, -15.5, 0],
					"position": [0.5, 0, -1]
				}
			},
			"particle_effects": {
				"0.0": {
					"effect": "thunder_gun.smoke.ring",
					"locator": "thunder_gun_muzzle"
				}
			},
			"timeline": {
				"0.0": "v.thunder_gun_flicker = 0;",
				"0.0417": "v.thunder_gun_flicker = 0;",
				"0.0833": "v.thunder_gun_flicker = 0;",
				"0.125": "v.thunder_gun_flicker = 0;"
			}
		},
		"animation.thunder_gun.reload.fp": {
			"loop": "hold_on_last_frame",
			"animation_length": 3.375,
			"bones": {
				"root": {
					"rotation": {
						"0.0": [-189.60406, -13.84424, -180.92721],
						"0.25": [-189.6, -13.84, -180.93],
						"2.5417": [-189.6, -13.84, -180.93],
						"2.9167": [-189.60406, -13.84424, -180.92721]
					},
					"position": {
						"0.0": [0.85, -2.15, 5.925],
						"0.25": [0.85, -2.15, 5.93],
						"2.5417": [0.85, -2.15, 5.93],
						"2.9167": [0.85, -2.15, 5.925]
					}
				},
				"waist": {
					"rotation": [10, 0, 0],
					"position": [0, -0.25, 0]
				},
				"rightArm": {
					"rotation": {
						"0.0": {
							"post": [-95.16248, -17.461, 1.12397],
							"lerp_mode": "catmullrom"
						},
						"0.2083": {
							"post": [-100.68404, -16.2956, 11.50435],
							"lerp_mode": "catmullrom"
						},
						"0.3333": {
							"post": [-100.68, -16.3, 11.5],
							"lerp_mode": "catmullrom"
						},
						"0.5": {
							"post": [-99.18, -16.3, 11.5],
							"lerp_mode": "catmullrom"
						},
						"0.625": {
							"post": [-100.18, -16.3, 11.5],
							"lerp_mode": "catmullrom"
						},
						"0.9583": {
							"post": [-97.9825, -25.75741, 27.51307],
							"lerp_mode": "catmullrom"
						},
						"1.6667": [-97.98, -25.76, 27.51],
						"1.7917": [-97.98, -25.76, 27.51],
						"2.0": [-85.48978, -26.53369, -0.38147],
						"2.2083": [-83.03105, -26.03323, -5.93045],
						"2.5417": [-83.03, -26.03, -5.93],
						"2.9167": [-95.16248, -17.461, 1.12397]
					},
					"position": {
						"0.0": {
							"post": [0.12635, 0.21875, 6.50677],
							"lerp_mode": "catmullrom"
						},
						"0.2083": {
							"post": [-0.10092, -0.53354, 6.44788],
							"lerp_mode": "catmullrom"
						},
						"0.3333": {
							"post": [-0.1, -0.53, 6.45],
							"lerp_mode": "catmullrom"
						},
						"0.5": {
							"post": [-0.16, -0.53, 6.69],
							"lerp_mode": "catmullrom"
						},
						"0.9583": {
							"post": [-3.16, 0.97, 5.44],
							"lerp_mode": "catmullrom"
						},
						"1.6667": [-3.16, 0.97, 5.44],
						"1.7917": [-3.16, 0.97, 5.44],
						"2.0": [-1.16, 0.97, 5.44],
						"2.2083": [-0.41, 0.97, 5.94],
						"2.5417": [-0.41, 0.97, 5.94],
						"2.9167": [0.12635, 0.21875, 6.50677]
					},
					"scale": {
						"0.0": [0.9, 0.9, 0.9],
						"2.9167": [0.9, 0.9, 0.9]
					}
				},
				"weapon_root": {
					"rotation": {
						"0.0": [0, 0, 0],
						"0.2917": {
							"pre": [0, 0, 0],
							"post": [0, 0, 0],
							"lerp_mode": "catmullrom"
						},
						"0.7083": {
							"post": [-2.50474, -2.49048, 0.21803],
							"lerp_mode": "catmullrom"
						},
						"1.0": {
							"post": [-0.60011, -9, -5],
							"lerp_mode": "catmullrom"
						},
						"1.625": [-0.6, -9, -5],
						"1.75": [1.9, -9, -5],
						"1.8333": [-0.6, -9, -5],
						"2.0": [-0.6, -9, -5],
						"2.25": [-0.6, -9, -5],
						"2.375": [1.4, -9, -5],
						"2.5": [-0.6, -9, -5],
						"2.5417": [-0.6, -9, -5],
						"2.9167": [0, 0, 0]
					},
					"position": {
						"1.625": [0, 0, 0],
						"1.75": [0, 0, 0.15],
						"1.8333": [0, 0, 0],
						"2.0": [0, 0, 0],
						"2.25": [0, 0, 0],
						"2.375": [0, -0.25, 0.25],
						"2.5": [0, 0, 0],
						"2.5417": [0, 0, 0]
					}
				},
				"claw": {
					"rotation": {
						"0.25": [0, 0, 0],
						"0.4167": [145, 0, 0],
						"0.5417": [110, 0, 0],
						"0.625": [117.5, 0, 0],
						"0.7083": [115, 0, 0],
						"2.2917": [115, 0, 0],
						"2.4583": [0, 0, 0]
					}
				},
				"finger": {
					"rotation": {
						"0.2917": [0, 0, 0],
						"0.3333": [77.5, 0, 0],
						"0.4167": [77.5, 0, 0],
						"0.5": [82.5, 0, 0],
						"0.5833": [52.5, 0, 0],
						"0.6667": [77.5, 0, 0],
						"2.4167": [77.5, 0, 0],
						"2.5": [0, 0, 0]
					}
				},
				"claw2": {
					"rotation": {
						"0.25": [0, 0, 0],
						"0.4167": [145, 0, 0],
						"0.5417": [110, 0, 0],
						"0.625": [117.5, 0, 0],
						"0.7083": [115, 0, 0],
						"2.2917": [115, 0, 0],
						"2.4583": [0, 0, 0]
					}
				},
				"finger2": {
					"rotation": {
						"0.2917": [0, 0, 0],
						"0.3333": [77.5, 0, 0],
						"0.4167": [77.5, 0, 0],
						"0.5": [82.5, 0, 0],
						"0.5833": [52.5, 0, 0],
						"0.6667": [77.5, 0, 0],
						"2.4167": [77.5, 0, 0],
						"2.5": [0, 0, 0]
					}
				},
				"claw3": {
					"rotation": {
						"0.25": [0, 0, 0],
						"0.4167": [145, 0, 0],
						"0.5417": [110, 0, 0],
						"0.625": [117.5, 0, 0],
						"0.7083": [115, 0, 0],
						"2.2917": [115, 0, 0],
						"2.4583": [0, 0, 0]
					}
				},
				"finger3": {
					"rotation": {
						"0.2917": [0, 0, 0],
						"0.3333": [77.5, 0, 0],
						"0.4167": [77.5, 0, 0],
						"0.5": [82.5, 0, 0],
						"0.5833": [52.5, 0, 0],
						"0.6667": [77.5, 0, 0],
						"2.4167": [77.5, 0, 0],
						"2.5": [0, 0, 0]
					}
				},
				"switch2": {
					"rotation": {
						"0.2083": [0, 0, 0],
						"0.2917": [-95, 0, 0],
						"2.25": [-95, 0, 0],
						"2.3333": [0, 0, 0]
					}
				},
				"leftArm": {
					"rotation": {
						"0.0": [-96.60619, 21.37306, -3.88943],
						"0.2083": [-91.66742, 1.37528, -4.19521],
						"0.375": [-133.79838, -18.65075, -48.67156],
						"0.8333": [-40.07805, -19.15566, 12.28488],
						"1.0833": [-40.07805, -19.15566, 12.28488],
						"1.4167": [-93.4398, -28.19327, 16.98022],
						"1.6667": [-84.2092, -19.10232, -36.71653],
						"1.7917": [-91.63825, -10.68369, -44.79756],
						"1.9167": [-91.64, -10.68, -44.8],
						"2.0833": [-117.40981, 4.40154, -53.79509],
						"2.25": [-129.62828, -9.26052, -61.32198],
						"2.375": [-113.69032, -4.65735, -45.15529],
						"2.4583": [-113.69, -4.66, -45.16],
						"2.7083": [-104.91025, 1.68402, -17.57605],
						"2.9583": [-96.60619, 21.37306, -3.88943]
					},
					"position": {
						"0.0": [-3.56563, 1.22795, -3.17928],
						"0.2083": [-3.30131, 0.22453, -0.0309],
						"0.375": [-0.48574, -0.00319, 3.36539],
						"0.75": [0, 0, 10],
						"0.8333": [0, 0, 0],
						"1.0833": [0, 0, 0],
						"1.4167": [-4, 4, 3.5],
						"1.6667": [-5, 4, 2.5],
						"1.7917": [-3, 4, 2.5],
						"2.0833": [0, 2, 5.5],
						"2.375": [0, 2, 3.5],
						"2.4583": [0, 2, 3.5],
						"2.7083": [-1.08, 1.66, 0.53],
						"3.0": [-3.56563, 1.22795, -3.17928]
					},
					"scale": {
						"0.0": [0.8, 0.8, 0.8],
						"2.9167": [0.8, 0.8, 0.8]
					}
				},
				"clip": {
					"rotation": {
						"0.6667": {
							"pre": [0, 0, 0],
							"post": [0, 0, 0],
							"lerp_mode": "catmullrom"
						},
						"1.0833": {
							"post": [0, 0, 167.5],
							"lerp_mode": "catmullrom"
						},
						"1.1667": [-42.5, 0, 0],
						"1.4167": [-0.85839, 13.56583, 64.50809],
						"1.6667": [0, 0, 0]
					},
					"position": {
						"0.6667": {
							"pre": [0, 0, 0],
							"post": [0, 0, 0],
							"lerp_mode": "catmullrom"
						},
						"0.9167": {
							"post": [12, 0, 0],
							"lerp_mode": "catmullrom"
						},
						"1.0833": {
							"post": [22, -14, 0],
							"lerp_mode": "catmullrom"
						},
						"1.1667": [22, -14, -7],
						"1.4167": [11, 7, 2],
						"1.5": [7.33, 4.67, 0.75],
						"1.5417": [5.5, 3.5, 0.5],
						"1.6667": [0, 0, 0]
					}
				},
				"curly_wire": {
					"rotation": {
						"0.25": [0, 0, 0],
						"0.375": [0, 0, "-(math.sin(query.life_time * 1000) * math.random(-7,7))"],
						"0.7083": [0, 0, "-(math.sin(query.life_time * 500) * math.random(-3,3))"],
						"1.2917": [0, 0, 0],
						"1.6667": [0, 0, 0],
						"1.7917": [0, 0, "-(math.sin(query.life_time * 1000) * math.random(-7,7))"],
						"2.0": [0, 0, "(math.sin(query.life_time * 200) * math.random(-2,2))"],
						"2.2917": [0, 0, 0],
						"2.4167": [0, 0, "-(math.sin(query.life_time * 500) * math.random(-7,7))"],
						"2.5833": [0, 0, "(math.sin(query.life_time * 200) * math.random(-2,2))"],
						"2.875": [0, 0, 0]
					},
					"position": {
						"0.25": [0, 0, 0],
						"0.375": [0, "(math.sin(query.life_time * 1000) * math.random(-0.3,0.3))", 0],
						"0.7083": [0, "(math.sin(query.life_time * 500) * math.random(-0.1,0.1))", 0],
						"1.2917": [0, 0, 0],
						"1.6667": [0, 0, 0],
						"1.7917": [0, "(math.sin(query.life_time * 1000) * math.random(-0.3,0.3))", 0],
						"2.0": [0, "(math.sin(query.life_time * 500) * math.random(-0.1,0.1))", 0],
						"2.2917": [0, 0, 0],
						"2.4167": [0, "(math.sin(query.life_time * 500) * math.random(-0.2,0.2))", 0],
						"2.5833": [0, "(math.sin(query.life_time * 500) * math.random(-0.1,0.1))", 0],
						"2.875": [0, 0, 0]
					}
				},
				"curly_wire5": {
					"rotation": {
						"0.25": [0, 0, 0],
						"0.375": [0, 0, "(math.sin(query.life_time * 1000) * math.random(-7,7))"],
						"0.7083": [0, 0, "(math.sin(query.life_time * 500) * math.random(-3,3))"],
						"1.2917": [0, 0, 0],
						"1.6667": [0, 0, 0],
						"1.7917": [0, 0, "(math.sin(query.life_time * 1000) * math.random(-7,7))"],
						"2.0": [0, 0, "(math.sin(query.life_time * 200) * math.random(-2,2))"],
						"2.2917": [0, 0, 0],
						"2.4167": [0, 0, "(math.sin(query.life_time * 500) * math.random(-7,7))"],
						"2.5833": [0, 0, "(math.sin(query.life_time * 200) * math.random(-2,2))"],
						"2.875": [0, 0, 0]
					},
					"position": {
						"0.25": [0, 0, 0],
						"0.375": [0, "(math.sin(query.life_time * 1000) * math.random(-0.3,0.3))", 0],
						"0.7083": [0, "(math.sin(query.life_time * 500) * math.random(-0.1,0.1))", 0],
						"1.2917": [0, 0, 0],
						"1.6667": [0, 0, 0],
						"1.7917": [0, "(math.sin(query.life_time * 1000) * math.random(-0.3,0.3))", 0],
						"2.0": [0, "(math.sin(query.life_time * 500) * math.random(-0.1,0.1))", 0],
						"2.2917": [0, 0, 0],
						"2.4167": [0, "(math.sin(query.life_time * 1000) * math.random(-0.3,0.3))", 0],
						"2.5833": [0, "(math.sin(query.life_time * 500) * math.random(-0.1,0.1))", 0],
						"2.875": [0, 0, 0]
					}
				},
				"loader": {
					"rotation": {
						"0.625": [0, 0, 0],
						"0.875": [0, 0, 35],
						"1.5": [0, 0, 35],
						"1.625": [0, 0, 0]
					}
				}
			},
			"sound_effects": {
				"0.0833": {
					"effect": "mx115.clink"
				}
			},
			"particle_effects": {
				"0.25": {
					"effect": "thunder_gun.exhaust_smoke.ring",
					"locator": "clip_exhaust"
				}
			},
			"timeline": {
				"3.125": "v.thunder_gun_flicker = 1;",
				"3.2083": "v.thunder_gun_flicker = 0;",
				"3.2917": "v.thunder_gun_flicker = 1;",
				"3.375": "v.thunder_gun_flicker = 0;"
			}
		},
		"animation.thunder_gun.reload.tp": {
			"loop": "hold_on_last_frame",
			"animation_length": 3.375,
			"bones": {
				"waist": {
					"rotation": {
						"0.0": [2.5718, 9.4544, 0.77009],
						"0.3333": [0.0404, -3.03326, 0.21285],
						"0.5": [0.04141, -13.03326, 0.20565],
						"0.9583": [-3.39404, -27.82384, 11.17106],
						"1.1667": [-0.04416, -26.55, 4.31345],
						"1.5": [0, -7.5, 0],
						"1.75": [0.24752, 6.86704, -2.40079],
						"2.0417": [-4.02293, 3.71694, -1.56917],
						"2.6667": [2.5404, -3.03326, 0.21285],
						"3.125": [2.5718, 9.4544, 0.77009]
					},
					"position": {
						"0.0": [0.5, -0.25, 0],
						"0.3333": [0, 0, 0],
						"2.6667": [0, 0, 0],
						"3.125": [0.5, -0.25, 0]
					}
				},
				"rightArm": {
					"rotation": {
						"0.0": [-82.9059, -21.60318, 2.94999],
						"0.2083": {
							"pre": [-100.68404, -16.2956, 11.50435],
							"post": [-100.68404, -16.2956, 11.50435],
							"lerp_mode": "catmullrom"
						},
						"0.3333": {
							"post": [-100.68, -16.3, 11.5],
							"lerp_mode": "catmullrom"
						},
						"0.5": {
							"post": [-99.18, -16.3, 11.5],
							"lerp_mode": "catmullrom"
						},
						"0.625": {
							"post": [-100.18, -16.3, 11.5],
							"lerp_mode": "catmullrom"
						},
						"0.9583": {
							"post": [-97.9825, -25.75741, 27.51307],
							"lerp_mode": "catmullrom"
						},
						"1.6667": [-97.98, -25.76, 27.51],
						"1.7917": [-97.98, -25.76, 27.51],
						"2.0": [-85.48978, -26.53369, -0.38147],
						"2.2083": [-83.03105, -26.03323, -5.93045],
						"2.5417": [-83.03, -26.03, -5.93],
						"2.9167": [-82.9059, -21.60318, 2.94999]
					},
					"position": {
						"0.0": [1.07635, -0.0313, 1.75677],
						"0.2083": {
							"pre": [-0.60092, -2.53354, -1.55212],
							"post": [-0.60092, -2.53354, -1.55212],
							"lerp_mode": "catmullrom"
						},
						"0.3333": {
							"post": [-0.1, -1.53, -1.55],
							"lerp_mode": "catmullrom"
						},
						"0.5": {
							"post": [-0.41, -1.53, -1.31],
							"lerp_mode": "catmullrom"
						},
						"0.9583": {
							"post": [-0.66, -0.03, -1.56],
							"lerp_mode": "catmullrom"
						},
						"1.6667": [-0.66, -0.03, -1.56],
						"1.7917": [-0.41, -0.03, -2.06],
						"2.0": [-0.16, -0.03, -1.56],
						"2.2083": [-0.41, -0.03, -1.06],
						"2.5417": [-0.16, -0.03, -1.56],
						"2.9167": [1.07635, -0.0313, 1.75677]
					}
				},
				"weapon_root": {
					"rotation": {
						"0.0": [-9.26481, -1.25189, -7.36638],
						"0.2917": {
							"pre": [0, 0, 0],
							"post": [0, 0, 0],
							"lerp_mode": "catmullrom"
						},
						"0.7083": {
							"post": [-2.50474, -2.49048, 0.21803],
							"lerp_mode": "catmullrom"
						},
						"1.0": {
							"post": [-0.60011, -9, -5],
							"lerp_mode": "catmullrom"
						},
						"1.625": [-0.6, -9, -5],
						"1.75": [1.9, -9, -5],
						"1.8333": [-0.6, -9, -5],
						"2.0": [-0.6, -9, -5],
						"2.25": [-0.6, -9, -5],
						"2.375": [1.4, -9, -5],
						"2.5": [-0.6, -9, -5],
						"2.5417": [-0.6, -9, -5],
						"2.9167": [-9.26481, -1.25189, -7.36638]
					},
					"position": {
						"0.0": [0, 0.5, 0],
						"1.625": [0, 0, 0],
						"1.75": [0, 0, 0.15],
						"1.8333": [0, 0, 0],
						"2.0": [0, 0, 0],
						"2.25": [0, 0, 0],
						"2.375": [0, -0.25, 0.25],
						"2.5": [0, 0, 0],
						"2.5417": [0, 0, 0],
						"2.9167": [0, 0.5, 0]
					}
				},
				"claw": {
					"rotation": {
						"0.25": [0, 0, 0],
						"0.4167": [145, 0, 0],
						"0.5417": [110, 0, 0],
						"0.625": [117.5, 0, 0],
						"0.7083": [115, 0, 0],
						"2.2917": [115, 0, 0],
						"2.4583": [0, 0, 0]
					}
				},
				"finger": {
					"rotation": {
						"0.2917": [0, 0, 0],
						"0.3333": [77.5, 0, 0],
						"0.4167": [77.5, 0, 0],
						"0.5": [82.5, 0, 0],
						"0.5833": [52.5, 0, 0],
						"0.6667": [77.5, 0, 0],
						"2.4167": [77.5, 0, 0],
						"2.5": [0, 0, 0]
					}
				},
				"claw2": {
					"rotation": {
						"0.25": [0, 0, 0],
						"0.4167": [145, 0, 0],
						"0.5417": [110, 0, 0],
						"0.625": [117.5, 0, 0],
						"0.7083": [115, 0, 0],
						"2.2917": [115, 0, 0],
						"2.4583": [0, 0, 0]
					}
				},
				"finger2": {
					"rotation": {
						"0.2917": [0, 0, 0],
						"0.3333": [77.5, 0, 0],
						"0.4167": [77.5, 0, 0],
						"0.5": [82.5, 0, 0],
						"0.5833": [52.5, 0, 0],
						"0.6667": [77.5, 0, 0],
						"2.4167": [77.5, 0, 0],
						"2.5": [0, 0, 0]
					}
				},
				"claw3": {
					"rotation": {
						"0.25": [0, 0, 0],
						"0.4167": [145, 0, 0],
						"0.5417": [110, 0, 0],
						"0.625": [117.5, 0, 0],
						"0.7083": [115, 0, 0],
						"2.2917": [115, 0, 0],
						"2.4583": [0, 0, 0]
					}
				},
				"finger3": {
					"rotation": {
						"0.2917": [0, 0, 0],
						"0.3333": [77.5, 0, 0],
						"0.4167": [77.5, 0, 0],
						"0.5": [82.5, 0, 0],
						"0.5833": [52.5, 0, 0],
						"0.6667": [77.5, 0, 0],
						"2.4167": [77.5, 0, 0],
						"2.5": [0, 0, 0]
					}
				},
				"switch2": {
					"rotation": {
						"0.2083": [0, 0, 0],
						"0.2917": [-95, 0, 0],
						"2.25": [-95, 0, 0],
						"2.3333": [0, 0, 0]
					}
				},
				"leftArm": {
					"rotation": {
						"0.0": [-90.55722, 5.53105, -4.50974],
						"0.2083": [-91.66742, 1.37528, -4.19521],
						"0.375": [-133.79838, -18.65075, -48.67156],
						"0.8333": [-35.22713, -13.80841, -1.83234],
						"0.9583": [-8.33779, -7.81413, -0.41834],
						"1.0833": [19.55749, 10.10861, -2.69576],
						"1.4167": [-93.4398, -28.19327, 16.98022],
						"1.6667": [-84.2092, -19.10232, -36.71653],
						"1.7917": [-91.63825, -10.68369, -44.79756],
						"1.9167": [-91.64, -10.68, -44.8],
						"2.0833": [-117.40981, 4.40154, -53.79509],
						"2.25": [-129.62828, -9.26052, -61.32198],
						"2.375": [-113.69032, -4.65735, -45.15529],
						"2.4583": [-113.69, -4.66, -45.16],
						"2.7083": [-104.91025, 1.68402, -17.57605],
						"2.9167": [-90.56228, -9.46824, -4.36353]
					},
					"position": {
						"0.0": [-1.8156, "-0.772-(math.clamp(q.target_x_rotation, 0, 1.25))", -4.92928],
						"0.2083": [-1.30131, -0.77547, -5.0309],
						"0.375": [0.76426, -1.00319, -3.63461],
						"0.75": [0, -1, -1],
						"0.8333": [0, -0.5, 0],
						"1.0833": [0, -0.5, 0],
						"1.4167": [0, 3, -1.5],
						"1.6667": [-0.5, 2.5, -4],
						"1.7917": [1, 3, -3.75],
						"2.0833": [2, 1, -2],
						"2.375": [1, 1, -1.5],
						"2.4583": [1, 1, -1.5],
						"2.7083": [0.67, 0.66, -2.72],
						"2.9167": [0.1844, -0.772, -3.92928]
					}
				},
				"clip": {
					"rotation": {
						"0.6667": {
							"pre": [0, 0, 0],
							"post": [0, 0, 0],
							"lerp_mode": "catmullrom"
						},
						"1.0833": {
							"post": [0, 0, 167.5],
							"lerp_mode": "catmullrom"
						},
						"1.125": {
							"pre": [0, 0, 167.5],
							"post": [0, 0, 167.5]
						},
						"1.1667": [-42.5, 0, 0],
						"1.2083": [-59.28559, -13.94314, 22.57041],
						"1.4167": [-0.85839, 13.56583, 64.50809],
						"1.6667": [0, 0, 0]
					},
					"position": {
						"0.6667": {
							"pre": [0, 0, 0],
							"post": [0, 0, 0],
							"lerp_mode": "catmullrom"
						},
						"0.9167": {
							"post": [12, 0, 0],
							"lerp_mode": "catmullrom"
						},
						"1.0833": {
							"post": [22, -14, 0],
							"lerp_mode": "catmullrom"
						},
						"1.125": {
							"pre": [22, -14, 0],
							"post": [31, -28, 21]
						},
						"1.2083": [24.29, -18.29, 14.79],
						"1.4167": [11, 7, 2.75],
						"1.5": [7.33, 4.67, 0.75],
						"1.5417": [5.5, 3.5, 0.5],
						"1.6667": [0, 0, 0]
					},
					"scale": {
						"1.0833": {
							"pre": [1, 1, 1],
							"post": [0, 0, 0]
						},
						"1.125": {
							"pre": [0, 0, 0],
							"post": [1, 1, 1]
						}
					}
				},
				"curly_wire": {
					"rotation": {
						"0.25": [0, 0, 0],
						"0.375": [0, 0, "-(math.sin(query.life_time * 1000) * math.random(-7,7))"],
						"0.7083": [0, 0, "-(math.sin(query.life_time * 500) * math.random(-3,3))"],
						"1.2917": [0, 0, 0],
						"1.6667": [0, 0, 0],
						"1.7917": [0, 0, "-(math.sin(query.life_time * 1000) * math.random(-7,7))"],
						"2.0": [0, 0, "(math.sin(query.life_time * 200) * math.random(-2,2))"],
						"2.2917": [0, 0, 0],
						"2.4167": [0, 0, "-(math.sin(query.life_time * 500) * math.random(-7,7))"],
						"2.5833": [0, 0, "(math.sin(query.life_time * 200) * math.random(-2,2))"],
						"2.875": [0, 0, 0]
					},
					"position": {
						"0.25": [0, 0, 0],
						"0.375": [0, "(math.sin(query.life_time * 1000) * math.random(-0.3,0.3))", 0],
						"0.7083": [0, "(math.sin(query.life_time * 500) * math.random(-0.1,0.1))", 0],
						"1.2917": [0, 0, 0],
						"1.6667": [0, 0, 0],
						"1.7917": [0, "(math.sin(query.life_time * 1000) * math.random(-0.3,0.3))", 0],
						"2.0": [0, "(math.sin(query.life_time * 500) * math.random(-0.1,0.1))", 0],
						"2.2917": [0, 0, 0],
						"2.4167": [0, "(math.sin(query.life_time * 500) * math.random(-0.2,0.2))", 0],
						"2.5833": [0, "(math.sin(query.life_time * 500) * math.random(-0.1,0.1))", 0],
						"2.875": [0, 0, 0]
					}
				},
				"curly_wire5": {
					"rotation": {
						"0.25": [0, 0, 0],
						"0.375": [0, 0, "(math.sin(query.life_time * 1000) * math.random(-7,7))"],
						"0.7083": [0, 0, "(math.sin(query.life_time * 500) * math.random(-3,3))"],
						"1.2917": [0, 0, 0],
						"1.6667": [0, 0, 0],
						"1.7917": [0, 0, "(math.sin(query.life_time * 1000) * math.random(-7,7))"],
						"2.0": [0, 0, "(math.sin(query.life_time * 200) * math.random(-2,2))"],
						"2.2917": [0, 0, 0],
						"2.4167": [0, 0, "(math.sin(query.life_time * 500) * math.random(-7,7))"],
						"2.5833": [0, 0, "(math.sin(query.life_time * 200) * math.random(-2,2))"],
						"2.875": [0, 0, 0]
					},
					"position": {
						"0.25": [0, 0, 0],
						"0.375": [0, "(math.sin(query.life_time * 1000) * math.random(-0.3,0.3))", 0],
						"0.7083": [0, "(math.sin(query.life_time * 500) * math.random(-0.1,0.1))", 0],
						"1.2917": [0, 0, 0],
						"1.6667": [0, 0, 0],
						"1.7917": [0, "(math.sin(query.life_time * 1000) * math.random(-0.3,0.3))", 0],
						"2.0": [0, "(math.sin(query.life_time * 500) * math.random(-0.1,0.1))", 0],
						"2.2917": [0, 0, 0],
						"2.4167": [0, "(math.sin(query.life_time * 1000) * math.random(-0.3,0.3))", 0],
						"2.5833": [0, "(math.sin(query.life_time * 500) * math.random(-0.1,0.1))", 0],
						"2.875": [0, 0, 0]
					}
				},
				"loader": {
					"rotation": {
						"0.625": [0, 0, 0],
						"0.875": [0, 0, 35],
						"1.5": [0, 0, 35],
						"1.625": [0, 0, 0]
					}
				},
				"root": {
					"rotation": {
						"0.0": [0, 16, 0],
						"0.3333": [0, 0, 0],
						"2.5417": [0, 0, 0],
						"2.9167": [0, "16+q.target_y_rotation", 0]
					},
					"position": {
						"0.0": [0.5, 0, 0],
						"2.9167": [0.5, 0, 0]
					}
				},
				"body": {
					"rotation": {
						"0.0": [0, 17.5, 0],
						"0.3333": [0, 0, 0],
						"2.5": [0, 0, 0],
						"2.9167": [0, 17.5, 0]
					}
				},
				"head": {
					"rotation": {
						"0.0": [0.0689, -24.49627, -0.54494],
						"0.3333": [-2.84794, 0.73601, 9.01799],
						"0.7083": [0.77886, -13.13355, 15.75682],
						"1.0": [0.67276, -27.30438, 19.05695],
						"1.625": [2.88981, -23.74238, 7.22956],
						"1.8333": [2.43, -23.86, 5.98],
						"2.0": [-4.83905, -13.64356, 9.51094],
						"2.25": [-4.17333, -6.55794, 3.86055],
						"2.5417": [-4.17333, -6.55794, 3.86055],
						"2.9167": ["0.0689+q.target_x_rotation", -24.4963, -0.54494]
					}
				},
				"rightLeg": {
					"rotation": {
						"0.1667": [0, 0, 0],
						"0.2917": [10, 0, 0],
						"0.4583": [0, 0, 0]
					},
					"position": {
						"0.0": [0, 0, 0.5],
						"0.2917": [0, 0, 0],
						"2.5417": [0, 0, 0],
						"2.9167": [0, 0, 0.5]
					}
				},
				"leftLeg": {
					"rotation": {
						"0.0": [0, -15.5, 0],
						"0.125": [-12.5, -8.85714, 0],
						"0.2917": [0, 0, 0],
						"2.5417": [0, 0, 0],
						"2.9167": [0, -15.5, 0]
					},
					"position": {
						"0.0": [0.5, 0, -1],
						"0.2917": [0, 0, 0],
						"2.5417": [0, 0, 0],
						"2.9167": [0.5, 0, -1]
					}
				}
			},
			"sound_effects": {
				"0.0833": {
					"effect": "mx115.clink"
				}
			},
			"particle_effects": {
				"0.25": {
					"effect": "thunder_gun.exhaust_smoke.ring",
					"locator": "clip_exhaust"
				}
			},
			"timeline": {
				"3.125": "v.thunder_gun_flicker = 1;",
				"3.2083": "v.thunder_gun_flicker = 0;",
				"3.2917": "v.thunder_gun_flicker = 1;",
				"3.375": "v.thunder_gun_flicker = 0;"
			}
		},
		"animation.thunder_gun.rot_clip.0": {
			"loop": "hold_on_last_frame",
			"animation_length": 0.25,
			"bones": {
				"claw": {
					"rotation": {
						"0.0": [0, 0, 0],
						"0.0417": [2, 0, 0],
						"0.1667": [2, 0, 0],
						"0.25": [0, 0, 0]
					}
				},
				"finger": {
					"rotation": {
						"0.0": [0, 0, 0],
						"0.0417": [12, 0, 0],
						"0.1667": [2, 0, 0],
						"0.25": [0, 0, 0]
					}
				},
				"claw2": {
					"rotation": {
						"0.0": [0, 0, 0],
						"0.0417": [2, 0, 0],
						"0.1667": [2, 0, 0],
						"0.25": [0, 0, 0]
					}
				},
				"finger2": {
					"rotation": {
						"0.0": [0, 0, 0],
						"0.0417": [12, 0, 0],
						"0.1667": [2, 0, 0],
						"0.25": [0, 0, 0]
					}
				},
				"claw3": {
					"rotation": {
						"0.0": [0, 0, 0],
						"0.0417": [4.5, 0, 0],
						"0.1667": [2, 0, 0],
						"0.25": [0, 0, 0]
					}
				},
				"finger3": {
					"rotation": {
						"0.0": [0, 0, 0],
						"0.0417": [12, 0, 0],
						"0.1667": [2, 0, 0],
						"0.25": [0, 0, 0]
					}
				},
				"clip": {
					"rotation": {
						"0.0417": [0, 0, 0],
						"0.25": [0, 0, -90]
					}
				}
			}
		},
		"animation.thunder_gun.rot_clip.1": {
			"loop": "hold_on_last_frame",
			"animation_length": 0.25,
			"bones": {
				"claw": {
					"rotation": {
						"0.0": [0, 0, 0],
						"0.0417": [2, 0, 0],
						"0.1667": [2, 0, 0],
						"0.25": [0, 0, 0]
					}
				},
				"finger": {
					"rotation": {
						"0.0": [0, 0, 0],
						"0.0417": [12, 0, 0],
						"0.1667": [2, 0, 0],
						"0.25": [0, 0, 0]
					}
				},
				"claw2": {
					"rotation": {
						"0.0": [0, 0, 0],
						"0.0417": [2, 0, 0],
						"0.1667": [2, 0, 0],
						"0.25": [0, 0, 0]
					}
				},
				"finger2": {
					"rotation": {
						"0.0": [0, 0, 0],
						"0.0417": [12, 0, 0],
						"0.1667": [2, 0, 0],
						"0.25": [0, 0, 0]
					}
				},
				"claw3": {
					"rotation": {
						"0.0": [0, 0, 0],
						"0.0417": [4.5, 0, 0],
						"0.1667": [2, 0, 0],
						"0.25": [0, 0, 0]
					}
				},
				"finger3": {
					"rotation": {
						"0.0": [0, 0, 0],
						"0.0417": [12, 0, 0],
						"0.1667": [2, 0, 0],
						"0.25": [0, 0, 0]
					}
				},
				"clip": {
					"rotation": {
						"0.0417": [0, 0, -90],
						"0.25": [0, 0, -180]
					}
				}
			}
		},
		"animation.thunder_gun.rot_clip.2": {
			"loop": "hold_on_last_frame",
			"animation_length": 0.25,
			"bones": {
				"claw": {
					"rotation": {
						"0.0": [0, 0, 0],
						"0.0417": [2, 0, 0],
						"0.1667": [2, 0, 0],
						"0.25": [0, 0, 0]
					}
				},
				"finger": {
					"rotation": {
						"0.0": [0, 0, 0],
						"0.0417": [12, 0, 0],
						"0.1667": [2, 0, 0],
						"0.25": [0, 0, 0]
					}
				},
				"claw2": {
					"rotation": {
						"0.0": [0, 0, 0],
						"0.0417": [2, 0, 0],
						"0.1667": [2, 0, 0],
						"0.25": [0, 0, 0]
					}
				},
				"finger2": {
					"rotation": {
						"0.0": [0, 0, 0],
						"0.0417": [12, 0, 0],
						"0.1667": [2, 0, 0],
						"0.25": [0, 0, 0]
					}
				},
				"claw3": {
					"rotation": {
						"0.0": [0, 0, 0],
						"0.0417": [4.5, 0, 0],
						"0.1667": [2, 0, 0],
						"0.25": [0, 0, 0]
					}
				},
				"finger3": {
					"rotation": {
						"0.0": [0, 0, 0],
						"0.0417": [12, 0, 0],
						"0.1667": [2, 0, 0],
						"0.25": [0, 0, 0]
					}
				},
				"clip": {
					"rotation": {
						"0.0417": [0, 0, -180],
						"0.25": [0, 0, -270]
					}
				}
			}
		},
		"animation.thunder_gun.rot_clip.3": {
			"loop": "hold_on_last_frame",
			"animation_length": 0.25,
			"bones": {
				"claw": {
					"rotation": {
						"0.0": [0, 0, 0],
						"0.0417": [2, 0, 0],
						"0.1667": [2, 0, 0],
						"0.25": [0, 0, 0]
					}
				},
				"finger": {
					"rotation": {
						"0.0": [0, 0, 0],
						"0.0417": [12, 0, 0],
						"0.1667": [2, 0, 0],
						"0.25": [0, 0, 0]
					}
				},
				"claw2": {
					"rotation": {
						"0.0": [0, 0, 0],
						"0.0417": [2, 0, 0],
						"0.1667": [2, 0, 0],
						"0.25": [0, 0, 0]
					}
				},
				"finger2": {
					"rotation": {
						"0.0": [0, 0, 0],
						"0.0417": [12, 0, 0],
						"0.1667": [2, 0, 0],
						"0.25": [0, 0, 0]
					}
				},
				"claw3": {
					"rotation": {
						"0.0": [0, 0, 0],
						"0.0417": [4.5, 0, 0],
						"0.1667": [2, 0, 0],
						"0.25": [0, 0, 0]
					}
				},
				"finger3": {
					"rotation": {
						"0.0": [0, 0, 0],
						"0.0417": [12, 0, 0],
						"0.1667": [2, 0, 0],
						"0.25": [0, 0, 0]
					}
				},
				"clip": {
					"rotation": {
						"0.0417": [0, 0, -270],
						"0.25": [0, 0, -360]
					}
				}
			}
		},
		"animation.thunder_gun.admire.fp": {
			"loop": "hold_on_last_frame",
			"animation_length": 6.5,
			"bones": {
				"rightArm": {
					"rotation": {
						"0.1667": [-94.7702, -57.19408, 21.23972],
						"0.5833": [-119.94813, -69.16402, 25.96075],
						"2.75": [-119.95, -69.16, 25.96],
						"3.4167": [-110.65183, -25.29452, 28.38301],
						"5.375": [-110.65183, -25.29452, 28.38301],
						"6.0": [-94.7702, -57.19408, 21.23972]
					},
					"position": {
						"0.1667": [-3, -0.75, 0],
						"0.5833": [-4.15, 1.15, -3.19],
						"2.75": [-4.15, 1.15, -3.19],
						"3.4167": [-0.15, 0.15, 0.31],
						"5.375": [-0.15, 0.15, 0.31],
						"6.0": [-3, -0.75, 0]
					},
					"scale": {
						"0.1667": [0.9, 0.9, 0.9],
						"6.0": [0.9, 0.9, 0.9]
					}
				},
				"weapon_root": {
					"rotation": {
						"0.1667": [0, 0, 0],
						"0.5833": [6.02214, 8.043, -8.33783],
						"2.75": [6.02214, 8.043, -8.33783],
						"3.4167": [-1.55901, -3.30058, 5.16153],
						"5.375": [-1.55901, -3.30058, 5.16153],
						"6.0": [0, 0, 0]
					},
					"position": {
						"0.1667": [0, 0.25, 0],
						"0.5833": [0.5, 0.5, -0.25],
						"2.75": [0.5, 0.5, -0.25],
						"3.4167": [0.5, 0.5, -0.25],
						"5.375": [0.5, 0.5, -0.25],
						"6.0": [0, 0.25, 0]
					}
				},
				"leftArm": {
					"rotation": {
						"0.1667": [-74.88605, -2.38305, 25.44783],
						"0.5833": [-94.72563, 6.14641, 13.58817],
						"2.75": [-94.72563, 6.14641, 13.58817],
						"3.0833": [-102.50955, 6.28484, 9.31532],
						"3.4167": [-114.80335, 19.03552, 0.96775],
						"5.375": [-114.80335, 19.03552, 0.96775],
						"6.0": [-72.28966, 0.23695, 7.82136]
					},
					"position": {
						"0.1667": [0, -2, -2],
						"0.5833": [1.5, 1.25, 0.1],
						"2.75": [1.5, 1.25, 0.1],
						"3.4167": [-0.5, -1, -5.9],
						"5.375": [-0.5, -1, -5.9],
						"6.0": [0, -2, -2]
					},
					"scale": {
						"0.1667": [0.9, 0.9, 0.9],
						"6.0": [0.9, 0.9, 0.9]
					}
				},
				"root": {
					"rotation": {
						"0.1667": [-180, 0, -180],
						"0.5833": [-180, 2.5, -180],
						"2.75": [-180, 2.5, -180],
						"3.4167": [-180, -2.5, -180],
						"5.375": [-180, -2.5, -180],
						"6.0": [-180, 0, -180]
					},
					"position": {
						"0.1667": [1, 0, 1],
						"0.5833": [1, -2.5, 3.5],
						"2.75": [1, -2.5, 3.5],
						"3.4167": [1, -2.5, 3.5],
						"5.375": [1, -2.5, 3.5],
						"6.0": [1, 0, 1]
					}
				},
				"waist": {
					"rotation": {
						"0.1667": ["(math.cos(query.life_time * 100) * 1) + 1.25", 0, 0],
						"0.5833": ["0.0023+(math.cos(query.life_time * 100) * 1)", 4.99817, 0.12393],
						"2.75": ["0.0023+(math.cos(query.life_time * 100) * 1)", 5, 0.12],
						"3.4167": ["(math.cos(query.life_time * 100) * 1) + 1.25", 0, 0],
						"4.2917": ["(math.cos(query.life_time * 100) * 1) + 1.25", 0, 0]
					}
				}
			}
		},
		"animation.thunder_gun.admire.tp": {
			"loop": "hold_on_last_frame",
			"animation_length": 6.5,
			"bones": {
				"rightArm": {
					"rotation": {
						"0.1667": [-81.79922, -44.61881, 19.59931],
						"0.5833": [-71.08117, -47.47707, -17.13382],
						"2.75": [-71.08117, -47.47707, -17.13382],
						"3.4167": [-84.77771, -21.37508, -17.81873],
						"5.375": [-84.77771, -21.37508, -17.81873],
						"6.0": ["-81.7992+(v.tcos0*3.5)*q.delta_time", -44.61881, 19.59931]
					},
					"position": {
						"0.1667": [-2.25, -0.25, 0],
						"0.5833": [-1.15, 0.15, -2.19],
						"2.75": [-1.15, 0.15, -2.19],
						"3.4167": [-1.15, 0.15, 0.31],
						"5.375": [-1.15, 0.15, 0.31],
						"6.0": ["-2.25+(v.tcos0*0.25)*q.delta_time", "-0.25+(v.tcos0*0.1)*q.delta_time", 0]
					}
				},
				"weapon_root": {
					"rotation": {
						"0.1667": [-4.82958, 0.70034, -15.11387],
						"0.5833": [4.99451, 8.71579, -15.38074],
						"2.75": [4.99451, 8.71579, -15.38074],
						"3.4167": [-0.46162, -3.62061, -12.8688],
						"5.375": [-0.46162, -3.62061, -12.8688],
						"6.0": [-4.82958, 0.70034, -15.11387]
					},
					"position": {
						"0.1667": [-0.5, 0.75, -0.25],
						"0.5833": [-0.25, 0.5, -0.25],
						"2.75": [-0.25, 0.5, -0.25],
						"3.4167": [0.5, 0.5, -0.25],
						"5.375": [0.5, 0.5, -0.25],
						"6.0": [-0.5, 0.75, -0.25]
					}
				},
				"leftArm": {
					"rotation": {
						"0.1667": [-62.93117, -1.62863, 10.49463],
						"0.5833": [-79.01035, -10.39013, -1.55151],
						"2.75": [-79.01035, -10.39013, -1.55151],
						"3.0833": [-85.2309, 7.55754, -7.20857],
						"3.4167": [-106.45282, 25.507, -12.86619],
						"5.375": [-106.45282, 25.507, -12.86619],
						"6.0": ["-62.9312+(v.tcos0*8.5)*q.delta_time", -1.62863, 10.49463]
					},
					"position": {
						"0.1667": [-0.5, -1, -3],
						"0.5833": [0.5, -0.25, -3.65],
						"2.75": [0.5, -0.25, -3.65],
						"3.4167": [-1.5, -0.25, -4.15],
						"5.375": [-1.5, -0.25, -4.15],
						"6.0": ["-0.5+(v.tcos0*0.25)*q.delta_time", "-1+(v.tcos0*0.1)*q.delta_time", -3]
					}
				},
				"waist": {
					"rotation": {
						"0.1667": ["(math.cos(query.life_time * 100) * 1) + 1.25", 0, 0],
						"0.5833": ["-4.9977+(math.cos(query.life_time * 100) * 1)", 4.99817, 0.12393],
						"2.75": ["-4.9977+(math.cos(query.life_time * 100) * 1)", 4.99817, 0.12393],
						"3.4167": ["(math.cos(query.life_time * 100) * 1) + 1.25", 0, 0],
						"4.2917": ["(math.cos(query.life_time * 100) * 1) + 1.25", 0, 0],
						"6.0": ["(math.cos(query.life_time * 100) * 1) + 1.25", 0, 0]
					}
				},
				"head": {
					"rotation": {
						"0.1667": [0, 0, 0],
						"0.5833": [10.04629, -8.94241, 5.69874],
						"2.75": [13.47785, -12.68686, -0.40107],
						"3.4167": [4.64314, 16.93413, 6.4378],
						"5.375": [4.50274, 9.45793, 5.82406],
						"5.9167": [0, 0, 0],
						"6.25": ["q.target_x_rotation", "q.target_y_rotation", 0]
					}
				}
			}
		}
	}
}