{
  "pools": [
    {
        "rolls": 1,
        "entries": [
            {
                "type": "item",
                "name": "ra:p250",
                "count": 1
            },
            {
              "type": "item",
              "functions": [
                {
                  "function": "set_count",
                  "count": {
                    "min": 1,
                    "max": 3
                  }
                }
              ],
              "name": "ra:p250_clip"
            }
        ]
    },
    {
        "rolls": 1,
        "entries": [
            {
                "type": "item",
                "name": "ra:mosin_nagant",
                "count": 1
            },
            {
              "type": "item",
              "functions": [
                {
                  "function": "set_count",
                  "count": {
                    "min": 1,
                    "max": 1
                  }
                }
              ],
              "name": "ra:mosin_nagant_clip"
            },
            {
              "type": "item",
              "functions": [
                {
                  "function": "set_count",
                  "count": {
                    "min": 7,
                    "max": 20
                  }
                }
              ],
              "name": "ra:cal_762mm"
            }
        ]
    },
    {
      "rolls": {
        "min": 1,
        "max": 5
      },
      "entries": [
        {
          "type": "item",
          "weight": 2,
          "functions": [
            {
              "function": "set_count",
              "count": {
                "min": 1,
                "max": 3
              }
            }
          ],
          "name": "minecraft:iron_ingot"
        },
        {
          "type": "item",
          "weight": 4,
          "functions": [
            {
              "function": "set_count",
              "count": {
                "min": 1,
                "max": 4
              }
            }
          ],
          "name": "minecraft:bread"
        },
        {
          "type": "item",
          "name": "minecraft:iron_helmet"
        },
        {
          "type": "item",
          "name": "minecraft:emerald"
        }
      ]
    }
  ]
}