{
    "format_version": "1.12",
    "minecraft:recipe_shaped": {
      "description": {
      "identifier": "ra:weapon_display.netherite"
      },
      "tags": [ "crafting_table" ],
      "pattern": [
        "XXX",
        "XAX",
        "XXX"
      ],
      "key": {
        "A": {
          "item": "minecraft:netherite_ingot"
        },
        "X": {
          "item": "minecraft:iron_nugget"
        }
      },
      "result": {
        "item": "ra:weapon_display_netherite_spawn_egg"
      }
    }
  }
  