{
  "format_version": "1.10.0",
  "animation_controllers": {
    "controller.animation.ra_all": {
      "initial_state": "default",
      "states": {
        "default": {
          "animations": [
            "player.lead.root",
            "player.explode.root",
            "player.death",
            // { "player.move_bow.fp": "v.is_first_person && v.bow" },
            { "player.ride.fp": "v.is_first_person && v.gun_equipped_any && q.is_riding" },
            { "player.ride.tp": "!v.is_first_person && v.gun_equipped_any && q.is_riding" },
            
            { "gun.scale.fp": "(v.gun_equipped_any) && v.is_first_person" },
            { "gun.scale.tp": "(v.gun_equipped_any) && !v.is_first_person" },
  
            { "p250": "!q.is_stackable" },
            "p250_empty.controller",
  
            { "desert_eagle": "!q.is_stackable" },
            "desert_eagle.slide",
  
            { "desert_eagle_golden": "!q.is_stackable" },
            { "desert_eagle_golden.gold.fp": "v.desert_eagle_golden && v.is_first_person && !q.is_swimming"},
            { "desert_eagle_golden.gold.tp": "v.desert_eagle_golden && !v.is_first_person && !q.is_swimming"},
            "desert_eagle_golden.slide",
  
            { "desert_eagle_netherite": "!q.is_stackable" },
            "desert_eagle_netherite.slide",
  
            { "m79": "!q.is_stackable" },
  
            { "grenade": "!q.is_stackable" },
            { "look_at_target": "(v.grenade) && !v.is_first_person && !q.is_swimming" },
  
            { "m4": "!q.is_stackable" },
  
            { "mx115": "!q.is_stackable" },
            "mx115.ammo_display.controller",
            { "mx115.glow.controller": "v.mx115" },
            { "gun.aim_bob": "(v.mx115 || v.mx115_netherite) && !v.is_first_person && q.is_using_item" },
            { "mx115_netherite": "!q.is_stackable" },
            { "mx115_netherite.glow.controller": "v.mx115_netherite" },
  
            { "awm": "!q.is_stackable" },
            "awm.after_burn.controller",
  
            { "ak_47": "!q.is_stackable" },
            "ak_47.after_burn.controller",
            { "ak_47_polymer": "!q.is_stackable" },
            "ak_47_polymer.after_burn.controller",
            { "ak_47_golden": "!q.is_stackable" },
            "ak_47_golden.after_burn.controller",
            { "ak_47_polymer_golden": "!q.is_stackable" },
            "ak_47_polymer_golden.after_burn.controller",
            
            { "mini_gun": "!q.is_stackable" },
  
            { "p90": "!q.is_stackable" },
            { "p90.after_burn.controller": "v.p90" },
  
            { "citori_725": "!q.is_stackable" },
            
            { "thunder_gun": "!q.is_stackable" },
            "thunder_gun.rotate_clip",
            { "thunder_gun.gage.idle": "v.thunder_gun" },
            
            { "remington_870": "!q.is_stackable" },
            { "shell_scale": "v.remington_870 && !v.shell_scale" },
            { "remington_870.attachment.scale": "v.remington_870 && (v.any_acog || v.red_dot)" },
  
            { "mp5": "!q.is_stackable" },
  
            { "m1_garand": "!q.is_stackable" },
            { "m1_garand.eject_mag": "v.m1_garand && !q.is_stackable" },
            { "m1_garand.rings": "v.m1_garand && !q.is_stackable" },
  
            { "mosin_nagant": "!q.is_stackable" },
  
            { "mp40": "!q.is_stackable" },
            { "mp40_golden": "!q.is_stackable" },
            { "mp40.gold.fp": "v.mp40_golden && v.is_first_person && !q.is_swimming"},
            { "mp40.gold.tp": "v.mp40_golden && !v.is_first_person && !q.is_swimming"},
            { "mp40_netherite": "!q.is_stackable" },
            
            { "detonator": "!q.is_stackable" },
            { "detonator.light": "!q.is_stackable" }
          ]
        }
      }
    }
  }
}