{
  "format_version": "1.10.0",
  "animation_controllers": {
    "controller.animation.ra_player.vars": {
      "initial_state": "default",
      "states": {
        "default": {
          "transitions": [
            { "reset": "q.all_animations_finished" }
          ],
          "on_entry": [
            "v.gun_equipped_any = (q.is_item_name_any('slot.weapon.mainhand', 0, 'ra:ak_47_polymer', 'ra:ak_47_polymer_golden', 'ra:mp40_netherite', 'ra:mp40_golden', 'ra:mp40', 'ra:mosin_nagant', 'ra:m1_garand', 'ra:button_spawn_egg', 'ra:desert_eagle_netherite', 'ra:desert_eagle_golden', 'ra:desert_eagle', 'ra:mp5', 'ra:remington_870', 'ra:mini_gun_clip', 'ra:thunder_gun', 'ra:awm', 'ra:citori_725', 'ra:mx115_netherite', 'ra:mx115', 'ra:p90', 'ra:mini_gun', 'ra:ak_47_golden', 'ra:ak_47', 'ra:m79', 'ra:p250', 'ra:m4', 'ra:grenade'));",
            "v.weapon_ready = v.gun_equipped_any && !v.is_paperdoll && !q.is_sleeping && q.health > 0 && !q.is_swimming;",

            "v.pre_hipfire = v.weapon_ready ? (q.is_saddled || q.property('ra:anim_trigger') == 'pre_hipfire' || q.property('ra:anim_trigger_1') == 'pre_hipfire') : 0;",
            "v.reloading = v.weapon_ready ? (q.is_sheared) : 0;",
            "v.reloading_empty = v.weapon_ready ? (q.is_sheared && q.skin_id == 1) : 0;",
            "v.reloading_empty_1 = v.weapon_ready ? (q.property('ra:reloading_empty') == true) : 0;",
            "v.reloading_empty_2 = v.weapon_ready ? (q.property('ra:anim_trigger_1') == 'reload_empty') : 0;",
            "v.slide_back = v.weapon_ready ? (q.property('ra:slide_back') == true) : 0;",
            "v.slide_back_gold = v.weapon_ready ? (q.property('ra:slide_back_gold') == true) : 0;",
            "v.slide_back_netherite = v.weapon_ready ? (q.property('ra:slide_back_netherite') == true) : 0;",
            "v.explode = v.weapon_ready ? (q.skin_id == 2000) : 0;",
            "v.shoot = v.weapon_ready ? (q.property('ra:anim_trigger') == 'shoot') : 0;",
            "v.shooting = v.weapon_ready ? q.property('ra:anim_trigger') == 'shoot' : 0;",
            "v.throw = v.weapon_ready ? q.property('ra:anim_trigger') == 'throw' : 0;",
            "v.load = v.weapon_ready ? (q.property('ra:anim_trigger') == 'load' || (v.rpg && q.property('ra:anim_trigger_1') == 'reload')) : 0;",
            "v.load_empty = v.weapon_ready ? q.property('ra:anim_trigger') == 'empty_load' : 0;",
            "v.ads = v.weapon_ready ? (q.property('ra:anim_trigger') == 'ads' || q.property('ra:anim_trigger_1') == 'pre_hipfire') : 0;",
            "v.draw = v.weapon_ready ? (q.property('ra:anim_trigger') == 'draw') : 0;",
            "v.leave_ads = v.weapon_ready ? (q.property('ra:anim_trigger') == 'leave_ads') : 0;",
            "v.pre_load = v.weapon_ready ? (q.property('ra:anim_trigger') == 'pre_load') : 0;",
            "v.charging = v.weapon_ready ? (q.is_saddled) : 0;",
            "v.awm_ads = (q.is_ignited);",
            "v.awm_pullback = v.weapon_ready ? (q.mark_variant == 2) : 0;",
            "v.pullback = v.weapon_ready ? (q.property('ra:anim_trigger') == 'pullback') : 0;",
            "v.grenade_pull_pin = v.weapon_ready ? (q.mark_variant == 2000) : 0;",
            "v.grenade_throw = v.weapon_ready ? (q.mark_variant == 2001) : 0;",
            "v.chamber_full = v.weapon_ready ? (q.property('ra:chamber_full') == true) : 0;",
            "v.shell_scale = v.weapon_ready ? (q.property('ra:shell_scale') == true) : 0;",
            "v.inspect = v.weapon_ready ? (q.property('ra:inspect') == true || q.property('ra:anim_trigger') == 'inspect') : 0;",
            "v.leave_inspect = v.weapon_ready ? (q.property('ra:leave_inspect') == true) : 0;",
            "v.bullets = v.weapon_ready ? q.property('ra:bullets') : 0;",
            "v.bullets_loaded = v.weapon_ready ? q.property('ra:bullets_loaded') : 0;",
            "v.mosin_nagant_pullback = v.weapon_ready ? (q.mark_variant == 3) : 0;",
            "v.m203_loaded = v.weapon_ready ? (q.property('ra:anim_trigger') == 'load' || q.property('ra:loaded')) : 0;",
            "v.has_empty_shell = v.weapon_ready ? (q.property('ra:m203.loaded') == 'empty') : 0;",
            "v.shell_types = v.weapon_ready ? q.property('ra:loading') : 0;",
            "v.deploy_bipod = v.weapon_ready ? (q.property('ra:anim_trigger_1') == 'bipod') : 0;",
            "v.loading_drum = v.weapon_ready ? (q.property('ra:anim_trigger_1') == 'reload_drum') : 0;",
            "v.has_drum_mags = v.weapon_ready ? (q.property('ra:ammo_loaded') == 'drum_mag') : 0;",
            "v.can_deploy = v.weapon_ready ? q.property('ra:can_deploy') : 0;",
            
            "v.desert_eagle = v.weapon_ready ? q.is_item_name_any('slot.weapon.mainhand', 0, 'ra:desert_eagle') : 0;",
            "v.desert_eagle_golden = v.weapon_ready ? q.is_item_name_any('slot.weapon.mainhand', 0, 'ra:desert_eagle_golden') : 0;",
            "v.desert_eagle_netherite = v.weapon_ready ? q.is_item_name_any('slot.weapon.mainhand', 0, 'ra:desert_eagle_netherite') : 0;",
  
            "v.mx115 = v.weapon_ready ? q.is_item_name_any('slot.weapon.mainhand', 0, 'ra:mx115') : 0;",
            "v.mx115_netherite = v.weapon_ready ? q.is_item_name_any('slot.weapon.mainhand', 0, 'ra:mx115_netherite') : 0;",
  
            "v.ak_47 = v.weapon_ready ? q.is_item_name_any('slot.weapon.mainhand', 0, 'ra:ak_47') : 0;",
            "v.ak_47_golden = v.weapon_ready ? q.is_item_name_any('slot.weapon.mainhand', 0, 'ra:ak_47_golden') : 0;",
            "v.ak_47_polymer = v.weapon_ready ? q.is_item_name_any('slot.weapon.mainhand', 0, 'ra:ak_47_polymer') : 0;",
            "v.ak_47_polymer_golden = v.weapon_ready ? q.is_item_name_any('slot.weapon.mainhand', 0, 'ra:ak_47_polymer_golden') : 0;",
  
            "v.mini_gun = v.weapon_ready ? q.is_item_name_any('slot.weapon.mainhand', 0, 'ra:mini_gun') : 0;",
            "v.mini_gun_clip = v.weapon_ready ? q.is_item_name_any('slot.weapon.mainhand', 0, 'ra:mini_gun_clip') : 0;",
  
            "v.mp40 = v.weapon_ready ? q.is_item_name_any('slot.weapon.mainhand', 0, 'ra:mp40') : 0;",
            "v.mp40_golden = v.weapon_ready ? q.is_item_name_any('slot.weapon.mainhand', 0, 'ra:mp40_golden') : 0;",
            "v.mp40_netherite = v.weapon_ready ? q.is_item_name_any('slot.weapon.mainhand', 0, 'ra:mp40_netherite') : 0;",
  
            "v.detonator = v.weapon_ready ? q.is_item_name_any('slot.weapon.mainhand', 0, 'ra:button_spawn_egg') : 0;",

            "v.awm = v.weapon_ready ? q.is_item_name_any('slot.weapon.mainhand', 0, 'ra:awm') : 0;",
            "v.m79 = v.weapon_ready ? q.is_item_name_any('slot.weapon.mainhand', 0, 'ra:m79') : 0;",
            "v.p250 = v.weapon_ready ? q.is_item_name_any('slot.weapon.mainhand', 0, 'ra:p250') : 0;",
            "v.p90 = v.weapon_ready ? q.is_item_name_any('slot.weapon.mainhand', 0, 'ra:p90') : 0;",
            "v.remington_870 = v.weapon_ready ? q.is_item_name_any('slot.weapon.mainhand', 0, 'ra:remington_870') : 0;",
            "v.m1_garand = v.weapon_ready ? q.is_item_name_any('slot.weapon.mainhand', 0, 'ra:m1_garand') : 0;",
            "v.mosin_nagant = v.weapon_ready ? q.is_item_name_any('slot.weapon.mainhand', 0, 'ra:mosin_nagant') : 0;",
            "v.m4a1 = v.weapon_ready ? q.is_item_name_any('slot.weapon.mainhand', 0, 'ra:m4') : 0;",
            "v.mp5 = v.weapon_ready ? q.is_item_name_any('slot.weapon.mainhand', 0, 'ra:mp5') : 0;",
            "v.thunder_gun = v.weapon_ready ? q.is_item_name_any('slot.weapon.mainhand', 0, 'ra:thunder_gun') : 0;",
            "v.citori_725 = v.weapon_ready ? q.is_item_name_any('slot.weapon.mainhand', 0, 'ra:citori_725') : 0;",
            "v.grenade = v.weapon_ready ? q.is_item_name_any('slot.weapon.mainhand', 0, 'ra:grenade') : 0;",
  
            "v.bow = v.weapon_ready ? q.is_item_name_any('slot.weapon.mainhand', 0, 'minecraft:bow') : 0;"
          ]
        },
        "reset": {
          "transitions": [
            { "default": "q.all_animations_finished" }
          ],
          "on_entry": [
            "v.gun_equipped_any = (q.is_item_name_any('slot.weapon.mainhand', 0, 'ra:ak_47_polymer', 'ra:ak_47_polymer_golden', 'ra:mp40_netherite', 'ra:mp40_golden', 'ra:mp40', 'ra:mosin_nagant', 'ra:m1_garand', 'ra:button_spawn_egg', 'ra:desert_eagle_netherite', 'ra:desert_eagle_golden', 'ra:desert_eagle', 'ra:mp5', 'ra:remington_870', 'ra:mini_gun_clip', 'ra:thunder_gun', 'ra:awm', 'ra:citori_725', 'ra:mx115_netherite', 'ra:mx115', 'ra:p90', 'ra:mini_gun', 'ra:ak_47_golden', 'ra:ak_47', 'ra:m79', 'ra:p250', 'ra:m4', 'ra:grenade'));",
            "v.weapon_ready = v.gun_equipped_any && !v.is_paperdoll && !q.is_sleeping && q.health > 0 && !q.is_swimming;",
            
            "v.pre_hipfire = v.weapon_ready ? (q.is_saddled || q.property('ra:anim_trigger') == 'pre_hipfire' || q.property('ra:anim_trigger_1') == 'pre_hipfire') : 0;",
            "v.reloading = v.weapon_ready ? (q.is_sheared) : 0;",
            "v.reloading_empty = v.weapon_ready ? (q.is_sheared && q.skin_id == 1) : 0;",
            "v.reloading_empty_1 = v.weapon_ready ? (q.property('ra:reloading_empty') == true) : 0;",
            "v.reloading_empty_2 = v.weapon_ready ? (q.property('ra:anim_trigger_1') == 'reload_empty') : 0;",
            "v.slide_back = v.weapon_ready ? (q.property('ra:slide_back') == true) : 0;",
            "v.slide_back_gold = v.weapon_ready ? (q.property('ra:slide_back_gold') == true) : 0;",
            "v.slide_back_netherite = v.weapon_ready ? (q.property('ra:slide_back_netherite') == true) : 0;",
            "v.explode = v.weapon_ready ? (q.skin_id == 2000) : 0;",
            "v.shoot = v.weapon_ready ? (q.property('ra:anim_trigger') == 'shoot') : 0;",
            "v.shooting = v.weapon_ready ? q.property('ra:anim_trigger') == 'shoot' : 0;",
            "v.throw = v.weapon_ready ? q.property('ra:anim_trigger') == 'throw' : 0;",
            "v.load = v.weapon_ready ? (q.property('ra:anim_trigger') == 'load' || (v.rpg && q.property('ra:anim_trigger_1') == 'reload')) : 0;",
            "v.load_empty = v.weapon_ready ? q.property('ra:anim_trigger') == 'empty_load' : 0;",
            "v.ads = v.weapon_ready ? (q.property('ra:anim_trigger') == 'ads' || q.property('ra:anim_trigger_1') == 'pre_hipfire') : 0;",
            "v.draw = v.weapon_ready ? (q.property('ra:anim_trigger') == 'draw') : 0;",
            "v.leave_ads = v.weapon_ready ? (q.property('ra:anim_trigger') == 'leave_ads') : 0;",
            "v.pre_load = v.weapon_ready ? (q.property('ra:anim_trigger') == 'pre_load') : 0;",
            "v.charging = v.weapon_ready ? (q.is_saddled) : 0;",
            "v.awm_ads = (q.is_ignited);",
            "v.awm_pullback = v.weapon_ready ? (q.mark_variant == 2) : 0;",
            "v.pullback = v.weapon_ready ? (q.property('ra:anim_trigger') == 'pullback') : 0;",
            "v.grenade_pull_pin = v.weapon_ready ? (q.mark_variant == 2000) : 0;",
            "v.grenade_throw = v.weapon_ready ? (q.mark_variant == 2001) : 0;",
            "v.chamber_full = v.weapon_ready ? (q.property('ra:chamber_full') == true) : 0;",
            "v.shell_scale = v.weapon_ready ? (q.property('ra:shell_scale') == true) : 0;",
            "v.inspect = v.weapon_ready ? (q.property('ra:inspect') == true || q.property('ra:anim_trigger') == 'inspect') : 0;",
            "v.leave_inspect = v.weapon_ready ? (q.property('ra:leave_inspect') == true) : 0;",
            "v.bullets = v.weapon_ready ? q.property('ra:bullets') : 0;",
            "v.bullets_loaded = v.weapon_ready ? q.property('ra:bullets_loaded') : 0;",
            "v.mosin_nagant_pullback = v.weapon_ready ? (q.mark_variant == 3) : 0;",
            "v.m203_loaded = v.weapon_ready ? (q.property('ra:anim_trigger') == 'load' || q.property('ra:loaded')) : 0;",
            "v.has_empty_shell = v.weapon_ready ? (q.property('ra:m203.loaded') == 'empty') : 0;",
            "v.shell_types = v.weapon_ready ? q.property('ra:loading') : 0;",
            "v.deploy_bipod = v.weapon_ready ? (q.property('ra:anim_trigger_1') == 'bipod') : 0;",
            "v.loading_drum = v.weapon_ready ? (q.property('ra:anim_trigger_1') == 'reload_drum') : 0;",
            "v.has_drum_mags = v.weapon_ready ? (q.property('ra:ammo_loaded') == 'drum_mag') : 0;",
            "v.can_deploy = v.weapon_ready ? q.property('ra:can_deploy') : 0;",
            
            "v.desert_eagle = v.weapon_ready ? q.is_item_name_any('slot.weapon.mainhand', 0, 'ra:desert_eagle') : 0;",
            "v.desert_eagle_golden = v.weapon_ready ? q.is_item_name_any('slot.weapon.mainhand', 0, 'ra:desert_eagle_golden') : 0;",
            "v.desert_eagle_netherite = v.weapon_ready ? q.is_item_name_any('slot.weapon.mainhand', 0, 'ra:desert_eagle_netherite') : 0;",
  
            "v.mx115 = v.weapon_ready ? q.is_item_name_any('slot.weapon.mainhand', 0, 'ra:mx115') : 0;",
            "v.mx115_netherite = v.weapon_ready ? q.is_item_name_any('slot.weapon.mainhand', 0, 'ra:mx115_netherite') : 0;",
  
            "v.ak_47 = v.weapon_ready ? q.is_item_name_any('slot.weapon.mainhand', 0, 'ra:ak_47') : 0;",
            "v.ak_47_golden = v.weapon_ready ? q.is_item_name_any('slot.weapon.mainhand', 0, 'ra:ak_47_golden') : 0;",
            "v.ak_47_polymer = v.weapon_ready ? q.is_item_name_any('slot.weapon.mainhand', 0, 'ra:ak_47_polymer') : 0;",
            "v.ak_47_polymer_golden = v.weapon_ready ? q.is_item_name_any('slot.weapon.mainhand', 0, 'ra:ak_47_polymer_golden') : 0;",
  
            "v.mini_gun = v.weapon_ready ? q.is_item_name_any('slot.weapon.mainhand', 0, 'ra:mini_gun') : 0;",
            "v.mini_gun_clip = v.weapon_ready ? q.is_item_name_any('slot.weapon.mainhand', 0, 'ra:mini_gun_clip') : 0;",
  
            "v.mp40 = v.weapon_ready ? q.is_item_name_any('slot.weapon.mainhand', 0, 'ra:mp40') : 0;",
            "v.mp40_golden = v.weapon_ready ? q.is_item_name_any('slot.weapon.mainhand', 0, 'ra:mp40_golden') : 0;",
            "v.mp40_netherite = v.weapon_ready ? q.is_item_name_any('slot.weapon.mainhand', 0, 'ra:mp40_netherite') : 0;",
  
            "v.detonator = v.weapon_ready ? q.is_item_name_any('slot.weapon.mainhand', 0, 'ra:button_spawn_egg') : 0;",
            
            "v.awm = v.weapon_ready ? q.is_item_name_any('slot.weapon.mainhand', 0, 'ra:awm') : 0;",
            "v.m79 = v.weapon_ready ? q.is_item_name_any('slot.weapon.mainhand', 0, 'ra:m79') : 0;",
            "v.p250 = v.weapon_ready ? q.is_item_name_any('slot.weapon.mainhand', 0, 'ra:p250') : 0;",
            "v.p90 = v.weapon_ready ? q.is_item_name_any('slot.weapon.mainhand', 0, 'ra:p90') : 0;",
            "v.remington_870 = v.weapon_ready ? q.is_item_name_any('slot.weapon.mainhand', 0, 'ra:remington_870') : 0;",
            "v.m1_garand = v.weapon_ready ? q.is_item_name_any('slot.weapon.mainhand', 0, 'ra:m1_garand') : 0;",
            "v.mosin_nagant = v.weapon_ready ? q.is_item_name_any('slot.weapon.mainhand', 0, 'ra:mosin_nagant') : 0;",
            "v.m4a1 = v.weapon_ready ? q.is_item_name_any('slot.weapon.mainhand', 0, 'ra:m4') : 0;",
            "v.mp5 = v.weapon_ready ? q.is_item_name_any('slot.weapon.mainhand', 0, 'ra:mp5') : 0;",
            "v.thunder_gun = v.weapon_ready ? q.is_item_name_any('slot.weapon.mainhand', 0, 'ra:thunder_gun') : 0;",
            "v.citori_725 = v.weapon_ready ? q.is_item_name_any('slot.weapon.mainhand', 0, 'ra:citori_725') : 0;",
            "v.grenade = v.weapon_ready ? q.is_item_name_any('slot.weapon.mainhand', 0, 'ra:grenade') : 0;",
  
            "v.bow = v.weapon_ready ? q.is_item_name_any('slot.weapon.mainhand', 0, 'minecraft:bow') : 0;"
          ]
        }
      }
    },
    "controller.animation.player.death": {
      "initial_state": "default",
      "states": {
        "default": {
          "transitions": [
            { "death": "q.is_stackable && v.player_random_death == 1 && q.mark_variant == 0" },
            { "death_1": "q.is_stackable && v.player_random_death == 2 && q.mark_variant == 0" },
            { "death_2": "(q.is_stackable && q.is_sheared (v.player_random_death == 1 || v.player_random_death == 3) && (q.mark_variant == 0))" },
            { "death_3": "q.is_stackable && q.is_sheared && v.player_random_death == 2 && q.mark_variant == 0" },
            { "death_4": "q.is_stackable && v.player_random_death == 3 && q.mark_variant == 0" }
          ],
          "on_entry": [ "v.player_random_death = math.random_integer(1, 3);", "v.tick_delay = q.life_time;" ],
          "blend_transition": 0.25,
          "blend_via_shortest_path": true
        },
        "death": {
          "animations": [ "death" ],
          "transitions": [ { "default": "!q.is_stackable || q.health > 1" } ],
          "on_entry": [ "v.tick_delay = q.life_time;" ],
          "blend_transition": 0.15
        },
        "death_1": {
          "animations": [ "death_1" ],
          "transitions": [ { "default": "!q.is_stackable || q.health > 1" } ],
          "on_entry": [ "v.tick_delay = q.life_time;" ],
          "blend_transition": 0.15
        },
        "death_2": {
          "animations": [ "death_2" ],
          "transitions": [ { "default": "!q.is_stackable || q.health > 1" } ],
          "on_entry": [ "v.tick_delay = q.life_time;" ],
          "blend_transition": 0.15
        },
        "death_3": {
          "animations": [ "death_3" ],
          "transitions": [ { "default": "!q.is_stackable || q.health > 1" } ],
          "on_entry": [ "v.tick_delay = q.life_time;" ],
          "blend_transition": 0.15
        },
        "death_4": {
          "animations": [ "death_4" ],
          "transitions": [ { "default": "!q.is_stackable || q.health > 1" } ],
          "on_entry": [ "v.tick_delay = q.life_time;" ],
          "blend_transition": 0.15
        }
      }
    },
    "controller.animation.player.explode": {
      "initial_state": "default",
      "states": {
        "default": {
          "transitions": [
            { "explode": "q.skin_id == 2000 && !q.is_alive" }
          ]
        },
        "explode": {
          "animations": [ "player.explode" ],
          "transitions": [
            { "default": "q.skin_id != 2000 && q.is_alive" }
          ]
        }
      }
    },
    "controller.animation.player.crossbow": {
      "initial_state": "default",
      "states": {
        "charge": {
          "animations": [ "third_person_crossbow_equipped" ],
          "transitions": [
            { "default": "q.get_equipped_item_name != 'crossbow' || (q.item_remaining_use_duration <= 0.0 && !q.item_is_charged)" },
            { "hold": "q.item_is_charged" }
          ]
        },
        "default": {
          "transitions": [
            { "hold": "q.item_is_charged" },
            { "charge": "q.item_remaining_use_duration > 0.0" }
          ]
        },
        "hold": {
          "animations": [ "crossbow_hold" ],
          "transitions": [
            { "default": "q.get_equipped_item_name != 'crossbow' || (q.item_remaining_use_duration <= 0.0 && !q.item_is_charged)" },
            { "charge": "q.item_remaining_use_duration > 0.0" }
          ]
        }
      }
    },
    "controller.animation.ra_lead": {
      "initial_state": "default",
      "states": {
        "default": {
          "animations": [
            { "player.lead.fp": "v.gun_equipped_any && v.is_first_person" },
            { "player.lead.tp": "v.gun_equipped_any && !v.is_first_person" }
            
            // { "player.lead.fp2": "!v.gun_equipped_any && v.is_first_person" },
            // { "player.lead.tp2": "!v.gun_equipped_any && !v.is_first_person" }
          ],
          "transitions": [
            { "ads": "v.gun_equipped_any && q.is_sneaking" }
          ],
          "on_entry": [
            "v.gun_equipped_any = (q.is_item_name_any('slot.weapon.mainhand', 0, 'ra:ak_47_polymer', 'ra:ak_47_polymer_golden', 'ra:mp40_netherite', 'ra:mp40_golden', 'ra:mp40', 'ra:mosin_nagant', 'ra:m1_garand', 'ra:button_spawn_egg', 'ra:desert_eagle_netherite', 'ra:desert_eagle_golden', 'ra:desert_eagle', 'ra:mp5', 'ra:remington_870', 'ra:mini_gun_clip', 'ra:thunder_gun', 'ra:awm', 'ra:citori_725', 'ra:mx115_netherite', 'ra:mx115', 'ra:p90', 'ra:mini_gun', 'ra:ak_47_golden', 'ra:ak_47', 'ra:m79', 'ra:p250', 'ra:m4', 'ra:grenade'));"
          ],
          "blend_transition": 0.15,
          "blend_via_shortest_path": true
        },
        "ads": {
          "animations": [
            { "player.lead.ads.fp": "v.gun_equipped_any && v.is_first_person" },
            { "player.lead.ads.tp": "v.gun_equipped_any && !v.is_first_person" }
          ],
          "transitions": [
            { "default": "!q.is_sneaking" }
          ],
          "blend_transition": 0.15,
          "blend_via_shortest_path": true
        }
      }
    },

    "controller.animation.player.first_person_attack": {
      "initial_state": "default",
      "states": {
        "default": {
          "animations": [ { "first_person_attack_rotation": "!v.gun_equipped_any" } ],
          "transitions": [
            { "vr_attack": "v.is_using_vr" }
          ]
        },
        "vr_attack": {
          "animations": [ "first_person_vr_attack_rotation" ],
          "transitions": [
            { "default": "!v.is_using_vr" }
          ]
        }
      }
    },

    "controller.animation.player.first_person_map": {
      "initial_state": "default",
      "states": {
        "default": {
          "transitions": [
            { "one_hand": "q.get_equipped_item_name('off_hand') == 'map' || q.get_equipped_item_name('off_hand') == 'shield'" },
            { "two_hand": "q.get_equipped_item_name('off_hand') != 'map' && q.get_equipped_item_name('off_hand') != 'shield'" }
          ]
        },
        "one_hand": {
          "animations": [
            { "first_person_map_hold_main_hand": "q.get_equipped_item_name(0, 1) == 'map'" },
            { "first_person_map_hold_off_hand": "q.get_equipped_item_name('off_hand') == 'map' && (q.get_equipped_item_name == 'bow' ? !(v.item_use_normalized > 0 && v.item_use_normalized < 1.0) : 1.0)" }
          ],
          "transitions": [
            { "default": "q.get_equipped_item_name(0, 1) != 'map' && q.get_equipped_item_name('off_hand') != 'map'" },
            { "two_hand": "q.get_equipped_item_name('off_hand') != 'map' && q.get_equipped_item_name('off_hand') != 'shield'" }
          ]
        },
        "two_hand": {
          "animations": [
            "first_person_map_hold",
            "first_person_map_hold_attack"
          ],
          "transitions": [
            { "default": "q.get_equipped_item_name(0, 1) != 'map' && q.get_equipped_item_name('off_hand') != 'map'" },
            { "one_hand": "q.get_equipped_item_name('off_hand') == 'map' || q.get_equipped_item_name('off_hand') == 'shield'" }
          ]
        }
      }
    },

    "controller.animation.player.root": {
      "initial_state": "first_person",
      "states": {
        "first_person": {
          "animations": [
            { "swimming.fp": "v.swim_amount > 0.0 && v.gun_equipped_any" },
            { "first_person_swap_item": "!v.gun_equipped_any && !q.blocking && v.swim_amount <= 0.0" },
            { "first_person_shield_block": "!v.gun_equipped_any && q.blocking && v.swim_amount <= 0.0" },
            { "first_person_attack_controller": "v.attack_time > 0.0 && q.get_equipped_item_name != 'map' && !v.gun_equipped_any && v.swim_amount <= 0.0" },
            { "first_person_base_pose": "!v.gun_equipped_any && v.swim_amount <= 0.0" },
            { "first_person_empty_hand": "q.get_equipped_item_name(0, 1) != 'map' && v.swim_amount <= 0.0" },
            { "first_person_walk": "v.bob_animation && !q.is_using_item && v.swim_amount <= 0.0" },
            { "first_person_map_controller": "(!v.gun_equipped_any && v.swim_amount <= 0.0 && (q.get_equipped_item_name(0, 1) == 'map' || q.get_equipped_item_name('off_hand') == 'map'))" },
            { "first_person_crossbow_equipped": "q.get_equipped_item_name == 'crossbow' && (v.item_use_normalized > 0 && v.item_use_normalized < 1.0) && v.swim_amount <= 0.0" },
            { "first_person_breathing_bob": "v.attack_time <= 0.0 && v.swim_amount <= 0.0" }
          ],
          "transitions": [
            { "paperdoll": "v.is_paperdoll && !v.gun_equipped_any" },
            { "map_player": "v.map_face_icon" },
            { "third_person": "!v.is_first_person" }
          ]
        },
        "map_player": {
          "transitions": [
            { "paperdoll": "v.is_paperdoll" },
            { "first_person": "v.is_first_person" },
            { "third_person": "!v.map_face_icon && !v.is_first_person" }
          ]
        },
        "paperdoll": {
          "animations": [
            { "humanoid_base_pose": "!v.gun_equipped_any" },
            "look_at_target_ui",
            { "move.arms": "!v.gun_equipped_any" },
            { "move.legs": "!v.gun_equipped_any" },
            "cape"
          ],
          "transitions": [
            { "first_person": "!v.is_paperdoll && v.is_first_person" },
            { "map_player": "v.map_face_icon" },
            { "third_person": "!v.is_paperdoll && !v.is_first_person" }
          ]
        },
        "third_person": {
          "animations": [
            { "humanoid_base_pose": "!v.gun_equipped_any" },
            { "look_at_target": "!q.is_sleeping && !q.is_emoting" },
            { "move.arms": "!v.gun_equipped_any" },
            { "move.legs": "!v.gun_equipped_any" },
            "cape",
            { "riding.arms": "q.is_riding" },
            { "riding.legs": "q.is_riding" },
            { "holding": "!v.gun_equipped_any" },
            { "brandish_spear": "v.is_brandishing_spear" },
            { "holding_spyglass": "v.is_holding_spyglass" },
            { "charging": "q.is_charging" },
            { "sneaking": "q.is_sneaking && !q.is_sleeping && !v.gun_equipped_any" },
            { "bob": "!v.gun_equipped_any && !v.is_holding_spyglass" },
            { "damage_nearby_mobs": "v.damage_nearby_mobs" },
            { "swimming": "v.swim_amount > 0.0" },
            { "swimming.legs": "v.swim_amount > 0.0" },
            { "use_item_progress": "( v.use_item_interval_progress > 0.0 ) || ( v.use_item_startup_progress > 0.0 ) && !v.gun_equipped_any && !v.is_brandishing_spear && !v.is_holding_spyglass && !v.gun_equipped_any && !query.is_item_name_any('slot.weapon.mainhand', 0, 'minecraft:bow')" },
            { "sleeping": "q.is_sleeping && q.is_alive" },
            { "attack.positions": "!v.gun_equipped_any && v.attack_time >= 0.0" },
            { "attack.rotations": "!v.gun_equipped_any && v.attack_time >= 0.0" },
            { "shield_block_main_hand": "!v.gun_equipped_any && q.blocking && q.get_equipped_item_name('off_hand') != 'shield' && q.get_equipped_item_name == 'shield'" },
            { "shield_block_off_hand": "!v.gun_equipped_any && q.blocking && q.get_equipped_item_name('off_hand') == 'shield'" },
            { "crossbow_controller": "!v.gun_equipped_any && q.get_equipped_item_name == 'crossbow'" },
            { "third_person_bow_equipped": "!v.gun_equipped_any && q.get_equipped_item_name == 'bow' && (v.item_use_normalized > 0 && v.item_use_normalized < 1.0)" }
          ],
          "transitions": [
            { "paperdoll": "v.is_paperdoll" },
            { "first_person": "v.is_first_person" },
            { "map_player": "v.map_face_icon" }
          ]
        }
      }
    }
  }
}