{
  "tiers": [
    {
      "total_exp_required": 0,
      "groups": [
        {
          "trades": [
            {
              "wants": [
                {
                  "item": "minecraft:emerald",
                  "quantity": {
                    "min": 2,
                    "max": 5
                  }
                }
              ],
              "gives": [
                {
                  "item": "ra:bullet_powder",
                  "quantity": {
                    "min": 56,
                    "max": 64
                  }
                }
              ],
              "trader_exp": 5,
              "max_uses": 10,
              "reward_exp": true
            },
            {
              "wants": [
                {
                  "item": "minecraft:emerald"
                }
              ],
              "gives": [
                {
                  "item": "minecraft:gunpowder",
                  "quantity": {
                    "min": 8,
                    "max": 16
                  }
                }
              ],
              "trader_exp": 5,
              "max_uses": 10,
              "reward_exp": true
            },
            {
              "wants": [
                {
                  "item": "minecraft:emerald",
                  "quantity": {
                    "min": 12,
                    "max": 18
                  }
                }
              ],
              "gives": [ { "item": "ra:p250" } ],
              "trader_exp": 15,
              "max_uses": 10,
              "reward_exp": true
            },
            {
              "wants": [
                {
                  "item": "minecraft:emerald",
                  "quantity": {
                    "min": 2,
                    "max": 4
                  }
                }
              ],
              "gives": [
                {
                  "item": "ra:p250_clip",
                  "quantity": 2
                }
              ],
              "trader_exp": 5,
              "max_uses": 10,
              "reward_exp": true
            },
            {
              "wants": [
                {
                  "item": "minecraft:emerald",
                  "quantity": {
                    "min": 16,
                    "max": 32
                  }
                }
              ],
              "gives": [ { "item": "ra:p90" } ],
              "trader_exp": 15,
              "max_uses": 10,
              "reward_exp": true
            },
            {
              "wants": [
                {
                  "item": "minecraft:emerald",
                  "quantity": {
                    "min": 4,
                    "max": 8
                  }
                }
              ],
              "gives": [ { "item": "ra:p90_clip" } ],
              "trader_exp": 8,
              "max_uses": 10,
              "reward_exp": true
            },
            {
              "wants": [
                {
                  "item": "minecraft:emerald",
                  "quantity": {
                    "min": 16,
                    "max": 32
                  }
                }
              ],
              "gives": [ { "item": "ra:mp5" } ],
              "trader_exp": 15,
              "max_uses": 10,
              "reward_exp": true
            },
            {
              "wants": [
                {
                  "item": "minecraft:emerald",
                  "quantity": {
                    "min": 3,
                    "max": 6
                  }
                }
              ],
              "gives": [ { "item": "ra:mp5_clip" } ],
              "trader_exp": 8,
              "max_uses": 10,
              "reward_exp": true
            },
            {
              "wants": [
                {
                  "item": "minecraft:emerald",
                  "quantity": {
                    "min": 10,
                    "max": 20
                  }
                }
              ],
              "gives": [ { "item": "ra:mosin_nagant" } ],
              "trader_exp": 15,
              "max_uses": 10,
              "reward_exp": true
            },
            {
              "wants": [
                {
                  "item": "minecraft:emerald",
                  "quantity": {
                    "min": 1,
                    "max": 3
                  }
                }
              ],
              "gives": [ { "item": "ra:mosin_nagant_clip" } ],
              "trader_exp": 8,
              "max_uses": 10,
              "reward_exp": true
            }
          ]
        },
        {
          "num_to_select": 1,
          "trades": [
            {
              "wants": [
                {
                  "item": "minecraft:coal:0",
                  "quantity": 15,
                  "price_multiplier": 0.05
                }
              ],
              "gives": [
                {
                  "item": "minecraft:emerald",
                  "quantity": 1
                }
              ],
              "trader_exp": 2,
              "max_uses": 16,
              "reward_exp": true
            }
          ]
        },
        {
          "num_to_select": 1,
          "trades": [
            {
              "wants": [
                {
                  "item": "minecraft:emerald",
                  "quantity": 7,
                  "price_multiplier": 0.2
                }
              ],
              "gives": [
                {
                  "item": "minecraft:iron_leggings",
                  "quantity": 1
                }
              ],
              "trader_exp": 1,
              "max_uses": 12,
              "reward_exp": true
            },
            {
              "wants": [
                {
                  "item": "minecraft:emerald",
                  "quantity": 4,
                  "price_multiplier": 0.2
                }
              ],
              "gives": [
                {
                  "item": "minecraft:iron_boots",
                  "quantity": 1
                }
              ],
              "trader_exp": 1,
              "max_uses": 12,
              "reward_exp": true
            },
            {
              "wants": [
                {
                  "item": "minecraft:emerald",
                  "quantity": 5,
                  "price_multiplier": 0.2
                }
              ],
              "gives": [
                {
                  "item": "minecraft:iron_helmet",
                  "quantity": 1
                }
              ],
              "trader_exp": 1,
              "max_uses": 12,
              "reward_exp": true
            },
            {
              "wants": [
                {
                  "item": "minecraft:emerald",
                  "quantity": 9,
                  "price_multiplier": 0.2
                }
              ],
              "gives": [
                {
                  "item": "minecraft:iron_chestplate",
                  "quantity": 1
                }
              ],
              "trader_exp": 1,
              "max_uses": 12,
              "reward_exp": true
            }
          ]
        }
      ]
    },
    {
      "total_exp_required": 10,
      "groups": [
        {
          "trades": [
            {
              "wants": [
                {
                  "item": "minecraft:emerald",
                  "quantity": {
                    "min": 24,
                    "max": 32
                  }
                }
              ],
              "gives": [ { "item": "ra:desert_eagle" } ],
              "trader_exp": 15,
              "max_uses": 10,
              "reward_exp": true
            },
            {
              "wants": [
                {
                  "item": "minecraft:emerald",
                  "quantity": {
                    "min": 3,
                    "max": 6
                  }
                }
              ],
              "gives": [ { "item": "ra:desert_eagle_clip" } ],
              "trader_exp": 8,
              "max_uses": 10,
              "reward_exp": true
            },
            {
              "wants": [
                {
                  "item": "minecraft:emerald",
                  "quantity": {
                    "min": 24,
                    "max": 32
                  }
                }
              ],
              "gives": [ { "item": "ra:ak_47" } ],
              "trader_exp": 20,
              "max_uses": 10,
              "reward_exp": true
            },
            {
              "wants": [
                {
                  "item": "minecraft:emerald",
                  "quantity": {
                    "min": 24,
                    "max": 32
                  }
                }
              ],
              "gives": [ { "item": "ra:ak_47_polymer" } ],
              "trader_exp": 20,
              "max_uses": 10,
              "reward_exp": true
            },
            {
              "wants": [
                {
                  "item": "minecraft:emerald",
                  "quantity": {
                    "min": 3,
                    "max": 6
                  }
                }
              ],
              "gives": [ { "item": "ra:ak47_clip" } ],
              "trader_exp": 10,
              "max_uses": 10,
              "reward_exp": true
            },
            {
              "wants": [
                {
                  "item": "minecraft:emerald",
                  "quantity": {
                    "min": 16,
                    "max": 32
                  }
                }
              ],
              "gives": [ { "item": "ra:m4" } ],
              "trader_exp": 20,
              "max_uses": 10,
              "reward_exp": true
            },
            {
              "wants": [
                {
                  "item": "minecraft:emerald",
                  "quantity": {
                    "min": 2,
                    "max": 4
                  }
                }
              ],
              "gives": [ { "item": "ra:m4_clip" } ],
              "trader_exp": 10,
              "max_uses": 10,
              "reward_exp": true
            }
          ]
        },
        {
          "num_to_select": 1,
          "trades": [
            {
              "wants": [
                {
                  "item": "minecraft:iron_ingot",
                  "quantity": 4,
                  "price_multiplier": 0.05
                }
              ],
              "gives": [
                {
                  "item": "minecraft:emerald",
                  "quantity": 1
                }
              ],
              "trader_exp": 10,
              "max_uses": 12,
              "reward_exp": true
            }
          ]
        },
        {
          "num_to_select": 1,
          "trades": [
            {
              "wants": [
                {
                  "item": "minecraft:emerald",
                  "quantity": 36,
                  "price_multiplier": 0.2
                }
              ],
              "gives": [
                {
                  "item": "minecraft:bell",
                  "quantity": 1
                }
              ],
              "trader_exp": 5,
              "max_uses": 12,
              "reward_exp": true
            },
            {
              "wants": [
                {
                  "item": "minecraft:emerald",
                  "quantity": 1,
                  "price_multiplier": 0.2
                }
              ],
              "gives": [
                {
                  "item": "minecraft:chainmail_boots",
                  "quantity": 1
                }
              ],
              "trader_exp": 5,
              "max_uses": 12,
              "reward_exp": true
            },
            {
              "wants": [
                {
                  "item": "minecraft:emerald",
                  "quantity": 3,
                  "price_multiplier": 0.2
                }
              ],
              "gives": [
                {
                  "item": "minecraft:chainmail_leggings",
                  "quantity": 1
                }
              ],
              "trader_exp": 5,
              "max_uses": 12,
              "reward_exp": true
            }
          ]
        }
      ]
    },
    {
      "total_exp_required": 70,
      "groups": [
        {
          "trades": [
            {
              "wants": [
                {
                  "item": "minecraft:emerald",
                  "quantity": {
                    "min": 6,
                    "max": 10
                  }
                }
              ],
              "gives": [ 
                { 
                  "item": "ra:grenade",
                  "quantity": {
                    "min": 2,
                    "max": 8
                  }
                } 
              ],
              "trader_exp": 20,
              "max_uses": 10,
              "reward_exp": true
            },
            {
              "wants": [
                {
                  "item": "minecraft:emerald",
                  "quantity": {
                    "min": 22,
                    "max": 38
                  }
                }
              ],
              "gives": [ { "item": "ra:mp40" } ],
              "trader_exp": 30,
              "max_uses": 10,
              "reward_exp": true
            },
            {
              "wants": [
                {
                  "item": "minecraft:emerald",
                  "quantity": {
                    "min": 6,
                    "max": 10
                  }
                }
              ],
              "gives": [ 
                { 
                  "item": "ra:mp40_clip",
                  "quantity": {
                    "min": 2,
                    "max": 6
                  }
                } 
              ],
              "trader_exp": 10,
              "max_uses": 10,
              "reward_exp": true
            },
            {
              "wants": [
                {
                  "item": "minecraft:emerald",
                  "quantity": {
                    "min": 16,
                    "max": 32
                  }
                }
              ],
              "gives": [ { "item": "ra:citori_725" } ],
              "trader_exp": 30,
              "max_uses": 10,
              "reward_exp": true
            },
            {
              "wants": [
                {
                  "item": "minecraft:emerald",
                  "quantity": {
                    "min": 6,
                    "max": 10
                  }
                }
              ],
              "gives": [ 
                { 
                  "item": "ra:shotgun_shell_12_gage",
                  "quantity": {
                    "min": 32,
                    "max": 64
                  }
                } 
              ],
              "trader_exp": 10,
              "max_uses": 10,
              "reward_exp": true
            },
            {
              "wants": [
                {
                  "item": "minecraft:emerald",
                  "quantity": {
                    "min": 18,
                    "max": 40
                  }
                }
              ],
              "gives": [ { "item": "ra:m1_garand" } ],
              "trader_exp": 30,
              "max_uses": 10,
              "reward_exp": true
            },
            {
              "wants": [
                {
                  "item": "minecraft:emerald",
                  "quantity": {
                    "min": 2,
                    "max": 6
                  }
                }
              ],
              "gives": [ { "item": "ra:m1_garand_clip" } ],
              "trader_exp": 10,
              "max_uses": 10,
              "reward_exp": true
            },
            {
              "wants": [
                {
                  "item": "minecraft:emerald",
                  "quantity": {
                    "min": 8,
                    "max": 16
                  }
                }
              ],
              "gives": [ 
                { 
                  "item": "minecraft:tnt",
                  "quantity": {
                    "min": 2,
                    "max": 8
                  }
                } 
              ],
              "trader_exp": 15,
              "max_uses": 10,
              "reward_exp": true
            }
          ]
        },
        {
          "num_to_select": 1,
          "trades": [
            {
              "wants": [
                {
                  "item": "minecraft:bucket:10",
                  "quantity": 1,
                  "price_multiplier": 0.05
                }
              ],
              "gives": [
                {
                  "item": "minecraft:emerald",
                  "quantity": 1
                }
              ],
              "trader_exp": 20,
              "max_uses": 12,
              "reward_exp": true
            }
          ]
        },
        {
          "num_to_select": 1,
          "trades": [
            {
              "wants": [
                {
                  "item": "minecraft:diamond",
                  "quantity": 1,
                  "price_multiplier": 0.05
                }
              ],
              "gives": [
                {
                  "item": "minecraft:emerald",
                  "quantity": 1
                }
              ],
              "trader_exp": 20,
              "max_uses": 12,
              "reward_exp": true
            }
          ]
        },
        {
          "num_to_select": 1,
          "trades": [
            {
              "wants": [
                {
                  "item": "minecraft:emerald",
                  "quantity": 1,
                  "price_multiplier": 0.2
                }
              ],
              "gives": [
                {
                  "item": "minecraft:chainmail_helmet",
                  "quantity": 1
                }
              ],
              "trader_exp": 10,
              "max_uses": 12,
              "reward_exp": true
            },
            {
              "wants": [
                {
                  "item": "minecraft:emerald",
                  "quantity": 4,
                  "price_multiplier": 0.2
                }
              ],
              "gives": [
                {
                  "item": "minecraft:chainmail_chestplate",
                  "quantity": 1
                }
              ],
              "trader_exp": 10,
              "max_uses": 12,
              "reward_exp": true
            },
            {
              "wants": [
                {
                  "item": "minecraft:emerald",
                  "quantity": 5,
                  "price_multiplier": 0.2
                }
              ],
              "gives": [
                {
                  "item": "minecraft:shield",
                  "quantity": 1
                }
              ],
              "trader_exp": 10,
              "max_uses": 12,
              "reward_exp": true
            }
          ]
        }
      ]
    },
    {
      "total_exp_required": 150,
      "groups": [
        {
          "trades": [
            {
              "wants": [
                {
                  "item": "minecraft:emerald",
                  "quantity": {
                    "min": 16,
                    "max": 32
                  }
                }
              ],
              "gives": [ { "item": "ra:m79" } ],
              "trader_exp": 40,
              "max_uses": 10,
              "reward_exp": true
            },
            {
              "wants": [
                {
                  "item": "minecraft:emerald",
                  "quantity": {
                    "min": 6,
                    "max": 10
                  }
                }
              ],
              "gives": [ 
                { 
                  "item": "ra:m79_shell",
                  "quantity": {
                    "min": 8,
                    "max": 16
                  }
                } 
              ],
              "trader_exp": 20,
              "max_uses": 10,
              "reward_exp": true
            },
            {
              "wants": [
                {
                  "item": "minecraft:emerald",
                  "quantity": {
                    "min": 32,
                    "max": 48
                  }
                }
              ],
              "gives": [ { "item": "ra:awm" } ],
              "trader_exp": 40,
              "max_uses": 10,
              "reward_exp": true
            },
            {
              "wants": [
                {
                  "item": "minecraft:emerald",
                  "quantity": {
                    "min": 10,
                    "max": 16
                  }
                }
              ],
              "gives": [ 
                { 
                  "item": "ra:awm_clip",
                  "quantity": {
                    "min": 1,
                    "max": 3
                  }
                } 
              ],
              "trader_exp": 20,
              "max_uses": 10,
              "reward_exp": true
            },
            {
              "wants": [
                {
                  "item": "minecraft:emerald",
                  "quantity": {
                    "min": 32,
                    "max": 48
                  }
                }
              ],
              "gives": [ { "item": "ra:remington_870" } ],
              "trader_exp": 30,
              "max_uses": 10,
              "reward_exp": true
            }
          ]
        },
        {
          "num_to_select": 1,
          "trades": [
            {
              "wants": [
                {
                  "item": "minecraft:emerald",
                  "quantity": 14,
                  "price_multiplier": 0.2
                }
              ],
              "gives": [
                {
                  "item": "minecraft:diamond_leggings",
                  "quantity": 1,
                  "functions": [
                    {
                      "function": "enchant_with_levels",
                      "treasure": false,
                      "levels": {
                        "min": 5,
                        "max": 19
                      }
                    }
                  ]
                }
              ],
              "trader_exp": 15,
              "max_uses": 3,
              "reward_exp": true
            },
            {
              "wants": [
                {
                  "item": "minecraft:emerald",
                  "quantity": 8,
                  "price_multiplier": 0.2
                }
              ],
              "gives": [
                {
                  "item": "minecraft:diamond_boots",
                  "quantity": 1,
                  "functions": [
                    {
                      "function": "enchant_with_levels",
                      "treasure": false,
                      "levels": {
                        "min": 5,
                        "max": 19
                      }
                    }
                  ]
                }
              ],
              "trader_exp": 15,
              "max_uses": 3,
              "reward_exp": true
            }
          ]
        }
      ]
    },
    {
      "total_exp_required": 250,
      "groups": [
        {
          "trades": [
            {
              "wants": [
                {
                  "item": "minecraft:emerald",
                  "quantity": {
                    "min": 16,
                    "max": 32
                  },
                  "price_multiplier": 0.05
                }
              ],
              "gives": [
                {
                  "item": "minecraft:diamond",
                  "quantity": {
                    "min": 1,
                    "max": 2
                  }
                }
              ],
              "trader_exp": 40,
              "max_uses": 15,
              "reward_exp": true
            },
            {
              "wants": [
                {
                  "item": "ra:raw_radium",
                  "quantity": {
                    "min": 16,
                    "max": 32
                  }
                }
              ],
              "gives": [
                {
                  "item": "ra:mini_gun"
                }
              ],
              "trader_exp": 50,
              "max_uses": 10,
              "reward_exp": true
            },
            {
              "wants": [
                {
                  "item": "minecraft:diamond",
                  "quantity": {
                    "min": 1,
                    "max": 3
                  }
                }
              ],
              "gives": [
                {
                  "item": "ra:mini_gun_clip"
                }
              ],
              "trader_exp": 20,
              "max_uses": 10,
              "reward_exp": true
            },
            {
              "wants": [
                {
                  "item": "ra:raw_radium",
                  "quantity": {
                    "min": 16,
                    "max": 32
                  }
                }
              ],
              "gives": [
                {
                  "item": "ra:mx115"
                }
              ],
              "trader_exp": 50,
              "max_uses": 10,
              "reward_exp": true
            },
            {
              "wants": [
                {
                  "item": "minecraft:diamond",
                  "quantity": {
                    "min": 1,
                    "max": 3
                  }
                }
              ],
              "gives": [
                {
                  "item": "ra:mx115_clip"
                }
              ],
              "trader_exp": 20,
              "max_uses": 10,
              "reward_exp": true
            },
            {
              "wants": [
                {
                  "item": "ra:raw_radium",
                  "quantity": {
                    "min": 32,
                    "max": 48
                  }
                }
              ],
              "gives": [
                {
                  "item": "ra:thunder_gun"
                }
              ],
              "trader_exp": 100,
              "max_uses": 10,
              "reward_exp": true
            },
            {
              "wants": [
                {
                  "item": "minecraft:diamond",
                  "quantity": {
                    "min": 3,
                    "max": 6
                  }
                }
              ],
              "gives": [
                {
                  "item": "ra:thunder_gun_clip"
                }
              ],
              "trader_exp": 30,
              "max_uses": 10,
              "reward_exp": true
            }
          ]
        },
        {
          "num_to_select": 1,
          "trades": [
            {
              "wants": [
                {
                  "item": "minecraft:emerald",
                  "quantity": 8,
                  "price_multiplier": 0.2
                }
              ],
              "gives": [
                {
                  "item": "minecraft:diamond_helmet",
                  "quantity": 1,
                  "functions": [
                    {
                      "function": "enchant_with_levels",
                      "treasure": false,
                      "levels": {
                        "min": 5,
                        "max": 19
                      }
                    }
                  ]
                }
              ],
              "trader_exp": 30,
              "max_uses": 3,
              "reward_exp": true
            },
            {
              "wants": [
                {
                  "item": "minecraft:emerald",
                  "quantity": 16,
                  "price_multiplier": 0.2
                }
              ],
              "gives": [
                {
                  "item": "minecraft:diamond_chestplate",
                  "quantity": 1,
                  "functions": [
                    {
                      "function": "enchant_with_levels",
                      "treasure": false,
                      "levels": {
                        "min": 5,
                        "max": 19
                      }
                    }
                  ]
                }
              ],
              "trader_exp": 30,
              "max_uses": 3,
              "reward_exp": true
            }
          ]
        }
      ]
    }
  ]
}
