{
  "format_version": "1.16.0",
  "minecraft:entity": {
    "description": {
      "identifier": "ra:menu_holder",
      "is_spawnable": false,
      "is_summonable": true,
      "is_experimental": false
    },

    "components": {
      "minecraft:type_family": {
        "family": [ "menu", "ra_dummy" ]
      },
      "minecraft:rideable": {
        "pull_in_entities": true,
        "seat_count": 4,
        "family_types": [ "menu" ],
        "seats": [
          {
            "position": [ 1.075, 1.125, 0 ],
            "min_rider_count": 0,
            "max_rider_count": 4,
            "lock_rider_rotation": 360
          },
          {
            "position": [ -1.075, 1.125, 0 ],
            "min_rider_count": 1,
            "max_rider_count": 4,
            "lock_rider_rotation": 360
          },
          {
            "position": [ -1.075, 0.125, 0 ],
            "min_rider_count": 2,
            "max_rider_count": 4,
            "lock_rider_rotation": 360
          },
          {
            "position": [ 1.075, 0.125, 0 ],
            "min_rider_count": 3,
            "max_rider_count": 4,
            "lock_rider_rotation": 360
          }
        ]
      },
      "minecraft:damage_sensor": {
        "triggers": [
          {
            "on_damage": {
              "filters": {
                "all_of": [
                  { "test": "is_family", "subject": "other", "value": "player" },
                  { "test": "has_damage", "subject": "self", "value": "attack" }
                ]
              },
              "event": "ra:reset"
            },
            "deals_damage": false
          },
          {
            "cause": "all",
            "deals_damage": false
          }
        ]
      },
      "minecraft:interact": {
        "interactions": [
          {
            "on_interact": {
              "filters": {
                "all_of": [ { "test": "is_variant", "value": 0 } ]
              },
              "event": "ra:reset"
            },
            "swing": true
          }
        ]
      },
      "minecraft:nameable": {},
      "minecraft:breathable": { "breathes_solids": true },
      "minecraft:knockback_resistance": { "value": 1 },
      "minecraft:fire_immune": {},
      "minecraft:collision_box": {
        "width": 0.1,
        "height": 0.1
      },
      "minecraft:pushable": {
        "is_pushable": false,
        "is_pushable_by_piston": false
      },
      "minecraft:health": {
        "value": 99999,
        "max": 99999
      },
      "minecraft:physics": {
        "has_collision": false,
        "has_gravity": false
      }
    },

    "component_groups": {
      "ra:despawn": { "minecraft:instant_despawn": {} },
      "ra:reset": { "minecraft:variant": { "value": 0 } },
      "ra:z_game": { "minecraft:addrider": { "entity_type": "ra:z_game" } },
      "ra:target_game": { "minecraft:addrider": { "entity_type": "ra:target_game" } }
    },

    "events": {
      "minecraft:entity_spawned": { "add": { "component_groups": [ "ra:z_game", "ra:target_game" ] } },
      "ra:z_game": { "add": { "component_groups": ["ra:z_game"] } },
      "ra:target_game": { "add": { "component_groups": ["ra:target_game"] } },
      "ra:despawn": { "add": { "component_groups": ["ra:despawn"] } },
      "ra:reset": { "add": { "component_groups": ["ra:reset"] } }
    }
  }
}
