{
  "format_version": "1.16.0",
  "minecraft:entity": {
    "description": {
      "identifier": "ra:target_game",
      "is_spawnable": false,
      "is_summonable": true,
      "is_experimental": false,
      "scripts": {
        "animate": [ "root", "target_game.spawn_heads" ]
      },
      "animations": {
        "root": "controller.animation.target_game",
        "spawn": "animation.target_game.spawn_targets",
        "spawn_heads": "animation.target_game.spawn_head_targets",
        "target_game.spawn_heads": "controller.animation.target_game.spawn_heads",
        "sfx_vfx": "animation.target_game.sfx_vfx"
      }
    },
    "components": {
      "minecraft:type_family": { "family": [ "menu" ] },
      "minecraft:damage_sensor": {
        "triggers": [
          {
            "on_damage": {
              "filters": {
                "all_of": [
                  { "test": "is_family", "subject": "other", "value": "player" },
                  { "test": "has_damage", "subject": "self", "value": "attack" }
                ]
              },
              "event": "ra:spawn_targets"
            },
            "deals_damage": false
          },
          {
            "cause": "all",
            "deals_damage": false
          }
        ]
      },
      "minecraft:interact": {
        "interactions": [
          {
            "on_interact": {
              "filters": {
                "all_of": [
                  { "test": "is_variant", "value": 0 }
                ]
              },
              "event": "ra:spawn_targets"
            },
            "swing": true
          }
        ]
      },
      "minecraft:knockback_resistance":{
        "value": 1
      },
      "minecraft:fire_immune": {},
      "minecraft:collision_box": {
        "width": 0,
        "height": 0
      },
      "minecraft:custom_hit_test": {
        "hitboxes": [
          {
            "width": 0.25,
            "height": 0.5,
            "pivot": [ 0, 0, 0 ]
          },
          {
            "width": 0.25,
            "height": 0.5,
            "pivot": [ 0, 0, 0.25 ]
          },
          {
            "width": 0.25,
            "height": 0.5,
            "pivot": [ 0, 0, -0.25 ]
          },
          {
            "width": 0.25,
            "height": 0.5,
            "pivot": [ 0, 0, 0.5 ]
          },
          {
            "width": 0.25,
            "height": 0.5,
            "pivot": [ 0, 0, 0.75 ]
          },
          {
            "width": 0.25,
            "height": 0.5,
            "pivot": [ 0, 0, -0.5 ]
          }
        ]
      },
      "minecraft:health": {
        "value": 99999,
        "max": 99999
      },
      "minecraft:nameable": {},
      "minecraft:physics": {
        "has_collision": false,
        "has_gravity": false
      }
    },
    "component_groups": {
      "ra:despawn":{ "minecraft:instant_despawn": {} },
      "ra:default":{ "minecraft:variant": { "value": 0 } },
      "ra:spawn_targets":{ "minecraft:variant": { "value": 1 } },
      "ra:spawn_heads":{ "minecraft:is_stunned": {} }
    },
    "events": {
      "ra:despawn": { "add": { "component_groups": [ "ra:despawn" ] } },
      "ra:default": { "remove": { "component_groups": [ "ra:spawn_targets" ] }, "add": { "component_groups": [ "ra:default" ] } },
      "ra:spawn_targets": { "remove": { "component_groups": [ "ra:default" ] }, "add": { "component_groups": [ "ra:spawn_targets", "ra:spawn_heads" ] } },
      "ra:spawn_heads": { "add": { "component_groups": [ "ra:spawn_heads" ] } },
      "ra:remove_spawn_heads": { "remove": { "component_groups": [ "ra:spawn_heads" ] } }
    }
  }
}