{
	"format_version": "1.19.80",
	"minecraft:block": {
		"description": {
			"identifier": "ra:cobble_mossy_slab",
			"menu_category": {
				"category": "construction",
				"group": "itemGroup.name.stoneBrick"
			}
		},
		"components": {
			"minecraft:geometry": "geometry.ra_slab",
			"minecraft:selection_box": {
				"origin": [ -8.0, 0, -8.0 ],
				"size": [ 16, 8, 16 ]
			},
			"minecraft:collision_box": {
				"origin": [ -8.0, 0, -8.0 ],
				"size": [ 16, 8, 16 ]
			},
			"minecraft:destructible_by_mining": {
				"seconds_to_destroy": 1
			},
			"minecraft:destructible_by_explosion": {
				"explosion_resistance": 30
			},
			"minecraft:material_instances": {
				"*": {
					"texture": "cobble_mossy",
					"render_method": "alpha_test"
				}
			},
			"minecraft:map_color": "#8d8d8d"
		}
	}
}