{
  "format_version": "1.19.80",
  "minecraft:block": {
    "description": {
      "identifier": "ra:grass_dead",
      "menu_category": { 
        "category": "nature",
				"group": "itemGroup.name.grass"
      }
    },
    "components": {
      "minecraft:geometry": "geometry.ra_plant",
			"minecraft:selection_box": {
				"origin": [ -8, 0, -8 ],
				"size": [ 16, 8, 16 ]
			},
			"minecraft:collision_box": false,
      "minecraft:material_instances": {
        "*": {
          "ambient_occlusion": false,
          "face_dimming": false,
          "texture": "grass_dead",
          "render_method": "alpha_test"
        }
      },
      "minecraft:map_color": "#ffdf3c",
      "minecraft:light_dampening": 0,
      "minecraft:destructible_by_mining": {
        "seconds_to_destroy": 0
      }
    }
  }
}