{
	"format_version": "1.20.0",
	"minecraft:block": {
		"description": {
			"identifier": "ra:pumpkin_bomb.barrier",
			"register_to_creative_menu": false
		},
		"components": {
			"minecraft:selection_box": {
				"origin": [ -5, 0, -5 ],
				"size": [ 10, 10, 10 ]
			},
			"minecraft:collision_box": {
				"origin": [ -5, 0, -5 ],
				"size": [ 10, 10, 10 ]
			},
			"minecraft:light_emission": 0,
			"minecraft:destructible_by_mining": false,
			"minecraft:destructible_by_explosion": false,
			"minecraft:flammable": false,
			"minecraft:geometry": "geometry.ra_plant",
			"minecraft:material_instances": {
				"*": {
					"texture": "air_light",
					// "texture": "pumpkin_side",
					"render_method": "blend"
				}
			}
		}
	}
}