{
	"format_version": "1.20.50",
	"minecraft:block": {
		"description": {
			"identifier": "ra:roof_shingles_corner",
			"menu_category": {
				"category": "construction",
				"group": "itemGroup.name.planks"
			},
			"traits": {
				"minecraft:placement_direction": {
				  "enabled_states": ["minecraft:cardinal_direction"]
				}
			}
		},
		"permutations": [
		  {
			"condition": "q.block_state('minecraft:cardinal_direction') == 'north'",
			"components": {
				"minecraft:transformation": {
					"rotation": [0, 180, 0]
				}
			}
		  },
		  {
			"condition": "q.block_state('minecraft:cardinal_direction') == 'south'",
			"components": {
				"minecraft:transformation": {
					"rotation": [0, 0, 0]
				}
			}
		  },
		  {
			"condition": "q.block_state('minecraft:cardinal_direction') == 'east'",
			"components": {
				"minecraft:transformation": {
					"rotation": [0, 90, 0]
				}
			}
		  },
		  {
			"condition": "q.block_state('minecraft:cardinal_direction') == 'west'",
			"components": {
				"minecraft:transformation": {
					"rotation": [0, -90, 0]
				}
			}
		  }
		],
		"components": {
			"minecraft:destructible_by_mining": { "seconds_to_destroy": 1.5 },
			"minecraft:destructible_by_explosion": { "explosion_resistance": 30 },
			"minecraft:geometry": "geometry.roof_shingles_corner",
			"minecraft:material_instances": {
				"*": {
					"texture": "roof_shingles_corner",
					"render_method": "alpha_test"
				}
			},
			"minecraft:map_color": "#3d372e"
		}
	}
}