{
	"format_version": "1.20.50",
	"minecraft:block": {
		"description": {
			"identifier": "ra:stand",
			"menu_category": {
				"category": "construction",
				"group": "itemGroup.name.fence"
			},
			"traits": {
				"minecraft:placement_direction": {
				  "enabled_states": ["minecraft:cardinal_direction"]
				}
			}
		},
		"permutations": [
		  {
			"condition": "q.block_state('minecraft:cardinal_direction') == 'north'",
			"components": {
				"minecraft:transformation": {
					"rotation": [0, 0, 0]
				}
			}
		  },
		  {
			"condition": "q.block_state('minecraft:cardinal_direction') == 'south'",
			"components": {
				"minecraft:transformation": {
					"rotation": [0, 180, 0]
				}
			}
		  },
		  {
			"condition": "q.block_state('minecraft:cardinal_direction') == 'east'",
			"components": {
				"minecraft:transformation": {
					"rotation": [0, 90, 0]
				}
			}
		  },
		  {
			"condition": "q.block_state('minecraft:cardinal_direction') == 'west'",
			"components": {
				"minecraft:transformation": {
					"rotation": [0, -90, 0]
				}
			}
		  }
		],
		"components": {
			"minecraft:destructible_by_mining": { "seconds_to_destroy": 1 },
			"minecraft:destructible_by_explosion": { "explosion_resistance": 15 },
			"minecraft:flammable": {
				"destroy_chance_modifier": 20,
				"catch_chance_modifier": 5
			},
			"minecraft:geometry": "geometry.stand",
			"minecraft:material_instances": {
				"*": {
					"ambient_occlusion": true,
					"face_dimming": true,
					"texture": "stand_1",
					"render_method": "alpha_test"
				}
			},
			"minecraft:light_dampening": 6,
			"minecraft:map_color": "#52422a"
		}
	}
}