{
    "format_version": "1.12",
    "minecraft:recipe_shaped": {
      "description": {
      "identifier": "ra:m79_shell"
      },
      "tags": [ "crafting_table" ],
      "pattern": [
        "Xf ",
        "xx ",
        "AA "
      ],
      "key": {
        "A": { "item": "ra:bullet_powder" },
        "f": { "item": "minecraft:gunpowder" },
        "X": { "item": "minecraft:fire_charge" },
        "x": { "item": "ra:copper_nugget" }
      },
      "result": {
        "item": "ra:m79_shell"
      }
    }
  }
  