{
  "format_version": "1.17.10",
  "minecraft:entity": {
    "description": {
      "identifier": "ra:grenade.projectile",
      "runtime_identifier": "minecraft:snowball",
      "is_spawnable": false,
      "is_summonable": true,
      "is_experimental": false,
      "scripts": {
        "animate": [
          "grenade_projectile",
          { "impact_water": "q.is_in_water" }
        ]
      },
      "animations": {
        "grenade_projectile": "controller.animation.grenade_projectile",
        "impact_water": "animation.grenade_impact_water"
      }
    },
    "components": {
      "minecraft:tick_world": {
        "distance_to_players": 250,
        "never_despawn": false,
        "radius": 1
      },
      "minecraft:health": {
        "value": 12,
        "min": 1,
        "max": 12
      },
      "minecraft:collision_box": {
        "width": 0.2,
        "height": 0.3
      },
			"minecraft:pushable": {
				"is_pushable": true,
				"is_pushable_by_piston": true
			},
			"minecraft:conditional_bandwidth_optimization": {
				"default_values": {
					"max_optimized_distance": 80.0,
					"max_dropped_ticks": 7,
					"use_motion_prediction_hints": true
				  }
			},
      "minecraft:physics": {}
    },

    "component_groups": {
      "ra:pre_explode": {
        "minecraft:variant": {
          "value": 1
        }
      },
      "ra:grenade_explode": {
        "minecraft:area_attack": {
            "damage_range": 2.5,
            "damage_per_tick": 18,
            "cause": "contact",
            "entity_filter": {
              "none_of": [
                {
                    "test": "is_family",
                    "subject": "other",
                    "value": "inanimate"
                },
                {
                    "test": "is_family",
                    "subject": "other",
                    "value": "item"
                },
                {
                    "test": "is_family",
                    "subject": "other",
                    "value": "ra_dummy"
                }
              ]
            }
        },
				"minecraft:explode": {
					"fuse_length": 0,
					"fuse_lit": true,
					"power": 2.5,
					"causes_fire": false,
					"destroy_affected_by_griefing": true
				},
        "minecraft:timer": {
          "time": 0.05,
          "looping": false,
          "time_down_event": {
            "event": "ra:despawn"
          }
        }
      },

      "ra:grenade_1": {
        "minecraft:skin_id": { "value": 1 },
        "minecraft:projectile": {
          "on_hit": {
            "stick_in_ground": {
              "shake_time" : 0.1
            },
            "impact_damage": {
              "damage": 2,
              "knockback": false,
              "catch_fire": false,
              "semi_random_diff_damage": false
            }
          },
          "stop_on_hurt": true,
          "should_bounce": true,
          "power": 1.075,
          "gravity": 0.05,
          "inertia": 1,
          "liquid_inertia": 0.65,
          "anchor": 99999,
          "offset": [ 0,0.15,0 ],
          "semi_random_diff_damage": true,
          "uncertainty_base": 0.5,
          "reflect_on_hurt": true
        },
        "minecraft:timer": {
          "time": 4.0,
          "looping": false,
          "time_down_event": {
            "event": "ra:pre_explode"
          }
        }
      },
      "ra:grenade_2": {
        "minecraft:skin_id": { "value": 2 },
        "minecraft:projectile": {
          "on_hit": {
            "stick_in_ground": {
              "shake_time" : 0.1
            },
            "impact_damage": {
              "damage": 2,
              "knockback": false,
              "catch_fire": false,
              "semi_random_diff_damage": false
            }
          },
          "stop_on_hurt": true,
          "should_bounce": true,
          "power": 1.075,
          "gravity": 0.05,
          "inertia": 1,
          "liquid_inertia": 0.65,
          "anchor": 99999,
          "offset": [ 0,0.15,0 ],
          "semi_random_diff_damage": true,
          "uncertainty_base": 0.5,
          "reflect_on_hurt": true
        },
        "minecraft:timer": {
          "time": 4.0,
          "looping": false,
          "time_down_event": {
            "event": "ra:pre_explode"
          }
        }
      },
      "ra:grenade_3": {
        "minecraft:skin_id": { "value": 3 },
        "minecraft:projectile": {
          "on_hit": {
            "stick_in_ground": {
              "shake_time" : 0.1
            },
            "impact_damage": {
              "damage": 2,
              "knockback": false,
              "catch_fire": false,
              "semi_random_diff_damage": false
            }
          },
          "stop_on_hurt": true,
          "should_bounce": true,
          "power": 1.075,
          "gravity": 0.05,
          "inertia": 1,
          "liquid_inertia": 0.65,
          "anchor": 99999,
          "offset": [ 0,0.15,0 ],
          "semi_random_diff_damage": true,
          "uncertainty_base": 0.5,
          "reflect_on_hurt": true
        },
        "minecraft:timer": {
          "time": 3.9,
          "looping": false,
          "time_down_event": {
            "event": "ra:pre_explode"
          }
        }
      },
      "ra:grenade_4": {
        "minecraft:skin_id": { "value": 4 },
        "minecraft:projectile": {
          "on_hit": {
            "stick_in_ground": {
              "shake_time" : 0.1
            },
            "impact_damage": {
              "damage": 2,
              "knockback": false,
              "catch_fire": false,
              "semi_random_diff_damage": false
            }
          },
          "stop_on_hurt": true,
          "should_bounce": true,
          "power": 1.075,
          "gravity": 0.05,
          "inertia": 1,
          "liquid_inertia": 0.65,
          "anchor": 99999,
          "offset": [ 0,0.15,0 ],
          "semi_random_diff_damage": true,
          "uncertainty_base": 0.5,
          "reflect_on_hurt": true
        },
        "minecraft:timer": {
          "time": 3.8,
          "looping": false,
          "time_down_event": {
            "event": "ra:pre_explode"
          }
        }
      },
      "ra:grenade_5": {
        "minecraft:skin_id": { "value": 5 },
        "minecraft:projectile": {
          "on_hit": {
            "stick_in_ground": {
              "shake_time" : 0.1
            },
            "impact_damage": {
              "damage": 2,
              "knockback": false,
              "catch_fire": false,
              "semi_random_diff_damage": false
            }
          },
          "stop_on_hurt": true,
          "should_bounce": true,
          "power": 1.075,
          "gravity": 0.05,
          "inertia": 1,
          "liquid_inertia": 0.65,
          "anchor": 99999,
          "offset": [ 0,0.15,0 ],
          "semi_random_diff_damage": true,
          "uncertainty_base": 0.5,
          "reflect_on_hurt": true
        },
        "minecraft:timer": {
          "time": 3.7,
          "looping": false,
          "time_down_event": {
            "event": "ra:pre_explode"
          }
        }
      },
      "ra:grenade_6": {
        "minecraft:skin_id": { "value": 6 },
        "minecraft:projectile": {
          "on_hit": {
            "stick_in_ground": {
              "shake_time" : 0.1
            },
            "impact_damage": {
              "damage": 2,
              "knockback": false,
              "catch_fire": false,
              "semi_random_diff_damage": false
            }
          },
          "stop_on_hurt": true,
          "should_bounce": true,
          "power": 1.075,
          "gravity": 0.05,
          "inertia": 1,
          "liquid_inertia": 0.65,
          "anchor": 99999,
          "offset": [ 0,0.15,0 ],
          "semi_random_diff_damage": true,
          "uncertainty_base": 0.5,
          "reflect_on_hurt": true
        },
        "minecraft:timer": {
          "time": 3.6,
          "looping": false,
          "time_down_event": {
            "event": "ra:pre_explode"
          }
        }
      },
      "ra:grenade_7": {
        "minecraft:skin_id": { "value": 7 },
        "minecraft:projectile": {
          "on_hit": {
            "stick_in_ground": {
              "shake_time" : 0.1
            },
            "impact_damage": {
              "damage": 2,
              "knockback": false,
              "catch_fire": false,
              "semi_random_diff_damage": false
            }
          },
          "stop_on_hurt": true,
          "should_bounce": true,
          "power": 1.075,
          "gravity": 0.05,
          "inertia": 1,
          "liquid_inertia": 0.65,
          "anchor": 99999,
          "offset": [ 0,0.15,0 ],
          "semi_random_diff_damage": true,
          "uncertainty_base": 0.5,
          "reflect_on_hurt": true
        },
        "minecraft:timer": {
          "time": 3.5,
          "looping": false,
          "time_down_event": {
            "event": "ra:pre_explode"
          }
        }
      },
      "ra:grenade_8": {
        "minecraft:skin_id": { "value": 8 },
        "minecraft:projectile": {
          "on_hit": {
            "stick_in_ground": {
              "shake_time" : 0.1
            },
            "impact_damage": {
              "damage": 2,
              "knockback": false,
              "catch_fire": false,
              "semi_random_diff_damage": false
            }
          },
          "stop_on_hurt": true,
          "should_bounce": true,
          "power": 1.075,
          "gravity": 0.05,
          "inertia": 1,
          "liquid_inertia": 0.65,
          "anchor": 99999,
          "offset": [ 0,0.15,0 ],
          "semi_random_diff_damage": true,
          "uncertainty_base": 0.5,
          "reflect_on_hurt": true
        },
        "minecraft:timer": {
          "time": 3.4,
          "looping": false,
          "time_down_event": {
            "event": "ra:pre_explode"
          }
        }
      },
      "ra:grenade_9": {
        "minecraft:skin_id": { "value": 9 },
        "minecraft:projectile": {
          "on_hit": {
            "stick_in_ground": {
              "shake_time" : 0.1
            },
            "impact_damage": {
              "damage": 2,
              "knockback": false,
              "catch_fire": false,
              "semi_random_diff_damage": false
            }
          },
          "stop_on_hurt": true,
          "should_bounce": true,
          "power": 1.075,
          "gravity": 0.05,
          "inertia": 1,
          "liquid_inertia": 0.65,
          "anchor": 99999,
          "offset": [ 0,0.15,0 ],
          "semi_random_diff_damage": true,
          "uncertainty_base": 0.5,
          "reflect_on_hurt": true
        },
        "minecraft:timer": {
          "time": 3.3,
          "looping": false,
          "time_down_event": {
            "event": "ra:pre_explode"
          }
        }
      },
      "ra:grenade_10": {
        "minecraft:skin_id": { "value": 10 },
        "minecraft:projectile": {
          "on_hit": {
            "stick_in_ground": {
              "shake_time" : 0.1
            },
            "impact_damage": {
              "damage": 2,
              "knockback": false,
              "catch_fire": false,
              "semi_random_diff_damage": false
            }
          },
          "stop_on_hurt": true,
          "should_bounce": true,
          "power": 1.075,
          "gravity": 0.05,
          "inertia": 1,
          "liquid_inertia": 0.65,
          "anchor": 99999,
          "offset": [ 0,0.15,0 ],
          "semi_random_diff_damage": true,
          "uncertainty_base": 0.5,
          "reflect_on_hurt": true
        },
        "minecraft:timer": {
          "time": 3.2,
          "looping": false,
          "time_down_event": {
            "event": "ra:pre_explode"
          }
        }
      },
      "ra:grenade_11": {
        "minecraft:skin_id": { "value": 11 },
        "minecraft:projectile": {
          "on_hit": {
            "stick_in_ground": {
              "shake_time" : 0.1
            },
            "impact_damage": {
              "damage": 2,
              "knockback": false,
              "catch_fire": false,
              "semi_random_diff_damage": false
            }
          },
          "stop_on_hurt": true,
          "should_bounce": true,
          "power": 1.075,
          "gravity": 0.05,
          "inertia": 1,
          "liquid_inertia": 0.65,
          "anchor": 99999,
          "offset": [ 0,0.15,0 ],
          "semi_random_diff_damage": true,
          "uncertainty_base": 0.5,
          "reflect_on_hurt": true
        },
        "minecraft:timer": {
          "time": 3.1,
          "looping": false,
          "time_down_event": {
            "event": "ra:pre_explode"
          }
        }
      },
      "ra:grenade_12": {
        "minecraft:skin_id": { "value": 12 },
        "minecraft:projectile": {
          "on_hit": {
            "stick_in_ground": {
              "shake_time" : 0.1
            },
            "impact_damage": {
              "damage": 2,
              "knockback": false,
              "catch_fire": false,
              "semi_random_diff_damage": false
            }
          },
          "stop_on_hurt": true,
          "should_bounce": true,
          "power": 1.075,
          "gravity": 0.05,
          "inertia": 1,
          "liquid_inertia": 0.65,
          "anchor": 99999,
          "offset": [ 0,0.15,0 ],
          "semi_random_diff_damage": true,
          "uncertainty_base": 0.5,
          "reflect_on_hurt": true
        },
        "minecraft:timer": {
          "time": 3.0,
          "looping": false,
          "time_down_event": {
            "event": "ra:pre_explode"
          }
        }
      },
      "ra:grenade_13": {
        "minecraft:skin_id": { "value": 13 },
        "minecraft:projectile": {
          "on_hit": {
            "stick_in_ground": {
              "shake_time" : 0.1
            },
            "impact_damage": {
              "damage": 2,
              "knockback": false,
              "catch_fire": false,
              "semi_random_diff_damage": false
            }
          },
          "stop_on_hurt": true,
          "should_bounce": true,
          "power": 1.075,
          "gravity": 0.05,
          "inertia": 1,
          "liquid_inertia": 0.65,
          "anchor": 99999,
          "offset": [ 0,0.15,0 ],
          "semi_random_diff_damage": true,
          "uncertainty_base": 0.5,
          "reflect_on_hurt": true
        },
        "minecraft:timer": {
          "time": 2.9,
          "looping": false,
          "time_down_event": {
            "event": "ra:pre_explode"
          }
        }
      },
      "ra:grenade_14": {
        "minecraft:skin_id": { "value": 14 },
        "minecraft:projectile": {
          "on_hit": {
            "stick_in_ground": {
              "shake_time" : 0.1
            },
            "impact_damage": {
              "damage": 2,
              "knockback": false,
              "catch_fire": false,
              "semi_random_diff_damage": false
            }
          },
          "stop_on_hurt": true,
          "should_bounce": true,
          "power": 1.075,
          "gravity": 0.05,
          "inertia": 1,
          "liquid_inertia": 0.65,
          "anchor": 99999,
          "offset": [ 0,0.15,0 ],
          "semi_random_diff_damage": true,
          "uncertainty_base": 0.5,
          "reflect_on_hurt": true
        },
        "minecraft:timer": {
          "time": 2.8,
          "looping": false,
          "time_down_event": {
            "event": "ra:pre_explode"
          }
        }
      },
      "ra:grenade_15": {
        "minecraft:skin_id": { "value": 15 },
        "minecraft:projectile": {
          "on_hit": {
            "stick_in_ground": {
              "shake_time" : 0.1
            },
            "impact_damage": {
              "damage": 2,
              "knockback": false,
              "catch_fire": false,
              "semi_random_diff_damage": false
            }
          },
          "stop_on_hurt": true,
          "should_bounce": true,
          "power": 1.075,
          "gravity": 0.05,
          "inertia": 1,
          "liquid_inertia": 0.65,
          "anchor": 99999,
          "offset": [ 0,0.15,0 ],
          "semi_random_diff_damage": true,
          "uncertainty_base": 0.5,
          "reflect_on_hurt": true
        },
        "minecraft:timer": {
          "time": 2.7,
          "looping": false,
          "time_down_event": {
            "event": "ra:pre_explode"
          }
        }
      },
      "ra:grenade_16": {
        "minecraft:skin_id": { "value": 16 },
        "minecraft:projectile": {
          "on_hit": {
            "stick_in_ground": {
              "shake_time" : 0.1
            },
            "impact_damage": {
              "damage": 2,
              "knockback": false,
              "catch_fire": false,
              "semi_random_diff_damage": false
            }
          },
          "stop_on_hurt": true,
          "should_bounce": true,
          "power": 1.075,
          "gravity": 0.05,
          "inertia": 1,
          "liquid_inertia": 0.65,
          "anchor": 99999,
          "offset": [ 0,0.15,0 ],
          "semi_random_diff_damage": true,
          "uncertainty_base": 0.5,
          "reflect_on_hurt": true
        },
        "minecraft:timer": {
          "time": 2.6,
          "looping": false,
          "time_down_event": {
            "event": "ra:pre_explode"
          }
        }
      },
      "ra:grenade_17": {
        "minecraft:skin_id": { "value": 17 },
        "minecraft:projectile": {
          "on_hit": {
            "stick_in_ground": {
              "shake_time" : 0.1
            },
            "impact_damage": {
              "damage": 2,
              "knockback": false,
              "catch_fire": false,
              "semi_random_diff_damage": false
            }
          },
          "stop_on_hurt": true,
          "should_bounce": true,
          "power": 1.075,
          "gravity": 0.05,
          "inertia": 1,
          "liquid_inertia": 0.65,
          "anchor": 99999,
          "offset": [ 0,0.15,0 ],
          "semi_random_diff_damage": true,
          "uncertainty_base": 0.5,
          "reflect_on_hurt": true
        },
        "minecraft:timer": {
          "time": 2.5,
          "looping": false,
          "time_down_event": {
            "event": "ra:pre_explode"
          }
        }
      },
      "ra:grenade_18": {
        "minecraft:skin_id": { "value": 18 },
        "minecraft:projectile": {
          "on_hit": {
            "stick_in_ground": {
              "shake_time" : 0.1
            },
            "impact_damage": {
              "damage": 2,
              "knockback": false,
              "catch_fire": false,
              "semi_random_diff_damage": false
            }
          },
          "stop_on_hurt": true,
          "should_bounce": true,
          "power": 1.075,
          "gravity": 0.05,
          "inertia": 1,
          "liquid_inertia": 0.65,
          "anchor": 99999,
          "offset": [ 0,0.15,0 ],
          "semi_random_diff_damage": true,
          "uncertainty_base": 0.5,
          "reflect_on_hurt": true
        },
        "minecraft:timer": {
          "time": 2.4,
          "looping": false,
          "time_down_event": {
            "event": "ra:pre_explode"
          }
        }
      },
      "ra:grenade_19": {
        "minecraft:skin_id": { "value": 19 },
        "minecraft:projectile": {
          "on_hit": {
            "stick_in_ground": {
              "shake_time" : 0.1
            },
            "impact_damage": {
              "damage": 2,
              "knockback": false,
              "catch_fire": false,
              "semi_random_diff_damage": false
            }
          },
          "stop_on_hurt": true,
          "should_bounce": true,
          "power": 1.075,
          "gravity": 0.05,
          "inertia": 1,
          "liquid_inertia": 0.65,
          "anchor": 99999,
          "offset": [ 0,0.15,0 ],
          "semi_random_diff_damage": true,
          "uncertainty_base": 0.5,
          "reflect_on_hurt": true
        },
        "minecraft:timer": {
          "time": 2.3,
          "looping": false,
          "time_down_event": {
            "event": "ra:pre_explode"
          }
        }
      },
      "ra:grenade_20": {
        "minecraft:skin_id": { "value": 20 },
        "minecraft:projectile": {
          "on_hit": {
            "stick_in_ground": {
              "shake_time" : 0.1
            },
            "impact_damage": {
              "damage": 2,
              "knockback": false,
              "catch_fire": false,
              "semi_random_diff_damage": false
            }
          },
          "stop_on_hurt": true,
          "should_bounce": true,
          "power": 1.075,
          "gravity": 0.05,
          "inertia": 1,
          "liquid_inertia": 0.65,
          "anchor": 99999,
          "offset": [ 0,0.15,0 ],
          "semi_random_diff_damage": true,
          "uncertainty_base": 0.5,
          "reflect_on_hurt": true
        },
        "minecraft:timer": {
          "time": 2.2,
          "looping": false,
          "time_down_event": {
            "event": "ra:pre_explode"
          }
        }
      },
      "ra:grenade_21": {
        "minecraft:skin_id": { "value": 21 },
        "minecraft:projectile": {
          "on_hit": {
            "stick_in_ground": {
              "shake_time" : 0.1
            },
            "impact_damage": {
              "damage": 2,
              "knockback": false,
              "catch_fire": false,
              "semi_random_diff_damage": false
            }
          },
          "stop_on_hurt": true,
          "should_bounce": true,
          "power": 1.075,
          "gravity": 0.05,
          "inertia": 1,
          "liquid_inertia": 0.65,
          "anchor": 99999,
          "offset": [ 0,0.15,0 ],
          "semi_random_diff_damage": true,
          "uncertainty_base": 0.5,
          "reflect_on_hurt": true
        },
        "minecraft:timer": {
          "time": 2.1,
          "looping": false,
          "time_down_event": {
            "event": "ra:pre_explode"
          }
        }
      },
      "ra:grenade_22": {
        "minecraft:skin_id": { "value": 22 },
        "minecraft:projectile": {
          "on_hit": {
            "stick_in_ground": {
              "shake_time" : 0.1
            },
            "impact_damage": {
              "damage": 2,
              "knockback": false,
              "catch_fire": false,
              "semi_random_diff_damage": false
            }
          },
          "stop_on_hurt": true,
          "should_bounce": true,
          "power": 1.075,
          "gravity": 0.05,
          "inertia": 1,
          "liquid_inertia": 0.65,
          "anchor": 99999,
          "offset": [ 0,0.15,0 ],
          "semi_random_diff_damage": true,
          "uncertainty_base": 0.5,
          "reflect_on_hurt": true
        },
        "minecraft:timer": {
          "time": 2.0,
          "looping": false,
          "time_down_event": {
            "event": "ra:pre_explode"
          }
        }
      },
      "ra:grenade_23": {
        "minecraft:skin_id": { "value": 23 },
        "minecraft:projectile": {
          "on_hit": {
            "stick_in_ground": {
              "shake_time" : 0.1
            },
            "impact_damage": {
              "damage": 2,
              "knockback": false,
              "catch_fire": false,
              "semi_random_diff_damage": false
            }
          },
          "stop_on_hurt": true,
          "should_bounce": true,
          "power": 1.075,
          "gravity": 0.05,
          "inertia": 1,
          "liquid_inertia": 0.65,
          "anchor": 99999,
          "offset": [ 0,0.15,0 ],
          "semi_random_diff_damage": true,
          "uncertainty_base": 0.5,
          "reflect_on_hurt": true
        },
        "minecraft:timer": {
          "time": 1.9,
          "looping": false,
          "time_down_event": {
            "event": "ra:pre_explode"
          }
        }
      },
      "ra:grenade_24": {
        "minecraft:skin_id": { "value": 24 },
        "minecraft:projectile": {
          "on_hit": {
            "stick_in_ground": {
              "shake_time" : 0.1
            },
            "impact_damage": {
              "damage": 2,
              "knockback": false,
              "catch_fire": false,
              "semi_random_diff_damage": false
            }
          },
          "stop_on_hurt": true,
          "should_bounce": true,
          "power": 1.075,
          "gravity": 0.05,
          "inertia": 1,
          "liquid_inertia": 0.65,
          "anchor": 99999,
          "offset": [ 0,0.15,0 ],
          "semi_random_diff_damage": true,
          "uncertainty_base": 0.5,
          "reflect_on_hurt": true
        },
        "minecraft:timer": {
          "time": 1.8,
          "looping": false,
          "time_down_event": {
            "event": "ra:pre_explode"
          }
        }
      },
      "ra:grenade_25": {
        "minecraft:skin_id": { "value": 25 },
        "minecraft:projectile": {
          "on_hit": {
            "stick_in_ground": {
              "shake_time" : 0.1
            },
            "impact_damage": {
              "damage": 2,
              "knockback": false,
              "catch_fire": false,
              "semi_random_diff_damage": false
            }
          },
          "stop_on_hurt": true,
          "should_bounce": true,
          "power": 1.075,
          "gravity": 0.05,
          "inertia": 1,
          "liquid_inertia": 0.65,
          "anchor": 99999,
          "offset": [ 0,0.15,0 ],
          "semi_random_diff_damage": true,
          "uncertainty_base": 0.5,
          "reflect_on_hurt": true
        },
        "minecraft:timer": {
          "time": 1.7,
          "looping": false,
          "time_down_event": {
            "event": "ra:pre_explode"
          }
        }
      },
      "ra:grenade_26": {
        "minecraft:skin_id": { "value": 26 },
        "minecraft:projectile": {
          "on_hit": {
            "stick_in_ground": {
              "shake_time" : 0.1
            },
            "impact_damage": {
              "damage": 2,
              "knockback": false,
              "catch_fire": false,
              "semi_random_diff_damage": false
            }
          },
          "stop_on_hurt": true,
          "should_bounce": true,
          "power": 1.075,
          "gravity": 0.05,
          "inertia": 1,
          "liquid_inertia": 0.65,
          "anchor": 99999,
          "offset": [ 0,0.15,0 ],
          "semi_random_diff_damage": true,
          "uncertainty_base": 0.5,
          "reflect_on_hurt": true
        },
        "minecraft:timer": {
          "time": 1.6,
          "looping": false,
          "time_down_event": {
            "event": "ra:pre_explode"
          }
        }
      },
      "ra:grenade_27": {
        "minecraft:skin_id": { "value": 27 },
        "minecraft:projectile": {
          "on_hit": {
            "stick_in_ground": {
              "shake_time" : 0.1
            },
            "impact_damage": {
              "damage": 2,
              "knockback": false,
              "catch_fire": false,
              "semi_random_diff_damage": false
            }
          },
          "stop_on_hurt": true,
          "should_bounce": true,
          "power": 1.075,
          "gravity": 0.05,
          "inertia": 1,
          "liquid_inertia": 0.65,
          "anchor": 99999,
          "offset": [ 0,0.15,0 ],
          "semi_random_diff_damage": true,
          "uncertainty_base": 0.5,
          "reflect_on_hurt": true
        },
        "minecraft:timer": {
          "time": 1.5,
          "looping": false,
          "time_down_event": {
            "event": "ra:pre_explode"
          }
        }
      },
      "ra:grenade_28": {
        "minecraft:skin_id": { "value": 28 },
        "minecraft:projectile": {
          "on_hit": {
            "stick_in_ground": {
              "shake_time" : 0.1
            },
            "impact_damage": {
              "damage": 2,
              "knockback": false,
              "catch_fire": false,
              "semi_random_diff_damage": false
            }
          },
          "stop_on_hurt": true,
          "should_bounce": true,
          "power": 1.075,
          "gravity": 0.05,
          "inertia": 1,
          "liquid_inertia": 0.65,
          "anchor": 99999,
          "offset": [ 0,0.15,0 ],
          "semi_random_diff_damage": true,
          "uncertainty_base": 0.5,
          "reflect_on_hurt": true
        },
        "minecraft:timer": {
          "time": 1.4,
          "looping": false,
          "time_down_event": {
            "event": "ra:pre_explode"
          }
        }
      },
      "ra:grenade_29": {
        "minecraft:skin_id": { "value": 29 },
        "minecraft:projectile": {
          "on_hit": {
            "stick_in_ground": {
              "shake_time" : 0.1
            },
            "impact_damage": {
              "damage": 2,
              "knockback": false,
              "catch_fire": false,
              "semi_random_diff_damage": false
            }
          },
          "stop_on_hurt": true,
          "should_bounce": true,
          "power": 1.075,
          "gravity": 0.05,
          "inertia": 1,
          "liquid_inertia": 0.65,
          "anchor": 99999,
          "offset": [ 0,0.15,0 ],
          "semi_random_diff_damage": true,
          "uncertainty_base": 0.5,
          "reflect_on_hurt": true
        },
        "minecraft:timer": {
          "time": 1.3,
          "looping": false,
          "time_down_event": {
            "event": "ra:pre_explode"
          }
        }
      },
      "ra:grenade_30": {
        "minecraft:skin_id": { "value": 30 },
        "minecraft:projectile": {
          "on_hit": {
            "stick_in_ground": {
              "shake_time" : 0.1
            },
            "impact_damage": {
              "damage": 2,
              "knockback": false,
              "catch_fire": false,
              "semi_random_diff_damage": false
            }
          },
          "stop_on_hurt": true,
          "should_bounce": true,
          "power": 1.075,
          "gravity": 0.05,
          "inertia": 1,
          "liquid_inertia": 0.65,
          "anchor": 99999,
          "offset": [ 0,0.15,0 ],
          "semi_random_diff_damage": true,
          "uncertainty_base": 0.5,
          "reflect_on_hurt": true
        },
        "minecraft:timer": {
          "time": 1.2,
          "looping": false,
          "time_down_event": {
            "event": "ra:pre_explode"
          }
        }
      },
      "ra:grenade_31": {
        "minecraft:skin_id": { "value": 31 },
        "minecraft:projectile": {
          "on_hit": {
            "stick_in_ground": {
              "shake_time" : 0.1
            },
            "impact_damage": {
              "damage": 2,
              "knockback": false,
              "catch_fire": false,
              "semi_random_diff_damage": false
            }
          },
          "stop_on_hurt": true,
          "should_bounce": true,
          "power": 1.075,
          "gravity": 0.05,
          "inertia": 1,
          "liquid_inertia": 0.65,
          "anchor": 99999,
          "offset": [ 0,0.15,0 ],
          "semi_random_diff_damage": true,
          "uncertainty_base": 0.5,
          "reflect_on_hurt": true
        },
        "minecraft:timer": {
          "time": 1.1,
          "looping": false,
          "time_down_event": {
            "event": "ra:pre_explode"
          }
        }
      },
      "ra:grenade_32": {
        "minecraft:skin_id": { "value": 32 },
        "minecraft:projectile": {
          "on_hit": {
            "stick_in_ground": {
              "shake_time" : 0.1
            },
            "impact_damage": {
              "damage": 2,
              "knockback": false,
              "catch_fire": false,
              "semi_random_diff_damage": false
            }
          },
          "stop_on_hurt": true,
          "should_bounce": true,
          "power": 1.075,
          "gravity": 0.05,
          "inertia": 1,
          "liquid_inertia": 0.65,
          "anchor": 99999,
          "offset": [ 0,0.15,0 ],
          "semi_random_diff_damage": true,
          "uncertainty_base": 0.5,
          "reflect_on_hurt": true
        },
        "minecraft:timer": {
          "time": 1.0,
          "looping": false,
          "time_down_event": {
            "event": "ra:pre_explode"
          }
        }
      },
      "ra:grenade_33": {
        "minecraft:skin_id": { "value": 33 },
        "minecraft:projectile": {
          "on_hit": {
            "stick_in_ground": {
              "shake_time" : 0.1
            },
            "impact_damage": {
              "damage": 2,
              "knockback": false,
              "catch_fire": false,
              "semi_random_diff_damage": false
            }
          },
          "stop_on_hurt": true,
          "should_bounce": true,
          "power": 1.075,
          "gravity": 0.05,
          "inertia": 1,
          "liquid_inertia": 0.65,
          "anchor": 99999,
          "offset": [ 0,0.15,0 ],
          "semi_random_diff_damage": true,
          "uncertainty_base": 0.5,
          "reflect_on_hurt": true
        },
        "minecraft:timer": {
          "time": 0.9,
          "looping": false,
          "time_down_event": {
            "event": "ra:pre_explode"
          }
        }
      },
      "ra:grenade_34": {
        "minecraft:skin_id": { "value": 34 },
        "minecraft:projectile": {
          "on_hit": {
            "stick_in_ground": {
              "shake_time" : 0.1
            },
            "impact_damage": {
              "damage": 2,
              "knockback": false,
              "catch_fire": false,
              "semi_random_diff_damage": false
            }
          },
          "stop_on_hurt": true,
          "should_bounce": true,
          "power": 1.075,
          "gravity": 0.05,
          "inertia": 1,
          "liquid_inertia": 0.65,
          "anchor": 99999,
          "offset": [ 0,0.15,0 ],
          "semi_random_diff_damage": true,
          "uncertainty_base": 0.5,
          "reflect_on_hurt": true
        },
        "minecraft:timer": {
          "time": 0.8,
          "looping": false,
          "time_down_event": {
            "event": "ra:pre_explode"
          }
        }
      },
      "ra:grenade_35": {
        "minecraft:skin_id": { "value": 35 },
        "minecraft:projectile": {
          "on_hit": {
            "stick_in_ground": {
              "shake_time" : 0.1
            },
            "impact_damage": {
              "damage": 2,
              "knockback": false,
              "catch_fire": false,
              "semi_random_diff_damage": false
            }
          },
          "stop_on_hurt": true,
          "should_bounce": true,
          "power": 1.075,
          "gravity": 0.05,
          "inertia": 1,
          "liquid_inertia": 0.65,
          "anchor": 99999,
          "offset": [ 0,0.15,0 ],
          "semi_random_diff_damage": true,
          "uncertainty_base": 0.5,
          "reflect_on_hurt": true
        },
        "minecraft:timer": {
          "time": 0.7,
          "looping": false,
          "time_down_event": {
            "event": "ra:pre_explode"
          }
        }
      },
      "ra:grenade_36": {
        "minecraft:skin_id": { "value": 36 },
        "minecraft:projectile": {
          "on_hit": {
            "stick_in_ground": {
              "shake_time" : 0.1
            },
            "impact_damage": {
              "damage": 2,
              "knockback": false,
              "catch_fire": false,
              "semi_random_diff_damage": false
            }
          },
          "stop_on_hurt": true,
          "should_bounce": true,
          "power": 1.075,
          "gravity": 0.05,
          "inertia": 1,
          "liquid_inertia": 0.65,
          "anchor": 99999,
          "offset": [ 0,0.15,0 ],
          "semi_random_diff_damage": true,
          "uncertainty_base": 0.5,
          "reflect_on_hurt": true
        },
        "minecraft:timer": {
          "time": 0.6,
          "looping": false,
          "time_down_event": {
            "event": "ra:pre_explode"
          }
        }
      },
      "ra:grenade_37": {
        "minecraft:skin_id": { "value": 37 },
        "minecraft:projectile": {
          "on_hit": {
            "stick_in_ground": {
              "shake_time" : 0.1
            },
            "impact_damage": {
              "damage": 2,
              "knockback": false,
              "catch_fire": false,
              "semi_random_diff_damage": false
            }
          },
          "stop_on_hurt": true,
          "should_bounce": true,
          "power": 1.075,
          "gravity": 0.05,
          "inertia": 1,
          "liquid_inertia": 0.65,
          "anchor": 99999,
          "offset": [ 0,0.15,0 ],
          "semi_random_diff_damage": true,
          "uncertainty_base": 0.5,
          "reflect_on_hurt": true
        },
        "minecraft:timer": {
          "time": 0.5,
          "looping": false,
          "time_down_event": {
            "event": "ra:pre_explode"
          }
        }
      },
      "ra:grenade_38": {
        "minecraft:skin_id": { "value": 38 },
        "minecraft:projectile": {
          "on_hit": {
            "stick_in_ground": {
              "shake_time" : 0.1
            },
            "impact_damage": {
              "damage": 2,
              "knockback": false,
              "catch_fire": false,
              "semi_random_diff_damage": false
            }
          },
          "stop_on_hurt": true,
          "should_bounce": true,
          "power": 1.075,
          "gravity": 0.05,
          "inertia": 1,
          "liquid_inertia": 0.65,
          "anchor": 99999,
          "offset": [ 0,0.15,0 ],
          "semi_random_diff_damage": true,
          "uncertainty_base": 0.5,
          "reflect_on_hurt": true
        },
        "minecraft:timer": {
          "time": 0.4,
          "looping": false,
          "time_down_event": {
            "event": "ra:pre_explode"
          }
        }
      },
      "ra:grenade_39": {
        "minecraft:skin_id": { "value": 39 },
        "minecraft:projectile": {
          "on_hit": {
            "stick_in_ground": {
              "shake_time" : 0.1
            },
            "impact_damage": {
              "damage": 2,
              "knockback": false,
              "catch_fire": false,
              "semi_random_diff_damage": false
            }
          },
          "stop_on_hurt": true,
          "should_bounce": true,
          "power": 1.075,
          "gravity": 0.05,
          "inertia": 1,
          "liquid_inertia": 0.65,
          "anchor": 99999,
          "offset": [ 0,0.15,0 ],
          "semi_random_diff_damage": true,
          "uncertainty_base": 0.5,
          "reflect_on_hurt": true
        },
        "minecraft:timer": {
          "time": 0.3,
          "looping": false,
          "time_down_event": {
            "event": "ra:pre_explode"
          }
        }
      },
      "ra:grenade_40": {
        "minecraft:skin_id": { "value": 40 },
        "minecraft:projectile": {
          "on_hit": {
            "stick_in_ground": {
              "shake_time" : 0.1
            },
            "impact_damage": {
              "damage": 2,
              "knockback": false,
              "catch_fire": false,
              "semi_random_diff_damage": false
            }
          },
          "stop_on_hurt": true,
          "should_bounce": true,
          "power": 1.075,
          "gravity": 0.05,
          "inertia": 1,
          "liquid_inertia": 0.65,
          "anchor": 99999,
          "offset": [ 0,0.15,0 ],
          "semi_random_diff_damage": true,
          "uncertainty_base": 0.5,
          "reflect_on_hurt": true
        },
        "minecraft:timer": {
          "time": 0.2,
          "looping": false,
          "time_down_event": {
            "event": "ra:pre_explode"
          }
        }
      },

      "ra:despawn": {
        "minecraft:instant_despawn": {}
      }
    },
    
    "events": {
      "ra:grenade_explode": { "add": { "component_groups": [ "ra:grenade_explode" ] } },
      "ra:pre_explode": { "add": { "component_groups": [ "ra:pre_explode" ] } },

      "ra:grenade_1": { "add": { "component_groups": [ "ra:grenade_1" ] } },
      "ra:grenade_2": { "add": { "component_groups": [ "ra:grenade_2" ] } },
      "ra:grenade_3": { "add": { "component_groups": [ "ra:grenade_3" ] } },
      "ra:grenade_4": { "add": { "component_groups": [ "ra:grenade_4" ] } },
      "ra:grenade_5": { "add": { "component_groups": [ "ra:grenade_5" ] } },
      "ra:grenade_6": { "add": { "component_groups": [ "ra:grenade_6" ] } },
      "ra:grenade_7": { "add": { "component_groups": [ "ra:grenade_7" ] } },
      "ra:grenade_8": { "add": { "component_groups": [ "ra:grenade_8" ] } },
      "ra:grenade_9": { "add": { "component_groups": [ "ra:grenade_9" ] } },
      "ra:grenade_10": { "add": { "component_groups": [ "ra:grenade_10" ] } },
      "ra:grenade_11": { "add": { "component_groups": [ "ra:grenade_11" ] } },
      "ra:grenade_12": { "add": { "component_groups": [ "ra:grenade_12" ] } },
      "ra:grenade_13": { "add": { "component_groups": [ "ra:grenade_13" ] } },
      "ra:grenade_14": { "add": { "component_groups": [ "ra:grenade_14" ] } },
      "ra:grenade_15": { "add": { "component_groups": [ "ra:grenade_15" ] } },
      "ra:grenade_16": { "add": { "component_groups": [ "ra:grenade_16" ] } },
      "ra:grenade_17": { "add": { "component_groups": [ "ra:grenade_17" ] } },
      "ra:grenade_18": { "add": { "component_groups": [ "ra:grenade_18" ] } },
      "ra:grenade_19": { "add": { "component_groups": [ "ra:grenade_19" ] } },
      "ra:grenade_20": { "add": { "component_groups": [ "ra:grenade_20" ] } },
      "ra:grenade_21": { "add": { "component_groups": [ "ra:grenade_21" ] } },
      "ra:grenade_22": { "add": { "component_groups": [ "ra:grenade_22" ] } },
      "ra:grenade_23": { "add": { "component_groups": [ "ra:grenade_23" ] } },
      "ra:grenade_24": { "add": { "component_groups": [ "ra:grenade_24" ] } },
      "ra:grenade_25": { "add": { "component_groups": [ "ra:grenade_25" ] } },
      "ra:grenade_26": { "add": { "component_groups": [ "ra:grenade_26" ] } },
      "ra:grenade_27": { "add": { "component_groups": [ "ra:grenade_27" ] } },
      "ra:grenade_28": { "add": { "component_groups": [ "ra:grenade_28" ] } },
      "ra:grenade_29": { "add": { "component_groups": [ "ra:grenade_29" ] } },
      "ra:grenade_30": { "add": { "component_groups": [ "ra:grenade_30" ] } },
      "ra:grenade_31": { "add": { "component_groups": [ "ra:grenade_31" ] } },
      "ra:grenade_32": { "add": { "component_groups": [ "ra:grenade_32" ] } },
      "ra:grenade_33": { "add": { "component_groups": [ "ra:grenade_33" ] } },
      "ra:grenade_34": { "add": { "component_groups": [ "ra:grenade_34" ] } },
      "ra:grenade_35": { "add": { "component_groups": [ "ra:grenade_35" ] } },
      "ra:grenade_36": { "add": { "component_groups": [ "ra:grenade_36" ] } },
      "ra:grenade_37": { "add": { "component_groups": [ "ra:grenade_37" ] } },
      "ra:grenade_38": { "add": { "component_groups": [ "ra:grenade_38" ] } },
      "ra:grenade_39": { "add": { "component_groups": [ "ra:grenade_39" ] } },
      "ra:grenade_40": { "add": { "component_groups": [ "ra:grenade_40" ] } },

      "ra:despawn": { "add": { "component_groups": [ "ra:despawn" ] } }
    }
  }
}