{
  "format_version": "1.17.10",
  "minecraft:entity": {
    "description": {
      "identifier": "ra:m79_grenade.projectile",
      "runtime_identifier": "minecraft:snowball",
      "is_spawnable": false,
      "is_summonable": true,
      "is_experimental": false,
      "properties": {
        "ra:mob_griefing":{ "client_sync": true, "default": false, "type": "bool" }
      },
      "scripts": {
        "animate": [
          { "sfx": "q.life_time > 0.375" },
          "m79_grenade",
          "move"
        ]
      },
      "animations": {
        "sfx": "animation.projectile.sfx",
        "m79_grenade": "controller.animation.m79_grenade",
        "m79_impact": "animation.m79_impact",
        "move": "controller.animation.m79_casing"
      }
    },
    "components": {
      "minecraft:environment_sensor": {
        "triggers": [
          {
            "event": "ra:mob_griefing.true",
            "target": "self",
            "filters": {
              "all_of": [
                { "test": "is_game_rule", "domain": "mobGriefing", "value": true }
              ]
            }
          },
          {
            "event": "ra:mob_griefing.false",
            "target": "self",
            "filters": {
              "all_of": [
                { "test": "is_game_rule", "domain": "mobGriefing", "value": false }
              ]
            }
          }
        ]
      },
      "minecraft:tick_world": {
        "distance_to_players": 250,
        "never_despawn": false,
        "radius": 2
      },
      "minecraft:health": {
        "value": 1,
        "min": 1,
        "max": 1
      },
      "minecraft:collision_box": {
        "width": 0.15,
        "height": 0.15
      },
			"minecraft:pushable": {
				"is_pushable": true,
				"is_pushable_by_piston": true
			},
			"minecraft:conditional_bandwidth_optimization": {
				"default_values": {
					"max_optimized_distance": 200.0,
					"max_dropped_ticks": 7,
					"use_motion_prediction_hints": true
				  }
			},
      "minecraft:physics": {}
    },
    
    "component_groups": {
      "ra:despawn": { "minecraft:instant_despawn": {} },
      "ra:pre_explode": { "minecraft:variant": { "value": 1 } },
			"ra:ting.sfx": { "minecraft:mark_variant": { "value": 1 } },
			"ra:despawn_timer": { 
        "minecraft:timer": {
          "time": 13,
          "looping": true,
          "time_down_event": {
            "event": "ra:fade"
          }
        }
      },
      "ra:mob_griefing.true":{ "minecraft:is_stunned": {} },
      
      "ra:grenade_explode": {
				"minecraft:explode": {
					"fuse_length": 0.05,
					"fuse_lit": true,
					"power": 2.15,
					"causes_fire": false,
					"destroy_affected_by_griefing": true
				},
        "minecraft:timer": {
          "time": 0.1,
          "looping": true,
          "time_down_event": {
            "event": "ra:despawn"
          }
        }
      },

      "ra:grenade_1": {
        "minecraft:skin_id": { "value": 1 },
        "minecraft:projectile": {
          "on_hit": {
            "stick_in_ground": { "shake_time": 0.1 },
            "definition_event": {
              "affect_shooter": false,
              "affect_projectile": true,
              "event_trigger": {
                "event": "ra:pre_explode",
                "target": "self"
              }
            },
            "impact_damage": {
              "damage": 55,
              "knockback": true,
              "catch_fire": false,
              "semi_random_diff_damage": true
            }
          },
          "stop_on_hurt": false,
          "should_bounce": true,
          "power": 2.5,
          "gravity": 0.05,
          "inertia": 1,
          "liquid_inertia": 0.65,
          "anchor": 99999,
          "offset": [ 0,-0.275,0 ],
          "semi_random_diff_damage": true,
          "uncertainty_base": 0.5,
          "reflect_on_hurt": false
        },
        "minecraft:timer": {
          "time": 25.0,
          "looping": false,
          "time_down_event": {
            "event": "ra:pre_explode"
          }
        }
      },

      "ra:grenade_2": {
        "minecraft:skin_id": { "value": 1 },
        "minecraft:projectile": {
          "on_hit": {
            "stick_in_ground": { "shake_time": 0.1 },
            "definition_event": {
              "affect_shooter": false,
              "affect_projectile": true,
              "event_trigger": {
                "event": "ra:pre_explode",
                "target": "self"
              }
            },
            "impact_damage": {
              "damage": 55,
              "knockback": true,
              "catch_fire": false,
              "semi_random_diff_damage": true
            }
          },
          "stop_on_hurt": false,
          "should_bounce": true,
          "power": 2.5,
          "gravity": 0.05,
          "inertia": 1,
          "liquid_inertia": 0.65,
          "anchor": 99999,
          "offset": [ 0,-0.2,0 ],
          "semi_random_diff_damage": true,
          "uncertainty_base": 1.5,
          "reflect_on_hurt": false
        },
        "minecraft:timer": {
          "time": 25.0,
          "looping": false,
          "time_down_event": {
            "event": "ra:pre_explode"
          }
        }
      },

      "ra:m203.he": {
        "minecraft:skin_id": { "value": 1 },
        "minecraft:projectile": {
          "on_hit": {
            "stick_in_ground": { "shake_time": 0.1 },
            "definition_event": {
              "affect_shooter": false,
              "affect_projectile": true,
              "event_trigger": {
                "event": "ra:pre_explode",
                "target": "self"
              }
            },
            "impact_damage": {
              "damage": 55,
              "knockback": true,
              "catch_fire": false,
              "semi_random_diff_damage": true
            }
          },
          "stop_on_hurt": false,
          "should_bounce": true,
          "power": 2.5,
          "gravity": 0.05,
          "inertia": 1,
          "liquid_inertia": 0.65,
          "anchor": 99999,
          "offset": [ 0,-0.25,0 ],
          "semi_random_diff_damage": true,
          "uncertainty_base": 1.5,
          "reflect_on_hurt": false
        },
        "minecraft:timer": {
          "time": 25.0,
          "looping": false,
          "time_down_event": {
            "event": "ra:pre_explode"
          }
        }
      },
      "ra:m203.smoke": {
        "minecraft:skin_id": { "value": 2 },
        "minecraft:projectile": {
          "on_hit": {
            "stick_in_ground": { "shake_time": 0.1 },
            "definition_event": {
              "affect_shooter": false,
              "affect_projectile": true,
              "event_trigger": {
                "event": "ra:pre_explode",
                "target": "self"
              }
            },
            "impact_damage": {
              "damage": 55,
              "knockback": true,
              "catch_fire": false,
              "semi_random_diff_damage": true
            }
          },
          "stop_on_hurt": false,
          "should_bounce": true,
          "power": 2.5,
          "gravity": 0.05,
          "inertia": 1,
          "liquid_inertia": 0.65,
          "anchor": 99999,
          "offset": [ 0,-0.25,0 ],
          "semi_random_diff_damage": true,
          "uncertainty_base": 1.5,
          "reflect_on_hurt": false
        },
        "minecraft:timer": {
          "time": 25.0,
          "looping": false,
          "time_down_event": {
            "event": "ra:pre_explode"
          }
        }
      },
      "ra:m203.dirty": {
        "minecraft:skin_id": { "value": 3 },
        "minecraft:projectile": {
          "on_hit": {
            "stick_in_ground": { "shake_time": 0.1 },
            "definition_event": {
              "affect_shooter": false,
              "affect_projectile": true,
              "event_trigger": {
                "event": "ra:pre_explode",
                "target": "self"
              }
            },
            "impact_damage": {
              "damage": 55,
              "knockback": true,
              "catch_fire": false,
              "semi_random_diff_damage": true
            }
          },
          "stop_on_hurt": false,
          "should_bounce": true,
          "power": 2.5,
          "gravity": 0.05,
          "inertia": 1,
          "liquid_inertia": 0.65,
          "anchor": 99999,
          "offset": [ 0,-0.25,0 ],
          "semi_random_diff_damage": true,
          "uncertainty_base": 1.5,
          "reflect_on_hurt": false
        },
        "minecraft:timer": {
          "time": 25.0,
          "looping": false,
          "time_down_event": {
            "event": "ra:pre_explode"
          }
        }
      },
      "ra:m203.fire": {
        "minecraft:skin_id": { "value": 4 },
        "minecraft:projectile": {
          "on_hit": {
            "stick_in_ground": { "shake_time": 0.1 },
            "definition_event": {
              "affect_shooter": false,
              "affect_projectile": true,
              "event_trigger": {
                "event": "ra:pre_explode",
                "target": "self"
              }
            },
            "impact_damage": {
              "damage": 55,
              "knockback": true,
              "catch_fire": false,
              "semi_random_diff_damage": true
            }
          },
          "stop_on_hurt": false,
          "should_bounce": true,
          "power": 2.5,
          "gravity": 0.05,
          "inertia": 1,
          "liquid_inertia": 0.65,
          "anchor": 99999,
          "offset": [ 0,-0.25,0 ],
          "semi_random_diff_damage": true,
          "uncertainty_base": 1.5,
          "reflect_on_hurt": false
        },
        "minecraft:timer": {
          "time": 25.0,
          "looping": false,
          "time_down_event": {
            "event": "ra:pre_explode"
          }
        }
      },
      "ra:m203.confetti": {
        "minecraft:skin_id": { "value": 5 },
        "minecraft:projectile": {
          "on_hit": {
            "stick_in_ground": { "shake_time": 0.1 },
            "definition_event": {
              "affect_shooter": false,
              "affect_projectile": true,
              "event_trigger": {
                "event": "ra:pre_explode",
                "target": "self"
              }
            },
            "impact_damage": {
              "damage": 55,
              "knockback": true,
              "catch_fire": false,
              "semi_random_diff_damage": true
            }
          },
          "stop_on_hurt": false,
          "should_bounce": true,
          "power": 2.5,
          "gravity": 0.05,
          "inertia": 1,
          "liquid_inertia": 0.65,
          "anchor": 99999,
          "offset": [ 0,-0.25,0 ],
          "semi_random_diff_damage": true,
          "uncertainty_base": 1.5,
          "reflect_on_hurt": false
        },
        "minecraft:timer": {
          "time": 25.0,
          "looping": false,
          "time_down_event": {
            "event": "ra:pre_explode"
          }
        }
      }
    },

    "events": {
      "ra:grenade_explode": { "add": { "component_groups": [ "ra:grenade_explode" ] } },
      "ra:pre_explode": { "add": { "component_groups": [ "ra:pre_explode" ] } },

      "ra:grenade_1": { "add": { "component_groups": [ "ra:grenade_1" ] } },
      "ra:grenade_2": { "add": { "component_groups": [ "ra:grenade_2" ] } },
      
      "ra:m203.he": { "add": { "component_groups": [ "ra:m203.he" ] } },
      "ra:m203.smoke": { "add": { "component_groups": [ "ra:m203.smoke" ] } },
      "ra:m203.dirty": { "add": { "component_groups": [ "ra:m203.dirty" ] } },
      "ra:m203.fire": { "add": { "component_groups": [ "ra:m203.fire" ] } },
      "ra:m203.confetti": { "add": { "component_groups": [ "ra:m203.confetti" ] } },
      
      "ra:mob_griefing.true": {
        "add": { "component_groups": [ "ra:mob_griefing.true" ] },
        "set_property": { "ra:mob_griefing": true }
      },
      "ra:mob_griefing.false": {
        "remove": { "component_groups": [ "ra:mob_griefing.true" ] },
        "set_property": { "ra:mob_griefing": false }
      },

      "ra:despawn": { "add": { "component_groups": [ "ra:despawn" ] } }
    }
  }
}