{
  "format_version": "1.17.10",
  "minecraft:entity": {
    "description": {
      "identifier": "ra:thunder_gun.projectile",
      "runtime_identifier": "minecraft:snowball",
      "is_spawnable": false,
      "is_summonable": true,
      "is_experimental": false,
      "scripts": {
        "animate": [
          "projectile"
        ]
      },
      "animations": {
        "projectile": "controller.animation.thunder_gun.projectile"
      }
    },
    "components": {
      "minecraft:tick_world": {
        "distance_to_players": 250,
        "never_despawn": false,
        "radius": 1
      },
      "minecraft:collision_box": {
        "width": 0.25,
        "height": 0.25
      },
      "minecraft:type_family": { "family": [ "thunder_gun" ] },
      "minecraft:despawn": {
        "despawn_from_chance": false,
        "despawn_from_distance": { "max_distance": 128, "min_distance": 128},
        "despawn_from_inactivity": true,
        "despawn_from_simulation_edge": true,
        "min_range_inactivity_timer": 100,
        "remove_child_entities": true
      },
      "minecraft:rideable": {
        "controlling_seat": 0,
        "family_types": ["dummy"],
        "pull_in_entities": false,
        "rider_can_interact": false,
        "seat_count": 1,
        "seats":{ "position": [ 0, 0, 0 ]}
      },
      "minecraft:health": {
        "value": 1,
        "min": 1,
        "max": 1
      },
			"minecraft:pushable": {
				"is_pushable": false,
				"is_pushable_by_piston": false
			},
			"minecraft:conditional_bandwidth_optimization": {
				"default_values": {
					"max_optimized_distance": 200.0,
					"max_dropped_ticks": 7,
					"use_motion_prediction_hints": true
				  }
			}
    },
    "component_groups": {
      "ra:despawn": { "minecraft:instant_despawn": { "remove_child_entities": true } },
      "ra:timer": { 
        "minecraft:physics": { "has_collision": false},
        "minecraft:timer": {
          "time": 1,
          "looping": true,
          "time_down_event": {
            "event": "ra:despawn",
            "target": "self"
          }
        }
      },

      "ra:thunder_gun": {
        "minecraft:skin_id": { "value": 1 },
        "minecraft:knockback_resistance": { "value": 1 },
        "minecraft:addrider": {
          "entity_type": "ra:thunder_gun.knockback"
        },
        "minecraft:projectile": {
          "on_hit": {
            "impact_damage": {
              "damage": 25,
              "knockback": true
            }
          },
          "power": 2,
          "gravity": 0.0,
          "liquid_inertia": 0.5,
          "angle_offset": -3,
          "offset": [ -0.25,0.1,0 ],
          "semi_random_diff_damage": true,
          "uncertainty_base": 0,
          "reflect_on_hurt": false
        }
      },
      "ra:thunder_gun.ads": {
        "minecraft:skin_id": { "value": 1 },
        "minecraft:knockback_resistance": { "value": 1 },
        "minecraft:addrider": {
          "entity_type": "ra:thunder_gun.knockback"
        },
        "minecraft:projectile": {
          "on_hit": {
            "impact_damage": {
              "damage": 25,
              "knockback": true
            }
          },
          "power": 2,
          "gravity": 0.0,
          "liquid_inertia": 0.5,
          "angle_offset": -3,
          "offset": [ -0.25,-0.1,0 ],
          "semi_random_diff_damage": true,
          "uncertainty_base": 0,
          "reflect_on_hurt": false
        },
        "minecraft:timer": {
          "time": 1,
          "looping": false,
          "time_down_event": {
            "event": "ra:despawn"
          }
        }
      },

      "ra:scale.0":{
        "minecraft:scale": { "value": 3 },
        "minecraft:break_blocks": {
          "breakable_blocks": [
            "lantern",
            "glass",
            "glass_pane",
            "stained_glass",
            "stained_glass_pane",
            "bamboo",
            "cocoa",
            "carved_pumpkin",
            "chorus_flower",
            "chorus_plant",
            "lit_pumpkin",
            "melon_block",
            "pumpkin",
            "turtle_egg",
            "waterlily",
            "cave_vines",
            "cave_vines_body_with_berries",
            "cave_vines_head_with_berries",
            "small_dripleaf_block",
            "big_dripleaf"
          ]
        },
        "minecraft:area_attack": {
          "damage_per_tick": 70,
          "cause": "sonic_boom",
          "damage_range": 4,
          "entity_filter": {
            "none_of": [
            { "test": "has_tag", "subject": "other", "value": "thunder_gun" },
            { "test": "is_family", "subject": "other", "value": "inanimate" },
            { "test": "is_family", "subject": "other", "value": "item" },
            { "test": "is_family", "subject": "other", "value": "ra_dummy" }
            ]
          }
        },
        "minecraft:timer": {
          "time": 0.075,
          "looping": true,
          "time_down_event": {
            "event": "ra:scale.1",
            "target": "self"
          }
        }
     },
      "ra:scale.1":{
        "minecraft:scale": { "value": 3 },
        "minecraft:break_blocks": {
          "breakable_blocks": [
            "lantern",
            "glass",
            "glass_pane",
            "stained_glass",
            "stained_glass_pane",
            "bamboo",
            "cocoa",
            "carved_pumpkin",
            "chorus_flower",
            "chorus_plant",
            "lit_pumpkin",
            "melon_block",
            "pumpkin",
            "turtle_egg",
            "waterlily",
            "cave_vines",
            "cave_vines_body_with_berries",
            "cave_vines_head_with_berries",
            "small_dripleaf_block",
            "big_dripleaf"
          ]
        },
        "minecraft:area_attack": {
          "damage_per_tick": 15,
          "cause": "sonic_boom",
          "damage_range": 3,
          "entity_filter": {
            "none_of": [
            { "test": "has_tag", "subject": "other", "value": "thunder_gun" },
            { "test": "is_family", "subject": "other", "value": "inanimate" },
            { "test": "is_family", "subject": "other", "value": "item" },
            { "test": "is_family", "subject": "other", "value": "ra_dummy" }
            ]
          }
        },
        "minecraft:timer": {
          "time": 0.075,
          "looping": true,
          "time_down_event": {
            "event": "ra:scale.2",
            "target": "self"
          }
        }
     },
      "ra:scale.2":{
        "minecraft:scale": { "value": 3 },
        "minecraft:break_blocks": {
          "breakable_blocks": [
            "lantern",
            "glass",
            "glass_pane",
            "stained_glass",
            "stained_glass_pane",
            "bamboo",
            "cocoa",
            "carved_pumpkin",
            "chorus_flower",
            "chorus_plant",
            "lit_pumpkin",
            "melon_block",
            "pumpkin",
            "turtle_egg",
            "waterlily",
            "cave_vines",
            "cave_vines_body_with_berries",
            "cave_vines_head_with_berries",
            "small_dripleaf_block",
            "big_dripleaf"
          ]
        },
        "minecraft:area_attack": {
          "damage_per_tick": 15,
          "cause": "sonic_boom",
          "damage_range": 2,
          "entity_filter": {
            "none_of": [
            { "test": "has_tag", "subject": "other", "value": "thunder_gun" },
            { "test": "is_family", "subject": "other", "value": "inanimate" },
            { "test": "is_family", "subject": "other", "value": "item" },
            { "test": "is_family", "subject": "other", "value": "ra_dummy" }
            ]
          }
        },
        "minecraft:timer": {
          "time": 0.075,
          "looping": true,
          "time_down_event": {
            "event": "ra:scale.3",
            "target": "self"
          }
        }
     },
      "ra:scale.3":{
        "minecraft:scale": { "value": 3.5 },
        "minecraft:area_attack": {
          "damage_per_tick": 12,
          "cause": "sonic_boom",
          "damage_range": 2,
          "entity_filter": {
            "none_of": [
            { "test": "has_tag", "subject": "other", "value": "thunder_gun" },
            { "test": "is_family", "subject": "other", "value": "inanimate" },
            { "test": "is_family", "subject": "other", "value": "item" },
            { "test": "is_family", "subject": "other", "value": "ra_dummy" }
            ]
          }
        },
        "minecraft:timer": {
          "time": 0.075,
          "looping": true,
          "time_down_event": {
            "event": "ra:scale.4",
            "target": "self"
          }
        }
     },
      "ra:scale.4":{
        "minecraft:scale": { "value": 4 },
        "minecraft:area_attack": {
          "damage_per_tick": 10,
          "cause": "sonic_boom",
          "damage_range": 1.5,
          "entity_filter": {
            "none_of": [
            { "test": "has_tag", "subject": "other", "value": "thunder_gun" },
            { "test": "is_family", "subject": "other", "value": "inanimate" },
            { "test": "is_family", "subject": "other", "value": "item" },
            { "test": "is_family", "subject": "other", "value": "ra_dummy" }
            ]
          }
        },
        "minecraft:timer": {
          "time": 0.075,
          "looping": true,
          "time_down_event": {
            "event": "ra:scale.5",
            "target": "self"
          }
        }
     },
      "ra:scale.5":{
        "minecraft:collision_box": {
          "width": 1,
          "height": 1
        },
        "minecraft:area_attack": {
          "damage_per_tick": 10,
          "cause": "sonic_boom",
          "damage_range": 1.5,
          "entity_filter": {
            "none_of": [
            { "test": "has_tag", "subject": "other", "value": "thunder_gun" },
            { "test": "is_family", "subject": "other", "value": "inanimate" },
            { "test": "is_family", "subject": "other", "value": "item" },
            { "test": "is_family", "subject": "other", "value": "ra_dummy" }
            ]
          }
        },
        "minecraft:scale": { "value": 4.5 },
        "minecraft:timer": {
          "time": 0.075,
          "looping": true,
          "time_down_event": {
            "event": "ra:scale.6",
            "target": "self"
          }
        }
     },
      "ra:scale.6":{
        "minecraft:scale": { "value": 5 },
        "minecraft:area_attack": {
          "damage_per_tick": 10,
          "cause": "sonic_boom",
          "damage_range": 1,
          "entity_filter": {
            "none_of": [
            { "test": "has_tag", "subject": "other", "value": "thunder_gun" },
            { "test": "is_family", "subject": "other", "value": "inanimate" },
            { "test": "is_family", "subject": "other", "value": "item" },
            { "test": "is_family", "subject": "other", "value": "ra_dummy" }
            ]
          }
        },
        "minecraft:timer": {
          "time": 0.075,
          "looping": true,
          "time_down_event": {
            "event": "ra:scale.7",
            "target": "self"
          }
        }
     },
      "ra:scale.7":{
        "minecraft:scale": { "value": 5.5 },
        "minecraft:area_attack": {
          "damage_per_tick": 8,
          "cause": "sonic_boom",
          "damage_range": 1,
          "entity_filter": {
            "none_of": [
            { "test": "has_tag", "subject": "other", "value": "thunder_gun" },
            { "test": "is_family", "subject": "other", "value": "inanimate" },
            { "test": "is_family", "subject": "other", "value": "item" },
            { "test": "is_family", "subject": "other", "value": "ra_dummy" }
            ]
          }
        },
        "minecraft:timer": {
          "time": 0.075,
          "looping": true,
          "time_down_event": {
            "event": "ra:scale.8",
            "target": "self"
          }
        }
     },
      "ra:scale.8":{
        "minecraft:area_attack": {
          "damage_per_tick": 8,
          "cause": "sonic_boom",
          "damage_range": 1,
          "entity_filter": {
            "none_of": [
            { "test": "has_tag", "subject": "other", "value": "thunder_gun" },
            { "test": "is_family", "subject": "other", "value": "inanimate" },
            { "test": "is_family", "subject": "other", "value": "item" },
            { "test": "is_family", "subject": "other", "value": "ra_dummy" }
            ]
          }
        },
        "minecraft:scale": { "value": 6 },
        "minecraft:timer": {
          "time": 0.075,
          "looping": true,
          "time_down_event": {
            "event": "ra:scale.9",
            "target": "self"
          }
        }
     },
      "ra:scale.9":{
        "minecraft:scale": { "value": 6.5 },
        "minecraft:area_attack": {
          "damage_per_tick": 6,
          "cause": "sonic_boom",
          "damage_range": 1,
          "entity_filter": {
            "none_of": [
            { "test": "has_tag", "subject": "other", "value": "thunder_gun" },
            { "test": "is_family", "subject": "other", "value": "inanimate" },
            { "test": "is_family", "subject": "other", "value": "item" },
            { "test": "is_family", "subject": "other", "value": "ra_dummy" }
            ]
          }
        },
        "minecraft:timer": {
          "time": 0.075,
          "looping": true,
          "time_down_event": {
            "event": "ra:scale.10",
            "target": "self"
          }
        }
     },
      "ra:scale.10":{
        "minecraft:area_attack": {
          "damage_per_tick": 6,
          "cause": "sonic_boom",
          "damage_range": 1,
          "entity_filter": {
            "none_of": [
            { "test": "has_tag", "subject": "other", "value": "thunder_gun" },
            { "test": "is_family", "subject": "other", "value": "inanimate" },
            { "test": "is_family", "subject": "other", "value": "item" },
            { "test": "is_family", "subject": "other", "value": "ra_dummy" }
            ]
          }
        },
        "minecraft:scale": { "value": 7 }
     }
    },
    "events": {
      "ra:thunder_gun": { "add": { "component_groups": [ "ra:thunder_gun", "ra:scale.0", "ra:timer" ] } },
      "ra:thunder_gun.ads": { "add": { "component_groups": [ "ra:thunder_gun.ads", "ra:scale.0", "ra:timer" ] } },
      "ra:scale.0": { "add": { "component_groups": [ "ra:scale.0" ] } },
      "ra:scale.1": { "add": { "component_groups": [ "ra:scale.1" ] },"remove": { "component_groups": [ "ra:scale.0" ] } },
      "ra:scale.2": { "add": { "component_groups": [ "ra:scale.2" ] },"remove": { "component_groups": [ "ra:scale.1" ] } },
      "ra:scale.3": { "add": { "component_groups": [ "ra:scale.3" ] },"remove": { "component_groups": [ "ra:scale.2" ] } },
      "ra:scale.4": { "add": { "component_groups": [ "ra:scale.4" ] },"remove": { "component_groups": [ "ra:scale.3" ] } },
      "ra:scale.5": { "add": { "component_groups": [ "ra:scale.5" ] },"remove": { "component_groups": [ "ra:scale.4" ] } },
      "ra:scale.6": { "add": { "component_groups": [ "ra:scale.6" ] },"remove": { "component_groups": [ "ra:scale.5" ] } },
      "ra:scale.7": { "add": { "component_groups": [ "ra:scale.7" ] },"remove": { "component_groups": [ "ra:scale.6" ] } },
      "ra:scale.8": { "add": { "component_groups": [ "ra:scale.8" ] },"remove": { "component_groups": [ "ra:scale.7" ] } },
      "ra:scale.9": { "add": { "component_groups": [ "ra:scale.9" ] },"remove": { "component_groups": [ "ra:scale.8" ] } },
      "ra:scale.10": { "add": { "component_groups": [ "ra:scale.10" ] },"remove": { "component_groups": [ "ra:scale.9" ] } },

      "ra:despawn": { "add": { "component_groups": [ "ra:despawn" ] } }
    }
  }
}