{
  "format_version": "1.10.0",
  "animation_controllers": {
    "controller.animation.zombie_head.in_jar.speak": {
      "initial_state": "randomize",
      "states": {
        "randomize": {
          "transitions": [
            { "default": "(v.random_head_speak == 1 && (q.life_time - v.random_head_speak_time) >= 10) || (v.random_head_speak == 2 && (q.life_time - v.random_head_speak_time) >= 20) || (v.random_head_speak == 3 && (q.life_time - v.random_head_speak_time) >= 15) || (v.random_head_speak == 4 && (q.life_time - v.random_head_speak_time) >= 3) || (v.random_head_speak == 5 && (q.life_time - v.random_head_speak_time) >= 8)" }
          ],
          "on_entry": [ "v.random_head_speak_time = q.life_time;", "v.random_head_speak = math.random_integer(1,5);", "v.random_anim_1 = math.random_integer(1, 3);" ]
        },
        "default": {
          "transitions": [
            { "zombie_head.speak": "(v.random_head_speak == 1 && (q.life_time - v.random_head_speak_time) >= 10) || (v.random_head_speak == 2 && (q.life_time - v.random_head_speak_time) >= 20) || (v.random_head_speak == 3 && (q.life_time - v.random_head_speak_time) >= 15) || (v.random_head_speak == 4 && (q.life_time - v.random_head_speak_time) >= 3) || (v.random_head_speak == 5 && (q.life_time - v.random_head_speak_time) >= 8)" }
          ],
          "on_entry": [ "v.random_head_speak_time = q.life_time;", "v.random_head_speak = math.random_integer(1,5);", "v.random_anim_1 = math.random_integer(1, 3);" ]
        },
        "zombie_head.speak": {
          "animations": [
            {"zombie_head.speak": "v.random_anim_1 == 1"},
            {"zombie_head.speak2": "v.random_anim_1 == 2"},
            {"zombie_head.speak3": "v.random_anim_1 == 3"}
          ],
          "transitions": [{ "default": "(q.life_time - v.random_head_speak_time) >= 3" }],
          "on_entry": [ "v.random_head_speak_time = q.life_time;", "v.random_head_speak = math.random_integer(1,5);" ]
        }
      }
    },
    "controller.animation.zombie_head.selector.jarified": {
      "initial_state": "default",
      "states": {
        "pick": {
          "transitions": [
            { "default": "q.mark_variant == 1" },
            { "default": "q.mark_variant == 2" },
            { "default": "q.mark_variant == 3" },
            { "default": "q.mark_variant == 4" }
          ]
        },
        "default": {
          "transitions": [
            { "head_0": "q.mark_variant == 1" },
            { "head_1": "q.mark_variant == 2" },
            { "head_2": "q.mark_variant == 3" },
            { "head_3": "q.mark_variant == 4" }
          ]
        },
        "head_0": {
          "animations": [
            "zombie_head.split"
          ],
          "transitions": [
            { "head_1": "q.mark_variant == 2" },
            { "head_2": "q.mark_variant == 3" },
            { "head_3": "q.mark_variant == 4" }
          ]
        },
        "head_1": {
          "animations": [
            "zombie_head.split_1"
          ],
          "transitions": [
            { "head_0": "q.mark_variant == 1" },
            { "head_2": "q.mark_variant == 3" },
            { "head_3": "q.mark_variant == 4" }
          ]
        },
        "head_2": {
          "animations": [
            "zombie_head.split_2"
          ],
          "transitions": [
            { "head_0": "q.mark_variant == 1" },
            { "head_1": "q.mark_variant == 2" },
            { "head_3": "q.mark_variant == 4" }
          ]
        },
        "head_3": {
          "animations": [
            "zombie_head.split_3"
          ],
          "transitions": [
            { "head_0": "q.mark_variant == 1" },
            { "head_1": "q.mark_variant == 2" },
            { "head_2": "q.mark_variant == 3" }
          ]
        }
      }
    },
    "controller.animation.ra_zombie.vars": {
      "initial_state": "default",
      "states": {
        "default": {
          "transitions": [
            { "reset": "q.all_animations_finished" }
          ],
          "on_entry": [
            "v.remove_chest = (q.property('ra:remove_chest'));",
            "v.blowback = (q.property('ra:blowback'));",
            "v.is_blowback = v.blowback != 'inactive';",
            "v.death.mini_gun = (q.property('ra:death.mini_gun'));",
            "v.crawler = (q.property('ra:crawler'));",
            "v.legs_visible = (q.property('ra:legs_visible'));",
            "v.arms_visible = (q.property('ra:arms_visible'));",
            "v.fade = (q.property('ra:fade'));",
            "v.is_tnt = (q.property('ra:is_tnt'));",
            "v.is_pumpkin_head = (q.property('ra:pumpkin_head'));",
            "v.pumpkin_head_explode = (q.property('ra:pumpkin_head_explode'));"
          ]
        },
        "reset": {
          "transitions": [
            { "default": "q.all_animations_finished" }
          ],
          "on_entry": [
            "v.remove_chest = (q.property('ra:remove_chest'));",
            "v.blowback = (q.property('ra:blowback'));",
            "v.is_blowback = v.blowback != 'inactive';",
            "v.death.mini_gun = (q.property('ra:death.mini_gun'));",
            "v.crawler = (q.property('ra:crawler'));",
            "v.legs_visible = (q.property('ra:legs_visible'));",
            "v.arms_visible = (q.property('ra:arms_visible'));",
            "v.fade = (q.property('ra:fade'));",
            "v.is_tnt = (q.property('ra:is_tnt'));",
            "v.is_pumpkin_head = (q.property('ra:pumpkin_head'));",
            "v.pumpkin_head_explode = (q.property('ra:pumpkin_head_explode'));"
          ]
        }
      }
    },
    "controller.animation.ra_zombie.tamed": {
      "initial_state": "default",
      "states": {
        "default": {
          "transitions": [
            { "tamed": "q.is_tamed && v.change_eyes == 1" },
            { "tame_transformation": "q.is_tamed && v.change_eyes == 0" }
          ],
          "on_entry": ["v.tick_delay = q.life_time;", "v.change_eyes = 0;"],
          "blend_transition": 0.15,
          "blend_via_shortest_path": true
        },
        "tame_transformation": {
          "animations": [
            "tame_transformation"
          ],
          "transitions": [{ "tamed": "q.all_animations_finished" }],
          "on_entry": ["v.tick_delay = q.life_time;"],
          "on_exit": ["v.change_eyes = 1;"],
          "blend_transition": 0.15,
          "blend_via_shortest_path": true
        },
        "tamed": {
          "animations": [
            "tamed_face",
            "eyes_idle"
          ],
          "on_entry": ["v.tick_delay = q.life_time;", "v.change_eyes = 1;"],
          "blend_transition": 0.15,
          "blend_via_shortest_path": true
        }
      }
    },
    "controller.animation.ra_zombie.shoulder.drip": {
      "initial_state": "default",
      "states": {
        "default": {
          "animations": [
            { "shoulder.l_drip": "(v.arms_visible == 'right' || v.arms_visible == 'none') && q.life_time > 0.25" },
            { "shoulder.r_drip": "v.arms_visible == 'left' || v.arms_visible == 'none'" }
          ],
          "transitions": [{ "stop": "q.all_animations_finished" }]
        },
        "stop": {
        }
      }
    },
    "controller.animation.ra_zombie.fade_timer": {
      "initial_state": "default",
      "states": {
        "default": {
          "on_entry": ["v.fade_time = q.life_time;"]
        }
      }
    },
    "controller.animation.zombie_head.selector": {
      "initial_state": "default",
      "states": {
        "pick": {
          "transitions": [
            { "default": "q.mark_variant == 1" },
            { "default": "q.mark_variant == 2" },
            { "default": "q.mark_variant == 3" },
            { "default": "q.mark_variant == 4" }
          ],
          "on_entry": ["v.tick_delay = q.life_time;"]
        },
        "default": {
          "transitions": [
            { "head_0": "q.mark_variant == 1" },
            { "head_1": "q.mark_variant == 2" },
            { "head_2": "q.mark_variant == 3" },
            { "head_3": "q.mark_variant == 4" }
          ],
          "on_entry": ["v.tick_delay = q.life_time;"]
        },
        "head_0": {
          "animations": [
            "zombie_head.split",
            "spin",
            { "cancel_spin": "(q.is_on_ground && !q.is_tamed) || q.is_in_water" },
            { "float_in_water": "q.is_in_water" }
          ],
          "transitions": [
            { "head_1": "q.mark_variant == 2" },
            { "head_2": "q.mark_variant == 3" },
            { "head_3": "q.mark_variant == 4" }
          ],
          "on_entry": ["v.tick_delay = q.life_time;"]
        },
        "head_1": {
          "animations": [
            "zombie_head.split_1",
            "spin_1",
            { "cancel_spin_1": "(q.is_on_ground && !q.is_tamed) || q.is_in_water" },
            { "float_in_water": "q.is_in_water" }
          ],
          "transitions": [
            { "head_0": "q.mark_variant == 1" },
            { "head_2": "q.mark_variant == 3" },
            { "head_3": "q.mark_variant == 4" }
          ],
          "on_entry": ["v.tick_delay = q.life_time;"]
        },
        "head_2": {
          "animations": [
            "zombie_head.split_2",
            "spin_2",
            { "cancel_spin_2": "(q.is_on_ground && !q.is_tamed) || q.is_in_water" },
            { "float_in_water": "q.is_in_water" }
          ],
          "transitions": [
            { "head_0": "q.mark_variant == 1" },
            { "head_1": "q.mark_variant == 2" },
            { "head_3": "q.mark_variant == 4" }
          ],
          "on_entry": ["v.tick_delay = q.life_time;"]
        },
        "head_3": {
          "animations": [
            "zombie_head.split_3",
            "spin_3",
            { "cancel_spin_3": "(q.is_on_ground && !q.is_tamed) || q.is_in_water" },
            { "float_in_water": "q.is_in_water" }
          ],
          "transitions": [
            { "head_0": "q.mark_variant == 1" },
            { "head_1": "q.mark_variant == 2" },
            { "head_2": "q.mark_variant == 3" }
          ],
          "on_entry": ["v.tick_delay = q.life_time;"]
        }
      }
    },
    "controller.animation.zombie_head.alive": {
      "initial_state": "default",
      "states": {
        "default": {
          "animations": [
            {"idle": "q.property('ra:alive')"},
            "spin",
            { "cancel_spin": "(q.is_on_ground && !q.is_tamed) || q.is_in_water" }
          ],
          "transitions": [
            { "alive": "q.health > 0 && q.is_on_ground && q.life_time > 0.175" },
            { "dead": "q.is_saddled" },
            { "attack_0": "q.is_delayed_attacking && q.life_time > 0.175" }
          ],
          "on_entry": ["v.zombie_random_attack = math.random_integer(1, 3);", "v.tick_delay = q.life_time;"],
          "blend_via_shortest_path": true,
          "blend_transition": 0.175
        },
        "alive": {
          "animations": [
            {"idle": "q.property('ra:alive')"}
          ],
          "transitions": [
            { "dead": "q.is_saddled" },
            { "attack_0": "q.is_delayed_attacking && (q.life_time - v.tick_delay) >= 0.16" }
          ],
          "on_entry": ["v.tick_delay = q.life_time;"],
          "blend_via_shortest_path": true,
          "blend_transition": 0.175
        },
        "attack_0": {
          "animations": [
            "attack_0"
          ],
          "transitions": [
            { "dead": "q.is_saddled" },
            { "alive": "(!q.is_delayed_attacking && q.any_animation_finished && q.modified_move_speed < 0.1 && (q.life_time - v.tick_delay) >= 0.16) || q.health <= 1" }
          ],
          "on_entry": ["v.zombie_random_attack = math.random_integer(1, 3);", "v.tick_delay = q.life_time;"],
          "blend_via_shortest_path": true,
          "blend_transition": 0.175
        },
        "dead": {
          "animations": [
            "spin",
            { "cancel_spin": "(q.is_on_ground && !q.is_tamed) || q.is_in_water" },
            {"dead_face": "v.zombie_random_attack == 1"},
            {"dead_face.1": "v.zombie_random_attack > 1"}
          ],
          "on_entry": ["v.zombie_random_attack = math.random_integer(1, 3);", "v.tick_delay = q.life_time;"]
        }
      }
    },
    "controller.animation.zombie_head.move": {
      "initial_state": "default",
      "states": {
        "default": {
          "transitions": [{ "drag": "(q.is_on_ground && !q.is_tamed) && q.modified_move_speed > 0.1" }],
          "on_entry": ["v.tick_delay = q.life_time;"]
        },
        "drag": {
          "animations": ["zombie_head.move"],
          "transitions": [{ "default": "!(q.is_on_ground && !q.is_tamed) || q.modified_move_speed < 0.175" }],
          "on_entry": ["v.tick_delay = q.life_time;"],
          "blend_transition": 0.1,
          "blend_via_shortest_path": true
        }
      }
    },
    "controller.animation.zombie.explode": {
      "initial_state": "default",
      "states": {
        "default": {
          "transitions": [
            { "explode": "(q.mark_variant == 1 && q.health <= 1 && q.variant == 0) || (q.property('ra:death.iron_golem'))" }
          ]
        },
        "explode": {
          "animations": ["zombie.explode"],
          "transitions": [
            { "default": "q.mark_variant == 0 && q.health >= 1 && !q.is_stunned && !q.property('ra:death.iron_golem')" }
          ]
        }
      }
    },
    "controller.animation.ra_zombie.jump": {
      "initial_state": "default",
      "states": {
        "default": {
          "transitions": [
            { "jump": "q.health > 1 && !q.is_on_ground && (q.life_time - v.tick_delay) >= 0.2" }
          ],
          "on_entry": ["v.tick_delay = q.life_time;"],
          "blend_transition": 0.2,
          "blend_via_shortest_path": true
        },
        "jump": {
          "animations": ["jump"],
          "transitions": [
            { "default": "q.health <= 1" },
            { "land": "q.is_on_ground && (q.life_time - v.tick_delay) >= 0.15" }
          ],
          "on_entry": ["v.tick_delay = q.life_time;"],
          "blend_transition": 0.15,
          "blend_via_shortest_path": true
        },
        "land": {
          "animations": ["jump.land"],
          "transitions": [
            { "default": "(q.is_on_ground && q.all_animations_finished && (q.life_time - v.tick_delay) >= 0.2) || q.health <= 1" }
          ],
          "on_entry": ["v.tick_delay = q.life_time;"],
          "blend_transition": 0.2,
          "blend_via_shortest_path": true
        }
      }
    },
    "controller.animation.ra_zombie.celebrate": {
      "initial_state": "default",
      "states": {
        "default": {
          "animations": ["idle"],
          "transitions": [{ "celebrate": "q.is_celebrating && q.health > 1" }],
          "blend_via_shortest_path": true,
          "blend_transition": 0.2
        },
        "celebrate": {
          "animations": [
            { "celebrate_1": "!q.property('ra:crawler')" },
            { "celebrate.crawler": "q.property('ra:crawler')" }
          ],
          "transitions": [{ "default": "!q.is_celebrating || q.health <= 1" }],
          "blend_via_shortest_path": true,
          "blend_transition": 0.2
        }
      }
    },
    "controller.animation.ra_zombie.scared": {
      "initial_state": "default",
      "states": {
        "default": {
          "transitions": [{ "scared": "q.is_avoiding_mobs" }],
          "blend_via_shortest_path": true,
          "blend_transition": 0.1
        },
        "scared": {
          "animations": [
            "scared"
          ],
          "transitions": [{ "default": "!q.is_avoiding_mobs && q.all_animations_finished" }],
          "blend_via_shortest_path": true,
          "blend_transition": 0.2
        }
      }
    },
    
    "controller.animation.ra_zombie.move": {
      "initial_state": "default",
      "states": {
        "default": {
          "transitions": [
            { "stroll": "!q.is_leashed && q.modified_move_speed > 0.05 && q.modified_move_speed < 0.2 && q.health > 1 && (q.life_time - v.zombie_move_time) >= 0.16" },
            { "move": "!q.is_leashed && q.modified_move_speed < 0.425 && q.modified_move_speed > 0.2 && q.health > 1 && (q.life_time - v.zombie_move_time) >= 0.16" },
            { "speed_walk": "((q.is_leashed && q.modified_move_speed >= 0.05) || (!q.is_leashed && q.modified_move_speed > 0.4)) && q.health > 1 && (q.life_time - v.zombie_move_time) >= 0.16" },
            { "attack_0": "v.zombie_random_attack == 1 && q.is_delayed_attacking && (q.life_time - v.zombie_move_time) >= 0.16" },
            { "attack_1": "v.zombie_random_attack == 2 && q.is_delayed_attacking && (q.life_time - v.zombie_move_time) >= 0.16" },
            { "attack_2": "v.zombie_random_attack == 3 && q.is_delayed_attacking && (q.life_time - v.zombie_move_time) >= 0.16" }
          ],
          "on_entry": ["v.zombie_random_attack = math.random_integer(1, 3);", "v.zombie_move_time = q.life_time;"],
          "blend_via_shortest_path": true,
          "blend_transition": 0.15
        },
        "move": {
          "animations": ["walk"],
          "transitions": [
            { "default": "(q.modified_move_speed < 0.2 && (q.life_time - v.zombie_move_time) >= 0.16) || q.health <= 1" },
            { "speed_walk": "q.modified_move_speed >= 0.375 && q.health > 1 && (q.life_time - v.zombie_move_time) >= 0.15" },
            { "stroll": "q.modified_move_speed > 0.075 && q.modified_move_speed < 0.2 && q.health > 1  && (q.life_time - v.zombie_move_time) >= 0.16" },
            { "attack_0": "v.zombie_random_attack == 1 && q.is_delayed_attacking && (q.life_time - v.zombie_move_time) >= 0.16" },
            { "attack_1": "v.zombie_random_attack == 2 && q.is_delayed_attacking && (q.life_time - v.zombie_move_time) >= 0.16" },
            { "attack_2": "v.zombie_random_attack == 3 && q.is_delayed_attacking && (q.life_time - v.zombie_move_time) >= 0.16" }
          ],
          "on_entry": ["v.zombie_random_attack = math.random_integer(1, 3);", "v.zombie_move_time = q.life_time;"],
          "blend_via_shortest_path": true,
          "blend_transition": 0.15
        },
        "speed_walk": {
          "animations": ["speed_walk"],
          "transitions": [
            { "default": "(q.modified_move_speed < 0.05 && (q.life_time - v.zombie_move_time) >= 0.16) || q.health <= 1" },
            { "move": "!q.is_leashed && q.modified_move_speed < 0.25 && q.health > 1 && (q.life_time - v.zombie_move_time) >= 0.16" },
            { "move": "q.is_leashed && q.modified_move_speed < 0.1 && q.health > 1 && (q.life_time - v.zombie_move_time) >= 0.16" },
            { "attack_0": "v.zombie_random_attack == 1 && q.is_delayed_attacking && (q.life_time - v.zombie_move_time) >= 0.16" },
            { "attack_1": "v.zombie_random_attack == 2 && q.is_delayed_attacking && (q.life_time - v.zombie_move_time) >= 0.16" },
            { "attack_2": "v.zombie_random_attack == 3 && q.is_delayed_attacking && (q.life_time - v.zombie_move_time) >= 0.16" }
          ],
          "on_entry": ["v.zombie_random_attack = math.random_integer(1, 3);", "v.zombie_move_time = q.life_time;"],
          "blend_via_shortest_path": true,
          "blend_transition": 0.155
        },
        "stroll": {
          "animations": ["stroll"],
          "transitions": [
            { "move": "q.modified_move_speed > 0.2 && q.health > 1 && (q.life_time - v.zombie_move_time) >= 0.16" },
            { "default": "(q.modified_move_speed < 0.05 && (q.life_time - v.zombie_move_time) >= 0.16) || q.health <= 1" },
            { "attack_0": "v.zombie_random_attack == 1 && q.is_delayed_attacking && (q.life_time - v.zombie_move_time) >= 0.16" },
            { "attack_1": "v.zombie_random_attack == 2 && q.is_delayed_attacking && (q.life_time - v.zombie_move_time) >= 0.16" },
            { "attack_2": "v.zombie_random_attack == 3 && q.is_delayed_attacking && (q.life_time - v.zombie_move_time) >= 0.16" }
          ],
          "on_entry": ["v.zombie_random_attack = math.random_integer(1, 3);", "v.zombie_move_time = q.life_time;"],
          "blend_via_shortest_path": true,
          "blend_transition": 0.15
        },
        "attack_0": {
          "animations": [
            "attack_0"
          ],
          "transitions": [
            { "move": "!q.is_delayed_attacking && q.any_animation_finished && q.modified_move_speed > 0.2 && q.health > 1 && (q.life_time - v.zombie_move_time) >= 0.16" },
            { "speed_walk": "q.modified_move_speed >= 0.4 && q.health > 1 && (q.life_time - v.zombie_move_time) >= 0.16" },
            { "stroll": "!q.is_delayed_attacking && q.any_animation_finished && q.modified_move_speed > 0.1 && q.modified_move_speed < 0.2 && q.health > 1 && (q.life_time - v.zombie_move_time) >= 0.16" },
            { "default": "(!q.is_delayed_attacking && q.any_animation_finished && q.modified_move_speed < 0.1 && (q.life_time - v.zombie_move_time) >= 0.16) || q.health <= 1" }
          ],
          "on_entry": ["v.zombie_random_attack = math.random_integer(1, 3);", "v.zombie_move_time = q.life_time;"],
          "blend_via_shortest_path": true,
          "blend_transition": 0.175
        },
        "attack_1": {
          "animations": [
            "attack_1"
          ],
          "transitions": [
            { "move": "!q.is_delayed_attacking && q.any_animation_finished && q.modified_move_speed > 0.2 && q.health > 1 && (q.life_time - v.zombie_move_time) >= 0.16" },
            { "stroll": "!q.is_delayed_attacking && q.any_animation_finished && q.modified_move_speed > 0.1 && q.modified_move_speed < 0.2 && q.health > 1 && (q.life_time - v.zombie_move_time) >= 0.16" },
            { "default": "(!q.is_delayed_attacking && q.any_animation_finished && q.modified_move_speed < 0.1 && (q.life_time - v.zombie_move_time) >= 0.16) || q.health <= 1" }
          ],
          "on_entry": ["v.zombie_random_attack = math.random_integer(1, 3);", "v.zombie_move_time = q.life_time;"],
          "blend_via_shortest_path": true,
          "blend_transition": 0.175
        },
        "attack_2": {
          "animations": [
            "attack_2"
          ],
          "transitions": [
            { "move": "!q.is_delayed_attacking && q.any_animation_finished && q.modified_move_speed > 0.2 && q.health > 1 && (q.life_time - v.zombie_move_time) >= 0.16" },
            { "stroll": "!q.is_delayed_attacking && q.any_animation_finished && q.modified_move_speed > 0.1 && q.modified_move_speed < 0.2 && q.health > 1 && (q.life_time - v.zombie_move_time) >= 0.16" },
            { "default": "(!q.is_delayed_attacking && q.any_animation_finished && q.modified_move_speed < 0.1 && (q.life_time - v.zombie_move_time) >= 0.16) || q.health <= 1" }
          ],
          "on_entry": ["v.zombie_random_attack = math.random_integer(1, 3);", "v.zombie_move_time = q.life_time;"],
          "blend_via_shortest_path": true,
          "blend_transition": 0.175
        }
      }
    },
    "controller.animation.ra_zombie.crawler_move": {
      "initial_state": "default",
      "states": {
        "default": {
          "transitions": [
            { "move": "q.modified_move_speed > 0.025 && q.health > 1 && (q.life_time - v.zombie_move_time) >= 0.16" },
            { "attack_0": "v.zombie_crawler_random_attack == 1 && q.is_delayed_attacking && (q.life_time - v.zombie_move_time) >= 0.16" },
            { "attack_1": "v.zombie_crawler_random_attack == 2 && q.is_delayed_attacking && (q.life_time - v.zombie_move_time) >= 0.16" }
          ],
          "on_entry": [
            "v.zombie_crawler_random_attack = math.random_integer(1, 2);",
            "v.zombie_move_time = q.life_time;"
          ],
          "on_exit": [
            "v.zombie_crawler_random_attack = math.random_integer(1, 2);",
            "v.zombie_move_time = q.life_time;"
          ],
          "blend_via_shortest_path": true,
          "blend_transition": 0.15
        },
        "move": {
          "animations": ["crawler.walk"],
          "transitions": [
            { "default": "(q.modified_move_speed < 0.025 && (q.life_time - v.zombie_move_time) >= 0.16) || q.health <= 1" },
            { "attack_0": "v.zombie_crawler_random_attack == 1 && q.is_delayed_attacking && (q.life_time - v.zombie_move_time) >= 0.16" },
            { "attack_1": "v.zombie_crawler_random_attack == 2 && q.is_delayed_attacking && (q.life_time - v.zombie_move_time) >= 0.16" }
          ],
          "on_entry": [
            "v.zombie_crawler_random_attack = math.random_integer(1, 2);",
            "v.zombie_move_time = q.life_time;"
          ],
          "on_exit": [
            "v.zombie_crawler_random_attack = math.random_integer(1, 2);",
            "v.zombie_move_time = q.life_time;"
          ],
          "blend_via_shortest_path": true,
          "blend_transition": 0.15
        },
        "attack_0": {
          "animations": [
             "attack_0"
          ],
          "transitions": [
            { "move": "!q.is_delayed_attacking && q.any_animation_finished && q.modified_move_speed > 0.025 && q.health > 1 && (q.life_time - v.zombie_move_time) >= 0.175" },
            { "default": "(!q.is_delayed_attacking && q.any_animation_finished && q.modified_move_speed < 0.025 && (q.life_time - v.zombie_move_time) >= 0.175) || q.health <= 1" }
          ],
          "on_entry": [ "v.zombie_move_time = q.life_time;" ],
          "on_exit": [
            "v.zombie_crawler_random_attack = math.random_integer(1, 2);",
            "v.zombie_move_time = q.life_time;"
          ],
          "blend_via_shortest_path": true,
          "blend_transition": 0.175
        },
        "attack_1": {
          "animations": [
             "crawler.attack"
          ],
          "transitions": [
            { "move": "!q.is_delayed_attacking && q.any_animation_finished && q.modified_move_speed > 0.025 && q.health > 1 && (q.life_time - v.zombie_move_time) >= 0.175" },
            { "default": "(!q.is_delayed_attacking && q.any_animation_finished && q.modified_move_speed < 0.025 && (q.life_time - v.zombie_move_time) >= 0.175) || q.health <= 1" }
          ],
          "on_entry": [ "v.zombie_move_time = q.life_time;" ],
          "on_exit": [
            "v.zombie_crawler_random_attack = math.random_integer(1, 2);",
            "v.zombie_move_time = q.life_time;"
          ],
          "blend_via_shortest_path": true,
          "blend_transition": 0.175
        }
      }
    },

    "controller.animation.ra_zombie": {
      "initial_state": "default",
      "states": {
        "default": {
          "animations": [
            // "jump.controller",
            "move.controller",
            "attack.controller",
            "celebrate.controller"
          ],
          "transitions": [
            { "transition.crawler": "v.crawler" },
            { "blowback.fold_on_wall": "v.blowback == 'fold'" },
            { "blowback.hit_wall": "v.blowback == 'wall'" },
            { "blowback": "v.is_blowback" },
            { "death.mini_gun": "v.death.mini_gun" },
            { "death": "(q.is_stunned && v.random == 1 && q.is_sheared) || (v.is_tnt && q.is_stunned && q.is_sheared && v.random == 2)" },
            { "death_1": "q.is_stunned && v.random == 2 && q.is_sheared && !v.is_tnt" },
            { "death_2": "(q.is_stunned && !q.is_sheared && (v.random == 1 || q.variant == 3))" },
            { "death_3": "q.is_stunned && !q.is_sheared" },
            { "death_4": "q.is_stunned && v.random == 3 && q.is_sheared" }
          ],
          "on_entry": ["v.random_pos = math.random_integer(1, 2);", "v.random = math.random_integer(1, 3);", "v.tick_delay = q.life_time;"],
          "blend_via_shortest_path": true,
          "blend_transition": 0.25
        },

        "death.mini_gun": {
          "animations": ["blowback"],
          "transitions": [
            { "blowback.land": "v.death.mini_gun && q.is_on_ground && (q.life_time - v.tick_delay) >= 0.1" }
          ],
          "on_entry": ["v.tick_delay = q.life_time;"],
          "blend_via_shortest_path": true,
          "blend_transition": 0.075
        },

        "blowback": {
          "animations": ["blowback"],
          "transitions": [
            { "blowback.pre_fall": "v.blowback == 'fly' && (q.life_time - v.tick_delay) > 0.4" },
            { "blowback.land": "(v.blowback == 'land' && (q.life_time - v.tick_delay) >= 0.2)" },
            { "blowback.fold_on_wall": "v.blowback == 'fold' && (q.life_time - v.tick_delay) >= 0.08" },
            { "blowback.hit_wall": "v.blowback == 'wall' && (q.life_time - v.tick_delay) >= 0.08" },
            { "blowback.hit_floor_wall": "v.blowback == 'floor_wall' && (q.life_time - v.tick_delay) >= 0.08" }
          ],
          "on_entry": ["v.tick_delay = q.life_time;"],
          "blend_via_shortest_path": true,
          "blend_transition": 0.075
        },
        "blowback.pre_fall": {
          "animations": ["blowback"],
          "transitions": [
            { "blowback.land": "(v.blowback == 'land' && (q.life_time - v.tick_delay) >= 0.08)" },
            { "blowback.hit_floor_wall": "v.blowback == 'floor_wall' && (q.life_time - v.tick_delay) >= 0.08" },
            { "blowback.fold_on_wall": "v.blowback == 'fold' && (q.life_time - v.tick_delay) >= 0.08" },
            { "blowback.hit_wall": "v.blowback == 'wall' && (q.life_time - v.tick_delay) >= 0.08" },
            { "blowback.fall": "(q.life_time - v.tick_delay) > 0.4" }
          ],
          "on_entry": ["v.tick_delay = q.life_time;"],
          "blend_via_shortest_path": true,
          "blend_transition": 0.25
        },
        "blowback.fall": {
          "animations": ["blowback.fall"],
          "transitions": [
            { "blowback.fall_land": "v.blowback == 'land' && (q.life_time - v.tick_delay) >= 0.1" },
            { "blowback.fold_on_wall": "v.blowback == 'fold' && (q.life_time - v.tick_delay) >= 0.1" },
            { "blowback.hit_floor_wall": "(v.blowback == 'wall' || v.blowback == 'floor_wall') && (q.life_time - v.tick_delay) >= 0.1" }
          ],
          "on_entry": ["v.tick_delay = q.life_time;"],
          "blend_via_shortest_path": true,
          "blend_transition": 0.1
        },
        "blowback.fall_land": {
          "animations": ["blowback.fall_land"],
          "on_entry": ["v.tick_delay = q.life_time;"],
          "blend_transition": 0.15
        },
        "blowback.land": {
          "animations": ["blowback.land"],
          "on_entry": ["v.tick_delay = q.life_time;"],
          "blend_transition": 0.15
        },
        "blowback.fold_on_wall": {
          "animations": [
            "blowback.fold_on_wall",
            { "leg.l_drip": "v.legs_visible == 'left' || v.legs_visible == 'none'" },
            { "leg.r_drip": "v.legs_visible == 'right' || v.legs_visible == 'none'" }
          ],
          "on_entry": ["v.tick_delay = q.life_time;"],
          "blend_transition": 0.15
        },

        "blowback.hit_wall": {
          "animations": [
            "blowback.hit_wall_1"
            // { "blowback.hit_wall_1": "v.legs_visible == 'both'" },

            // { "blowback.hit_wall.l_leg": "v.legs_visible == 'left'" },
            // { "blowback.hit_wall.r_leg": "v.legs_visible == 'right'" }
          ],
          "transitions": [
            { "hit_floor_wall.no_legs": "v.legs_visible == 'none' && (q.life_time - v.tick_delay) < 1.5 && (q.life_time - v.tick_delay) >= 0.15" },
            { "hit_wall.l_leg": "v.legs_visible == 'left' && (q.life_time - v.tick_delay) < 1.5 && (q.life_time - v.tick_delay) > 0.5" },
            { "hit_wall.r_leg": "v.legs_visible == 'right' && (q.life_time - v.tick_delay) < 1.5 && (q.life_time - v.tick_delay) > 0.5" }
          ],
          "on_entry": ["v.random_pos = math.random_integer(1, 2);", "v.tick_delay = q.life_time;"],
          "blend_transition": 0.5
        },

        "blowback.hit_wall.r_leg": {
          "animations": [
            "blowback.hit_wall.r_leg"
          ],
          "transitions": [
            { "hit_floor_wall.no_legs": "v.legs_visible == 'none' && (q.life_time - v.tick_delay) < 1.5 && (q.life_time - v.tick_delay) >= 0.15" }
          ],
          "on_entry": ["v.random_pos = math.random_integer(1, 2);", "v.tick_delay = q.life_time;"],
          "blend_transition": 0.5
        },
        "blowback.hit_wall.l_leg": {
          "animations": [
            "blowback.hit_wall.l_leg"
          ],
          "transitions": [
            { "hit_floor_wall.no_legs": "v.legs_visible == 'none' && (q.life_time - v.tick_delay) < 1.5 && (q.life_time - v.tick_delay) >= 0.15" }
          ],
          "on_entry": ["v.random_pos = math.random_integer(1, 2);", "v.tick_delay = q.life_time;"],
          "blend_transition": 0.5
        },

        "blowback.hit_floor_wall": {
          "animations": [
            "death_5"
          ],
          "transitions": [
            { "hit_floor_wall.no_legs": "v.legs_visible == 'none' && (q.life_time - v.tick_delay) >= 0.15" }
          ],
          "on_entry": ["v.random_pos = math.random_integer(1, 2);", "v.tick_delay = q.life_time;"],
          "blend_transition": 0.25
        },

        "hit_floor_wall.no_legs": {
          "animations": [
            { "hit_wall.no_legs": "v.random_pos == 1" },
            { "hit_wall.no_legs_1": "v.random_pos == 2" }
          ],
          "on_entry": ["v.random_pos = math.random_integer(1, 2);", "v.tick_delay = q.life_time;"],
          "blend_transition": 0.15
        },

        "hit_wall.l_leg": {
          "animations": [
            "hit_wall.l_leg"
          ],
          "on_entry": ["v.random_pos = math.random_integer(1, 2);", "v.tick_delay = q.life_time;"],
          "blend_transition": 0.15
        },
        "hit_wall.r_leg": {
          "animations": [
            "hit_wall.r_leg"
          ],
          "on_entry": ["v.random_pos = math.random_integer(1, 2);", "v.tick_delay = q.life_time;"],
          "blend_transition": 0.15
        },

        "blowback.hit_floor_wall.no_legs": {
          "animations": [
            { "blowback.hit_wall.no_legs": "v.random_pos == 1" },
            { "blowback.hit_wall.no_legs_1": "v.random_pos == 2" }
          ],
          "on_entry": ["v.random_pos = math.random_integer(1, 2);", "v.tick_delay = q.life_time;"],
          "blend_transition": 0.15
        },

        "death": {
          "animations": ["death"],
          "on_entry": ["v.tick_delay = q.life_time;"],
          "blend_transition": 0.15
        },
        "death_1": {
          "animations": ["death_1"],
          "on_entry": ["v.tick_delay = q.life_time;"],
          "blend_transition": 0.15
        },
        "death_2": {
          "animations": ["death_2"],
          "on_entry": ["v.tick_delay = q.life_time;"],
          "blend_transition": 0.15
        },
        "death_3": {
          "animations": ["death_3"],
          "on_entry": ["v.tick_delay = q.life_time;"],
          "blend_transition": 0.15
        },
        "death_4": {
          "animations": ["death_4"],
          "on_entry": ["v.tick_delay = q.life_time;"],
          "blend_transition": 0.15
        },

        "transition.crawler": {
          "animations": ["crawler.transition"],
          "transitions": [
            { "crawler": "q.is_on_ground && q.all_animations_finished" },
            { "crawler.death": "q.is_stunned" }
          ],
          "on_entry": ["v.random_pos = math.random_integer(1, 2);", "v.tick_delay = q.life_time;"],
          "on_exit": ["v.random_pos = math.random_integer(1, 2);", "v.tick_delay = q.life_time;"],
          "blend_via_shortest_path": true,
          "blend_transition": 0.3
        },
        "crawler": {
          "animations": [
            "crawler",
            "crawler.idle",
            "celebrate.controller",
            "crawler.move.controller"
          ],
          "transitions": [
            { "crawler.blowback.land.r": "v.legs_visible == 'right' && v.blowback == 'land'" },
            { "crawler.blowback.land.l": "v.legs_visible == 'left' && v.blowback == 'land'" },
            { "crawler.blowback": "v.is_blowback && v.blowback != 'land'" },
            { "crawler.blowback.land.none": "q.is_stunned && v.legs_visible == 'none'" },
            { "crawler.blowback.land.r": "q.is_stunned && v.legs_visible == 'right' && q.is_illager_captain" },
            { "crawler.blowback.land.l": "q.is_stunned && v.legs_visible == 'left' && q.is_illager_captain" },
            { "crawler.death": "q.is_stunned" }
          ],
          "on_entry": ["v.random_pos = math.random_integer(1, 2);", "v.tick_delay = q.life_time;"],
          "on_exit": ["v.random_pos = math.random_integer(1, 2);", "v.tick_delay = q.life_time;"],
          "blend_via_shortest_path": true,
          "blend_transition": 0.175
        },

        "crawler.pre_death": {
          "animations": [
            "crawler",
            "crawler.idle",
            //"celebrate.controller",
            "crawler.move.controller"
          ],
          "transitions": [
            { "crawler.blowback.land.none": "q.is_stunned && v.legs_visible == 'none'" },
            { "crawler.blowback.land.r": "v.legs_visible == 'right'" },
            { "crawler.blowback.land.l": "v.legs_visible == 'left'" },
            { "crawler.death": "q.is_stunned" }
          ],
          "on_entry": ["v.tick_delay = q.life_time;"],
          "blend_via_shortest_path": true,
          "blend_transition": 0.25
        },

        "crawler.death": {
          "animations": ["crawler.death"],
          "on_entry": ["v.tick_delay = q.life_time;"],
          "blend_via_shortest_path": true,
          "blend_transition": 0.15
        },
        "crawler.death_1": {
          "animations": ["crawler.blowback"],
          "on_entry": ["v.tick_delay = q.life_time;"],
          "blend_via_shortest_path": true,
          "blend_transition": 0.15
        },

        "crawler.blowback": {
          "animations": ["crawler.blowback"],
          "transitions": [
            { "crawler.blowback.land.r": "((v.legs_visible == 'right' && v.blowback == 'land' && (q.life_time - v.tick_delay) >= 0.1)) || ((q.life_time - v.tick_delay) > 0.2 && q.is_on_ground)" },
            { "crawler.blowback.land.l": "(v.legs_visible == 'left' && v.blowback == 'land' && (q.life_time - v.tick_delay) >= 0.1)" },
            { "blowback.pre_fall": "v.blowback == 'fly' && (q.life_time - v.tick_delay) > 0.4" },
            { "blowback.fold_on_wall": "v.blowback == 'fold' && (q.life_time - v.tick_delay) >= 0.08" },
            { "blowback.hit_floor_wall.no_legs": "v.legs_visible == 'none' && v.blowback == 'wall' && (q.life_time - v.tick_delay) >= 0.08" },
            { "blowback.hit_wall.l_leg": "v.legs_visible == 'left' && v.blowback == 'wall' && (q.life_time - v.tick_delay) >= 0.08" },
            { "blowback.hit_wall.r_leg": "v.legs_visible == 'right' && v.blowback == 'wall' && (q.life_time - v.tick_delay) >= 0.08" },
            { "blowback.hit_wall": "v.blowback == 'wall' && (q.life_time - v.tick_delay) >= 0.1" },
            { "blowback.hit_floor_wall": "v.blowback == 'floor_wall' && (q.life_time - v.tick_delay) >= 0.08" }
          ],
          "on_entry": ["v.random_pos = math.random_integer(1, 2);", "v.tick_delay = q.life_time;"],
          "on_exit": ["v.random_pos = math.random_integer(1, 2);", "v.tick_delay = q.life_time;"],
          "blend_via_shortest_path": true,
          "blend_transition": 0.075
        },

        "crawler.blowback.land.r": {
          "animations": [ "crawler.blowback.death_r" ],
          "transitions": [{ "crawler.blowback.land.none": "v.legs_visible == 'none'" }],
          "on_entry": ["v.tick_delay = q.life_time;"],
          "blend_via_shortest_path": true,
          "blend_transition": 0.15
        },
        "crawler.blowback.land.l": {
          "animations": [ "crawler.blowback.death_l" ],
          "transitions": [{ "crawler.blowback.land.none": "v.legs_visible == 'none'" }],
          "on_entry": ["v.tick_delay = q.life_time;"],
          "blend_via_shortest_path": true,
          "blend_transition": 0.15
        },
        "crawler.blowback.land.none": {
          "animations": [ "crawler.blowback.death_none" ],
          "on_entry": ["v.tick_delay = q.life_time;"],
          "blend_via_shortest_path": true,
          "blend_transition": 0.15
        }
      }
    },
    "controller.animation.ra_zombie.squirt": {
      "initial_state": "default",
      "states": {
        "default": {
          "transitions": [{ "squirt": "(q.variant == 1 || q.variant == 2) && !v.is_pumpkin_head" }],
          "blend_transition": 0.1,
          "blend_via_shortest_path": true
        },
        "squirt": {
          "animations": ["blood_squirt"]
        }
      }
    },
    "controller.animation.ra_zombie.crack_skull": {
      "initial_state": "default",
      "states": {
        "default": {
          "transitions": [{ "crack_skull": "q.is_illager_captain" }],
          "blend_transition": 0.1,
          "blend_via_shortest_path": true
        },
        "crack_skull": {
          "animations": ["crack_skull"]
        }
      }
    },
    "controller.animation.zombie.hurt": {
      "initial_state": "default",
      "states": {
        "default": {
          "transitions": [
            { "tamed_hurt": "(q.is_saddled || q.out_of_control) && q.is_tamed && !q.is_stunned && (v.random_hurt == 1 || v.random_hurt == 2 || v.random_hurt == 3)" },
            { "tamed_hurt.1": "(q.is_saddled || q.out_of_control) && q.is_tamed && !q.is_stunned && (v.random_hurt == 4 || v.random_hurt == 5)" },
            { "hurt": "(q.is_saddled || q.out_of_control) && !q.is_tamed && !q.is_stunned && v.random_hurt == 1" },
            { "hurt.1": "(q.is_saddled || q.out_of_control) && !q.is_tamed && !q.is_stunned && v.random_hurt == 2" },
            { "hurt.2": "(q.is_saddled || q.out_of_control) && !q.is_tamed && !q.is_stunned && v.random_hurt == 3" },
            { "hurt.3": "(q.is_saddled || q.out_of_control) && !q.is_tamed && !q.is_stunned && v.random_hurt == 4" },
            { "hurt.4": "(q.is_saddled || q.out_of_control && !q.is_tamed) && !q.is_stunned && v.random_hurt == 5" }
          ],
          "on_entry": ["v.random_hurt = math.random_integer(1, 5);"],
          "blend_transition": 0.2,
          "blend_via_shortest_path": true
        },
        "tamed_hurt": {
          "animations": ["tamed_hurt"],
          "transitions": [{ "default": "q.all_animations_finished && !q.is_saddled && !q.out_of_control" }],
          "blend_transition": 0.25,
          "blend_via_shortest_path": true
        },
        "tamed_hurt.1": {
          "animations": ["tamed_hurt.1"],
          "transitions": [{ "default": "q.all_animations_finished && !q.is_saddled && !q.out_of_control" }],
          "blend_transition": 0.25,
          "blend_via_shortest_path": true
        },
        "hurt": {
          "animations": ["hurt"],
          "transitions": [{ "default": "q.all_animations_finished" }],
          "blend_transition": 0.1,
          "blend_via_shortest_path": true
        },
        "hurt.1": {
          "animations": ["hurt.1"],
          "transitions": [{ "default": "q.all_animations_finished" }],
          "blend_transition": 0.1,
          "blend_via_shortest_path": true
        },
        "hurt.2": {
          "animations": ["hurt.2"],
          "transitions": [{ "default": "q.all_animations_finished" }],
          "blend_transition": 0.1,
          "blend_via_shortest_path": true
        },
        "hurt.3": {
          "animations": ["hurt.3"],
          "transitions": [{ "default": "q.all_animations_finished" }],
          "blend_transition": 0.1,
          "blend_via_shortest_path": true
        },
        "hurt.4": {
          "animations": ["hurt.4"],
          "transitions": [{ "default": "q.all_animations_finished" }],
          "blend_transition": 0.1,
          "blend_via_shortest_path": true
        }
      }
    },
		"controller.animation.ra_zombie.look_at_target" : {
			"initial_state" : "default",
			"states" : {
				"default" : {
					"animations" : [
            { "look_at_target_default": "q.health > 1 && !q.is_stunned" },
            { "look_at_target_dead": "q.health <= 1 || q.is_stunned" }
          ],
					"transitions" : [
						{ "gliding" : "q.is_gliding" },
						{ "swimming" : "q.is_swimming || q.is_crawling" }
					]
				},
				"gliding" : {
					"animations" : [ "look_at_target_gliding" ],
					"transitions" : [
						{ "swimming" : "q.is_swimming || q.is_crawling" },
						{ "default" : "!q.is_gliding" }
					]
				},
				"swimming" : {
					"animations" : [ "look_at_target_swimming" ],
					"transitions" : [
						{ "gliding" : "q.is_gliding" },
						{ "default" : "!q.is_swimming && !q.is_crawling" }
					]
				}
			}
		}
  }
}
