{
	"format_version": "1.8.0",
	"animations": {
		"animation.player.move_legs_cancel": {
			"loop": true,
			"bones": {
				"leftLeg": {
					"rotation": ["v.tcos0 * 1.4", 0, 0]
				},
				"rightLeg": {
					"rotation": ["v.tcos0 * -1.4", 0, 0]
				}
			}
		},
		"animation.player.holding_cancel": {
			"loop": true,
			"bones": {
				"leftarm": {
					"rotation": ["v.is_holding_left ? (-this * -0.5 - 18.0) : 0.0", 0, 0]
				},
				"rightarm": {
					"rotation": ["v.is_holding_right ? (-this * -0.5 - 18.0) : 0.0", 0, 0]
				}
			}
		},
		"animation.player.acog.crosshair.scale": {
			"loop": true,
			"bones": {
				"crosshair": {
					"position": [0, 0.025, 0],
					"scale": 0.3
				},
				"crosshair_night_vision": {
					"position": [0, 0.025, 0],
					"scale": 0.3
				}
			}
		},
		"animation.weapon_roots.clear": {
			"loop": "hold_on_last_frame",
			"bones": {
				"weapon_root": {
					"scale": 0
				},
				"weapon_root_2": {
					"scale": 0
				}
			}
		},
		"animation.gun.slide_back": {
			"loop": true,
			"bones": {
				"bolt": {
					"position": [0, 0, "(v.ppsh_41 || v.ppsh_41_golden) ? -6 : 0"]
				},
				"slide": {
					"position": [0, 0, "(v.ppsh_41 || v.ppsh_41_golden) ? -4.75 : 0"]
				}
			}
		},
		"animation.gun.scale.fp": {
			"loop": "hold_on_last_frame",
			"bones": {
				"weapon_root": {
					"rotation": [
						"v.pumpkin_bomb ? 101.70092 : ((v.rpk_drum_item || v.ppsh_drum_item || v.ppsh_drum_item_golden) ? 79.58386 : ((v.fore_grip_item || v.red_dot_item || v.acog_item || v.acog_item_nv || v.halographic_item) ? 1.10693 : (v.m203_item ? 81.57792 : (v.nv_goggles_item ? -18.99142 : 0))))",
						"v.pumpkin_bomb ? -19.3546 : ((v.rpk_drum_item || v.ppsh_drum_item || v.ppsh_drum_item_golden) ? -15.92305 : ((v.fore_grip_item || v.red_dot_item || v.acog_item || v.acog_item_nv || v.halographic_item) ? -12.45167 : (v.m203_item ? 6.80589 : (v.nv_goggles_item ? -10.40642 : 0))))",
						"v.pumpkin_bomb ? -122.00206 : ((v.rpk_drum_item || v.ppsh_drum_item || v.ppsh_drum_item_golden) ? -23.88952 : ((v.fore_grip_item || v.red_dot_item || v.acog_item || v.acog_item_nv || v.halographic_item) ? -35.12076 : (v.m203_item ? -67.47693 : (v.nv_goggles_item ? -19.56861 : 0))))"
					],
					"position": [
						"((v.desert_eagle || v.desert_eagle_golden || v.desert_eagle_netherite) ? -0.2 : ((v.mp5 || v.sp88) ? 0.5 : (v.citori_725 ? -1.25 : ((v.incendiary_grenade || v.dirty_grenade || v.smoke_grenade || v.confetti_grenade) ? -1.25 : (v.m1_garand ? 0.75 : (v.p90 ? 0.8 : (v.pumpkin_bomb ? 1.35 : ((v.rpk_drum_item || v.ppsh_drum_item || v.ppsh_drum_item_golden) ? 2.25 : ((v.fore_grip_item || v.red_dot_item || v.acog_item || v.acog_item_nv || v.halographic_item) ? 1.75 : (v.m203_item ? 0.75 : 0))))))))))",
						"(v.ppsh_41 || v.ppsh_41_golden || v.mp40 || v.mp40_golden || v.mp40_netherite) ? -0.15 : ((v.desert_eagle || v.desert_eagle_golden || v.desert_eagle_netherite) ? 0.35 : ((v.mp5 || v.sp88) ? -0.5 : (v.citori_725 ? 3 : ((v.incendiary_grenade || v.dirty_grenade || v.smoke_grenade || v.confetti_grenade) ? -0.25 : (v.m16a4 ? -0.15 : (v.remington_870 ? 1.5 : (v.m1_garand ? 2 : (v.p90 ? -0.75 : ((v.mx115 || v.mx115_netherite) ? 0.5 : (v.pumpkin_bomb ? 7.25 : ((v.rpk_drum_item || v.ppsh_drum_item || v.ppsh_drum_item_golden) ? 0.46905 : (v.m203_item ? -0.44072 : (v.nv_goggles_item ? -0.07392 : 0)))))))))))))",
						"(v.ppsh_41 || v.ppsh_41_golden || v.mp40 || v.mp40_golden || v.mp40_netherite) ? -0.6 : ((v.desert_eagle || v.desert_eagle_golden || v.desert_eagle_netherite) ? 0.8 : (v.citori_725 ? 0.25 : ((v.incendiary_grenade || v.dirty_grenade || v.smoke_grenade || v.confetti_grenade) ? -0.9 : (v.m16a4 ? -0.6 : (v.remington_870 ? -0.4 : (v.m1_garand ? -1 : (v.p90 ? 1 : (v.pumpkin_bomb ? 3.5 : ((v.rpk_drum_item || v.ppsh_drum_item || v.ppsh_drum_item_golden) ? -1.65461 : ((v.fore_grip_item || v.red_dot_item || v.acog_item || v.acog_item_nv || v.halographic_item) ? -0.25 : (v.m203_item ? -1.47724 : (v.nv_goggles_item ? -0.18663 : 0))))))))))))"
					],
					"scale": [
						"(v.ppsh_41 || v.ppsh_41_golden) ? 0.3925 : ((v.mp40 || v.mp40_golden || v.mp40_netherite) ? 0.325 : ((v.rpg_rocket_item || v.rpg_rocket_s_item || v.rpg_rocket_f_item || v.rpg_rocket_d_item || v.rpg_rocket_c_item || v.rpg) ? 0.35 : ((v.magnum || v.magnum_midnight) ? 0.2875 : ((v.desert_eagle || v.desert_eagle_golden || v.desert_eagle_netherite) ? 0.33 : ((v.ak_47 || v.ak_47_golden || v.ak_47_polymer || v.ak_47_polymer_golden || v.rpk || v.rpk_polymer) ? 0.205 : (((v.scar || v.scar_midnight || v.scar_golden) || v.p90) ? 0.3 : (v.mp5 ? 0.65 : (v.citori_725 ? 0.25 : ((v.incendiary_grenade || v.dirty_grenade || v.smoke_grenade || v.confetti_grenade) ? 0.55 : (v.grenade ? 1 : ((v.m16a4 || v.m4a1) ? 0.325 : (v.remington_870 ? 0.265 : (v.m1_garand ? 0.3 : ((v.m79 || v.scope_8x_item || v.scope_8x_item_nv) ? 0.35 : (v.p250 ? 1 : (v.mosin_nagant ? 0.2875 : (v.mini_gun ? 0.65 : ((v.mx115 || v.mx115_netherite) ? 0.6 : (v.sp88 ? 0.675 : ((v.thunder_gun || v.pumpkin_bomb) ? 0.4 : ((v.detonator) ? 1 : ((v.rpk_drum_item || v.ppsh_drum_item || v.ppsh_drum_item_golden) ? 0.3 : (v.mini_gun_clip ? 0.6 : ((v.fore_grip_item || v.red_dot_item || v.acog_item || v.acog_item_nv || v.halographic_item) ? 0.45 : (v.m203_item ? 0.4 : (v.nv_goggles_item ? 0.8 : 0))))))))))))))))))))))))))",
						"(v.ppsh_41 || v.ppsh_41_golden) ? 0.3925 : ((v.mp40 || v.mp40_golden || v.mp40_netherite) ? 0.325 : ((v.rpg_rocket_item || v.rpg_rocket_s_item || v.rpg_rocket_f_item || v.rpg_rocket_d_item || v.rpg_rocket_c_item || v.rpg) ? 0.35 : ((v.magnum || v.magnum_midnight) ? 0.2875 : ((v.desert_eagle || v.desert_eagle_golden || v.desert_eagle_netherite) ? 0.3 : ((v.ak_47 || v.ak_47_golden || v.ak_47_polymer || v.ak_47_polymer_golden || v.rpk || v.rpk_polymer) ? 0.205 : (((v.scar || v.scar_midnight || v.scar_golden) || v.p90) ? 0.3 : (v.mp5 ? 0.65 : (v.citori_725 ? 0.25 : ((v.incendiary_grenade || v.dirty_grenade || v.smoke_grenade || v.confetti_grenade) ? 0.55 : (v.grenade ? 1 : ((v.m16a4 || v.m4a1) ? 0.325 : (v.remington_870 ? 0.265 : (v.m1_garand ? 0.275 : ((v.m79 || v.scope_8x_item || v.scope_8x_item_nv) ? 0.35 : (v.p250 ? 1 : (v.mosin_nagant ? 0.275 : (v.mini_gun ? 0.65 : ((v.mx115 || v.mx115_netherite) ? 0.6 : (v.sp88 ? 0.675 : ((v.thunder_gun || v.pumpkin_bomb) ? 0.4 : ((v.detonator) ? 1 : ((v.rpk_drum_item || v.ppsh_drum_item || v.ppsh_drum_item_golden) ? 0.3 : (v.mini_gun_clip ? 0.6 : ((v.fore_grip_item || v.red_dot_item || v.acog_item || v.acog_item_nv || v.halographic_item) ? 0.45 : (v.m203_item ? 0.4 : (v.nv_goggles_item ? 0.8 : 0))))))))))))))))))))))))))",
						"(v.ppsh_41 || v.ppsh_41_golden) ? 0.3925 : ((v.mp40 || v.mp40_golden || v.mp40_netherite) ? 0.325 : ((v.rpg_rocket_item || v.rpg_rocket_s_item || v.rpg_rocket_f_item || v.rpg_rocket_d_item || v.rpg_rocket_c_item || v.rpg) ? 0.35 : ((v.magnum || v.magnum_midnight) ? 0.2875 : ((v.desert_eagle || v.desert_eagle_golden || v.desert_eagle_netherite) ? 0.3 : ((v.ak_47 || v.ak_47_golden || v.ak_47_polymer || v.ak_47_polymer_golden || v.rpk || v.rpk_polymer) ? 0.205 : (((v.scar || v.scar_midnight || v.scar_golden) || v.p90) ? 0.3 : (v.mp5 ? 0.65 : (v.citori_725 ? 0.25 : ((v.incendiary_grenade || v.dirty_grenade || v.smoke_grenade || v.confetti_grenade) ? 0.55 : (v.grenade ? 1 : ((v.m16a4 || v.m4a1) ? 0.325 : (v.remington_870 ? 0.265 : (v.m1_garand ? 0.275 : ((v.m79 || v.scope_8x_item || v.scope_8x_item_nv) ? 0.35 : (v.p250 ? 1 : (v.mosin_nagant ? 0.275 : (v.mini_gun ? 0.65 : ((v.mx115 || v.mx115_netherite) ? 0.6 : (v.sp88 ? 0.675 : ((v.thunder_gun || v.pumpkin_bomb) ? 0.4 : ((v.detonator) ? 1 : ((v.rpk_drum_item || v.ppsh_drum_item || v.ppsh_drum_item_golden) ? 0.3 : (v.mini_gun_clip ? 0.6 : ((v.fore_grip_item || v.red_dot_item || v.acog_item || v.acog_item_nv || v.halographic_item) ? 0.45 : (v.m203_item ? 0.35 : (v.nv_goggles_item ? 0.8 : 0))))))))))))))))))))))))))"
					]
				},
				"weapon_root_2": {
					"scale": [
						"v.awm ? 0.35 : 0",
						"v.awm ? 0.35 : 0",
						"v.awm ? 0.35 : 0"
					]
				},
				"bullet_group": {
					"scale": "(v.rpk_drum_item || v.ppsh_drum_item || v.ppsh_drum_item_golden) ? 0.9 : 1"
				},
				"detonator": {
					"rotation": [0, 0, 22.5],
					"position": [-0.4, 0, -0.25],
					"scale": 0.5
				},
				"mx_red_dot": {
					"scale": [0.7, 0.7, 1]
				},
				"pistol": {
					"position": [0.875, -2.75, 1],
					"scale": 0.35
				},
				"tip": {
					"position": [0, 0, "v.p250 ? 0.25 : 0"],
					"scale": [
						"v.p250 ? 0.8 : 1",
						"v.p250 ? 0.8 : 1",
						"v.p250 ? 0.9 : 1"
					]
				},
				"pump": {
					"position": [0, 0, "(v.remington_870 ? 0.5 : 0)"],
					"scale": [
						"(v.remington_870 ? 1.1 : 0)",
						"(v.remington_870 ? 1.1 : 0)",
						1
					]
				},
				"ring": {
					"position": [
						0,
						"v.m4a1 ? -0.35 : (v.sp88 ? 0.2 : 0)",
						0
					],
					"scale": "v.m4a1 ? 1.35 : (v.sp88 ? 0.75 : 1)"
				},
				"suppressor": {
					"scale": "v.mp5 ? 0.55 : ((v.scar || v.scar_midnight || v.scar_golden) ? 1.15 : 1)"
				},
				"desert_eagle_glow": {
					"scale": [1.03, 1.0075, 1.02]
				},
				"acog": {
					"position": [
						0,
						"v.sp88 ? 0.35 : 0",
						"v.sp88 ? -0.75 : 0"
					],
					"scale": [
						"((v.desert_eagle || v.desert_eagle_golden || v.desert_eagle_netherite) ? 0.97 : (v.sp88 ? 0.55 : 1))",
						"v.sp88 ? 0.55 : 1",
						"v.sp88 ? 0.55 : 1"
					]
				},
				"red_dot_scope": {
					"rotation": [
						0,
						"(v.fore_grip_item || v.red_dot_item || v.acog_item || v.acog_item_nv || v.halographic_item) ? -5 : 0",
						"(v.fore_grip_item || v.red_dot_item || v.acog_item || v.acog_item_nv || v.halographic_item) ? -17.5 : 0"
					],
					"position": [
						"((v.desert_eagle || v.desert_eagle_golden || v.desert_eagle_netherite) ? 0.27849 : ((v.fore_grip_item || v.red_dot_item || v.acog_item || v.acog_item_nv || v.halographic_item) ? 0.75 : 0))",
						"((v.desert_eagle || v.desert_eagle_golden || v.desert_eagle_netherite) ? 0.32816 : (v.sp88 ? -0.625 : ((v.fore_grip_item || v.red_dot_item || v.acog_item || v.acog_item_nv || v.halographic_item) ? 0.45 : 0)))",
						"((v.desert_eagle || v.desert_eagle_golden || v.desert_eagle_netherite) ? -0.74776 : (v.sp88 ? -1 : ((v.fore_grip_item || v.red_dot_item || v.acog_item || v.acog_item_nv || v.halographic_item) ? -2 : 0)))"
					],
					"scale": "((v.desert_eagle || v.desert_eagle_golden || v.desert_eagle_netherite) ? 1.2 : (v.sp88 ? 0.55 : ((v.fore_grip_item || v.red_dot_item || v.acog_item || v.acog_item_nv || v.halographic_item) ? 1.2 : 1)))"
				},
				"deag_attach_acog": {
					"position": [5, -2, 0]
				},
				"clip": {
					"scale": [
						"(v.ak_47 || v.ak_47_golden || v.ak_47_polymer || v.ak_47_polymer_golden || v.rpk || v.rpk_polymer) ? 0.95 : 1",
						1,
						1
					]
				},
				"clip2": {
					"scale": [
						"(v.ak_47 || v.ak_47_golden || v.ak_47_polymer || v.ak_47_polymer_golden || v.rpk || v.rpk_polymer) ? 0.95 : 1",
						1,
						1
					]
				},
				"clip_reload": {
					"scale": [
						"(v.ak_47 || v.ak_47_golden || v.ak_47_polymer || v.ak_47_polymer_golden || v.rpk || v.rpk_polymer) ? 0.95 : 1",
						1,
						1
					]
				},
				"ak_glow": {
					"position": [
						0,
						0,
						"(v.ak_47 || v.ak_47_golden || v.ak_47_polymer || v.ak_47_polymer_golden || v.rpk || v.rpk_polymer) ? -0.5 : 0"
					],
					"scale": [
						"(v.ak_47 || v.ak_47_golden || v.ak_47_polymer || v.ak_47_polymer_golden || v.rpk || v.rpk_polymer) ? 1.03 : 1",
						"(v.ak_47 || v.ak_47_golden || v.ak_47_polymer || v.ak_47_polymer_golden || v.rpk || v.rpk_polymer) ? 1.0075 : 1",
						"(v.ak_47 || v.ak_47_golden || v.ak_47_polymer || v.ak_47_polymer_golden || v.rpk || v.rpk_polymer) ? 1.01 : 1"
					]
				},
				"glow_sight": {
					"position": [
						0,
						0,
						"(v.ak_47 || v.ak_47_golden || v.ak_47_polymer || v.ak_47_polymer_golden || v.rpk || v.rpk_polymer) ? 0.3 : 0"
					],
					"scale": [
						1,
						1,
						"(v.ak_47 || v.ak_47_golden || v.ak_47_polymer || v.ak_47_polymer_golden || v.rpk || v.rpk_polymer) ? 0.9 : 1"
					]
				},
				"grip": {
					"position": [
						0,
						"(v.ak_47 || v.ak_47_golden || v.ak_47_polymer || v.ak_47_polymer_golden || v.rpk || v.rpk_polymer) ? -0.5 : (v.sp88 ? 0.35 : 0)",
						"(v.sp88 ? -0.75 : 0)"
					],
					"scale": "(v.ak_47 || v.ak_47_golden || v.ak_47_polymer || v.ak_47_polymer_golden || v.rpk || v.rpk_polymer) ? 1.25 : (v.sp88 ? 0.55 : 1)"
				},
				"wooden_grip": {
					"position": [
						0,
						"(v.ak_47 || v.ak_47_golden || v.ak_47_polymer || v.ak_47_polymer_golden || v.rpk || v.rpk_polymer) ? -0.5: 0",
						0
					],
					"scale": "(v.ak_47 || v.ak_47_golden || v.ak_47_polymer || v.ak_47_polymer_golden || v.rpk || v.rpk_polymer) ? 1.25 : 1"
				},
				"m203": {
					"position": [
						0,
						"(v.ak_47 || v.ak_47_golden) ? -2.1 : ((v.ak_47_polymer || v.ak_47_polymer_golden) ? -0.075 : 0)",
						"(v.ak_47 || v.ak_47_golden) ? -2.75 : ((v.ak_47_polymer || v.ak_47_polymer_golden) ? -3.125 : (v.sp88 ? -2 : 0))"
					],
					"scale": "(v.ak_47 || v.ak_47_golden || v.ak_47_polymer || v.ak_47_polymer_golden) ? 1.2 : (v.sp88 ? 0.55 : 1)"
				},
				"sight": {
					"rotation": [
						"(((v.scar || v.scar_midnight || v.scar_golden) && (v.red_dot || v.any_acog || v.any_scope_8x || q.is_item_name_any('slot.hotbar', 8, 'ra:halographic_scope'))) ? -90 : 0)",
						0,
						0
					]
				},
				"front_sight": {
					"rotation": [
						"(((v.scar || v.scar_midnight || v.scar_golden) && (v.red_dot || v.any_acog || v.any_scope_8x || q.is_item_name_any('slot.hotbar', 8, 'ra:halographic_scope'))) ? 90 : 0)",
						0,
						0
					]
				},
				"scar_muzzle": {
					"position": [ 0, -2, 0 ]
				},
				"scar_sup_muzzle": {
					"position": [ 0, -2, 0 ]
				}
			}
		},
		"animation.gun.scale.tp": {
			"loop": "hold_on_last_frame",
			"bones": {
				"weapon_root": {
					"rotation": [
						"v.pumpkin_bomb ? 101.70092 : ((v.rpk_drum_item || v.ppsh_drum_item || v.ppsh_drum_item_golden) ? 75.31374 : (v.m203_item ? 84.76435 : (v.nv_goggles_item ? -37.05051 : 0)))",
						"v.pumpkin_bomb ? -19.3546 : ((v.rpk_drum_item || v.ppsh_drum_item || v.ppsh_drum_item_golden) ? -17.38772 : (v.m203_item ? 14.02804 : (v.nv_goggles_item ? 0.94825 : 0)))",
						"v.pumpkin_bomb ? -122.00206 : ((v.rpk_drum_item || v.ppsh_drum_item || v.ppsh_drum_item_golden) ? -18.2489 : ((v.fore_grip_item || v.red_dot_item || v.acog_item || v.acog_item_nv || v.halographic_item) ? -27.5 : (v.m203_item ? -73.79471 : (v.nv_goggles_item ? -2.30362 : 0))))"
					],
					"position": [
						"(v.rpg ? -1 : (v.mp5 ? 0.5 : (v.citori_725 ? -1.25 : ((v.incendiary_grenade || v.dirty_grenade || v.smoke_grenade || v.confetti_grenade) ? -1 : (v.m1_garand ? 0.75 : (v.p90 ? 0.7 : (v.sp88 ? 0.5 : (v.pumpkin_bomb ? 0.6 : ((v.rpk_drum_item || v.ppsh_drum_item || v.ppsh_drum_item_golden) ? 1.25 : ((v.fore_grip_item || v.red_dot_item || v.acog_item || v.acog_item_nv || v.halographic_item) ? 0.75 : (v.m203_item ? 0.75 : (v.nv_goggles_item ? -0.75 : 0))))))))))))",
						"(v.ppsh_41 || v.ppsh_41_golden || v.mp40 || v.mp40_golden || v.mp40_netherite) ? -0.65 : (v.rpg ? -0.35 : ((v.desert_eagle || v.desert_eagle_golden || v.desert_eagle_netherite) ? 0.2 : (v.mp5 ? -0.7 : (v.citori_725 ? 1.25 : ((v.incendiary_grenade || v.dirty_grenade || v.smoke_grenade || v.confetti_grenade || v.p90) ? -0.75 : (v.remington_870 ? 1.25 : (v.m1_garand ? 2 : (v.m79? -1 : ((v.mx115 || v.mx115_netherite) ? 0.7 : (v.sp88 ? -0.95 : ((v.scar || v.scar_midnight || v.scar_golden) ? -0.25 : (v.pumpkin_bomb ? 6.5 : ((v.rpk_drum_item || v.ppsh_drum_item || v.ppsh_drum_item_golden) ? -0.75 : (v.m203_item ? -0.30258 : (v.nv_goggles_item ? 0.15787 : 0)))))))))))))))",
						"(v.ppsh_41 || v.ppsh_41_golden || v.mp40 || v.mp40_golden || v.mp40_netherite) ? -0.65 : (v.rpg ? -1.15 : ((v.desert_eagle || v.desert_eagle_golden || v.desert_eagle_netherite) ? 0.5 : (v.mp5 ? 0.15 : (v.citori_725 ? 0.15 : ((v.incendiary_grenade || v.dirty_grenade || v.smoke_grenade || v.confetti_grenade) ? -0.5 : (v.remington_870 ? -0.4 : (v.m1_garand ? -1 : (v.m79? -0.5 : ((v.scar || v.scar_midnight || v.scar_golden) ? 0.3 : (v.pumpkin_bomb ? 3.25 : ((v.rpk_drum_item || v.ppsh_drum_item || v.ppsh_drum_item_golden) ? -1.5 : ((v.fore_grip_item || v.red_dot_item || v.acog_item || v.acog_item_nv || v.halographic_item) ? -0.25 : (v.m203_item ? -1.15179 : (v.nv_goggles_item ? -0.09298 : 0))))))))))))))"
					],
					"scale": "(v.ppsh_41 || v.ppsh_41_golden) ? 0.225 : (v.mp40 || v.mp40_golden || v.mp40_netherite ? 0.203 : ((v.rpg_rocket_item || v.rpg_rocket_s_item || v.rpg_rocket_f_item || v.rpg_rocket_d_item || v.rpg_rocket_c_item || v.rpg) ? 0.275 : ((v.magnum || v.magnum_midnight) ? 0.2 : ((v.desert_eagle || v.desert_eagle_golden || v.desert_eagle_netherite) ? 0.26 : ((v.ak_47 || v.ak_47_golden || v.ak_47_polymer || v.ak_47_polymer_golden || v.rpk || v.rpk_polymer) ? 0.165 : (((v.scar || v.scar_midnight || v.scar_golden)) ? 0.2 : (v.mp5 ? 0.55 : ((v.citori_725 || v.m1_garand) ? 0.2 : ((v.incendiary_grenade || v.dirty_grenade || v.smoke_grenade || v.confetti_grenade || v.fore_grip_item || v.red_dot_item || v.acog_item || v.acog_item_nv || v.halographic_item || v.scope_8x_item || v.scope_8x_item_nv) ? 0.35 : (v.grenade ? 1 : ((v.m16a4 || v.m4a1 || v.p90) ? 0.25 : (v.remington_870 ? 0.225 : ((v.m79 || v.m203_item) ? 0.3 : (v.p250 ? 1 : (v.mosin_nagant ? 0.185 : (v.mini_gun ? 0.6 : ((v.mx115 || v.mx115_netherite) ? 0.55 : (v.sp88 ? 0.45 : (v.sp88 ? -0.075 : ((v.thunder_gun || v.pumpkin_bomb) ? 0.4 : ((v.detonator) ? 1 : ((v.rpk_drum_item || v.ppsh_drum_item || v.ppsh_drum_item_golden) ? 0.25 : (v.mini_gun_clip ? 0.65 : (v.nv_goggles_item ? 0.8 : 0))))))))))))))))))))))))"
				},
				"weapon_root_2": {
					"scale": [
						"v.awm ? 0.3 : 0",
						"v.awm ? 0.3 : 0",
						"v.awm ? 0.3 : 0"
					]
				},
				"bullet_group": {
					"scale": "(v.rpk_drum_item || v.ppsh_drum_item || v.ppsh_drum_item_golden) ? 0.9 : 1"
				},
				"detonator": {
					"rotation": [0, 0, 22.5],
					"position": [-0.4, 0, -0.25],
					"scale": 0.5
				},
				"laser": {
					"scale": [1, 1, 0.15]
				},
				"mx_red_dot": {
					"scale": [0.7, 0.7, 1]
				},
				"scope": {
					"position": [
						0,
						"v.mosin_nagant ? -1 : 0",
						"v.mosin_nagant ? -6.5 : 0"
					],
					"scale": [
						"v.mosin_nagant ? 1.4 : 1",
						"v.mosin_nagant ? 1.5 : 1",
						"v.mosin_nagant ? 1.5 : 1"
					]
				},
				"pistol": {
					"position": [0.625, -1.5, 0.2],
					"scale": 0.3
				},
				"barrels": {
					"scale": [
						1,
						1,
						"(v.remington_870 ? 0.9 : 1)"
					]
				},
				"suppressor": {
					"scale": "v.mp5 ? 0.375 : ((v.scar || v.scar_midnight || v.scar_golden) ? 1.15 : 1)"
				},
				"desert_eagle_glow": {
					"scale": 1.01
				},
				"magwell": {
					"scale": [
						"(v.ak_47 || v.ak_47_golden || v.ak_47_polymer || v.ak_47_polymer_golden || v.rpk || v.rpk_polymer) ? 1.04 : 1",
						1,
						1
					]
				},
				"clip": {
					"scale": [
						"(v.ak_47 || v.ak_47_golden || v.ak_47_polymer || v.ak_47_polymer_golden || v.rpk || v.rpk_polymer) ? 0.95 : 1",
						1,
						1
					]
				},
				"clip2": {
					"scale": [
						"(v.ak_47 || v.ak_47_golden || v.ak_47_polymer || v.ak_47_polymer_golden || v.rpk || v.rpk_polymer) ? 0.95 : 1",
						1,
						1
					]
				},
				"clip_reload": {
					"scale": [
						"(v.ak_47 || v.ak_47_golden || v.ak_47_polymer || v.ak_47_polymer_golden || v.rpk || v.rpk_polymer) ? 0.95 : 1",
						1,
						1
					]
				},
				"ak_glow": {
					"position": [0, 0, -0.5],
					"scale": [1.03, 1.0075, 1.01]
				},
				"glow_sight": {
					"position": [
						0,
						0,
						"(v.ak_47 || v.ak_47_golden || v.ak_47_polymer || v.ak_47_polymer_golden || v.rpk || v.rpk_polymer) ? 0.3 : 0"
					],
					"scale": [
						1,
						1,
						"(v.ak_47 || v.ak_47_golden || v.ak_47_polymer || v.ak_47_polymer_golden || v.rpk || v.rpk_polymer) ? 0.9 : 1"
					]
				},
				"grip": {
					"position": [
						0,
						"(v.ak_47 || v.ak_47_golden || v.ak_47_polymer || v.ak_47_polymer_golden || v.rpk || v.rpk_polymer) ? -0.5 : 0",
						0
					],
					"scale": "(v.ak_47 || v.ak_47_golden || v.ak_47_polymer || v.ak_47_polymer_golden || v.rpk || v.rpk_polymer) ? 1.25 : 1"
				},
				"wooden_grip": {
					"position": [
						0,
						"(v.ak_47 || v.ak_47_golden || v.ak_47_polymer || v.ak_47_polymer_golden || v.rpk || v.rpk_polymer) ? -0.5: (v.sp88 ? 0.35 : 0)",
						"(v.sp88 ? -0.75 : 0)"
					],
					"scale": "(v.ak_47 || v.ak_47_golden || v.ak_47_polymer || v.ak_47_polymer_golden || v.rpk || v.rpk_polymer) ? 1.25 : (v.sp88 ? 0.55 : 1)"
				},
				"m203": {
					"position": [
						0,
						"(v.ak_47 || v.ak_47_golden) ? -2.2 : ((v.ak_47_polymer || v.ak_47_polymer_golden) ? -0.05 : 0)",
						"(v.ak_47 || v.ak_47_golden) ? -4.25 : ((v.ak_47_polymer || v.ak_47_polymer_golden) ? -4.75 : (v.sp88 ? -2 : 0))"
					],
					"scale": "(v.ak_47 || v.ak_47_golden || v.ak_47_polymer || v.ak_47_polymer_golden) ? 1.3 : (v.sp88 ? 0.55 : 1)"
				},
				"sight": {
					"rotation": [
						"(((v.scar || v.scar_midnight || v.scar_golden) && (v.red_dot || v.any_acog || v.any_scope_8x || q.is_item_name_any('slot.hotbar', 8, 'ra:halographic_scope'))) ? -90 : 0)",
						0,
						0
					]
				},
				"front_sight": {
					"rotation": [
						"(((v.scar || v.scar_midnight || v.scar_golden) && (v.red_dot || v.any_acog || v.any_scope_8x || q.is_item_name_any('slot.hotbar', 8, 'ra:halographic_scope'))) ? 90 : 0)",
						0,
						0
					]
				},
				"crosshair": {
					"position": [
						0,
						"(v.m16a4 || v.m4a1) ? 0.025 : 0",
						0
					],
					"scale": "(v.m16a4 || v.m4a1) ? 0.3 : 1"
				},
				"crosshair_night_vision": {
					"position": [
						0,
						"(v.m16a4 || v.m4a1) ? 0.025 : 0",
						0
					],
					"scale": "(v.m16a4 || v.m4a1) ? 0.3 : 1"
				},
				"acog": {
					"position": [
						0,
						"v.sp88 ? -0.43 : 0",
						"v.sp88 ? -1.1 : 0"
					],
					"scale": "v.sp88 ? 0.55 : 1"
				},
				"red_dot_scope": {
					"position": [
						0,
						"v.sp88 ? -0.625 : 0",
						"v.sp88 ? -1 : 0"
					],
					"scale":"v.sp88 ? 0.55 : 1"
				}
			}
		},
		"animation.gun.sprint.fp": {
			"loop": true,
			"bones": {
				"rightArm": {
					"rotation": [
						"(v.rpg || v.ppsh_41 || v.ppsh_41_golden || v.mp40 || v.mp40_golden || v.mp40_netherite) ? -137.7619-(v.tcos0*0.1) : (v.rpg ? -120-(v.tcos0*0.1) : 0)",
						"(v.rpg || v.ppsh_41 || v.ppsh_41_golden || v.mp40 || v.mp40_golden || v.mp40_netherite) ? -12.7136 : 0",
						"(v.rpg || v.ppsh_41 || v.ppsh_41_golden || v.mp40 || v.mp40_golden || v.mp40_netherite) ? 0.1056 : 0"
					],
					"position": [
						"(v.rpg || v.ppsh_41 || v.ppsh_41_golden || v.mp40 || v.mp40_golden || v.mp40_netherite) ? -3.5 : 0",
						"(v.rpg || v.ppsh_41 || v.ppsh_41_golden || v.mp40 || v.mp40_golden || v.mp40_netherite) ? -2.5 : 0",
						"(v.rpg || v.ppsh_41 || v.ppsh_41_golden || v.mp40 || v.mp40_golden || v.mp40_netherite) ? 0.75 : 0"
					],
					"scale": "(v.rpg || v.ppsh_41 || v.ppsh_41_golden || v.mp40 || v.mp40_golden || v.mp40_netherite) ? 0.9 : 0"
				},
				"weapon_root": {
					"rotation": [
						"(v.ppsh_41 || v.ppsh_41_golden || v.mp40 || v.mp40_golden || v.mp40_netherite) ? 0 : (v.rpg ? 0 : 0)",
						"(v.ppsh_41 || v.ppsh_41_golden || v.mp40 || v.mp40_golden || v.mp40_netherite) ? -10 : (v.rpg ? -15 : 0)",
						"(v.rpg || v.ppsh_41 || v.ppsh_41_golden || v.mp40 || v.mp40_golden || v.mp40_netherite) ? 0 : 0"
					],
					"position": [
						"(v.ppsh_41 || v.ppsh_41_golden || v.mp40 || v.mp40_golden || v.mp40_netherite) ? 0 : (v.rpg ? -1 : 0)",
						"(v.ppsh_41 || v.ppsh_41_golden || v.mp40 || v.mp40_golden || v.mp40_netherite) ? 0 : (v.rpg ? -1 : 0)",
						"(v.ppsh_41 || v.ppsh_41_golden || v.mp40 || v.mp40_golden || v.mp40_netherite) ? -0.25 : (v.rpg ? -1 : 0)"
					]
				},
				"leftArm": {
					"rotation": [
						"(v.rpg || v.ppsh_41 || v.ppsh_41_golden || v.mp40 || v.mp40_golden || v.mp40_netherite) ? -51.2116+(v.tcos0*0.7) : 0",
						"(v.rpg || v.ppsh_41 || v.ppsh_41_golden || v.mp40 || v.mp40_golden || v.mp40_netherite) ? 19.616 : 0",
						"(v.rpg || v.ppsh_41 || v.ppsh_41_golden || v.mp40 || v.mp40_golden || v.mp40_netherite) ? -16.1188 : 0"
					],
					"position": [
						"(v.rpg || v.ppsh_41 || v.ppsh_41_golden || v.mp40 || v.mp40_golden || v.mp40_netherite) ? 2 : 0",
						"(v.rpg || v.ppsh_41 || v.ppsh_41_golden || v.mp40 || v.mp40_golden || v.mp40_netherite) ? 0.25 : 0",
						"(v.rpg || v.ppsh_41 || v.ppsh_41_golden || v.mp40 || v.mp40_golden || v.mp40_netherite) ? -0.25 : 0"
					],
					"scale": "(v.rpg || v.ppsh_41 || v.ppsh_41_golden || v.mp40 || v.mp40_golden || v.mp40_netherite) ? 0.8 : 0"
				},
				"root": {
					"rotation": [
						"(v.rpg || v.ppsh_41 || v.ppsh_41_golden || v.mp40 || v.mp40_golden || v.mp40_netherite) ? -180 : 0",
						"(v.rpg || v.ppsh_41 || v.ppsh_41_golden || v.mp40 || v.mp40_golden || v.mp40_netherite) ? 0 : 0",
						"(v.rpg || v.ppsh_41 || v.ppsh_41_golden || v.mp40 || v.mp40_golden || v.mp40_netherite) ? -180 : 0"
					],
					"position": [
						"(v.rpg || v.ppsh_41 || v.ppsh_41_golden || v.mp40 || v.mp40_golden || v.mp40_netherite) ? 1 : 0",
						"(v.rpg || v.ppsh_41 || v.ppsh_41_golden || v.mp40 || v.mp40_golden || v.mp40_netherite) ? 0 : 0",
						"(v.rpg || v.ppsh_41 || v.ppsh_41_golden || v.mp40 || v.mp40_golden || v.mp40_netherite) ? 3 : 0"
					]
				},
				"clip_glow": {
					"position": [
						"(v.ppsh_41 || v.ppsh_41_golden || v.mp40 || v.mp40_golden || v.mp40_netherite) ? 0 : -7",
						"(v.ppsh_41 || v.ppsh_41_golden || v.mp40 || v.mp40_golden || v.mp40_netherite) ? 0 : 4",
						"(v.ppsh_41 || v.ppsh_41_golden || v.mp40 || v.mp40_golden || v.mp40_netherite) ? 0 : -2"
					]
				},
				"load_rocket": {
					"scale": 0
				},
				"load_rocket_glass": {
					"scale": 0
				}
			}
		},
		"animation.gun.hold.fp": {
			"loop": "hold_on_last_frame",
			"bones": {
				"rightArm": {
					"rotation": [
						"(v.ppsh_41 || v.ppsh_41_golden || v.mp40 || v.mp40_golden || v.mp40_netherite) ? -77.5744 : (v.rpg ? -81.37528 : ((v.magnum || v.magnum_midnight || v.desert_eagle || v.desert_eagle_golden || v.desert_eagle_netherite) ? -79.42444 : 0))",
						"(v.ppsh_41 || v.ppsh_41_golden || v.mp40 || v.mp40_golden || v.mp40_netherite) ? -50.381 : (v.rpg ? -37.44359 : ((v.magnum || v.magnum_midnight || v.desert_eagle || v.desert_eagle_golden || v.desert_eagle_netherite) ? -44.27821 : 0))",
						"(v.ppsh_41 || v.ppsh_41_golden || v.mp40 || v.mp40_golden || v.mp40_netherite) ? 6.6334 : (v.rpg ? 7.55815 : ((v.magnum || v.magnum_midnight || v.desert_eagle || v.desert_eagle_golden || v.desert_eagle_netherite) ? 11.3393 : 0))"
					],
					"position": [
						"(v.ppsh_41 || v.ppsh_41_golden || v.mp40 || v.mp40_golden || v.mp40_netherite) ? -3.5 : (v.rpg ? -2 : ((v.magnum || v.magnum_midnight || v.desert_eagle || v.desert_eagle_golden || v.desert_eagle_netherite) ? -1 : 0))",
						"(v.ppsh_41 || v.ppsh_41_golden || v.mp40 || v.mp40_golden || v.mp40_netherite) ? 0.5 : (v.rpg ? 1 : ((v.magnum || v.magnum_midnight || v.desert_eagle || v.desert_eagle_golden || v.desert_eagle_netherite) ? 0 : 0))",
						"(v.ppsh_41 || v.ppsh_41_golden || v.mp40 || v.mp40_golden || v.mp40_netherite) ? 0.75 : (v.rpg ? -1 : ((v.magnum || v.magnum_midnight || v.desert_eagle || v.desert_eagle_golden || v.desert_eagle_netherite) ? -1 : 0))"
					],
					"scale": "(v.ppsh_41 || v.ppsh_41_golden || v.mp40 || v.mp40_golden || v.mp40_netherite) ? 0.9 : (v.rpg ? 0.85 : ((v.magnum || v.magnum_midnight || v.desert_eagle || v.desert_eagle_golden || v.desert_eagle_netherite) ? 0.9 : 0))"
				},
				"weapon_root": {
					"rotation": [0, "(v.rpg || v.ppsh_41 || v.ppsh_41_golden || v.mp40 || v.mp40_golden || v.mp40_netherite) ? -10 : 0", "(v.rpg ? 5 : 0)"],
					"position": ["(v.rpg ? -0.1 : 0)", 0, "(v.rpg ? -1.5 : 0)"]
				},
				"leftArm": {
					"rotation": [
						"(v.ppsh_41 || v.ppsh_41_golden || v.mp40 || v.mp40_golden || v.mp40_netherite) ? -61.8401 : (v.rpg ? -81.61253 : ((v.magnum || v.magnum_midnight || v.desert_eagle || v.desert_eagle_golden || v.desert_eagle_netherite) ? -61.34199 : 0))",
						"(v.ppsh_41 || v.ppsh_41_golden || v.mp40 || v.mp40_golden || v.mp40_netherite) ? 5.2971 : (v.rpg ? 38.65981 : ((v.magnum || v.magnum_midnight || v.desert_eagle || v.desert_eagle_golden || v.desert_eagle_netherite) ? 31.9045 : 0))",
						"(v.ppsh_41 || v.ppsh_41_golden || v.mp40 || v.mp40_golden || v.mp40_netherite) ? -6.4759 : (v.rpg ? -10.67524 : ((v.magnum || v.magnum_midnight || v.desert_eagle || v.desert_eagle_golden || v.desert_eagle_netherite) ? 12.77246 : 0))"
					],
					"position": [
						"(v.ppsh_41 || v.ppsh_41_golden || v.mp40 || v.mp40_golden || v.mp40_netherite) ? -0.5 : (v.rpg ? -1 : ((v.magnum || v.magnum_midnight || v.desert_eagle || v.desert_eagle_golden || v.desert_eagle_netherite) ? -1.75 : 0))",
						"(v.ppsh_41 || v.ppsh_41_golden || v.mp40 || v.mp40_golden || v.mp40_netherite) ? -0.25 : (v.rpg ? 1 : ((v.magnum || v.magnum_midnight || v.desert_eagle || v.desert_eagle_golden || v.desert_eagle_netherite) ? -0.75 : 0))",
						"(v.ppsh_41 || v.ppsh_41_golden || v.mp40 || v.mp40_golden || v.mp40_netherite) ? -2.5 : (v.rpg ? -4.25 : ((v.magnum || v.magnum_midnight || v.desert_eagle || v.desert_eagle_golden || v.desert_eagle_netherite) ? -0.75 : 0))"
					],
					"scale": "(v.ppsh_41 || v.ppsh_41_golden || v.mp40 || v.mp40_golden || v.mp40_netherite) ? 0.8 : (v.rpg ? 0.85 : ((v.magnum || v.magnum_midnight || v.desert_eagle || v.desert_eagle_golden || v.desert_eagle_netherite) ? 0.8 : 0))"
				},
				"root": {
					"rotation": [
						"(v.rpg || v.ppsh_41 || v.ppsh_41_golden || v.mp40 || v.mp40_golden || v.mp40_netherite) ? -180 : ((v.magnum || v.magnum_midnight || v.desert_eagle || v.desert_eagle_golden || v.desert_eagle_netherite) ? -185.04292 : 0)",
						"(v.rpg ? 5 : ((v.magnum || v.magnum_midnight || v.desert_eagle || v.desert_eagle_golden || v.desert_eagle_netherite) ? 7.4713 : 0))",
						"(v.rpg || v.ppsh_41 || v.ppsh_41_golden || v.mp40 || v.mp40_golden || v.mp40_netherite) ? -180 : ((v.magnum || v.magnum_midnight || v.desert_eagle || v.desert_eagle_golden || v.desert_eagle_netherite) ? -180.6574 : 0)"
					],
					"position": [
						"(v.ppsh_41 || v.ppsh_41_golden || v.mp40 || v.mp40_golden || v.mp40_netherite) ? 1 : ((v.magnum || v.magnum_midnight || v.desert_eagle || v.desert_eagle_golden || v.desert_eagle_netherite) ? 1 : 0)",
						"(v.rpg ? 0.05 : ((v.magnum || v.magnum_midnight || v.desert_eagle || v.desert_eagle_golden || v.desert_eagle_netherite) ? 0.75 : 0))",
						"(v.ppsh_41 || v.ppsh_41_golden || v.mp40 || v.mp40_golden || v.mp40_netherite) ? 2 : (v.rpg ? -1.25 : ((v.magnum || v.magnum_midnight || v.desert_eagle || v.desert_eagle_golden || v.desert_eagle_netherite) ? 3.5 : 0))"
					]
				},
				"magnum_muzzle": {
					"position": [0, 0, -6.5]
				},
				"magnum_loading_bullet": {
					"scale": 0
				},
				"firing_pin": {
					"rotation": ["((v.desert_eagle || v.desert_eagle_golden || v.desert_eagle_netherite) ? -78 : 0)", 0, 0]
				},
				"bolt": {
					"position": [0, 0, "(v.ppsh_41 || v.ppsh_41_golden || v.mp40 || v.mp40_golden || v.mp40_netherite) ? 6 : 0"]
				},
				"muzzle": {
					"position": ["(v.ppsh_41 || v.ppsh_41_golden) ? 1 : 0", 0, 0]
				},
				"bullet_loader": {
					"scale": 0
				},
				"load_rocket": {
					"scale": 0
				},
				"load_rocket_glass": {
					"scale": 0
				},
				"gold_vfx": {
					"position": [0, "v.ppsh_41_golden ? -2 : 0", 0]
				}
			},
			"timeline": {
				"0": "v.m203_scale = 0;"
			}
		},
		"animation.gun.hold.tp": {
			"loop": "hold_on_last_frame",
			"anim_time_update": "q.anim_time+q.delta_time",
			"bones": {
				"rightArm": {
					"rotation": [
						"(v.rpg ? -92.11085+(v.tcos0*3.5)*q.delta_time : ((v.magnum || v.magnum_midnight || v.desert_eagle || v.desert_eagle_golden || v.desert_eagle_netherite) ? -67.2006+(v.tcos0*3.5)*q.delta_time : -69.70056+(v.tcos0*3.5)*q.delta_time))",
						"(v.rpg ? -49.52554 : -43.37107)",
						"(v.rpg ? 31.89205 : 4.52175)"
					],
					"position": [
						"(v.rpg ? -1.25+(v.tcos0*0.25)*q.delta_time : ((v.magnum || v.magnum_midnight || v.desert_eagle || v.desert_eagle_golden || v.desert_eagle_netherite) ? 0 : -1+(v.tcos0*0.25)*q.delta_time))",
						"(v.rpg ? -0.25+(v.tcos0*0.1)*q.delta_time : ((v.magnum || v.magnum_midnight || v.desert_eagle || v.desert_eagle_golden || v.desert_eagle_netherite) ? -0.5 : (v.tcos0*0.1)*q.delta_time))",
						"(v.rpg ? -1.9 : -1)"
					]
				},
				"weapon_root": {
					"rotation": [
						"((v.rpg || v.magnum || v.magnum_midnight || v.desert_eagle || v.desert_eagle_golden || v.desert_eagle_netherite) ? 0 : (v.tcos0*1.15)*q.delta_time)",
						"(v.ppsh_41 || v.ppsh_41_golden) ? -10 : (v.mp40 || v.mp40_golden || v.mp40_netherite ? -11 : (v.rpg ? -7.5 : 0))",
						"(v.mp40 || v.mp40_golden || v.mp40_netherite) ? -10 : (v.rpg ? -15 : 0)"
					],
					"position": [
						"(v.ppsh_41 || v.ppsh_41_golden) ? 0.0174 : 0",
						"(v.ppsh_41 || v.ppsh_41_golden) ? 0.5 : (v.mp40 || v.mp40_golden || v.mp40_netherite ? 0.25 : 0)",
						"(v.ppsh_41 || v.ppsh_41_golden) ? -0.0985 : 0"
					]
				},
				"leftArm": {
					"rotation": [
						"(v.ppsh_41 || v.ppsh_41_golden) ? -60.8276+(v.tcos0*8.5)*q.delta_time : (v.rpg ? -59+(v.tcos0*7.5)*q.delta_time : ((v.magnum || v.magnum_midnight || v.desert_eagle || v.desert_eagle_golden || v.desert_eagle_netherite) ? -53.1188+(v.tcos0*8.5)*q.delta_time : -62.8254+(v.tcos0*8.5)*q.delta_time))",
						"(v.ppsh_41 || v.ppsh_41_golden) ? 20.7795 : (v.rpg ? 16 : ((v.magnum || v.magnum_midnight || v.desert_eagle || v.desert_eagle_golden || v.desert_eagle_netherite) ? 26.24533 : 15.3474))",
						"(v.ppsh_41 || v.ppsh_41_golden) ? -20.4946 : (v.rpg ? 5 : ((v.magnum || v.magnum_midnight || v.desert_eagle || v.desert_eagle_golden || v.desert_eagle_netherite) ? 19.92665 : -8.8784))"
					],
					"position": [
						"v.rpg ? 0.25+(v.tcos0*0.25)*q.delta_time : ((v.magnum || v.magnum_midnight || v.desert_eagle || v.desert_eagle_golden || v.desert_eagle_netherite) ? -0.75 : (v.tcos0*0.25)*q.delta_time)",
						"v.rpg ? -0.35+(v.tcos0*0.1)*q.delta_time : ((v.magnum || v.magnum_midnight || v.desert_eagle || v.desert_eagle_golden || v.desert_eagle_netherite) ? -1 : -0.5+(v.tcos0*0.1)*q.delta_time)",
						"(v.ppsh_41 || v.ppsh_41_golden) ? -2 : (v.rpg ? -0.75 : 0)"
					]
				},
				"waist": {
					"rotation": ["(v.magnum || v.magnum_midnight || v.desert_eagle || v.desert_eagle_golden || v.desert_eagle_netherite) ? (math.cos(q.life_time*100)*1)+1.25+(v.tcos0*0.025) : (math.cos(q.life_time*250)*0.2)", 0, 0],
					"position": [0, "-0.15+(v.tcos0*0.005)", 0]
				},
				"rightLeg": {
					"rotation": ["(v.tcos0*0.85)", 0, 0],
					"position": [0, "0-(v.tcos0*0.0175)", "0+(v.tcos0*0.015)"]
				},
				"leftLeg": {
					"rotation": ["-(v.tcos0*0.85)", 0, 0],
					"position": [0, "0+(v.tcos0*0.0175)", "0-(v.tcos0*0.015)"]
				},
				"bolt": {
					"position": [0, 0, "(v.ppsh_41 || v.ppsh_41_golden) ? 6 : 0"]
				},
				"magnum_loading_bullet": {
					"scale": 0
				},
				"bullet_loader": {
					"scale": 0
				},
				"load_rocket": {
					"scale": 0
				}
			}
		},
		"animation.gun.pre_hipfire.fp": {
			"loop": "hold_on_last_frame",
			"bones": {
				"root": {
					"rotation": [
						"(v.ppsh_41 || v.ppsh_41_golden || v.mp40 || v.mp40_golden || v.mp40_netherite) ? -181.0133 : (v.rpg ? 179.74989 : ((v.magnum || v.magnum_midnight || v.desert_eagle || v.desert_eagle_golden || v.desert_eagle_netherite) ? -180.86377 : ((v.scar || v.scar_midnight || v.scar_golden) ? -181.01328 : 0)))",
						"(v.ppsh_41 || v.ppsh_41_golden) ? -18.75 : (v.mp40 || v.mp40_golden || v.mp40_netherite ? -19.35 : (v.rpg ? -12.99316 : ((v.magnum || v.magnum_midnight || v.desert_eagle || v.desert_eagle_golden || v.desert_eagle_netherite) ? -5.65134 : ((v.scar || v.scar_midnight || v.scar_golden) ? -19.35 : 0))))",
						"(v.ppsh_41 || v.ppsh_41_golden || v.mp40 || v.mp40_golden || v.mp40_netherite) ? -181.4063 : (v.rpg ? 182.70149 : ((v.magnum || v.magnum_midnight || v.desert_eagle || v.desert_eagle_golden || v.desert_eagle_netherite) ? -181.52087 : ((v.scar || v.scar_midnight || v.scar_golden) ? -181.4063 : 0)))"
					],
					"position": [
						"(v.ppsh_41 || v.ppsh_41_golden || v.mp40 || v.mp40_golden || v.mp40_netherite) ? -1.35 : (v.rpg ? -6.75 : ((v.magnum || v.magnum_midnight || v.desert_eagle || v.desert_eagle_golden || v.desert_eagle_netherite) ? -4 : ((v.scar || v.scar_midnight || v.scar_golden) ? -1.3 : 0)))",
						"(v.ppsh_41 || v.ppsh_41_golden) ? -0.7 : ((v.mp40 || v.mp40_golden || v.mp40_netherite) ? -1.6 : (v.rpg ? 0.05 : ((v.magnum || v.magnum_midnight || v.desert_eagle || v.desert_eagle_golden || v.desert_eagle_netherite) ? 0.25 : ((v.scar || v.scar_midnight || v.scar_golden) ? -1.85 : 0))))",
						"(v.ppsh_41 || v.ppsh_41_golden) ? 2.25 : ((v.mp40 || v.mp40_golden || v.mp40_netherite) ? 2.75 : (v.rpg ? -0.15 : ((v.magnum || v.magnum_midnight || v.desert_eagle || v.desert_eagle_golden || v.desert_eagle_netherite) ? 1.5 : ((v.scar || v.scar_midnight || v.scar_golden) ? 2.75 : 0))))"
					]
				},
				"waist": {
					"rotation": ["(v.ppsh_41 || v.ppsh_41_golden || v.mp40 || v.mp40_golden || v.mp40_netherite || (v.scar || v.scar_midnight || v.scar_golden)) ? 10 : 0", 0, 0],
					"position": [0, "(v.ppsh_41 || v.ppsh_41_golden || v.mp40 || v.mp40_golden || v.mp40_netherite || (v.scar || v.scar_midnight || v.scar_golden)) ? -0.25 : 0", 0]
				},
				"rightArm": {
					"rotation": [
						"(v.ppsh_41 || v.ppsh_41_golden || v.mp40 || v.mp40_golden || v.mp40_netherite) ? -95.1625 : (v.rpg ? -91.09193 : ((v.magnum || v.magnum_midnight || v.desert_eagle || v.desert_eagle_golden || v.desert_eagle_netherite) ? -85.68926 : ((v.scar || v.scar_midnight || v.scar_golden) ? -95.19173 : 0)))",
						"(v.ppsh_41 || v.ppsh_41_golden || v.mp40 || v.mp40_golden || v.mp40_netherite) ? -17.461 : (v.rpg ? -11.14893 : ((v.magnum || v.magnum_midnight || v.desert_eagle || v.desert_eagle_golden || v.desert_eagle_netherite) ? -5.55569 : ((v.scar || v.scar_midnight || v.scar_golden) ? -18.45692 : 0)))",
						"(v.ppsh_41 || v.ppsh_41_golden || v.mp40 || v.mp40_golden || v.mp40_netherite) ? 1.124 : (v.rpg ? 7 : ((v.magnum || v.magnum_midnight || v.desert_eagle || v.desert_eagle_golden || v.desert_eagle_netherite) ? -2.70834 : ((v.scar || v.scar_midnight || v.scar_golden) ? 1.21883 : 0)))"
					],
					"position": [
						"(v.ppsh_41 || v.ppsh_41_golden || v.mp40 || v.mp40_golden || v.mp40_netherite) ? -0.1236 : (v.rpg ? -3.30463 : ((v.magnum || v.magnum_midnight || v.desert_eagle || v.desert_eagle_golden || v.desert_eagle_netherite) ? -1 : ((v.scar || v.scar_midnight || v.scar_golden) ? -0.12365 : 0)))",
						"(v.ppsh_41 || v.ppsh_41_golden) ? 0.3 : ((v.mp40 || v.mp40_golden || v.mp40_netherite) ? 0.2188 : (v.rpg ? 1.26223 : ((v.scar || v.scar_midnight || v.scar_golden) ? 0.46875 : 0)))",
						"(v.ppsh_41 || v.ppsh_41_golden || v.mp40 || v.mp40_golden || v.mp40_netherite) ? 6.7568 : (v.rpg ? -0.58081 : ((v.magnum || v.magnum_midnight || v.desert_eagle || v.desert_eagle_golden || v.desert_eagle_netherite) ? -1 : ((v.scar || v.scar_midnight || v.scar_golden) ? 6.75677 : 0)))"
					],
					"scale": "(v.ppsh_41 || v.ppsh_41_golden || v.mp40 || v.mp40_golden || v.mp40_netherite || v.magnum || v.magnum_midnight || v.desert_eagle || v.desert_eagle_golden || v.desert_eagle_netherite || (v.scar || v.scar_midnight || v.scar_golden)) ? 0.9 : (v.rpg ? 0.85 : 0)"
				},
				"weapon_root": {
					"rotation": [
						0,
						"(v.magnum || v.magnum_midnight) ? -2 : 0",
						0
					],
					"position": [
						"(v.ppsh_41 || v.ppsh_41_golden) ? -0.5 : ((v.mp40 || v.mp40_golden || v.mp40_netherite) ? -0.5161 : ((v.scar || v.scar_midnight || v.scar_golden) ? -0.75 : 0))",
						"(v.ppsh_41 || v.ppsh_41_golden) ? 0.3 : ((v.mp40 || v.mp40_golden || v.mp40_netherite) ? 0.2385 : ((v.scar || v.scar_midnight || v.scar_golden) ? 0.25 : 0))",
						"(v.ppsh_41 || v.ppsh_41_golden) ? -0.1 : ((v.mp40 || v.mp40_golden || v.mp40_netherite) ? 0.0945 : (v.rpg ? -1 : ((v.scar || v.scar_midnight || v.scar_golden) ? -0.75 : 0)))"
					],
					"scale": "(v.ppsh_41 || v.ppsh_41_golden) ? 0.85 : 1"
				},
				"leftArm": {
					"rotation": [
						"(v.ppsh_41 || v.ppsh_41_golden || v.mp40 || v.mp40_golden || v.mp40_netherite) ? -93.4411 : (v.rpg ? -80.93617 : ((v.magnum || v.magnum_midnight || v.desert_eagle || v.desert_eagle_golden || v.desert_eagle_netherite) ? -85.71815 : ((v.scar || v.scar_midnight || v.scar_golden) ? -101.34745 : 0)))",
						"(v.ppsh_41 || v.ppsh_41_golden) ? 12 : ((v.mp40 || v.mp40_golden || v.mp40_netherite) ? 5.0284 : (v.rpg ? 27.32851 : ((v.magnum || v.magnum_midnight || v.desert_eagle || v.desert_eagle_golden || v.desert_eagle_netherite) ? 39.37465 : ((v.scar || v.scar_midnight || v.scar_golden) ? 2.02951 : 0))))",
						"(v.ppsh_41 || v.ppsh_41_golden || v.mp40 || v.mp40_golden || v.mp40_netherite) ? -15.3672 : (v.rpg ? -10.32963 : ((v.magnum || v.magnum_midnight || v.desert_eagle || v.desert_eagle_golden || v.desert_eagle_netherite) ? 2.74706 : ((v.scar || v.scar_midnight || v.scar_golden) ? -29.56832 : 0)))"
					],
					"position": [
						"((v.ppsh_41 || v.ppsh_41_golden) && !v.has_drum_mags) ? -4.7 : ((v.mp40 || v.mp40_golden || v.mp40_netherite) ? -5.3156 : (((v.ppsh_41 || v.ppsh_41_golden) && v.has_drum_mags) ? -3.5 : (v.rpg ? -8.39233 : ((v.magnum || v.magnum_midnight || v.desert_eagle || v.desert_eagle_golden || v.desert_eagle_netherite) ? -6 : ((v.scar || v.scar_midnight || v.scar_golden) ? -4.38045 : 0)))))",
						"(v.ppsh_41 || v.ppsh_41_golden) ? 1.35 : ((v.mp40 || v.mp40_golden || v.mp40_netherite) ? 1.5779 : (v.rpg ? 1.88548 : ((v.magnum || v.magnum_midnight || v.desert_eagle || v.desert_eagle_golden || v.desert_eagle_netherite) ? -0.75 : ((v.scar || v.scar_midnight || v.scar_golden) ? 1.92959 : 0))))",
						"((v.ppsh_41 || v.ppsh_41_golden) && !v.has_drum_mags) ? -1.1 : ((v.mp40 || v.mp40_golden || v.mp40_netherite) ? -2.0293 : (v.rpg ? -0.9426 : ((v.magnum || v.magnum_midnight || v.desert_eagle || v.desert_eagle_golden || v.desert_eagle_netherite) ? -4 : ((v.scar || v.scar_midnight || v.scar_golden) ? -1.0918 : 0))))"
					],
					"scale": "(v.ppsh_41 || v.ppsh_41_golden || v.mp40 || v.mp40_golden || v.mp40_netherite || v.magnum || v.magnum_midnight || v.desert_eagle || v.desert_eagle_golden || v.desert_eagle_netherite || (v.scar || v.scar_midnight || v.scar_golden)) ? 0.8 : (v.rpg ? 0.9 : 0)"
				},
				"muzzle_flash": {
					"position": [
						"(v.desert_eagle || v.desert_eagle_golden || v.desert_eagle_netherite) ? -2.75 : 0",
						"(v.desert_eagle || v.desert_eagle_golden || v.desert_eagle_netherite) ? -8.25 : 0",
						"(v.desert_eagle || v.desert_eagle_golden || v.desert_eagle_netherite) ? -1 : 0"
					]
				},
				"magnum_muzzle": {
					"position": [0,1,1]
				},
				"ejector": {
					"position": ["(v.desert_eagle || v.desert_eagle_golden || v.desert_eagle_netherite) ? 3.9612 : 0", "(v.desert_eagle || v.desert_eagle_golden || v.desert_eagle_netherite) ? -2.07276 : 0", "(v.desert_eagle || v.desert_eagle_golden || v.desert_eagle_netherite) ? -0.11193 : 0"]
				},
				"firing_pin": {
					"rotation": [
						"(v.desert_eagle || v.desert_eagle_golden || v.desert_eagle_netherite) ? -78 : 0",
						0,
						0
					]
				},
				"muzzle_particles": {
					"position": [
						0,
						"(v.ppsh_41 || v.ppsh_41_golden) ? 0 : ((v.mp40 || v.mp40_golden || v.mp40_netherite) ? -1 : 0)",
						"(v.ppsh_41 || v.ppsh_41_golden) ? 0 : (v.mp40 || v.mp40_golden || v.mp40_netherite ? -0.25 : 0)"
					]
				},
				"muzzle": {
					"position": [0, "(v.ppsh_41 || v.ppsh_41_golden) ? -1 : 0", 0]
				},
				"casing": {
					"position": [0, 0, "(v.ppsh_41 || v.ppsh_41_golden) ? 6 : 0"],
					"scale": "(v.desert_eagle || v.desert_eagle_golden || v.desert_eagle_netherite) ? 0 : 1"
				},
				"bolt": {
					"position": [0, 0, "(v.ppsh_41 || v.ppsh_41_golden) ? 6 : 0"]
				},
				"magnum_loading_bullet": {
					"scale": 0
				},
				"bullet_loader": {
					"scale": 0
				},
				"load_rocket": {
					"scale": 0
				},
				"load_rocket_glass": {
					"scale": 0
				}
			}
		},
		"animation.gun.pre_hipfire.tp": {
			"loop": true,
			"bones": {
				"root": {
					"rotation": [0, "1+q.target_y_rotation", 0]
				},
				"waist": {
					"rotation": [
						"7.4269+(math.clamp(q.target_x_rotation, -10, 10))+(v.tcos0*0.015)+(math.cos(q.life_time * 350) * 0.1)",
						"18.2761+(math.cos(q.life_time * 350) * 0.05)",
						2.88151
					],
					"position": [0, -0.25, 0]
				},
				"head": {
					"rotation": ["-5+(math.clamp(q.target_x_rotation, -40, 40))", -20, 0]
				},
				"weapon_root": {
					"position": ["(v.rpg ? 0.5 : 0)", 0, "(v.rpg ? -0.25 : 0)"]
				},
				"rightArm": {
					"rotation": ["-95.348+(math.clamp(q.target_x_rotation, -20, 20))", "(v.rpg ? -25: -22.93792)", 1.66054],
					"position": ["(v.rpg ? -0.35 : -0.67365)", "(v.rpg ? -0.6 : -0.53125)", "(v.rpg ? -1.25 : 1.00677)"]
				},
				"leftArm": {
					"rotation": [
						"(v.rpg ? -94+(math.clamp((q.target_x_rotation*1.45), -30, 30)) : -106.4698+(math.clamp((q.target_x_rotation*1.45), -30, 30)))",
						"(v.rpg ? 8-(math.clamp(q.target_x_rotation, 0, -20)) : 2.5384-(math.clamp(q.target_x_rotation, 0, -20))+5)",
						"-24.5469+(math.clamp(q.target_x_rotation, 5, 10))"
					],
					"position": [
						"(v.ppsh_41 && v.has_drum_mags) ? -0.35 : (v.rpg ? -1.75: -1.3156)",
						"(v.ppsh_41 && v.has_drum_mags) ? -0.85 : (v.rpg ? -0.35 : -0.2721)",
						"(v.ppsh_41 && v.has_drum_mags) ? -3.5 : (v.rpg ? -2 : -4.1793)"
					]
				},
				"rightLeg": {
					"rotation": [15, 6, 4],
					"position": [0, 0.25, 0.5]
				},
				"leftLeg": {
					"rotation": [-2, 0, 0],
					"position": [0, 0, -1.5]
				},
				"muzzle": {
					"position": [0, "(v.ppsh_41 || v.ppsh_41_golden) ? 0 : -2", "(v.ppsh_41 || v.ppsh_41_golden) ? 0 : -1"]
				},
				"bolt": {
					"position": [0, 0, "(v.ppsh_41 || v.ppsh_41_golden) ? 6 : 0"]
				},
				"magnum_loading_bullet": {
					"scale": 0
				},
				"bullet_loader": {
					"scale": 0
				},
				"load_rocket": {
					"scale": 0
				},
				"load_rocket_glass": {
					"scale": 0
				}
			}
		},
		"animation.gun.ads.fp": {
			"loop": "hold_on_last_frame",
			"bones": {
				"root": {
					"rotation": [
						"(v.ppsh_41 || v.ppsh_41_golden || v.mp40 || v.mp40_golden || v.mp40_netherite) ? -185.1181 : (v.rpg ? 180 : ((v.magnum || v.magnum_midnight || v.desert_eagle || v.desert_eagle_golden || v.desert_eagle_netherite) ? -183.00823 : (((v.scar || v.scar_midnight || v.scar_golden)) ? -185.59775 : 0)))",
						"(v.ppsh_41 || v.ppsh_41_golden || v.mp40 || v.mp40_golden || v.mp40_netherite) ? -17.35 : ((v.magnum || v.magnum_midnight || v.desert_eagle || v.desert_eagle_golden || v.desert_eagle_netherite) ? -16.5 : (((v.scar || v.scar_midnight || v.scar_golden)) ? -16.5 : 0))",
						"(v.ppsh_41 || v.ppsh_41_golden || v.mp40 || v.mp40_golden || v.mp40_netherite) ? -179.5437 : (v.rpg ? 180 : ((v.magnum || v.magnum_midnight || v.desert_eagle || v.desert_eagle_golden || v.desert_eagle_netherite) ? -180.56616 : (((v.scar || v.scar_midnight || v.scar_golden)) ? -179.61352 : 0)))"
					],
					"position": [
						"(v.ppsh_41 || v.ppsh_41_golden || v.mp40 || v.mp40_golden || v.mp40_netherite) ? -3.2695 : (v.rpg ? 0.75 : ((!v.red_dot && (v.desert_eagle || v.desert_eagle_golden || v.desert_eagle_netherite)) ? -3.285 : ((v.magnum || v.magnum_midnight || ((v.desert_eagle || v.desert_eagle_golden || v.desert_eagle_netherite) && v.red_dot)) ? -3.31 : (((v.scar || v.scar_midnight || v.scar_golden)) ? -3.0325 : 0))))",
						"(v.ppsh_41 || v.ppsh_41_golden) ? 0.2 : (v.rpg ? -1.7 : ((!v.red_dot && (v.desert_eagle || v.desert_eagle_golden || v.desert_eagle_netherite)) ? -2.8 : ((v.magnum || v.magnum_midnight || ((v.desert_eagle || v.desert_eagle_golden || v.desert_eagle_netherite) && v.red_dot)) ? -3.55 : (((v.scar || v.scar_midnight || v.scar_golden)) ? -1.05 : 0))))",
						"(v.ppsh_41 || v.ppsh_41_golden || v.mp40 || v.mp40_golden || v.mp40_netherite) ? 1.1 : (v.rpg ? -0.75 : ((!v.red_dot && (v.desert_eagle || v.desert_eagle_golden || v.desert_eagle_netherite)) ? 2.75 : ((v.magnum || v.magnum_midnight || ((v.desert_eagle || v.desert_eagle_golden || v.desert_eagle_netherite) && v.red_dot)) ? 1.75 : (((v.scar || v.scar_midnight || v.scar_golden) && !v.any_scope_8x) ? 0.9 : 0))))"
					]
				},
				"waist": {
					"rotation": [
						"(v.ppsh_41 || v.ppsh_41_golden || v.mp40 || v.mp40_golden || v.mp40_netherite) ? 10 : ((v.magnum || v.magnum_midnight || v.desert_eagle || v.desert_eagle_golden || v.desert_eagle_netherite) ? 12.5 : (((v.scar || v.scar_midnight || v.scar_golden)) ? 10 : 0))",
						"(v.magnum || v.magnum_midnight || v.desert_eagle || v.desert_eagle_golden || v.desert_eagle_netherite) ? 0.85 : (((v.scar || v.scar_midnight || v.scar_golden)) ? 0 : 0)",
						"(v.magnum || v.magnum_midnight || v.desert_eagle || v.desert_eagle_golden || v.desert_eagle_netherite) ? 0.66807 : (((v.scar || v.scar_midnight || v.scar_golden)) ? 0 : 0)"
					],
					"position": [
						0,
						"(v.ppsh_41 || v.ppsh_41_golden || v.mp40 || v.mp40_golden || v.mp40_netherite || v.magnum || v.magnum_midnight || v.desert_eagle || v.desert_eagle_golden || v.desert_eagle_netherite || (v.scar || v.scar_midnight || v.scar_golden)) ? -0.25 : 0",
						0
					]
				},
				"rightArm": {
					"rotation": [
						"(v.ppsh_41 || v.ppsh_41_golden || v.mp40 || v.mp40_golden || v.mp40_netherite) ? -95 : (v.rpg ? -87.07689 : ((v.magnum || v.magnum_midnight || v.desert_eagle || v.desert_eagle_golden || v.desert_eagle_netherite) ? -99.16248 : (((v.scar || v.scar_midnight || v.scar_golden)) ? -95 : 0)))",
						"(v.ppsh_41 || v.ppsh_41_golden || v.mp40 || v.mp40_golden || v.mp40_netherite) ? -17.461 : (v.rpg ? -14.98136 : ((v.magnum || v.magnum_midnight || v.desert_eagle || v.desert_eagle_golden || v.desert_eagle_netherite) ? -17.461 : (((v.scar || v.scar_midnight || v.scar_golden)) ? -17.461 : 0)))",
						"(v.ppsh_41 || v.ppsh_41_golden || v.mp40 || v.mp40_golden || v.mp40_netherite) ? 1.124 : (v.rpg ? -0.75625 : ((v.magnum || v.magnum_midnight || v.desert_eagle || v.desert_eagle_golden || v.desert_eagle_netherite) ? 1.12397 : (((v.scar || v.scar_midnight || v.scar_golden)) ? 1.12397 : 0)))"
					],
					"position": [
						"(v.ppsh_41 || v.ppsh_41_golden || v.mp40 || v.mp40_golden || v.mp40_netherite) ? 1.3263 : (v.rpg ? 3.975 : ((v.magnum || v.magnum_midnight || v.desert_eagle || v.desert_eagle_golden || v.desert_eagle_netherite) ? 1.32635 : (((v.scar || v.scar_midnight || v.scar_golden)) ? 1.32 : 0)))",
						"(v.ppsh_41 || v.ppsh_41_golden || v.mp40 || v.mp40_golden || v.mp40_netherite) ? 0.2188 : (v.rpg ? 1 : ((v.magnum || v.magnum_midnight || v.desert_eagle || v.desert_eagle_golden || v.desert_eagle_netherite) ? 4.21875 : (((v.scar || v.scar_midnight || v.scar_golden)) ? 0.21875 : 0)))",
						"(v.ppsh_41 || v.ppsh_41_golden || v.mp40 || v.mp40_golden || v.mp40_netherite) ? 3.0068 : (v.rpg ? -1.68173 : ((v.magnum || v.magnum_midnight || v.desert_eagle || v.desert_eagle_golden || v.desert_eagle_netherite) ? 3.00677 : (((v.scar || v.scar_midnight || v.scar_golden)) ? 3.00677 : 0)))"
					],
					"scale": "(v.ppsh_41 || v.ppsh_41_golden || v.mp40 || v.mp40_golden || v.mp40_netherite || v.magnum || v.magnum_midnight || v.desert_eagle || v.desert_eagle_golden || v.desert_eagle_netherite || (v.scar || v.scar_midnight || v.scar_golden)) ? 0.9 : (v.rpg ? 0.85 : 0)"
				},
				"weapon_root": {
					"rotation": [
						"(v.ppsh_41 || v.ppsh_41_golden || v.mp40 || v.mp40_golden || v.mp40_netherite) ? -0.25 : (v.rpg ? -1.95 : (((v.scar || v.scar_midnight || v.scar_golden)) ? 0 : 0))",
						"(v.magnum || v.magnum_midnight) ? 0.25 : (((v.scar || v.scar_midnight || v.scar_golden)) ? 0 : 0)",
						"(v.rpg ? 15.1 : (((v.scar || v.scar_midnight || v.scar_golden)) ? 0.8 : 0))"
					],
					"position": [
						"(v.ppsh_41 || v.ppsh_41_golden || v.mp40 || v.mp40_golden || v.mp40_netherite) ? -0.5161 : (((v.scar || v.scar_midnight || v.scar_golden)) ? -0.38 : 0)",
						"(v.ppsh_41 || v.ppsh_41_golden || v.mp40 || v.mp40_golden || v.mp40_netherite) ? 0.2275 : (((v.scar || v.scar_midnight || v.scar_golden)) ? 0.22534 : 0)",
						"(v.ppsh_41 || v.ppsh_41_golden || v.mp40 || v.mp40_golden || v.mp40_netherite) ? -0.1555 : (v.rpg ? -1 : (((v.scar || v.scar_midnight || v.scar_golden)) ? -0.67908 : 0))"
					]
				},
				"leftArm": {
					"rotation": [
						"(v.mp40 || v.mp40_golden || v.mp40_netherite) ? -100.5091 : (((v.ppsh_41 || v.ppsh_41_golden) && v.has_drum_mags) ? -93 : (((v.ppsh_41 || v.ppsh_41_golden) && !v.has_drum_mags) ? -100.5091 : (v.rpg ? -91.76291 : ((v.magnum || v.magnum_midnight || v.desert_eagle || v.desert_eagle_golden || v.desert_eagle_netherite) ? -100.0638 : (((v.scar || v.scar_midnight || v.scar_golden)) ? -105 : 0)))))",
						"(v.mp40 || v.mp40_golden || v.mp40_netherite) ? 16.3631 : (((v.ppsh_41 || v.ppsh_41_golden) && v.has_drum_mags) ? -3 : (((v.ppsh_41 || v.ppsh_41_golden) && !v.has_drum_mags) ? 16.3631 : (v.rpg ? 27.40244 : ((v.magnum || v.magnum_midnight || v.desert_eagle || v.desert_eagle_golden || v.desert_eagle_netherite) ? 8.07577 : (((v.scar || v.scar_midnight || v.scar_golden)) ? 6.44775 : 0)))))",
						"(v.mp40 || v.mp40_golden || v.mp40_netherite) ? -10.0128 : (((v.ppsh_41 || v.ppsh_41_golden) && v.has_drum_mags) ? -20 : (((v.ppsh_41 || v.ppsh_41_golden) && !v.has_drum_mags) ? -10 : (v.rpg ? -14.47434 : ((v.magnum || v.magnum_midnight || v.desert_eagle || v.desert_eagle_golden || v.desert_eagle_netherite) ? 1.07415 : (((v.scar || v.scar_midnight || v.scar_golden)) ? -17 : 0)))))"
					],
					"position": [
						"(v.mp40 || v.mp40_golden || v.mp40_netherite) ? -3.5656 : (((v.ppsh_41 || v.ppsh_41_golden) && v.has_drum_mags) ? -3.35 : (((v.ppsh_41 || v.ppsh_41_golden) && !v.has_drum_mags) ? -3.5656 : (v.rpg ? -0.6178 : ((v.magnum || v.magnum_midnight || v.desert_eagle || v.desert_eagle_golden || v.desert_eagle_netherite) ? -5.56563 : (((v.scar || v.scar_midnight || v.scar_golden)) ? -3.5 : 0)))))",
						"(v.mp40 || v.mp40_golden || v.mp40_netherite) ? 1.228 : (((v.ppsh_41 || v.ppsh_41_golden) && v.has_drum_mags) ? 0.5 : (((v.ppsh_41 || v.ppsh_41_golden) && !v.has_drum_mags) ? 1.228 : (v.rpg ? 0.5 : ((v.magnum || v.magnum_midnight || v.desert_eagle || v.desert_eagle_golden || v.desert_eagle_netherite) ? 3.72795 : (((v.scar || v.scar_midnight || v.scar_golden)) ? 1.22795 : 0)))))",
						"(v.mp40 || v.mp40_golden || v.mp40_netherite) ? -3.6793 : (((v.ppsh_41 || v.ppsh_41_golden) && !v.has_drum_mags) ? -3.6793 : (((v.ppsh_41 || v.ppsh_41_golden) && v.has_drum_mags) ? -3.75 : (v.rpg ? -2 : ((v.magnum || v.magnum_midnight || v.desert_eagle || v.desert_eagle_golden || v.desert_eagle_netherite) ? 2.57072 : (((v.scar || v.scar_midnight || v.scar_golden)) ? -3.9 : 0)))))"
					],
					"scale": "(v.ppsh_41 || v.ppsh_41_golden || v.mp40 || v.mp40_golden || v.mp40_netherite || v.magnum || v.magnum_midnight || v.desert_eagle || v.desert_eagle_golden || v.desert_eagle_netherite || (v.scar || v.scar_midnight || v.scar_golden)) ? 0.8 : (v.rpg ? 0.85 : 0)"
				},
				"casing": {
					"scale": "(v.desert_eagle || v.desert_eagle_golden || v.desert_eagle_netherite) ? 0 : 1"
				},
				"firing_pin": {
					"rotation": ["(v.desert_eagle || v.desert_eagle_golden || v.desert_eagle_netherite) ? -78 : 0", 0, 0]
				},
				"muzzle_particles": {
					"position": [
						0,
						"(v.mp40 || v.mp40_golden || v.mp40_netherite) ? 0.75 : 0",
						"(v.mp40 || v.mp40_golden || v.mp40_netherite) ? -0.5 : 0"
					]
				},
				"bolt": {
					"position": [0, 0, "(v.ppsh_41 || v.ppsh_41_golden) ? 6 : 0"]
				},
				"bullet_loader": {
					"scale": 0
				},
				"load_rocket": {
					"scale": 0
				},
				"load_rocket_glass": {
					"scale": 0
				},
				"acog": {
					"position": [0, 0.1, 0]
				},
				"crosshair": {
					"position": [0, "(v.m16a4 || v.m4a1) ? 0.025 : 0", 0],
					"scale": "(v.m16a4 || v.m4a1) ? 0.3 : 1"
				},
				"crosshair_night_vision": {
					"position": [0, "(v.m16a4 || v.m4a1) ? 0.025 : 0", 0],
					"scale": "(v.m16a4 || v.m4a1) ? 0.3 : 1"
				}
			},
			"timeline": {
				"0.16": "v.blur = 1;"
			}
		},
		"animation.gun.ads.tp": {
			"loop": true,
			"bones": {
				"root": {
					"rotation": [0, "1+q.target_y_rotation", 0]
				},
				"waist": {
					"rotation": [
						"7.4269+(math.clamp(q.target_x_rotation, -10, 10))+(v.tcos0*0.05)+(math.cos(q.life_time * 350) * 0.1)",
						"(v.rpg ? 20+(math.cos(q.life_time * 350) * 0.05) : 18.2761+(math.cos(q.life_time * 350) * 0.05))",
						2.8815
					],
					"position": [0, "-0.25+(v.tcos0*0.025)", 0]
				},
				"head": {
					"rotation": ["1.8325+(math.clamp(q.target_x_rotation, -40, 40))", "(v.rpg ? 3 : -5.2668)", "(v.rpg ? -20 : -14.04076)"]
				},
				"weapon_root": {
					"rotation": ["(v.rpg ? 0 : 0)", 0, "(v.rpg ? -2 : 0)"],
					"position": ["(v.rpg ? 0.75 : 0)", 0, "(v.rpg ? -0.4 : 0)"]
				},
				"rightArm": {
					"rotation": ["-95.348+(math.clamp(q.target_x_rotation, -20, 20))", -22.93792, 1.66054],
					"position": ["(v.rpg ? 0 : -0.67365)", "(v.rpg ? -0.35 : 0.46875)", "(v.rpg ? -3 : 2.00677)"]
				},
				"leftArm": {
					"rotation": [
						"(v.rpg ? -92+(math.clamp((q.target_x_rotation*1.45), -40, 30)) : -101.3982+(math.clamp((q.target_x_rotation*1.45), -40, 30)))",
						"(v.rpg ? 15-(math.clamp(q.target_x_rotation, 0, -20)) : 11.1326-(math.clamp(q.target_x_rotation, 0, -20)))",
						"-10.4575+(math.clamp(q.target_x_rotation, 0, 10))"
					],
					"position": [
						"(v.ppsh_41 && v.has_drum_mags) ? 0.5 : (v.rpg ? -1.25 : -0.8656)",
						"(v.rpg ? -0.25 : 0.52795)",
						"(v.ppsh_41 && v.has_drum_mags) ? -2.75 : (v.rpg ? -3 : -3.9293)"
					]
				},
				"rightLeg": {
					"rotation": ["15+v.tcos0", 6, 4],
					"position": [0.00873, 0.25, 2.00008]
				},
				"leftLeg": {
					"rotation": ["-2-v.tcos0", 0, 0],
					"position": [0, 0, -2]
				},
				"clip2": {
					"scale": 0
				},
				"bolt": {
					"position": [0, 0, "v.ppsh_41 ? -6 : 0"]
				},
				"bullet_loader": {
					"scale": 0
				},
				"load_rocket": {
					"scale": 0
				},
				"load_rocket_glass": {
					"scale": 0
				}
			}
		},
		"animation.gun.additions.fp": {
			"loop": true,
			"bones": {
				"root": {
					"position": [
						0,
						"((v.scar || v.scar_midnight || v.scar_golden) && (v.red_dot || q.is_item_name_any('slot.hotbar', 8, 'ra:halographic_scope'))) ? -0.1 : (((v.scar || v.scar_midnight || v.scar_golden) && v.any_acog) ? -0.35 : ((v.scar || v.scar_midnight || v.scar_golden) ? -0.1 : 0))",
						
						"((v.scar || v.scar_midnight || v.scar_golden) && (v.red_dot || v.any_acog || q.is_item_name_any('slot.hotbar', 8, 'ra:halographic_scope'))) ? -0.9 : 0"
					]
				},
				"weapon_root": {
					"rotation": [
						"((v.scar || v.scar_midnight || v.scar_golden) && (v.red_dot || q.is_item_name_any('slot.hotbar', 8, 'ra:halographic_scope'))) ? 0.5 : (((v.scar || v.scar_midnight || v.scar_golden) && v.any_acog) ? 3 : ((v.scar || v.scar_midnight || v.scar_golden) ? 1.5 : 0))",
						0,
						0
					]
				},
				"scar_muzzle": {
					"position": [ 0, "(((v.scar || v.scar_midnight || v.scar_golden) && v.any_acog) ? 7 : 0)", 0 ]
				},
				"rightArm": {
					"rotation": [
						0,
						0,
						0
					]
				},
				"leftArm": {
					"rotation": [
						"((v.scar || v.scar_midnight || v.scar_golden) && (v.fore_grip || v.m203)) ? 20 : 0",
						0,
						0
					],
					"position": [
						0,
						0,
						0
					]
				}
			}
		},
		"animation.gun.additions.tp": {
			"loop": true,
			"bones": {
				"weapon_root": {
					"position": [
						0,
						"(v.scar || v.scar_midnight || v.scar_golden) ? -0.5 : 0",
						"(v.scar || v.scar_midnight || v.scar_golden) ? -0.775 : 0"
					]
				},
				"rightArm": {
					"rotation": [
						0,
						0,
						0
					],
					"position": [
						0,
						"((v.scar || v.scar_midnight || v.scar_golden) && (v.red_dot || q.is_item_name_any('slot.hotbar', 8, 'ra:halographic_scope'))) ? -0.25 : 0",
						0
					]
				},
				"leftArm": {
					"rotation": [
						0,
						0,
						0
					],
					"position": [
						0,
						"((v.scar || v.scar_midnight || v.scar_golden) && (v.red_dot || q.is_item_name_any('slot.hotbar', 8, 'ra:halographic_scope'))) ? -0.25 : 0",
						0
					]
				}
			}
		}
	}
}