{
    "format_version": "1.10.0",
    "animations": {
		// dan
		"animation.attachment.equip.dan.0": {
			"animation_length": 1,
			"loop": true,
			"timeline": { "0.1": [ "/loot replace entity @s slot.hotbar 0 loot \"attachments/dan\"" ] }
		},
		"animation.attachment.equip.dan.1": {
			"animation_length": 1,
			"loop": true,
			"timeline": { "0.1": [ "/loot replace entity @s slot.hotbar 1 loot \"attachments/dan\"" ] }
		},
		"animation.attachment.equip.dan.2": {
			"animation_length": 1,
			"loop": true,
			"timeline": { "0.1": [ "/loot replace entity @s slot.hotbar 2 loot \"attachments/dan\"" ] }
		},
		"animation.attachment.equip.dan.3": {
			"animation_length": 1,
			"loop": true,
			"timeline": { "0.1": [ "/loot replace entity @s slot.hotbar 3 loot \"attachments/dan\"" ] }
		},
		"animation.attachment.equip.dan.4": {
			"animation_length": 1,
			"loop": true,
			"timeline": { "0.1": [ "/loot replace entity @s slot.hotbar 4 loot \"attachments/dan\"" ] }
		},
		"animation.attachment.equip.dan.5": {
			"animation_length": 1,
			"loop": true,
			"timeline": { "0.1": [ "/loot replace entity @s slot.hotbar 5 loot \"attachments/dan\"" ] }
		},
		"animation.attachment.equip.dan.6": {
			"animation_length": 1,
			"loop": true,
			"timeline": { "0.1": [ "/loot replace entity @s slot.hotbar 6 loot \"attachments/dan\"" ] }
		},
		"animation.attachment.equip.dan.7": {
			"animation_length": 1,
			"loop": true,
			"timeline": { "0.1": [ "/loot replace entity @s slot.hotbar 7 loot \"attachments/dan\"" ] }
		},
		"animation.attachment.equip.dan.8": {
			"animation_length": 1,
			"loop": true,
			"timeline": { "0.1": [ "/loot replace entity @s slot.hotbar 8 loot \"attachments/dan\"" ] }
		},

		"animation.attachment.equip.dan.i.0": {
			"animation_length": 1,
			"loop": true,
			"timeline": { "0.1": [ "/loot replace entity @s slot.inventory 0 loot \"attachments/dan\"" ] }
		},
		"animation.attachment.equip.dan.i.1": {
			"animation_length": 1,
			"loop": true,
			"timeline": { "0.1": [ "/loot replace entity @s slot.inventory 1 loot \"attachments/dan\"" ] }
		},
		"animation.attachment.equip.dan.i.2": {
			"animation_length": 1,
			"loop": true,
			"timeline": { "0.1": [ "/loot replace entity @s slot.inventory 2 loot \"attachments/dan\"" ] }
		},
		"animation.attachment.equip.dan.i.3": {
			"animation_length": 1,
			"loop": true,
			"timeline": { "0.1": [ "/loot replace entity @s slot.inventory 3 loot \"attachments/dan\"" ] }
		},
		"animation.attachment.equip.dan.i.4": {
			"animation_length": 1,
			"loop": true,
			"timeline": { "0.1": [ "/loot replace entity @s slot.inventory 4 loot \"attachments/dan\"" ] }
		},
		"animation.attachment.equip.dan.i.5": {
			"animation_length": 1,
			"loop": true,
			"timeline": { "0.1": [ "/loot replace entity @s slot.inventory 5 loot \"attachments/dan\"" ] }
		},
		"animation.attachment.equip.dan.i.6": {
			"animation_length": 1,
			"loop": true,
			"timeline": { "0.1": [ "/loot replace entity @s slot.inventory 6 loot \"attachments/dan\"" ] }
		},
		"animation.attachment.equip.dan.i.7": {
			"animation_length": 1,
			"loop": true,
			"timeline": { "0.1": [ "/loot replace entity @s slot.inventory 7 loot \"attachments/dan\"" ] }
		},
		"animation.attachment.equip.dan.i.8": {
			"animation_length": 1,
			"loop": true,
			"timeline": { "0.1": [ "/loot replace entity @s slot.inventory 8 loot \"attachments/dan\"" ] }
		},
		"animation.attachment.equip.dan.i.9": {
			"animation_length": 1,
			"loop": true,
			"timeline": { "0.1": [ "/loot replace entity @s slot.inventory 9 loot \"attachments/dan\"" ] }
		},
		"animation.attachment.equip.dan.i.10": {
			"animation_length": 1,
			"loop": true,
			"timeline": { "0.1": [ "/loot replace entity @s slot.inventory 10 loot \"attachments/dan\"" ] }
		},
		"animation.attachment.equip.dan.i.11": {
			"animation_length": 1,
			"loop": true,
			"timeline": { "0.1": [ "/loot replace entity @s slot.inventory 11 loot \"attachments/dan\"" ] }
		},
		"animation.attachment.equip.dan.i.12": {
			"animation_length": 1,
			"loop": true,
			"timeline": { "0.1": [ "/loot replace entity @s slot.inventory 12 loot \"attachments/dan\"" ] }
		},
		"animation.attachment.equip.dan.i.13": {
			"animation_length": 1,
			"loop": true,
			"timeline": { "0.1": [ "/loot replace entity @s slot.inventory 13 loot \"attachments/dan\"" ] }
		},
		"animation.attachment.equip.dan.i.14": {
			"animation_length": 1,
			"loop": true,
			"timeline": { "0.1": [ "/loot replace entity @s slot.inventory 14 loot \"attachments/dan\"" ] }
		},
		"animation.attachment.equip.dan.i.15": {
			"animation_length": 1,
			"loop": true,
			"timeline": { "0.1": [ "/loot replace entity @s slot.inventory 15 loot \"attachments/dan\"" ] }
		},
		"animation.attachment.equip.dan.i.16": {
			"animation_length": 1,
			"loop": true,
			"timeline": { "0.1": [ "/loot replace entity @s slot.inventory 16 loot \"attachments/dan\"" ] }
		},
		"animation.attachment.equip.dan.i.17": {
			"animation_length": 1,
			"loop": true,
			"timeline": { "0.1": [ "/loot replace entity @s slot.inventory 17 loot \"attachments/dan\"" ] }
		},
		"animation.attachment.equip.dan.i.18": {
			"animation_length": 1,
			"loop": true,
			"timeline": { "0.1": [ "/loot replace entity @s slot.inventory 18 loot \"attachments/dan\"" ] }
		},
		"animation.attachment.equip.dan.i.19": {
			"animation_length": 1,
			"loop": true,
			"timeline": { "0.1": [ "/loot replace entity @s slot.inventory 19 loot \"attachments/dan\"" ] }
		},
		"animation.attachment.equip.dan.i.20": {
			"animation_length": 1,
			"loop": true,
			"timeline": { "0.1": [ "/loot replace entity @s slot.inventory 20 loot \"attachments/dan\"" ] }
		},
		"animation.attachment.equip.dan.i.21": {
			"animation_length": 1,
			"loop": true,
			"timeline": { "0.1": [ "/loot replace entity @s slot.inventory 21 loot \"attachments/dan\"" ] }
		},
		"animation.attachment.equip.dan.i.22": {
			"animation_length": 1,
			"loop": true,
			"timeline": { "0.1": [ "/loot replace entity @s slot.inventory 22 loot \"attachments/dan\"" ] }
		},
		"animation.attachment.equip.dan.i.23": {
			"animation_length": 1,
			"loop": true,
			"timeline": { "0.1": [ "/loot replace entity @s slot.inventory 23 loot \"attachments/dan\"" ] }
		},
		"animation.attachment.equip.dan.i.24": {
			"animation_length": 1,
			"loop": true,
			"timeline": { "0.1": [ "/loot replace entity @s slot.inventory 24 loot \"attachments/dan\"" ] }
		},
		"animation.attachment.equip.dan.i.25": {
			"animation_length": 1,
			"loop": true,
			"timeline": { "0.1": [ "/loot replace entity @s slot.inventory 25 loot \"attachments/dan\"" ] }
		},
		"animation.attachment.equip.dan.i.26": {
			"animation_length": 1,
			"loop": true,
			"timeline": { "0.1": [ "/loot replace entity @s slot.inventory 26 loot \"attachments/dan\"" ] }
		}
    }
}