{
	"format_version": "1.10.0",
	"animations": {
		"animation.game_manager.redstone_torch": {
			"animation_length": 1,
			"loop": true,
			"timeline": {
				"0": [
					"/execute if block -902 78 83 redstone_torch run particle ra:redstone_torch.glow -902 78 83"
				]
			}
		},
		"animation.game_manager": {
			"animation_length": 118,
			"loop": true,
			"timeline": {
				"10": [
					"/playsound spawn_ambient @a[r=150] ~~~ 0.3 1 1"
				]
			}
		},
		"animation.game_manager.spawn_chests": {
			"animation_length": 10,
			"loop": false,
			"timeline": {
				"8": [
					"/event entity @e[type=ra:button.spawner] ra:despawn",
					"/summon ra:button.spawner -904 72 84 -90 0",

					"/structure load tower_chest -901 72 85",
					"/structure load trader_chest -882 64 87",
					"/structure load display_chests -884 63 95",
					"/structure load weapon_chests -879 64 75",
					"/structure load block_items_chests -879 64 71",
					"/structure load weapon_chests_1 -875 64 70"
					// "/structure load weapon_chests_3 -875 65 70",
					// "/structure load weapon_chests_4 -875 64 81"
				]
			}
		}
	}
}