{
    "format_version": "1.10.0",
    "animations": {
		"animation.night_vision_goggles.activate": {
			"animation_length": 2,
			"loop": false,
			"timeline": { 
				"0": [
                    "/playsound acog.on @a[r=4] ~~1~ 0.5 3 0.01"
				],
				"0.26": [
                    "/playsound goggles_activate @s"
				],
				"0.275": [
                    "/playsound acog.on @a[r=4] ~~1~ 0.65 1 0.01",
                    "/playsound ra_button @a[r=4] ~~1~ 0.25 2.5 0.01"
				]
			}
		},
        "animation.item.twinkle_sfx": {
            "animation_length": 1.25,
            "loop": true,
            "timeline": {
                "0.0": [
                    "/playsound chime.amethyst_block @a ~~~ 1 1.15 0.001"
                    // "/playsound dig.powder_snow @a ~~~ 0.75 0.15 0.0025"
                ]
                // "0.1": [
                //     "/playsound dig.powder_snow @a ~~~ 0.75 0.25 0.001"
                // ],
                // "0.25": [
                //     "/playsound dig.powder_snow @a ~~~ 0.75 0.15 0.0025"
                // ],
                // "0.35": [
                //     "/playsound dig.powder_snow @a ~~~ 0.75 0.25 0.001"
                // ],
                // "0.50": [
                //     "/playsound dig.powder_snow @a ~~~ 0.75 0.15 0.0025"
                // ],
                // "0.6": [
                //     "/playsound dig.powder_snow @a ~~~ 0.75 0.25 0.001"
                // ],
                // "0.75": [
                //     "/playsound dig.powder_snow @a ~~~ 0.75 0.15 0.0025"
                // ],
                // "0.85": [
                //     "/playsound dig.powder_snow @a ~~~ 0.75 0.25 0.001"
                // ],
                // "1": [
                //     "/playsound dig.powder_snow @a ~~~ 0.75 0.15 0.0025"
                // ],
                // "1.1": [
                //     "/playsound dig.powder_snow @a ~~~ 0.75 0.25 0.001"
                // ],
                // "1.25": [
                //     "/playsound dig.powder_snow @a ~~~ 0.75 0.15 0.0025"
                // ],
                // "1.35": [
                //     "/playsound dig.powder_snow @a ~~~ 0.75 0.25 0.001"
                // ],
                // "1.5": [
                //     "/playsound dig.powder_snow @a ~~~ 0.75 0.15 0.0025"
                // ],
                // "1.6": [
                //     "/playsound dig.powder_snow @a ~~~ 0.75 0.25 0.001"
                // ]
            }
        }
    }
}