{
	"format_version": "1.10.0",
	"animations": {
		"animation.player.remove_hurt": {
			"animation_length": 0.25,
			"loop": true,
			"timeline": {
				"0.1": [
					"@s ra:remove_hurt"
				]
			}
		},
		"animation.player.squash_limbs": {
			"animation_length": 0.1,
			"loop": true,
			"timeline": {
				"0.0": [
					"/kill @e[type=ra:zombie_head,dx=0,dy=0,dz=0,r=0.6]",
					"/kill @e[type=ra:zombie_limb,dx=0,dy=0,dz=0,r=0.6]",
					"/kill @e[type=ra:player_limb,dx=0,dy=0,dz=0,r=0.6]",
					"/kill @e[type=ra:player_limb_1,dx=0,dy=0,dz=0,r=0.6]"
				]
			}
		},
		"animation.player.reset_attack": {
			"animation_length": 1,
			"loop": true,
			"timeline": {
				"0.1": [
					"@s ra:detonator.removed",
					"@s ra:attack_value_1",
					"/title @s title ra_hud.leave_ads"
				]
			}
		},
		"animation.player.hitbox": {
			"animation_length": 1,
			"loop": true,
			"timeline": {
				"0.5": [
					"@s ra:player.hitbox"
				]
			}
		},
		"animation.player.fog": {
			"animation_length": 2,
			"loop": true,
			"timeline": {
				"0.5": [
					"@s ra:add_fog",
					"/fog @s push ra:fog rad_thick_fog"
				]
			}
		},
		"animation.player.remove_fog": {
			"animation_length": 2,
			"loop": true,
			"timeline": {
				"0.5": [
					"@s ra:remove_fog",
					"/fog @s remove rad_thick_fog",
					"/fog @s remove fog",
					"/fog @s remove z_fog"
				]
			}
		}
	}
}