{
	"format_version": "1.10.0",
	"animations": {
		"animation.ra.limb_jar.check_mode": {
			"animation_length": 0.25,
			"loop": true,
			"timeline": {
				"0.0": [
					"/execute at @p[m=!a,r=7] run event entity @s ra:gamemode_adventure.0",
					"/execute at @p[m=a,r=7] run event entity @s ra:gamemode_adventure.1"
				]
			}
		},
		"animation.target.rotate": {
			"animation_length": 1,
			"loop": true,
			"timeline": {
				"0.0": [
					"@s ra:rotate_hitbox"
				]
			}
		},
		"animation.clip.gold": {
			"animation_length": 0.5,
			"loop": true,
			"timeline": {
				"0.0": [
					"/particle ra:gold.clip ~~~"
				]
			}
		},
		"animation.button.spawner.pressed": {
			"animation_length": 5,
			"loop": false,
			"timeline": {
				"0.0": [
					"/fill -925 67 84 -927 75 82 air replace light_block",
					"/playsound spawn @a[r=64] -926 67 83 6 1.1 0.01",
					"/kill @e[type=minecraft:xp_orb,x=-913,y=62,z=121,dx=-65,dy=30,dz=-70]",
					"/kill @e[type=minecraft:item,x=-913,y=62,z=121,dx=-65,dy=30,dz=-70]",
					"/event entity @e[type=ra:zombie,x=-913,y=62,z=121,dx=-65,dy=30,dz=-70] ra:despawn"
				],
				"0.25": [
					"/particle ra:button.green.mist -926 67 83",
					"/particle ra:button.spawn.green -926 67 83",
					"/particle ra:button.green.mist.1 -926 67 83",
					"/summon ra:zombie -926 67 83 -90 0 ra:zombie.tnt_target"
					// "/function zombie_tnt_spawns"
				],
				"0.3": [
					"/fill -938 67 90 -941 75 88 air replace light_block",
					"/playsound spawn @a[r=64] -940 67 89 8 1 0.01",
					"/playsound spawn.1 @a[r=64] -940 67 89 8 1 0.01"
				],
				"0.5": [
					"/particle ra:button.green.mist -940 67 89",
					"/particle ra:button.spawn.green -940 67 89",
					"/particle ra:button.green.mist.1 -940 67 89",
					"/summon ra:zombie -940 67 89 -90 0 ra:zombie.tnt_target"
				],
				"0.55": [
					"/fill -946 65 107 -949 72 105 air replace light_block",
					"/playsound spawn @a[r=64] -948 65 106 8 1 0.01",
					"/playsound spawn.1 @a[r=64] -948 65 106 8 1 0.01"
				],
				"0.75": [
					"/particle ra:button.green.mist -948 65 106",
					"/particle ra:button.spawn.green -948 65 106",
					"/particle ra:button.green.mist.1 -948 65 106",
					"/summon ra:zombie -948 65 106 -90 0 ra:zombie.tnt_target"
				],

				"0.8": [
					"/fill -921 63 117 -923 73 119 air replace light_block",
					"/playsound spawn @a[r=64] -922 62 118 8 1 0.01",
					"/playsound spawn.1 @a[r=64] -922 62 118 8 1 0.01"
				],
				// "1": [
				// 	"/particle ra:button.green.mist -922 62 118",
				// 	"/particle ra:button.spawn.green -922 62 118",
				// 	"/particle ra:button.green.mist.1 -922 62 118",
				// 	"/summon ra:zombie -922 62 118 -145 0 ra:zombie.tnt_target"
				// ],

				"1.05": [
					"/fill -933 72 67 -935 80 65 air replace light_block",
					"/playsound spawn @a[r=64] -934 72 66 8 1 0.01",
					"/playsound spawn.1 @a[r=64] -934 72 66 8 1 0.01"
				],
				"1.25": [
					"/particle ra:button.green.mist -934 72 66",
					"/particle ra:button.spawn.green -934 72 66",
					"/particle ra:button.green.mist.1 -934 72 66",
					"/summon ra:zombie -934 72 66 -90 0 ra:zombie.tnt_target"
				],
				"1.45": [
					"/fill -966 80 73 -968 90 71 air replace light_block",
					"/playsound spawn @a[r=64] -967 80 72 6 1 0.01",
					"/playsound spawn.1 @a[r=64] -967 80 72 6 1 0.01"
				],
				"1.65": [
					"/particle ra:button.green.mist -967 80 72",
					"/particle ra:button.spawn.green -967 80 72",
					"/particle ra:button.green.mist.1 -967 80 72",
					"/summon ra:zombie -967 80 72 -90 0 ra:zombie.tnt_target"
				],
				"1.7": [
					"/event entity @e[type=ra:zombie,x=-913,y=62,z=121,dx=-65,dy=30,dz=-70] ra:zombie.tnt_target.clear_old"
				]
			}
		},
		"animation.button.pressed": {
			"animation_length": 7,
			"loop": true,
			"timeline": {
				"0.0": [
					"/event entity @e[type=ra:zombie,tag=is_tnt,r=8] ra:tnt_explode",
					"/event entity @e[family=explosive,r=8] ra:explode"
				],
				"0.05": [
					"/event entity @e[type=ra:zombie,tag=is_tnt,r=9] ra:tnt_explode",
					"/event entity @e[family=explosive,r=9] ra:explode"
				],
				"0.1": [
					"/event entity @e[type=ra:zombie,tag=is_tnt,r=10] ra:tnt_explode",
					"/event entity @e[family=explosive,r=10] ra:explode"
				],
				"0.15": [
					"/event entity @e[type=ra:zombie,tag=is_tnt,r=11] ra:tnt_explode",
					"/event entity @e[family=explosive,r=11] ra:explode"
				],
				"0.2": [
					"/event entity @e[type=ra:zombie,tag=is_tnt,r=12] ra:tnt_explode",
					"/event entity @e[family=explosive,r=12] ra:explode"
				],
				"0.25": [
					"/event entity @e[type=ra:zombie,tag=is_tnt,r=13] ra:tnt_explode",
					"/event entity @e[family=explosive,r=13] ra:explode"
				],
				"0.3": [
					"/event entity @e[type=ra:zombie,tag=is_tnt,r=14] ra:tnt_explode",
					"/event entity @e[family=explosive,r=14] ra:explode"
				],
				"0.35": [
					"/event entity @e[type=ra:zombie,tag=is_tnt,r=15] ra:tnt_explode",
					"/event entity @e[family=explosive,r=15] ra:explode"
				],
				"0.4": [
					"/event entity @e[type=ra:zombie,tag=is_tnt,r=16] ra:tnt_explode",
					"/event entity @e[family=explosive,r=16] ra:explode"
				],
				"0.45": [
					"/event entity @e[type=ra:zombie,tag=is_tnt,r=17] ra:tnt_explode",
					"/event entity @e[family=explosive,r=17] ra:explode"
				],
				"0.5": [
					"/event entity @e[type=ra:zombie,tag=is_tnt,r=18] ra:tnt_explode",
					"/event entity @e[family=explosive,r=18] ra:explode"
				],
				"0.55": [
					"/event entity @e[type=ra:zombie,tag=is_tnt,r=19] ra:tnt_explode",
					"/event entity @e[family=explosive,r=19] ra:explode"
				],
				"0.6": [
					"/event entity @e[type=ra:zombie,tag=is_tnt,r=20] ra:tnt_explode",
					"/event entity @e[family=explosive,r=20] ra:explode"
				],
				"0.65": [
					"/event entity @e[type=ra:zombie,tag=is_tnt,r=21] ra:tnt_explode",
					"/event entity @e[family=explosive,r=21] ra:explode"
				],
				"0.7": [
					"/event entity @e[type=ra:zombie,tag=is_tnt,r=22] ra:tnt_explode",
					"/event entity @e[family=explosive,r=22] ra:explode"
				],
				"0.75": [
					"/event entity @e[type=ra:zombie,tag=is_tnt,r=23] ra:tnt_explode",
					"/event entity @e[family=explosive,r=23] ra:explode"
				],
				"0.8": [
					"/event entity @e[type=ra:zombie,tag=is_tnt,r=24] ra:tnt_explode",
					"/event entity @e[family=explosive,r=24] ra:explode"
				],
				"0.85": [
					"/event entity @e[type=ra:zombie,tag=is_tnt,r=25] ra:tnt_explode",
					"/event entity @e[family=explosive,r=25] ra:explode"
				],
				"0.9": [
					"/event entity @e[type=ra:zombie,tag=is_tnt,r=26] ra:tnt_explode",
					"/event entity @e[family=explosive,r=26] ra:explode"
				],
				"0.95": [
					"/event entity @e[type=ra:zombie,tag=is_tnt,r=27] ra:tnt_explode",
					"/event entity @e[family=explosive,r=27] ra:explode"
				],
				"1.0": [
					"/event entity @e[type=ra:zombie,tag=is_tnt,r=28] ra:tnt_explode",
					"/event entity @e[family=explosive,r=28] ra:explode"
				],
				"1.05": [
					"/event entity @e[type=ra:zombie,tag=is_tnt,r=29] ra:tnt_explode",
					"/event entity @e[family=explosive,r=29] ra:explode"
				],
				"1.1": [
					"/event entity @e[type=ra:zombie,tag=is_tnt,r=30] ra:tnt_explode",
					"/event entity @e[family=explosive,r=30] ra:explode"
				],
				"1.15": [
					"/event entity @e[type=ra:zombie,tag=is_tnt,r=31] ra:tnt_explode",
					"/event entity @e[family=explosive,r=31] ra:explode"
				],
				"1.2": [
					"/event entity @e[type=ra:zombie,tag=is_tnt,r=32] ra:tnt_explode",
					"/event entity @e[family=explosive,r=32] ra:explode"
				],
				"1.25": [
					"/event entity @e[type=ra:zombie,tag=is_tnt,r=33] ra:tnt_explode",
					"/event entity @e[family=explosive,r=33] ra:explode"
				],
				"1.3": [
					"/event entity @e[type=ra:zombie,tag=is_tnt,r=34] ra:tnt_explode",
					"/event entity @e[family=explosive,r=34] ra:explode"
				],
				"1.35": [
					"/event entity @e[type=ra:zombie,tag=is_tnt,r=35] ra:tnt_explode",
					"/event entity @e[family=explosive,r=35] ra:explode"
				],
				"1.4": [
					"/event entity @e[type=ra:zombie,tag=is_tnt,r=36] ra:tnt_explode",
					"/event entity @e[family=explosive,r=36] ra:explode"
				],
				"1.45": [
					"/event entity @e[type=ra:zombie,tag=is_tnt,r=37] ra:tnt_explode",
					"/event entity @e[family=explosive,r=37] ra:explode"
				],
				"1.5": [
					"/event entity @e[type=ra:zombie,tag=is_tnt,r=38] ra:tnt_explode",
					"/event entity @e[family=explosive,r=38] ra:explode"
				],
				"1.55": [
					"/event entity @e[type=ra:zombie,tag=is_tnt,r=39] ra:tnt_explode",
					"/event entity @e[family=explosive,r=39] ra:explode"
				],
				"1.6": [
					"/event entity @e[type=ra:zombie,tag=is_tnt,r=40] ra:tnt_explode",
					"/event entity @e[family=explosive,r=40] ra:explode"
				],
				"1.65": [
					"/event entity @e[type=ra:zombie,tag=is_tnt,r=41] ra:tnt_explode",
					"/event entity @e[family=explosive,r=41] ra:explode"
				],
				"1.7": [
					"/event entity @e[type=ra:zombie,tag=is_tnt,r=42] ra:tnt_explode",
					"/event entity @e[family=explosive,r=52] ra:explode"
				],
				"1.75": [
					"/event entity @e[type=ra:zombie,tag=is_tnt,r=43] ra:tnt_explode",
					"/event entity @e[family=explosive,r=53] ra:explode"
				],
				"1.8": [
					"/event entity @e[type=ra:zombie,tag=is_tnt,r=44] ra:tnt_explode",
					"/event entity @e[family=explosive,r=55] ra:explode"
				],
				"1.85": [
					"/event entity @e[type=ra:zombie,tag=is_tnt,r=45] ra:tnt_explode",
					"/event entity @e[family=explosive,r=11] ra:explode"
				],
				"1.9": [
					"/event entity @e[type=ra:zombie,tag=is_tnt,r=46] ra:tnt_explode",
					"/event entity @e[family=explosive,r=46] ra:explode"
				],
				"1.95": [
					"/event entity @e[type=ra:zombie,tag=is_tnt,r=47] ra:tnt_explode",
					"/event entity @e[family=explosive,r=47] ra:explode"
				],
				"2": [
					"/event entity @e[type=ra:zombie,tag=is_tnt,r=48] ra:tnt_explode",
					"/event entity @e[family=explosive,r=48] ra:explode"
				],
				
				"2.05": [
					"/event entity @e[type=ra:zombie,tag=is_tnt,r=49] ra:tnt_explode",
					"/event entity @e[family=explosive,r=49] ra:explode"
				],
				"2.1": [
					"/event entity @e[type=ra:zombie,tag=is_tnt,r=50] ra:tnt_explode",
					"/event entity @e[family=explosive,r=50] ra:explode"
				],
				"2.15": [
					"/event entity @e[type=ra:zombie,tag=is_tnt,r=51] ra:tnt_explode",
					"/event entity @e[family=explosive,r=51] ra:explode"
				],
				"2.2": [
					"/event entity @e[type=ra:zombie,tag=is_tnt,r=52] ra:tnt_explode",
					"/event entity @e[family=explosive,r=52] ra:explode"
				],
				"2.25": [
					"/event entity @e[type=ra:zombie,tag=is_tnt,r=53] ra:tnt_explode",
					"/event entity @e[family=explosive,r=53] ra:explode"
				],
				"2.3": [
					"/event entity @e[type=ra:zombie,tag=is_tnt,r=54] ra:tnt_explode",
					"/event entity @e[family=explosive,r=54] ra:explode"
				],
				"2.35": [
					"/event entity @e[type=ra:zombie,tag=is_tnt,r=55] ra:tnt_explode",
					"/event entity @e[family=explosive,r=55] ra:explode"
				],
				"2.4": [
					"/event entity @e[type=ra:zombie,tag=is_tnt,r=56] ra:tnt_explode",
					"/event entity @e[family=explosive,r=56] ra:explode"
				],
				"2.45": [
					"/event entity @e[type=ra:zombie,tag=is_tnt,r=57] ra:tnt_explode",
					"/event entity @e[family=explosive,r=57] ra:explode"
				],
				"2.5": [
					"/event entity @e[type=ra:zombie,tag=is_tnt,r=58] ra:tnt_explode",
					"/event entity @e[family=explosive,r=58] ra:explode"
				],
				"2.55": [
					"/event entity @e[type=ra:zombie,tag=is_tnt,r=59] ra:tnt_explode",
					"/event entity @e[family=explosive,r=59] ra:explode"
				],
				"2.6": [
					"/event entity @e[type=ra:zombie,tag=is_tnt,r=60] ra:tnt_explode",
					"/event entity @e[family=explosive,r=60] ra:explode"
				],
				"2.65": [
					"/event entity @e[type=ra:zombie,tag=is_tnt,r=61] ra:tnt_explode",
					"/event entity @e[family=explosive,r=61] ra:explode"
				],
				"2.7": [
					"/event entity @e[type=ra:zombie,tag=is_tnt,r=62] ra:tnt_explode",
					"/event entity @e[family=explosive,r=62] ra:explode"
				],
				"2.75": [
					"/event entity @e[type=ra:zombie,tag=is_tnt,r=63] ra:tnt_explode",
					"/event entity @e[family=explosive,r=63] ra:explode"
				],
				"2.8": [
					"/event entity @e[type=ra:zombie,tag=is_tnt,r=64] ra:tnt_explode",
					"/event entity @e[family=explosive,r=64] ra:explode"
				],
				"2.85": [
					"/event entity @e[type=ra:zombie,tag=is_tnt,r=65] ra:tnt_explode",
					"/event entity @e[family=explosive,r=65] ra:explode"
				],
				"2.9": [
					"/event entity @e[type=ra:zombie,tag=is_tnt,r=66] ra:tnt_explode",
					"/event entity @e[family=explosive,r=66] ra:explode"
				],
				"2.95": [
					"/event entity @e[type=ra:zombie,tag=is_tnt,r=67] ra:tnt_explode",
					"/event entity @e[family=explosive,r=67] ra:explode"
				],
				"3.0": [
					"/event entity @e[type=ra:zombie,tag=is_tnt,r=68] ra:tnt_explode",
					"/event entity @e[family=explosive,r=68] ra:explode"
				],
				"3.05": [
					"/event entity @e[type=ra:zombie,tag=is_tnt,r=69] ra:tnt_explode",
					"/event entity @e[family=explosive,r=69] ra:explode"
				],
				"3.1": [
					"/event entity @e[type=ra:zombie,tag=is_tnt,r=70] ra:tnt_explode",
					"/event entity @e[family=explosive,r=70] ra:explode"
				],
				"3.15": [
					"/event entity @e[type=ra:zombie,tag=is_tnt,r=71] ra:tnt_explode",
					"/event entity @e[family=explosive,r=71] ra:explode"
				],
				"3.2": [
					"/event entity @e[type=ra:zombie,tag=is_tnt,r=72] ra:tnt_explode",
					"/event entity @e[family=explosive,r=72] ra:explode"
				],
				"3.25": [
					"/event entity @e[type=ra:zombie,tag=is_tnt,r=73] ra:tnt_explode",
					"/event entity @e[family=explosive,r=73] ra:explode"
				],
				"3.3": [
					"/event entity @e[type=ra:zombie,tag=is_tnt,r=74] ra:tnt_explode",
					"/event entity @e[family=explosive,r=74] ra:explode"
				],
				"3.35": [
					"/event entity @e[type=ra:zombie,tag=is_tnt,r=75] ra:tnt_explode",
					"/event entity @e[family=explosive,r=75] ra:explode"
				],
				"3.4": [
					"/event entity @e[type=ra:zombie,tag=is_tnt,r=76] ra:tnt_explode",
					"/event entity @e[family=explosive,r=76] ra:explode"
				],
				"3.45": [
					"/event entity @e[type=ra:zombie,tag=is_tnt,r=77] ra:tnt_explode",
					"/event entity @e[family=explosive,r=77] ra:explode"
				],
				"3.5": [
					"/event entity @e[type=ra:zombie,tag=is_tnt,r=78] ra:tnt_explode",
					"/event entity @e[family=explosive,r=78] ra:explode"
				],
				"3.55": [
					"/event entity @e[type=ra:zombie,tag=is_tnt,r=79] ra:tnt_explode",
					"/event entity @e[family=explosive,r=79] ra:explode"
				],
				"3.6": [
					"/event entity @e[type=ra:zombie,tag=is_tnt,r=80] ra:tnt_explode",
					"/event entity @e[family=explosive,r=80] ra:explode"
				],
				"3.65": [
					"/event entity @e[type=ra:zombie,tag=is_tnt,r=81] ra:tnt_explode",
					"/event entity @e[family=explosive,r=81] ra:explode"
				],
				"3.7": [
					"/event entity @e[type=ra:zombie,tag=is_tnt,r=82] ra:tnt_explode",
					"/event entity @e[family=explosive,r=82] ra:explode"
				],
				"3.75": [
					"/event entity @e[type=ra:zombie,tag=is_tnt,r=83] ra:tnt_explode",
					"/event entity @e[family=explosive,r=83] ra:explode"
				],
				"3.8": [
					"/event entity @e[type=ra:zombie,tag=is_tnt,r=84] ra:tnt_explode",
					"/event entity @e[family=explosive,r=84] ra:explode"
				],
				"3.85": [
					"/event entity @e[type=ra:zombie,tag=is_tnt,r=85] ra:tnt_explode",
					"/event entity @e[family=explosive,r=85] ra:explode"
				],
				"3.9": [
					"/event entity @e[type=ra:zombie,tag=is_tnt,r=86] ra:tnt_explode",
					"/event entity @e[family=explosive,r=86] ra:explode"
				],
				"3.95": [
					"/event entity @e[type=ra:zombie,tag=is_tnt,r=87] ra:tnt_explode",
					"/event entity @e[family=explosive,r=87] ra:explode"
				],
				"4": [
					"/event entity @e[type=ra:zombie,tag=is_tnt,r=88] ra:tnt_explode",
					"/event entity @e[family=explosive,r=88] ra:explode"
				],
				"4.05": [
					"/event entity @e[type=ra:zombie,tag=is_tnt,r=89] ra:tnt_explode",
					"/event entity @e[family=explosive,r=89] ra:explode"
				],
				"4.1": [
					"/event entity @e[type=ra:zombie,tag=is_tnt,r=90] ra:tnt_explode",
					"/event entity @e[family=explosive,r=90] ra:explode"
				],
				"4.15": [
					"/event entity @e[type=ra:zombie,tag=is_tnt,r=91] ra:tnt_explode",
					"/event entity @e[family=explosive,r=91] ra:explode"
				],
				"4.2": [
					"/event entity @e[type=ra:zombie,tag=is_tnt,r=92] ra:tnt_explode",
					"/event entity @e[family=explosive,r=92] ra:explode"
				],
				"4.25": [
					"/event entity @e[type=ra:zombie,tag=is_tnt,r=93] ra:tnt_explode",
					"/event entity @e[family=explosive,r=93] ra:explode"
				],
				"4.3": [
					"/event entity @e[type=ra:zombie,tag=is_tnt,r=94] ra:tnt_explode",
					"/event entity @e[family=explosive,r=94] ra:explode"
				],
				"4.35": [
					"/event entity @e[type=ra:zombie,tag=is_tnt,r=95] ra:tnt_explode",
					"/event entity @e[family=explosive,r=95] ra:explode"
				],
				"4.4": [
					"/event entity @e[type=ra:zombie,tag=is_tnt,r=96] ra:tnt_explode",
					"/event entity @e[family=explosive,r=96] ra:explode"
				],
				"4.45": [
					"/event entity @e[type=ra:zombie,tag=is_tnt,r=97] ra:tnt_explode",
					"/event entity @e[family=explosive,r=97] ra:explode"
				],
				"4.5": [
					"/event entity @e[type=ra:zombie,tag=is_tnt,r=98] ra:tnt_explode",
					"/event entity @e[family=explosive,r=98] ra:explode"
				],
				"4.55": [
					"/event entity @e[type=ra:zombie,tag=is_tnt,r=99] ra:tnt_explode",
					"/event entity @e[family=explosive,r=99] ra:explode"
				],
				"4.6": [
					"/event entity @e[type=ra:zombie,tag=is_tnt,r=100] ra:tnt_explode",
					"/event entity @e[family=explosive,r=100] ra:explode"
				],
				"4.65": [
					"/event entity @e[type=ra:zombie,tag=is_tnt,r=100] ra:tnt_explode",
					"/event entity @e[family=explosive,r=100] ra:explode"
				],
				"4.7": [
					"/event entity @e[type=ra:zombie,tag=is_tnt,r=100] ra:tnt_explode",
					"/event entity @e[family=explosive,r=100] ra:explode"
				],
				"4.75": [
					"/event entity @e[type=ra:zombie,tag=is_tnt,r=100] ra:tnt_explode",
					"/event entity @e[family=explosive,r=100] ra:explode"
				],
				"4.8": [
					"/event entity @e[type=ra:zombie,tag=is_tnt,r=100] ra:tnt_explode",
					"/event entity @e[family=explosive,r=100] ra:explode"
				],
				"4.85": [
					"/event entity @e[type=ra:zombie,tag=is_tnt,r=100] ra:tnt_explode",
					"/event entity @e[family=explosive,r=100] ra:explode"
				],
				"4.9": [
					"/event entity @e[type=ra:zombie,tag=is_tnt,r=100] ra:tnt_explode",
					"/event entity @e[family=explosive,r=100] ra:explode"
				],
				"4.95": [
					"/event entity @e[type=ra:zombie,tag=is_tnt,r=100] ra:tnt_explode",
					"/event entity @e[family=explosive,r=100] ra:explode"
				],
				"5.0": [
					"/event entity @e[type=ra:zombie,tag=is_tnt,r=100] ra:tnt_explode",
					"/event entity @e[family=explosive,r=100] ra:explode"
				],
				"5.05": [
					"/event entity @e[type=ra:zombie,tag=is_tnt,r=100] ra:tnt_explode",
					"/event entity @e[family=explosive,r=100] ra:explode"
				],
				"5.15": [
					"/event entity @e[type=ra:zombie,tag=is_tnt,r=100] ra:tnt_explode",
					"/event entity @e[family=explosive,r=100] ra:explode"
				],
				"5.2": [
					"/event entity @e[type=ra:zombie,tag=is_tnt,r=100] ra:tnt_explode",
					"/event entity @e[family=explosive,r=100] ra:explode"
				],
				"5.25": [
					"/event entity @e[type=ra:zombie,tag=is_tnt,r=100] ra:tnt_explode",
					"/event entity @e[family=explosive,r=100] ra:explode"
				],
				"5.3": [
					"/event entity @e[type=ra:zombie,tag=is_tnt,r=100] ra:tnt_explode",
					"/event entity @e[family=explosive,r=100] ra:explode"
				],
				"5.35": [
					"/event entity @e[type=ra:zombie,tag=is_tnt,r=100] ra:tnt_explode",
					"/event entity @e[family=explosive,r=100] ra:explode"
				],
				"5.4": [
					"/event entity @e[type=ra:zombie,tag=is_tnt,r=100] ra:tnt_explode",
					"/event entity @e[family=explosive,r=100] ra:explode"
				],
				"5.45": [
					"/event entity @e[type=ra:zombie,tag=is_tnt,r=100] ra:tnt_explode",
					"/event entity @e[family=explosive,r=100] ra:explode"
				],
				"5.5": [
					"/event entity @e[type=ra:zombie,tag=is_tnt,r=100] ra:tnt_explode",
					"/event entity @e[family=explosive,r=100] ra:explode"
				],
				"5.55": [
					"/event entity @e[type=ra:zombie,tag=is_tnt,r=100] ra:tnt_explode",
					"/event entity @e[family=explosive,r=100] ra:explode"
				],
				"5.6": [
					"/event entity @e[type=ra:zombie,tag=is_tnt,r=100] ra:tnt_explode",
					"/event entity @e[family=explosive,r=100] ra:explode"
				],
				"5.65": [
					"/event entity @e[type=ra:zombie,tag=is_tnt,r=100] ra:tnt_explode",
					"/event entity @e[family=explosive,r=100] ra:explode"
				],
				"5.7": [
					"/event entity @e[type=ra:zombie,tag=is_tnt,r=100] ra:tnt_explode",
					"/event entity @e[family=explosive,r=100] ra:explode"
				],
				"5.75": [
					"/event entity @e[type=ra:zombie,tag=is_tnt,r=100] ra:tnt_explode",
					"/event entity @e[family=explosive,r=100] ra:explode"
				],
				"5.8": [
					"/event entity @e[type=ra:zombie,tag=is_tnt,r=100] ra:tnt_explode",
					"/event entity @e[family=explosive,r=100] ra:explode"
				],
				"5.85": [
					"/event entity @e[type=ra:zombie,tag=is_tnt,r=100] ra:tnt_explode",
					"/event entity @e[family=explosive,r=100] ra:explode"
				],
				"5.9": [
					"/event entity @e[type=ra:zombie,tag=is_tnt,r=100] ra:tnt_explode",
					"/event entity @e[family=explosive,r=100] ra:explode"
				],
				"5.95": [
					"/event entity @e[type=ra:zombie,tag=is_tnt,r=100] ra:tnt_explode",
					"/event entity @e[family=explosive,r=100] ra:explode"
				],
				"6": [
					"/event entity @e[type=ra:zombie,tag=is_tnt,r=100] ra:tnt_explode",
					"/event entity @e[family=explosive,r=100] ra:explode"
				]
			}
		}
	}
}