{
  "format_version": "1.10.0",
  "animations": {
    "animation.zombie_head.stop_bounce": {
      "animation_length": 3.0,
      "loop": false,
      "timeline": {
        "0.3": [
          "@s ra:remove_bounce.1"
        ]
      }
    },
    "animation.zombie.force_kill": {
      "animation_length": 3.0,
      "loop": false,
      "timeline": {
        "0": [
          "/event entity @e[type=ra:zombie,x=~,y=~,z=~,dx=0,dy=-4,dz=0,c=1] ra:death",
          "/kill @e[type=ra:zombie,x=~,y=~,z=~,dx=0,dy=-4,dz=0,c=1]",
          "/event entity @s[tag=!activated] ra:despawn"
        ]
      }
    },
    "animation.zombie.tnt": {
      "animation_length": 3.0,
      "loop": false,
      "timeline": {
        "0.0": [
          "@s ra:is_tnt",
          "/tag @s add is_tnt"
        ],
        "0.25": [
          "@s ra:is_tnt",
          "/tag @s add is_tnt"
        ],
        "0.5": [
          "@s ra:is_tnt",
          "/tag @s add is_tnt"
        ]
      }
    },
    "animation.zombie.tnt_explode": {
      "animation_length": 3.0,
      "loop": false,
      "timeline": {
        "0.0": [
					"/fill ~1~~1 ~-1~2~-1 minecraft:light_block [\"block_light_level\":14] replace minecraft:air",
          "/damage @e[r=3] 16 entity_explosion",
          "/damage @e[r=4] 12 entity_explosion",
          "/damage @e[r=6] 8 entity_explosion",
          "/damage @e[r=8] 4 entity_explosion",
          "/event entity @e[r=3.25] ra:explode",
          // "/event entity @e[r=3.75,rm=3.25,type=ra:zombie] ra:zombie.crawler",
          "/particle ra:zombie.explosion.mist ~~~",
          "/particle ra:zombie.explosion.mist.1 ~~~",
          "/particle ra:zombie.explode_blood.tnt ~~0.5~",
          "/particle ra:zombie.explode_blood_1.tnt ~~0.25~",
          "/playsound ra:explode @a[r=100] ~~~ 0.8 0.65 0.1",
          "/playsound ra:explode @a[r=100] ~~~ 0.9 1 0.1",
          "/playsound ra:explode1 @a[r=100] ~~~ 0.9 1 0.1",
          "/playsound explosion_ringing @a[r=5] ~~~ 0.9 1 0.15",
          "/playsound explosion_ringing_1 @a[r=10,rm=5] ~~~ 0.9 1 0.15",
          "/particle ra:explosion.fire_burst ^^^",
          "/particle ra:explosion.flash ^^^",
          "/particle ra:explosion.smoke_0 ^^0.75^",
          "/particle ra:explosion.smoke_1 ^^0.5^",
          "/particle ra:explosion.sparks ^^0.25^",
          "/particle ra:explosion.sparks_1 ^^^",
          "/camerashake add @a[r=5] 0.3 0.25 rotational",
          "/camerashake add @a[r=10] 0.2 0.25 rotational",
          "/camerashake add @a[r=15] 0.1 0.25 rotational",
          "/summon ra:explode_knockback ~~~"
        ],
				"0.075": [ 
					"/fill ~7~5~7 ~-7~-5~-7 minecraft:air [] replace minecraft:light_block",
					"/fill ~7~5~7 ~-7~~-7 minecraft:air [] replace minecraft:light_block"
				],
				"0.1": [ 
					"/fill ~7~5~7 ~-7~-5~-7 minecraft:air [] replace minecraft:light_block",
					"/fill ~7~5~7 ~-7~~-7 minecraft:air [] replace minecraft:light_block"
				],
				"0.11": [
					"/fill ~7~5~7 ~-7~-5~-7 minecraft:air [] replace minecraft:light_block",
					"/fill ~7~5~7 ~-7~~-7 minecraft:air [] replace minecraft:light_block"
				]
      }
    },
    "animation.zombie.tnt_water_explode": {
      "animation_length": 3.0,
      "loop": false,
      "timeline": {
        "0.0": [
					"/fill ~1~~1 ~-1~2~-1 minecraft:light_block [\"block_light_level\":14] replace minecraft:air",
          "/damage @e[r=3] 16 entity_explosion",
          "/damage @e[r=3] 12 entity_explosion",
          "/damage @e[r=5] 8 entity_explosion",
          "/damage @e[r=7] 4 entity_explosion",
          "/event entity @e[r=3] ra:explode",
          "/playsound ra:explode @a[r=100] ~~~ 0.3 1.75 0.1",
          "/playsound ra:explode @a[r=100] ~~~ 0.4 1.4 0.1",
          "/playsound ra:explode1 @a[r=100] ~~~ 0.5 1.25 0.1",
          "/playsound mob.axolotl.splash @a[r=70] ~~~ 0.95 0.5 0.1",
          "/playsound mob.dolphin.splash @a[r=70] ~~~ 0.95 0.5 0.1",
          "/particle ra:tnt.water_ripple ^^0.5^",
          "/particle ra:tnt.water_ripple.still ^^0.5^",
          "/particle ra:tnt.water_ripple.still.1 ^^0.5^",
          "/particle ra:tnt.impact_water_ring ^^^",
          "/particle ra:tnt.impact_water_ring1 ^^^",
          "/particle ra:grenade_explode_bubbles ^^-0.15^",
          "/particle ra:grenade_explode_water ^^-0.1^",
          "/particle ra:tnt.ring_smoke.water ^^^",
          "/particle ra:grenade_flash.water_y ^^^",
          "/particle ra:grenade_flash.water ^^^",
          "/particle ra:tnt.water_explode.sprout ^^^",
          "/particle ra:tnt.water_explode.sprout_white ^^^",
          "/camerashake add @a[r=5] 0.3 0.25 rotational",
          "/camerashake add @a[r=10] 0.2 0.25 rotational",
          "/camerashake add @a[r=15] 0.1 0.25 rotational",
          "/summon ra:explode_knockback ~~~",
          "@s ra:grenade_explode"
        ],
				"0.075": [ 
					"/fill ~7~5~7 ~-7~-5~-7 minecraft:air [] replace minecraft:light_block",
					"/fill ~7~5~7 ~-7~~-7 minecraft:air [] replace minecraft:light_block"
				],
				"0.1": [ 
					"/fill ~7~5~7 ~-7~-5~-7 minecraft:air [] replace minecraft:light_block",
					"/fill ~7~5~7 ~-7~~-7 minecraft:air [] replace minecraft:light_block"
				],
				"0.11": [
					"/fill ~7~5~7 ~-7~-5~-7 minecraft:air [] replace minecraft:light_block",
					"/fill ~7~5~7 ~-7~~-7 minecraft:air [] replace minecraft:light_block"
				]
      }
    },
    "animation.zombie.tnt.hitbox": {
      "animation_length": 3.0,
      "loop": false,
      "timeline": {
        "0.0": [
          "@s ra:death.tnt"
        ],
        "0.1": [
          "@s ra:death.tnt"
        ],
        "0.5": [
          "@s ra:death.tnt"
        ]
      }
    },
    "animation.zombie.gold_loot": {
      "animation_length": 3.0,
      "loop": false,
      "timeline": {
        "0.0": [ "/tag @e[type=ra:zombie,r=6,c=1] add gold_loot" ],
        "0.05": [
          "/tag @e[type=ra:zombie,r=5,c=1] add gold_loot",
          "/execute at @s[tag=drop_loot] run loot spawn ~~~ loot \"mobs/ra_zombie_gold_gun\"",
          "/execute at @s[tag=drop_loot] run summon minecraft:xp_orb ~~-0.275~",
          "/execute at @s[tag=drop_loot] run summon minecraft:xp_orb ~~-0.275~",
          "/playsound chime.amethyst_block @a ~~~ 1 0.65 0.01",
          "/playsound gold_loot @a[r=32] ~~~ 2 1.25 0.01",
          "/playsound gold_loot1 @a[r=32] ~~~ 2 1 0.01",
          "/playsound gold_loot2 @a[r=32] ~~~ 2 0.75 0.01",
          "/playsound gold_loot3 @a[r=32] ~~~ 2 2 0.01",
          // "/playsound block.bell.hit @a[r=32] ~~~ 2 0.75 0.05",
          "/particle ra:gold.impact.burst.loot ~~~",
          "/particle ra:gold.impact.burst.loot1 ~~~",
          "/particle ra:gold.impact.burst ~~~"
        ],
        "0.065": [
          "/playsound gold_loot3 @a[r=32] ~~~ 2 0.5 0.01"
        ]
      }
    },
    "animation.zombie.netherite_loot": {
      "animation_length": 3.0,
      "loop": false,
      "timeline": {
        "0.0": [ "/tag @e[type=ra:zombie,r=6,c=1] add netherite_loot" ],
        "0.05": [
          "/tag @e[type=ra:zombie,r=5,c=1] add netherite_loot",
          "/execute at @s[tag=drop_loot] run loot spawn ~~~ loot \"mobs/ra_zombie_netherite_gun\"",
          "/execute at @s[tag=drop_loot] run summon minecraft:xp_orb ~~-0.275~",
          "/execute at @s[tag=drop_loot] run summon minecraft:xp_orb ~~-0.275~",
          "/playsound chime.amethyst_block @a ~~~ 1 0.65 0.01",
          "/playsound gold_loot @a[r=32] ~~~ 2 1.25 0.01",
          "/playsound gold_loot1 @a[r=32] ~~~ 2 1 0.01",
          "/playsound gold_loot2 @a[r=32] ~~~ 2 0.75 0.01",
          "/playsound gold_loot3 @a[r=32] ~~~ 2 2 0.01",
          // "/playsound block.bell.hit @a[r=32] ~~~ 2 0.75 0.05",
          "/particle ra:netherite.impact.burst.loot ~~~",
          "/particle ra:netherite.impact.burst.loot1 ~~~",
          "/particle ra:netherite.impact.burst ~~~"
        ],
        "0.065": [
          "/playsound gold_loot3 @a[r=32] ~~~ 2 0.5 0.01"
        ]
      }
    },
    "animation.zombie.loot": {
      "animation_length": 3.0,
      "loop": false,
      "timeline": {
        "0.075": [
          "/execute at @s[tag=drop_loot,tag=!gold_loot,tag=!netherite_loot] run loot spawn ^^1.15^-0.15 loot \"mobs/ra_zombie\"",
          "/execute at @s[tag=drop_loot] run summon minecraft:xp_orb ^^1.15^-0.15",
          "/execute at @s[tag=drop_loot] run summon minecraft:xp_orb ^^1.15^-0.15"
        ]
      }
    },
    "animation.zombie.hs_loot": {
      "animation_length": 3.0,
      "loop": false,
      "timeline": {
        "0.075": [
          "/execute at @s[tag=drop_loot,tag=!gold_loot,tag=!netherite_loot] run loot spawn ~~-0.4~ loot \"mobs/ra_zombie\"",
          "/execute at @s[tag=drop_loot] run summon minecraft:xp_orb ~~-0.275~",
          "/execute at @s[tag=drop_loot] run summon minecraft:xp_orb ~~-0.275~"
        ]
      }
    },
    "animation.zombie_crawler.loot": {
      "animation_length": 3.0,
      "loop": false,
      "timeline": {
        "0.075": [
          "/execute at @s[tag=drop_loot,tag=!gold_loot,tag=!netherite_loot] run loot spawn ~~0.5~ loot \"mobs/ra_zombie\"",
          "/execute at @s[tag=drop_loot] run summon minecraft:xp_orb ~~0.5~",
          "/execute at @s[tag=drop_loot] run summon minecraft:xp_orb ~~0.5~"
        ]
      }
    },
    "animation.zombie_explode.loot": {
      "animation_length": 3.0,
      "loop": false,
      "timeline": {
        "0.15": [
          "/execute at @s[tag=drop_loot,tag=!gold_loot,tag=!netherite_loot] run loot spawn ~~0.65~ loot \"mobs/ra_zombie\"",
          "/execute at @s[tag=drop_loot] run summon minecraft:xp_orb ~~0.5~",
          "/execute at @s[tag=drop_loot] run summon minecraft:xp_orb ~~0.75~"
        ],
        "0.25": [
					"/fill ~7~5~7 ~-7~-5~-7 minecraft:air [] replace minecraft:light_block",
					"/fill ~7~5~7 ~-7~~-7 minecraft:air [] replace minecraft:light_block",
          "@s ra:despawn"
        ],
        "0.35": [ "@s ra:despawn" ],
        "0.5": [ "@s ra:despawn" ]
      }
    },
    "animation.zombie_head.hitbox.slow_despawn": {
      "animation_length": 5.0,
      "loop": true,
      "timeline": {
        "1.0": [
          "/damage @e[type=ra:zombie,x=~,y=~,z=~,dx=0,dy=-4,dz=0,c=1] 1",
          "/execute at @s[tag=drop_loot] run summon minecraft:xp_orb ~~-0.3~"
        ],
        "2.0": [
          "/damage @e[type=ra:zombie,x=~,y=~,z=~,dx=0,dy=-4,dz=0,c=1] 1",
          "/execute at @s[tag=drop_loot] run summon minecraft:xp_orb ~~-0.3~"
        ],
        "3.0": [
          "/damage @e[type=ra:zombie,x=~,y=~,z=~,dx=0,dy=-4,dz=0,c=1] 1",
          "/execute at @s[tag=drop_loot] run summon minecraft:xp_orb ~~-0.3~"
        ],
        "4.0": [
          "/damage @e[type=ra:zombie,x=~,y=~,z=~,dx=0,dy=-4,dz=0,c=1] 1",
          "/execute at @s[tag=drop_loot] run summon minecraft:xp_orb ~~-0.3~"
        ],
        "4.75": [
          "/event entity @e[type=ra:zombie,x=~,y=~,z=~,dx=0,dy=-4,dz=0,c=1] ra:death",
          "/execute at @s[tag=drop_loot] run loot spawn ~~-0.4~ loot \"mobs/ra_zombie\"",
          "/execute at @s[tag=drop_loot] run summon minecraft:xp_orb ~~-0.3~",
          "/execute at @s[tag=drop_loot] run summon minecraft:xp_orb ~~-0.3~",
          "@s ra:despawn"
        ]
      }
    },
    "animation.default_zombie_head.hitbox.slow_despawn": {
      "animation_length": 5.0,
      "loop": true,
      "timeline": {
        "1.0": ["/damage @e[type=minecraft:zombie,x=~,y=~,z=~,dx=0,dy=3,dz=0,c=1] 1"],
        "2.0": ["/damage @e[type=minecraft:zombie,x=~,y=~,z=~,dx=0,dy=3,dz=0,c=1] 1"],
        "3.0": ["/damage @e[type=minecraft:zombie,x=~,y=~,z=~,dx=0,dy=3,dz=0,c=1] 1"],
        "4.0": ["/damage @e[type=minecraft:zombie,x=~,y=~,z=~,dx=0,dy=3,dz=0,c=1] 1"],
        "4.75": ["/kill @e[type=minecraft:zombie,x=~,y=~,z=~,dx=0,dy=3,dz=0,c=1]", "@s ra:despawn"]
      }
    },
    "animation.zombie.death_position": {
      "animation_length": 1,
      "loop": true,
      "timeline": {
        "0.0": [
          "/execute as @s[tag=!not_near_wall] run event entity @s ra:death.near_wall",

          "/execute at @s positioned ~~0.5~ if block ^^^-1 air run tag @s add not_near_wall",
          "/execute at @s positioned ~~0.5~ if block ^^^-1 air run event entity @s ra:death.not_near_wall",

          "/execute at @s positioned ~~0.5~ if block ^^^-1 cobblestone_wall run event entity @s ra:death.near_wall",
          "/execute at @s positioned ~~0.5~ if block ^^^ cobblestone_wall run event entity @s ra:death.near_wall",

          "/execute at @s positioned ~~0.5~ if block ^^^-1 water run tag @s add not_near_wall",
          "/execute at @s positioned ~~0.5~ if block ^^^-1 water run event entity @s ra:death.not_near_wall",

          "/execute at @s positioned ~~0.5~ if block ^^^-1 flowing_water run tag @s add not_near_wall",
          "/execute at @s positioned ~~0.5~ if block ^^^-1 flowing_water run event entity @s ra:death.not_near_wall",

          "/execute at @s positioned ~~0.5~ if block ^^^-1 minecraft:double_plant run tag @s add not_near_wall",
          "/execute at @s positioned ~~0.5~ if block ^^^-1 minecraft:double_plant run event entity @s ra:death.not_near_wall",

          "/execute at @s positioned ~~0.5~ if block ^^^-1 minecraft:red_flower run tag @s add not_near_wall",
          "/execute at @s positioned ~~0.5~ if block ^^^-1 minecraft:red_flower run event entity @s ra:death.not_near_wall",

          "/execute at @s positioned ~~0.5~ if block ^^^-1 minecraft:yellow_flower run tag @s add not_near_wall",
          "/execute at @s positioned ~~0.5~ if block ^^^-1 minecraft:yellow_flower run event entity @s ra:death.not_near_wall",

          "/execute at @s positioned ~~0.5~ if block ^^^-1 minecraft:flower_pot run tag @s add not_near_wall",
          "/execute at @s positioned ~~0.5~ if block ^^^-1 minecraft:flower_pot run event entity @s ra:death.not_near_wall",

          "/execute at @s positioned ~~0.5~ if block ^^^-1 minecraft:tallgrass run tag @s add not_near_wall",
          "/execute at @s positioned ~~0.5~ if block ^^^-1 minecraft:tallgrass run event entity @s ra:death.not_near_wall",
          
          "/execute as @s[tag=!not_near_wall] run event entity @s ra:death.near_wall"
        ],
        "0.25": [
          "/execute at @s positioned ~~0.5~ if block ^^^-1 minecraft:activator_rail run tag @s add not_near_wall",
          "/execute at @s positioned ~~0.5~ if block ^^^-1 minecraft:activator_rail run event entity @s ra:death.not_near_wall",
          
          "/execute at @s positioned ~~0.5~ if block ^^^-1 cobblestone_wall run event entity @s ra:death.near_wall",
          "/execute at @s positioned ~~0.5~ if block ^^^ cobblestone_wall run event entity @s ra:death.near_wall",

          "/execute at @s positioned ~~0.5~ if block ^^^-1 minecraft:detector_rail run tag @s add not_near_wall",
          "/execute at @s positioned ~~0.5~ if block ^^^-1 minecraft:detector_rail run event entity @s ra:death.not_near_wall",

          "/execute at @s positioned ~~0.5~ if block ^^^-1 minecraft:golden_rail run tag @s add not_near_wall",
          "/execute at @s positioned ~~0.5~ if block ^^^-1 minecraft:golden_rail run event entity @s ra:death.not_near_wall",

          "/execute at @s positioned ~~0.5~ if block ^^^-1 ra:grass_dead run tag @s add not_near_wall",
          "/execute at @s positioned ~~0.5~ if block ^^^-1 ra:grass_dead run event entity @s ra:death.not_near_wall",

          "/execute at @s positioned ~~0.5~ if block ^^^-1 ra:grass_dry run tag @s add not_near_wall",
          "/execute at @s positioned ~~0.5~ if block ^^^-1 ra:grass_dry run event entity @s ra:death.not_near_wall",

          "/execute at @s positioned ~~0.5~ if block ^^^-1 ra:planks run tag @s add not_near_wall",
          "/execute at @s positioned ~~0.5~ if block ^^^-1 ra:planks run event entity @s ra:death.not_near_wall",

          "/execute as @s[tag=!not_near_wall] run event entity @s ra:death.near_wall"
        ],
        "0.5": ["/execute as @s[tag=!not_near_wall] run event entity @s ra:death.near_wall"]
      }
    },
    "animation.zombie.remove_hurt": {
      "animation_length": 8.0,
      "loop": true,
      "timeline": {
        "5.0": [ "@s ra:remove_hurt" ],
        "6.0": [ "@s ra:despawn_timer" ]
      }
    },
    "animation.zombie.remove_blowback": {
      "animation_length": 1.0,
      "loop": true,
      "timeline": {
        "0.1": [ "/tag @s remove blowback", "/tag @s remove blowback_1" ]
      }
    },
    "animation.zombie.blowback.blood": {
      "animation_length": 0.1,
      "loop": true,
      "timeline": {
        "0.0": [
          "/particle ra:zombie_head.explode_blood ^^1^-0.5",
          "/particle ra:zombie_head.explode_blood_1 ^^1^-0.5",
          "/particle ra:blood ^^1^-0.5"
        ]
      }
    },
    "animation.zombie.toss_meat": {
      "animation_length": 10,
      "loop": false,
      "timeline": {
				"7.85": [
					"/summon ra:meat_flesh ^^0.25^1.35 0 0 ra:despawn_timer"
				]
      }
    },
    "animation.zombie.toss_meat.crawler": {
      "animation_length": 10,
      "loop": false,
      "timeline": {
				"7.65": [
					"/summon ra:meat_flesh ^^0.25^1.1 0 0 ra:despawn_timer"
				]
      }
    },
    "animation.zombie.limb_testfor_water": {
      "animation_length": 0.115,
      "loop": true,
      "timeline": {
        "0.0": [
          "/execute at @s if block ~ ~-1 ~ minecraft:water 0 run tag @s add in_water",
          "/execute at @s if block ~ ~-1 ~ minecraft:water 0 run event entity @s ra:in_water",

          "/execute at @s if block ~ ~-1 ~ minecraft:air 0 run tag @s remove in_water"
        ],
        "0.1": ["/execute as @s[tag=!in_water] at @s run event entity @s ra:not_in_water"]
      }
    },
    "animation.zombie.armless": {
      "animation_length": 3.0,
      "loop": false,
      "timeline": {
        "0.0": [
          "@s ra:armless"
        ]
      }
    },
    "animation.zombie.remove_head": {
      "animation_length": 3.0,
      "loop": false,
      "timeline": {
        "0.0": [
          "/event entity @e[type=ra:zombie_head.hitbox,r=2,c=1] ra:despawn",
          "/tag @s add tamed_zombie"
        ]
      }
    },
    "animation.zombie.head_sliced_off": {
      "animation_length": 5.0,
      "loop": true,
      "timeline": {
        "1.0": [
          "/damage @s 1",
          "/execute at @s[tag=drop_loot] run summon minecraft:xp_orb ~~1.5~"
        ],
        "2.0": [
          "/damage @s 1",
          "/execute at @s[tag=drop_loot] run summon minecraft:xp_orb ~~1.5~"
        ],
        "3.0": [
          "/damage @s 1",
          "/execute at @s[tag=drop_loot] run summon minecraft:xp_orb ~~1.5~"
        ],
        "4.0": [
          "/damage @s 1",
          "/execute at @s[tag=drop_loot] run summon minecraft:xp_orb ~~1.5~"
        ],
        "4.75": [
          "/execute at @s[tag=drop_loot] run loot spawn ~~-0.4~ loot \"mobs/ra_zombie\"",
          "/execute at @s[tag=drop_loot] run summon minecraft:xp_orb ~~1.5~",
          "/execute at @s[tag=drop_loot] run summon minecraft:xp_orb ~~1.5~",
          "@s ra:death",
          "/kill @s"
        ]
      }
    },
    "animation.zombie.cloak_players": {
      "animation_length": 0.75,
      "loop": true,
      "timeline": {
        "0.0": [
          // "/execute at @p[r=8] run event entity @s ra:cloak_players",
          "/tag @a[r=8] add cloaked",
          // "/execute at @p[tag=cloaked,r=24,rm=8] run event entity @s ra:decloak_players",
          "/tag @a[tag=cloaked,r=24,rm=8] remove cloaked"
        ]
      }
    }
  }
}
