{
    "format_version": "1.12",
    "minecraft:recipe_shaped": {
      "description": {
      "identifier": "ra:mp40_clip_netherite"
      },
      "tags": [ "crafting_table" ],
      "pattern": [
        "AXx",
        "AXA",
        "AXA"
      ],
      "key": {
        "A": { "item": "minecraft:iron_nugget" },
        "X": { "item": "ra:cal_38mm_10_stack" },
        "x": { "item": "minecraft:netherite_scrap" }
      },
      "result": { "item": "ra:mp40_clip_netherite", "count": 8 }
    }
  }
  