{
    "format_version": "1.12",
    "minecraft:recipe_shaped": {
      "description": {
      "identifier": "ra:mx115_clip_netherite"
      },
      "tags": [ "crafting_table" ],
      "pattern": [
        "AXx",
        "AXA",
        "AXA"
      ],
      "key": {
        "A": { "item": "minecraft:iron_ingot" },
        "X": { "item": "ra:raw_radium" },
        "x": { "item": "minecraft:netherite_scrap" }
      },
      "result": {
        "item": "ra:mx115_clip_netherite", "count": 4
      }
    }
  }
  