{
	"format_version": "1.8.0",
	"animations": {
		"animation.prop.align": {
			"loop": true,
			"bones": {
				"root": {
					"rotation": [0, "-q.body_y_rotation + (Math.round(q.body_y_rotation / 90) * 90)", 0]
				}
			}
		},
		"animation.limb_jar.hold.tp": {
			"loop": true,
			"bones": {
				"jar": {
					"rotation": [-210.04973, 37.61702, -196.6824],
					"position": [0.19101, -6.20148, -5.46715],
					"scale": 0.4
				},
				"light": {
					"position": [0, 0.1, 0]
				},
				"z_head": {
					"rotation": ["math.sin(q.anim_time*120)*3", 90, "math.sin(q.anim_time*70)*2.25"],
					"position": [2, "-1+math.sin(q.anim_time*100)*0.8", 3.5]
				},
				"right_jaw": {
					"rotation": ["5+math.sin(q.anim_time*80)*3", 0, 0]
				},
				"left_jaw": {
					"rotation": ["5+math.sin(q.anim_time*80)*3", 0, 0]
				},
				"zombie_limb": {
					"rotation": ["-35+math.sin(q.anim_time*40)*15", "math.sin(q.anim_time*20)*15", "math.sin(q.anim_time*30)*8"],
					"position": [2, "1+math.sin(q.anim_time*90)*0.4", 3.5]
				}
			}
		},
		"animation.menu.bob": {
			"loop": true,
			"bones": {
				"rings": {
					"rotation": ["-math.sin(q.life_time * 50.0) * 3.0", "-math.sin(q.life_time * 50.0) * 3.0", 0]
				},
				"ring6": {
					"rotation": ["-math.sin(q.life_time * 50.0) * 3.0", "-math.sin(q.life_time * 50.0) * 3.0", 0]
				},
				"ring5": {
					"rotation": ["-math.sin(q.life_time * 50.0) * 3.0", "-math.sin(q.life_time * 50.0) * 3.0", 0]
				},
				"ring4": {
					"rotation": ["-math.sin(q.life_time * 50.0) * 3.0", "-math.sin(q.life_time * 50.0) * 3.0", 0]
				},
				"ring3": {
					"rotation": ["-math.sin(q.life_time * 50.0) * 3.0", "-math.sin(q.life_time * 50.0) * 3.0", 0]
				},
				"ring2": {
					"rotation": ["-math.sin(q.life_time * 50.0) * 3.0", "-math.sin(q.life_time * 50.0) * 3.0", 0]
				},
				"ring": {
					"rotation": ["-math.sin(q.life_time * 50.0) * 3.0", "-math.sin(q.life_time * 50.0) * 3.0", 0]
				},
				"board": {
					"rotation": ["math.sin(q.life_time * 50.0) * 2", 0, "-math.sin(q.life_time * 50.0) * 0.2"],
					"position": [0, 0, "-math.sin(q.life_time * 50.0) * 0.15"]
				},
				"rings2": {
					"rotation": ["-math.sin(q.life_time * 50.0) * 3.0", "-math.sin(q.life_time * 50.0) * 3.0", 0]
				},
				"ring7": {
					"rotation": ["-math.sin(q.life_time * 50.0) * 3.0", "-math.sin(q.life_time * 50.0) * 3.0", 0]
				},
				"ring8": {
					"rotation": ["-math.sin(q.life_time * 50.0) * 3.0", "-math.sin(q.life_time * 50.0) * 3.0", 0]
				},
				"ring9": {
					"rotation": ["-math.sin(q.life_time * 50.0) * 3.0", "-math.sin(q.life_time * 50.0) * 3.0", 0]
				},
				"ring10": {
					"rotation": ["-math.sin(q.life_time * 50.0) * 3.0", "-math.sin(q.life_time * 50.0) * 3.0", 0]
				},
				"ring11": {
					"rotation": ["-math.sin(q.life_time * 50.0) * 3.0", "-math.sin(q.life_time * 50.0) * 3.0", 0]
				},
				"ring12": {
					"rotation": ["-math.sin(q.life_time * 50.0) * 3.0", "-math.sin(q.life_time * 50.0) * 3.0", 0]
				}
			}
		},
		"animation.text_look": {
			"loop": true,
			"bones": {
				"text": {
					"rotation": ["query.camera_rotation(0)", "query.camera_rotation(1)", 0]
				}
			}
		},
		"animation.text_look2": {
			"loop": true,
			"bones": {
				"text": {
					"rotation": ["query.camera_rotation(0)", "90+query.camera_rotation(1)", 0]
				}
			}
		},
		"animation.text_look3": {
			"loop": true,
			"bones": {
				"text": {
					"rotation": ["-query.camera_rotation(0)", "query.camera_rotation(1)", 0]
				}
			}
		},
		"animation.menu.pressed": {
			"animation_length": 5.20833,
			"bones": {
				"board": {
					"rotation": {
						"0.0": [0, 0, 0],
						"0.0417": [-1.53, 0.34, -0.1],
						"0.0833": [-3.76, 0.84, -0.24],
						"0.125": [-6, 1.33, -0.38],
						"0.1667": [-7.53, 1.67, -0.48],
						"0.2083": [-8.78, 1.88, -0.54],
						"0.25": [-7.53, 1.67, -0.48],
						"0.2917": [-6.62, 1.55, -0.44],
						"0.3333": [-5.35, 1.38, -0.4],
						"0.375": [-3.82, 1.18, -0.34],
						"0.4167": [-2.14, 0.95, -0.27],
						"0.4583": [-0.41, 0.72, -0.21],
						"0.5": [1.27, 0.5, -0.14],
						"0.5417": [2.8, 0.29, -0.08],
						"0.5833": [4.07, 0.12, -0.03],
						"0.625": [4.97, 0, 0],
						"0.6667": [6.29, -0.12, 0.04],
						"0.7083": [6.22, -0.06, 0.02],
						"0.75": [4.97, 0, 0],
						"0.7917": [4.45, 0, 0],
						"0.8333": [3.73, 0, 0],
						"0.875": [2.85, 0, 0],
						"0.9167": [1.85, 0, 0],
						"0.9583": [0.77, 0, 0],
						"1.0": [-0.35, 0, 0],
						"1.0417": [-1.45, 0, 0],
						"1.0833": [-2.5, 0, 0],
						"1.125": [-3.46, 0, 0],
						"1.1667": [-4.29, 0, 0],
						"1.2083": [-4.93, 0, 0],
						"1.25": [-5.36, 0, 0],
						"1.2917": [-5.53, 0, 0],
						"1.3333": [-5.45, 0, 0],
						"1.375": [-5.19, 0, 0],
						"1.4167": [-4.78, 0, 0],
						"1.4583": [-4.24, 0, 0],
						"1.5": [-3.59, 0, 0],
						"1.5417": [-2.86, 0, 0],
						"1.5833": [-2.06, 0, 0],
						"1.625": [-1.22, 0, 0],
						"1.6667": [-0.36, 0, 0],
						"1.7083": [0.49, 0, 0],
						"1.75": [1.32, 0, 0],
						"1.7917": [2.1, 0, 0],
						"1.8333": [2.81, 0, 0],
						"1.875": [3.42, 0, 0],
						"1.9167": [3.92, 0, 0],
						"1.9583": [4.28, 0, 0],
						"2.0": [4.47, 0, 0],
						"2.0417": [4.52, 0, 0],
						"2.0833": [4.49, 0, 0],
						"2.125": [4.38, 0, 0],
						"2.1667": [4.21, 0, 0],
						"2.2083": [3.97, 0, 0],
						"2.25": [3.69, 0, 0],
						"2.2917": [3.36, 0, 0],
						"2.3333": [3, 0, 0],
						"2.375": [2.6, 0, 0],
						"2.4167": [2.19, 0, 0],
						"2.4583": [1.76, 0, 0],
						"2.5": [1.32, 0, 0],
						"2.5417": [0.88, 0, 0],
						"2.5833": [0.45, 0, 0],
						"2.625": [0.03, 0, 0],
						"2.6667": [-0.37, 0, 0],
						"2.7083": [-0.74, 0, 0],
						"2.75": [-1.07, 0, 0],
						"2.7917": [-1.36, 0, 0],
						"2.8333": [-1.6, 0, 0],
						"2.875": [-1.78, 0, 0],
						"2.9167": [-1.94, 0, 0],
						"2.9583": [-2.07, 0, 0],
						"3.0": [-2.18, 0, 0],
						"3.0417": [-2.27, 0, 0],
						"3.0833": [-2.33, 0, 0],
						"3.125": [-2.38, 0, 0],
						"3.1667": [-2.4, 0, 0],
						"3.2083": [-2.41, 0, 0],
						"3.25": [-2.4, 0, 0],
						"3.2917": [-2.38, 0, 0],
						"3.3333": [-2.34, 0, 0],
						"3.375": [-2.29, 0, 0],
						"3.4167": [-2.22, 0, 0],
						"3.4583": [-2.15, 0, 0],
						"3.5": [-2.07, 0, 0],
						"3.5417": [-1.98, 0, 0],
						"3.5833": [-1.88, 0, 0],
						"3.625": [-1.78, 0, 0],
						"3.6667": [-1.64, 0, 0],
						"3.7083": [-1.47, 0, 0],
						"3.75": [-1.26, 0, 0],
						"3.7917": [-1.02, 0, 0],
						"3.8333": [-0.77, 0, 0],
						"3.875": [-0.49, 0, 0],
						"3.9167": [-0.2, 0, 0],
						"3.9583": [0.09, 0, 0],
						"4.0": [0.38, 0, 0],
						"4.0417": [0.67, 0, 0],
						"4.0833": [0.94, 0, 0],
						"4.125": [1.2, 0, 0],
						"4.1667": [1.43, 0, 0],
						"4.2083": [1.63, 0, 0],
						"4.25": [1.8, 0, 0],
						"4.2917": [1.92, 0, 0],
						"4.3333": [2, 0, 0],
						"4.375": [2.03, 0, 0],
						"4.4167": [2.03, 0, 0],
						"4.4583": [2, 0, 0],
						"4.5": [1.95, 0, 0],
						"4.5417": [1.88, 0, 0],
						"4.5833": [1.79, 0, 0],
						"4.625": [1.69, 0, 0],
						"4.6667": [1.57, 0, 0],
						"4.7083": [1.44, 0, 0],
						"4.75": [1.31, 0, 0],
						"4.7917": [1.16, 0, 0],
						"4.8333": [1.02, 0, 0],
						"4.875": [0.88, 0, 0],
						"4.9167": [0.73, 0, 0],
						"4.9583": [0.59, 0, 0],
						"5.0": [0.46, 0, 0],
						"5.0417": [0.34, 0, 0],
						"5.0833": [0.23, 0, 0],
						"5.125": [0.14, 0, 0],
						"5.1667": [0.06, 0, 0],
						"5.2083": [0, 0, 0]
					},
					"position": {
						"0.0": [0, 0, 0],
						"0.0417": [0, 0.09, -0.47],
						"0.0833": [0, 0.21, -1.15],
						"0.125": [0, 0.34, -1.83],
						"0.1667": [0, 0.43, -2.3],
						"0.2083": [0, 0.47, -2.54],
						"0.25": [0, 0.43, -2.3],
						"0.2917": [0, 0.35, -2.04],
						"0.3333": [0, 0.24, -1.68],
						"0.375": [0, 0.13, -1.24],
						"0.4167": [0, 0.06, -0.79],
						"0.4583": [0, 0.05, -0.38],
						"0.5": [0, 0.07, 0.1],
						"0.5417": [0, 0.1, 0.59],
						"0.5833": [0, 0.13, 1.01],
						"0.625": [0, 0.15, 1.3],
						"0.6667": [0, 0.17, 1.51],
						"0.7083": [0, 0.17, 1.48],
						"0.75": [0, 0.15, 1.3],
						"0.7917": [0, 0.14, 1.15],
						"0.8333": [0, 0.12, 0.94],
						"0.875": [0, 0.09, 0.7],
						"0.9167": [0, 0.07, 0.44],
						"0.9583": [0, 0.05, 0.18],
						"1.0": [0, 0.04, -0.06],
						"1.0417": [0, 0.04, -0.26],
						"1.0833": [0, 0.06, -0.5],
						"1.125": [0, 0.08, -0.74],
						"1.1667": [0, 0.1, -0.96],
						"1.2083": [0, 0.11, -1.15],
						"1.25": [0, 0.12, -1.27],
						"1.2917": [0, 0.13, -1.3],
						"1.3333": [0, 0.12, -1.25],
						"1.375": [0, 0.1, -1.15],
						"1.4167": [0, 0.08, -1],
						"1.4583": [0, 0.05, -0.81],
						"1.5": [0, 0.02, -0.6],
						"1.5417": [0, 0, -0.39],
						"1.5833": [0, -0.02, -0.17],
						"1.625": [0, -0.04, 0.02],
						"1.6667": [0, -0.04, 0.19],
						"1.7083": [0, -0.03, 0.37],
						"1.75": [0, -0.01, 0.56],
						"1.7917": [0, 0.02, 0.76],
						"1.8333": [0, 0.06, 0.94],
						"1.875": [0, 0.09, 1.11],
						"1.9167": [0, 0.12, 1.25],
						"1.9583": [0, 0.14, 1.35],
						"2.0": [0, 0.16, 1.4],
						"2.0417": [0, 0.15, 1.4],
						"2.0833": [0, 0.15, 1.37],
						"2.125": [0, 0.14, 1.32],
						"2.1667": [0, 0.12, 1.24],
						"2.2083": [0, 0.1, 1.15],
						"2.25": [0, 0.08, 1.05],
						"2.2917": [0, 0.06, 0.94],
						"2.3333": [0, 0.05, 0.83],
						"2.375": [0, 0.03, 0.73],
						"2.4167": [0, 0.02, 0.63],
						"2.4583": [0, 0, 0.54],
						"2.5": [0, 0, 0.45],
						"2.5417": [0, -0.01, 0.34],
						"2.5833": [0, -0.01, 0.23],
						"2.625": [0, -0.01, 0.12],
						"2.6667": [0, -0.01, 0.01],
						"2.7083": [0, -0.02, -0.09],
						"2.75": [0, -0.01, -0.19],
						"2.7917": [0, -0.01, -0.26],
						"2.8333": [0, -0.01, -0.32],
						"2.875": [0, -0.01, -0.35],
						"2.9167": [0, -0.02, -0.35],
						"2.9583": [0, -0.02, -0.35],
						"3.0": [0, -0.02, -0.34],
						"3.0417": [0, -0.02, -0.31],
						"3.0833": [0, -0.02, -0.29],
						"3.125": [0, -0.02, -0.25],
						"3.1667": [0, -0.02, -0.21],
						"3.2083": [0, -0.01, -0.17],
						"3.25": [0, -0.01, -0.13],
						"3.2917": [0, -0.01, -0.08],
						"3.3333": [0, -0.01, -0.04],
						"3.375": [0, -0.01, 0],
						"3.4167": [0, -0.01, 0.04],
						"3.4583": [0, -0.01, 0.08],
						"3.5": [0, -0.01, 0.11],
						"3.5417": [0, -0.01, 0.14],
						"3.5833": [0, -0.01, 0.16],
						"3.625": [0, -0.01, 0.18],
						"3.6667": [0, -0.01, 0.18],
						"3.7083": [0, -0.01, 0.18],
						"3.75": [0, -0.01, 0.18],
						"3.7917": [0, -0.01, 0.17],
						"3.8333": [0, -0.01, 0.16],
						"3.875": [0, -0.01, 0.14],
						"3.9167": [0, -0.01, 0.12],
						"3.9583": [0, -0.01, 0.1],
						"4.0": [0, 0, 0.08],
						"4.0417": [0, 0, 0.06],
						"4.0833": [0, 0, 0.04],
						"4.125": [0, 0, 0.02],
						"4.1667": [0, 0, 0],
						"4.2083": [0, 0, -0.02],
						"4.25": [0, 0, -0.03],
						"4.2917": [0, 0, -0.04],
						"4.3333": [0, 0, -0.05],
						"4.375": [0, 0, -0.05],
						"4.4167": [0, 0, -0.06],
						"4.4583": [0, 0, -0.06],
						"4.5": [0, 0, -0.06],
						"4.5417": [0, 0, -0.06],
						"4.5833": [0, 0, -0.05],
						"4.625": [0, 0, -0.05],
						"4.6667": [0, 0, -0.05],
						"4.7083": [0, 0, -0.05],
						"4.75": [0, 0, -0.04],
						"4.7917": [0, 0, -0.04],
						"4.8333": [0, 0, -0.03],
						"4.875": [0, 0, -0.03],
						"4.9167": [0, 0, -0.02],
						"4.9583": [0, 0, -0.02],
						"5.0": [0, 0, -0.01],
						"5.0417": [0, 0, -0.01],
						"5.0833": [0, 0, -0.01],
						"5.125": [0, 0, 0],
						"5.1667": [0, 0, 0],
						"5.2083": [0, 0, 0]
					}
				},
				"rings": {
					"rotation": {
						"0.0": [0, 0, 0],
						"0.0417": [-2.54, 0, 0],
						"0.0833": [-6.25, 0, 0],
						"0.125": [-9.96, 0, 0],
						"0.1667": [-12.5, 0, 0],
						"0.2083": [-14.37, 0, 0],
						"0.25": [-12.5, 0, 0],
						"0.2917": [-11.23, 0, 0],
						"0.3333": [-9.45, 0, 0],
						"0.375": [-7.31, 0, 0],
						"0.4167": [-4.96, 0, 0],
						"0.4583": [-2.54, 0, 0],
						"0.5": [-0.19, 0, 0],
						"0.5417": [1.95, 0, 0],
						"0.5833": [3.73, 0, 0],
						"0.625": [5, 0, 0],
						"0.6667": [6.85, 0, 0],
						"0.7083": [6.76, 0, 0],
						"0.75": [5, 0, 0],
						"0.7917": [4.25, 0, 0],
						"0.8333": [3.19, 0, 0],
						"0.875": [1.9, 0, 0],
						"0.9167": [0.43, 0, 0],
						"0.9583": [-1.16, 0, 0],
						"1.0": [-2.78, 0, 0],
						"1.0417": [-4.39, 0, 0],
						"1.0833": [-5.91, 0, 0],
						"1.125": [-7.29, 0, 0],
						"1.1667": [-8.45, 0, 0],
						"1.2083": [-9.33, 0, 0],
						"1.25": [-9.87, 0, 0],
						"1.2917": [-10, 0, 0],
						"1.3333": [-9.77, 0, 0],
						"1.375": [-9.26, 0, 0],
						"1.4167": [-8.5, 0, 0],
						"1.4583": [-7.54, 0, 0],
						"1.5": [-6.39, 0, 0],
						"1.5417": [-5.12, 0, 0],
						"1.5833": [-3.74, 0, 0],
						"1.625": [-2.3, 0, 0],
						"1.6667": [-0.83, 0, 0],
						"1.7083": [0.63, 0, 0],
						"1.75": [2.05, 0, 0],
						"1.7917": [3.38, 0, 0],
						"1.8333": [4.59, 0, 0],
						"1.875": [5.64, 0, 0],
						"1.9167": [6.5, 0, 0],
						"1.9583": [7.13, 0, 0],
						"2.0": [7.5, 0, 0],
						"2.0417": [7.6, 0, 0],
						"2.0833": [7.57, 0, 0],
						"2.125": [7.41, 0, 0],
						"2.1667": [7.13, 0, 0],
						"2.2083": [6.75, 0, 0],
						"2.25": [6.28, 0, 0],
						"2.2917": [5.74, 0, 0],
						"2.3333": [5.14, 0, 0],
						"2.375": [4.48, 0, 0],
						"2.4167": [3.79, 0, 0],
						"2.4583": [3.08, 0, 0],
						"2.5": [2.35, 0, 0],
						"2.5417": [1.63, 0, 0],
						"2.5833": [0.93, 0, 0],
						"2.625": [0.25, 0, 0],
						"2.6667": [-0.39, 0, 0],
						"2.7083": [-0.97, 0, 0],
						"2.75": [-1.49, 0, 0],
						"2.7917": [-1.92, 0, 0],
						"2.8333": [-2.26, 0, 0],
						"2.875": [-2.5, 0, 0],
						"2.9167": [-2.67, 0, 0],
						"2.9583": [-2.75, 0, 0],
						"3.0": [-2.77, 0, 0],
						"3.0417": [-2.72, 0, 0],
						"3.0833": [-2.61, 0, 0],
						"3.125": [-2.46, 0, 0],
						"3.1667": [-2.27, 0, 0],
						"3.2083": [-2.05, 0, 0],
						"3.25": [-1.81, 0, 0],
						"3.2917": [-1.56, 0, 0],
						"3.3333": [-1.3, 0, 0],
						"3.375": [-1.04, 0, 0],
						"3.4167": [-0.79, 0, 0],
						"3.4583": [-0.56, 0, 0],
						"3.5": [-0.36, 0, 0],
						"3.5417": [-0.19, 0, 0],
						"3.5833": [-0.07, 0, 0],
						"3.625": [0, 0, 0],
						"3.6667": [0.03, 0, 0],
						"3.7083": [0.03, 0, 0],
						"3.75": [0.01, 0, 0],
						"3.7917": [-0.04, 0, 0],
						"3.8333": [-0.1, 0, 0],
						"3.875": [-0.17, 0, 0],
						"3.9167": [-0.26, 0, 0],
						"3.9583": [-0.36, 0, 0],
						"4.0": [-0.46, 0, 0],
						"4.0417": [-0.56, 0, 0],
						"4.0833": [-0.65, 0, 0],
						"4.125": [-0.75, 0, 0],
						"4.1667": [-0.83, 0, 0],
						"4.2083": [-0.9, 0, 0],
						"4.25": [-0.95, 0, 0],
						"4.2917": [-0.99, 0, 0],
						"4.3333": [-1, 0, 0],
						"4.375": [-0.99, 0, 0],
						"4.4167": [-0.98, 0, 0],
						"4.4583": [-0.95, 0, 0],
						"4.5": [-0.92, 0, 0],
						"4.5417": [-0.88, 0, 0],
						"4.5833": [-0.83, 0, 0],
						"4.625": [-0.78, 0, 0],
						"4.6667": [-0.72, 0, 0],
						"4.7083": [-0.66, 0, 0],
						"4.75": [-0.6, 0, 0],
						"4.7917": [-0.53, 0, 0],
						"4.8333": [-0.46, 0, 0],
						"4.875": [-0.4, 0, 0],
						"4.9167": [-0.33, 0, 0],
						"4.9583": [-0.27, 0, 0],
						"5.0": [-0.21, 0, 0],
						"5.0417": [-0.16, 0, 0],
						"5.0833": [-0.11, 0, 0],
						"5.125": [-0.06, 0, 0],
						"5.1667": [-0.03, 0, 0],
						"5.2083": [0, 0, 0]
					}
				},
				"ring6": {
					"rotation": {
						"0.0": [0, 0, 0],
						"0.0417": [-18.28, 1.02, 18.28],
						"0.0833": [-45, 2.5, 45],
						"0.125": [-71.72, 3.98, 71.72],
						"0.1667": [-90, 5, 90],
						"0.2083": [-106.88, 5.31, 106.88],
						"0.25": [-90, 5, 90],
						"0.2917": [-76.91, 5, 76.91],
						"0.3333": [-58.64, 5, 58.64],
						"0.375": [-36.67, 5, 36.67],
						"0.4167": [-12.47, 5, 12.47],
						"0.4583": [12.47, 5, -12.47],
						"0.5": [36.67, 5, -36.67],
						"0.5417": [58.64, 5, -58.64],
						"0.5833": [76.91, 5, -76.91],
						"0.625": [90, 5, -90],
						"0.6667": [106.67, 5.19, -106.67],
						"0.7083": [103.33, 5.37, -103.33],
						"0.75": [90, 5, -90],
						"0.7917": [85.53, 4.76, -85.53],
						"0.8333": [79.31, 4.43, -79.31],
						"0.875": [71.69, 4.03, -71.69],
						"0.9167": [63.05, 3.58, -63.05],
						"0.9583": [53.75, 3.1, -53.75],
						"1.0": [44.16, 2.6, -44.16],
						"1.0417": [34.66, 2.09, -34.66],
						"1.0833": [25.6, 1.6, -25.6],
						"1.125": [17.37, 1.15, -17.37],
						"1.1667": [10.32, 0.74, -10.32],
						"1.2083": [4.83, 0.41, -4.83],
						"1.25": [1.27, 0.15, -1.27],
						"1.2917": [0, 0, 0],
						"1.3333": [0.9, -0.04, -0.9],
						"1.375": [3.44, -0.02, -3.44],
						"1.4167": [7.42, 0.06, -7.42],
						"1.4583": [12.6, 0.18, -12.6],
						"1.5": [18.78, 0.34, -18.78],
						"1.5417": [25.72, 0.53, -25.72],
						"1.5833": [33.21, 0.74, -33.21],
						"1.625": [41.03, 0.97, -41.03],
						"1.6667": [48.97, 1.21, -48.97],
						"1.7083": [56.79, 1.45, -56.79],
						"1.75": [64.28, 1.68, -64.28],
						"1.7917": [71.22, 1.9, -71.22],
						"1.8333": [77.4, 2.1, -77.4],
						"1.875": [82.58, 2.26, -82.58],
						"1.9167": [86.56, 2.39, -86.56],
						"1.9583": [89.1, 2.47, -89.1],
						"2.0": [90, 2.5, -90],
						"2.0417": [89.41, 2.48, -89.41],
						"2.0833": [87.71, 2.44, -87.71],
						"2.125": [85.01, 2.36, -85.01],
						"2.1667": [81.45, 2.26, -81.45],
						"2.2083": [77.12, 2.14, -77.12],
						"2.25": [72.16, 2, -72.16],
						"2.2917": [66.67, 1.85, -66.67],
						"2.3333": [60.77, 1.69, -60.77],
						"2.375": [54.58, 1.52, -54.58],
						"2.4167": [48.21, 1.34, -48.21],
						"2.4583": [41.79, 1.16, -41.79],
						"2.5": [35.42, 0.98, -35.42],
						"2.5417": [29.23, 0.81, -29.23],
						"2.5833": [23.33, 0.65, -23.33],
						"2.625": [17.84, 0.5, -17.84],
						"2.6667": [12.88, 0.36, -12.88],
						"2.7083": [8.55, 0.24, -8.55],
						"2.75": [4.99, 0.14, -4.99],
						"2.7917": [2.29, 0.06, -2.29],
						"2.8333": [0.59, 0.02, -0.59],
						"2.875": [0, 0, 0],
						"2.9167": [0.8, 0.02, -0.8],
						"2.9583": [3.09, 0.09, -3.09],
						"3.0": [6.67, 0.19, -6.67],
						"3.0417": [11.36, 0.32, -11.36],
						"3.0833": [16.98, 0.47, -16.98],
						"3.125": [23.33, 0.65, -23.33],
						"3.1667": [30.25, 0.84, -30.25],
						"3.2083": [37.53, 1.04, -37.53],
						"3.25": [45, 1.25, -45],
						"3.2917": [52.47, 1.46, -52.47],
						"3.3333": [59.75, 1.66, -59.75],
						"3.375": [66.67, 1.85, -66.67],
						"3.4167": [73.02, 2.03, -73.02],
						"3.4583": [78.64, 2.18, -78.64],
						"3.5": [83.33, 2.31, -83.33],
						"3.5417": [86.91, 2.41, -86.91],
						"3.5833": [89.2, 2.48, -89.2],
						"3.625": [90, 2.5, -90],
						"3.6667": [89.25, 2.48, -89.25],
						"3.7083": [87.11, 2.42, -87.11],
						"3.75": [83.73, 2.33, -83.73],
						"3.7917": [79.3, 2.2, -79.3],
						"3.8333": [73.97, 2.05, -73.97],
						"3.875": [67.91, 1.89, -67.91],
						"3.9167": [61.28, 1.7, -61.28],
						"3.9583": [54.24, 1.51, -54.24],
						"4.0": [46.97, 1.3, -46.97],
						"4.0417": [39.62, 1.1, -39.62],
						"4.0833": [32.37, 0.9, -32.37],
						"4.125": [25.37, 0.7, -25.37],
						"4.1667": [18.8, 0.52, -18.8],
						"4.2083": [12.8, 0.36, -12.8],
						"4.25": [7.57, 0.21, -7.57],
						"4.2917": [3.24, 0.09, -3.24],
						"4.3333": [0, 0, 0],
						"4.375": [-1.94, -0.05, 1.94],
						"4.4167": [-3.51, -0.1, 3.51],
						"4.4583": [-4.72, -0.13, 4.72],
						"4.5": [-5.62, -0.16, 5.62],
						"4.5417": [-6.22, -0.17, 6.22],
						"4.5833": [-6.56, -0.18, 6.56],
						"4.625": [-6.67, -0.19, 6.67],
						"4.6667": [-6.57, -0.18, 6.57],
						"4.7083": [-6.3, -0.17, 6.3],
						"4.75": [-5.88, -0.16, 5.88],
						"4.7917": [-5.34, -0.15, 5.34],
						"4.8333": [-4.72, -0.13, 4.72],
						"4.875": [-4.04, -0.11, 4.04],
						"4.9167": [-3.33, -0.09, 3.33],
						"4.9583": [-2.62, -0.07, 2.62],
						"5.0": [-1.94, -0.05, 1.94],
						"5.0417": [-1.32, -0.04, 1.32],
						"5.0833": [-0.79, -0.02, 0.79],
						"5.125": [-0.37, -0.01, 0.37],
						"5.1667": [-0.1, 0, 0.1],
						"5.2083": [0, 0, 0]
					}
				},
				"ring5": {
					"rotation": {
						"0.0": [0, 0, 0],
						"0.0417": [0, 0, 1.02],
						"0.0833": [0, 0, 2.5],
						"0.125": [0, 0, 3.98],
						"0.1667": [0, 0, 5],
						"0.2083": [0, 0, 5.78],
						"0.25": [0, 0, 5],
						"0.2917": [0, 0, 4.45],
						"0.3333": [0, 0, 3.69],
						"0.375": [0, 0, 2.78],
						"0.4167": [0, 0, 1.77],
						"0.4583": [0, 0, 0.73],
						"0.5": [0, 0, -0.28],
						"0.5417": [0, 0, -1.19],
						"0.5833": [0, 0, -1.95],
						"0.625": [0, 0, -2.5],
						"0.6667": [0, 0, -3.24],
						"0.7083": [0, 0, -3.15],
						"0.75": [0, 0, -2.5],
						"0.7917": [0, 0, -2.25],
						"0.8333": [0, 0, -1.91],
						"0.875": [0, 0, -1.48],
						"0.9167": [0, 0, -1],
						"0.9583": [0, 0, -0.49],
						"1.0": [0, 0, 0.05],
						"1.0417": [0, 0, 0.57],
						"1.0833": [0, 0, 1.08],
						"1.125": [0, 0, 1.54],
						"1.1667": [0, 0, 1.93],
						"1.2083": [0, 0, 2.23],
						"1.25": [0, 0, 2.43],
						"1.2917": [0, 0, 2.5],
						"1.3333": [0, 0, 2.45],
						"1.375": [0, 0, 2.32],
						"1.4167": [0, 0, 2.12],
						"1.4583": [0, 0, 1.85],
						"1.5": [0, 0, 1.53],
						"1.5417": [0, 0, 1.17],
						"1.5833": [0, 0, 0.78],
						"1.625": [0, 0, 0.37],
						"1.6667": [0, 0, -0.06],
						"1.7083": [0, 0, -0.48],
						"1.75": [0, 0, -0.89],
						"1.7917": [0, 0, -1.27],
						"1.8333": [0, 0, -1.63],
						"1.875": [0, 0, -1.94],
						"1.9167": [0, 0, -2.19],
						"1.9583": [0, 0, -2.38],
						"2.0": [0, 0, -2.5],
						"2.0417": [0, 0, -2.54],
						"2.0833": [0, 0, -2.55],
						"2.125": [0, 0, -2.52],
						"2.1667": [0, 0, -2.47],
						"2.2083": [0, 0, -2.39],
						"2.25": [0, 0, -2.29],
						"2.2917": [0, 0, -2.17],
						"2.3333": [0, 0, -2.03],
						"2.375": [0, 0, -1.87],
						"2.4167": [0, 0, -1.71],
						"2.4583": [0, 0, -1.54],
						"2.5": [0, 0, -1.36],
						"2.5417": [0, 0, -1.18],
						"2.5833": [0, 0, -1],
						"2.625": [0, 0, -0.82],
						"2.6667": [0, 0, -0.65],
						"2.7083": [0, 0, -0.49],
						"2.75": [0, 0, -0.34],
						"2.7917": [0, 0, -0.21],
						"2.8333": [0, 0, -0.09],
						"2.875": [0, 0, 0],
						"2.9167": [0, 0, 0.09],
						"2.9583": [0, 0, 0.18],
						"3.0": [0, 0, 0.27],
						"3.0417": [0, 0, 0.34],
						"3.0833": [0, 0, 0.41],
						"3.125": [0, 0, 0.48],
						"3.1667": [0, 0, 0.54],
						"3.2083": [0, 0, 0.6],
						"3.25": [0, 0, 0.66],
						"3.2917": [0, 0, 0.71],
						"3.3333": [0, 0, 0.75],
						"3.375": [0, 0, 0.8],
						"3.4167": [0, 0, 0.84],
						"3.4583": [0, 0, 0.87],
						"3.5": [0, 0, 0.91],
						"3.5417": [0, 0, 0.94],
						"3.5833": [0, 0, 0.97],
						"3.625": [0, 0, 1],
						"3.6667": [0, 0, 1.03],
						"3.7083": [0, 0, 1.05],
						"3.75": [0, 0, 1.07],
						"3.7917": [0, 0, 1.09],
						"3.8333": [0, 0, 1.1],
						"3.875": [0, 0, 1.11],
						"3.9167": [0, 0, 1.12],
						"3.9583": [0, 0, 1.12],
						"4.0": [0, 0, 1.12],
						"4.0417": [0, 0, 1.12],
						"4.0833": [0, 0, 1.11],
						"4.125": [0, 0, 1.1],
						"4.1667": [0, 0, 1.09],
						"4.2083": [0, 0, 1.07],
						"4.25": [0, 0, 1.05],
						"4.2917": [0, 0, 1.03],
						"4.3333": [0, 0, 1],
						"4.375": [0, 0, 0.97],
						"4.4167": [0, 0, 0.94],
						"4.4583": [0, 0, 0.9],
						"4.5": [0, 0, 0.86],
						"4.5417": [0, 0, 0.81],
						"4.5833": [0, 0, 0.76],
						"4.625": [0, 0, 0.7],
						"4.6667": [0, 0, 0.65],
						"4.7083": [0, 0, 0.59],
						"4.75": [0, 0, 0.53],
						"4.7917": [0, 0, 0.47],
						"4.8333": [0, 0, 0.41],
						"4.875": [0, 0, 0.35],
						"4.9167": [0, 0, 0.3],
						"4.9583": [0, 0, 0.24],
						"5.0": [0, 0, 0.19],
						"5.0417": [0, 0, 0.14],
						"5.0833": [0, 0, 0.1],
						"5.125": [0, 0, 0.06],
						"5.1667": [0, 0, 0.03],
						"5.2083": [0, 0, 0]
					}
				},
				"ring4": {
					"rotation": {
						"0.0": [0, 0, 0],
						"0.0417": [18.28, 1.02, -18.28],
						"0.0833": [45, 2.5, -45],
						"0.125": [71.72, 3.98, -71.72],
						"0.1667": [90, 5, -90],
						"0.2083": [106.88, 5.16, -106.87],
						"0.25": [90, 5, -90],
						"0.2917": [76.91, 5.18, -76.91],
						"0.3333": [58.64, 5.44, -58.64],
						"0.375": [36.67, 5.74, -36.67],
						"0.4167": [12.47, 6.08, -12.47],
						"0.4583": [-12.47, 6.42, 12.47],
						"0.5": [-36.67, 6.76, 36.67],
						"0.5417": [-58.64, 7.06, 58.64],
						"0.5833": [-76.91, 7.32, 76.91],
						"0.625": [-90, 7.5, 90],
						"0.6667": [-103.33, 7.78, 103.33],
						"0.7083": [-96.67, 7.78, 96.67],
						"0.75": [-90, 7.5, 90],
						"0.7917": [-90, 7.38, 90],
						"0.8333": [-90, 7.2, 90],
						"0.875": [-90, 6.99, 90],
						"0.9167": [-90, 6.75, 90],
						"0.9583": [-90, 6.49, 90],
						"1.0": [-90, 6.23, 90],
						"1.0417": [-90, 5.96, 90],
						"1.0833": [-90, 5.71, 90],
						"1.125": [-90, 5.48, 90],
						"1.1667": [-90, 5.29, 90],
						"1.2083": [-90, 5.13, 90],
						"1.25": [-90, 5.04, 90],
						"1.2917": [-90, 5, 90],
						"1.3333": [-90, 5.02, 90],
						"1.375": [-90, 5.1, 90],
						"1.4167": [-90, 5.21, 90],
						"1.4583": [-90, 5.35, 90],
						"1.5": [-90, 5.52, 90],
						"1.5417": [-90, 5.71, 90],
						"1.5833": [-90, 5.92, 90],
						"1.625": [-90, 6.14, 90],
						"1.6667": [-90, 6.36, 90],
						"1.7083": [-90, 6.58, 90],
						"1.75": [-90, 6.79, 90],
						"1.7917": [-90, 6.98, 90],
						"1.8333": [-90, 7.15, 90],
						"1.875": [-90, 7.29, 90],
						"1.9167": [-90, 7.4, 90],
						"1.9583": [-90, 7.48, 90],
						"2.0": [-90, 7.5, 90],
						"2.0417": [-90, 7.49, 90],
						"2.0833": [-90, 7.44, 90],
						"2.125": [-90, 7.37, 90],
						"2.1667": [-90, 7.28, 90],
						"2.2083": [-90, 7.17, 90],
						"2.25": [-90, 7.05, 90],
						"2.2917": [-90, 6.91, 90],
						"2.3333": [-90, 6.76, 90],
						"2.375": [-90, 6.59, 90],
						"2.4167": [-90, 6.43, 90],
						"2.4583": [-90, 6.26, 90],
						"2.5": [-90, 6.09, 90],
						"2.5417": [-90, 5.92, 90],
						"2.5833": [-90, 5.76, 90],
						"2.625": [-90, 5.6, 90],
						"2.6667": [-90, 5.46, 90],
						"2.7083": [-90, 5.33, 90],
						"2.75": [-90, 5.22, 90],
						"2.7917": [-90, 5.12, 90],
						"2.8333": [-90, 5.05, 90],
						"2.875": [-90, 5, 90],
						"2.9167": [-90.26, 4.98, 90.26],
						"2.9583": [-90.99, 4.99, 90.99],
						"3.0": [-92.08, 5.03, 92.08],
						"3.0417": [-93.46, 5.1, 93.46],
						"3.0833": [-95.02, 5.19, 95.02],
						"3.125": [-96.67, 5.3, 96.67],
						"3.1667": [-98.32, 5.41, 98.32],
						"3.2083": [-99.88, 5.53, 99.88],
						"3.25": [-101.25, 5.66, 101.25],
						"3.2917": [-102.35, 5.78, 102.35],
						"3.3333": [-103.07, 5.89, 103.07],
						"3.375": [-103.33, 5.98, 103.33],
						"3.4167": [-103.04, 6.06, 103.04],
						"3.4583": [-102.1, 6.11, 102.1],
						"3.5": [-100.42, 6.14, 100.42],
						"3.5417": [-97.9, 6.13, 97.9],
						"3.5833": [-94.46, 6.09, 94.46],
						"3.625": [-90, 6, 90],
						"3.6667": [-83.66, 5.86, 83.66],
						"3.7083": [-75.42, 5.66, 75.42],
						"3.75": [-65.54, 5.43, 65.54],
						"3.7917": [-54.32, 5.15, 54.32],
						"3.8333": [-42, 4.85, 42],
						"3.875": [-28.89, 4.52, 28.89],
						"3.9167": [-15.24, 4.17, 15.24],
						"3.9583": [-1.34, 3.81, 1.34],
						"4.0": [12.55, 3.44, -12.55],
						"4.0417": [26.14, 3.07, -26.14],
						"4.0833": [39.17, 2.71, -39.17],
						"4.125": [51.35, 2.36, -51.35],
						"4.1667": [62.41, 2.03, -62.41],
						"4.2083": [72.08, 1.72, -72.08],
						"4.25": [80.09, 1.44, -80.09],
						"4.2917": [86.15, 1.2, -86.15],
						"4.3333": [90, 1, -90],
						"4.375": [91.45, 0.86, -91.45],
						"4.4167": [91.58, 0.74, -91.58],
						"4.4583": [90.52, 0.64, -90.52],
						"4.5": [88.39, 0.55, -88.39],
						"4.5417": [85.29, 0.46, -85.29],
						"4.5833": [81.34, 0.39, -81.34],
						"4.625": [76.67, 0.33, -76.67],
						"4.6667": [71.38, 0.28, -71.38],
						"4.7083": [65.6, 0.24, -65.6],
						"4.75": [59.44, 0.2, -59.44],
						"4.7917": [53.01, 0.17, -53.01],
						"4.8333": [46.44, 0.15, -46.44],
						"4.875": [39.84, 0.13, -39.84],
						"4.9167": [33.33, 0.11, -33.33],
						"4.9583": [27.03, 0.1, -27.03],
						"5.0": [21.04, 0.08, -21.04],
						"5.0417": [15.49, 0.07, -15.49],
						"5.0833": [10.5, 0.06, -10.5],
						"5.125": [6.17, 0.04, -6.17],
						"5.1667": [2.63, 0.02, -2.63],
						"5.2083": [0, 0, 0]
					}
				},
				"ring3": {
					"rotation": {
						"0.0": [0, 0, 0],
						"0.0417": [0, 0, -1.52],
						"0.0833": [0, 0, -3.75],
						"0.125": [0, 0, -5.98],
						"0.1667": [0, 0, -7.5],
						"0.2083": [0, 0, -8.28],
						"0.25": [0, 0, -7.5],
						"0.2917": [0, 0, -7.14],
						"0.3333": [0, 0, -6.63],
						"0.375": [0, 0, -6.02],
						"0.4167": [0, 0, -5.35],
						"0.4583": [0, 0, -4.65],
						"0.5": [0, 0, -3.98],
						"0.5417": [0, 0, -3.37],
						"0.5833": [0, 0, -2.86],
						"0.625": [0, 0, -2.5],
						"0.6667": [0, 0, -2.04],
						"0.7083": [0, 0, -2.13],
						"0.75": [0, 0, -2.5],
						"0.7917": [0, 0, -2.62],
						"0.8333": [0, 0, -2.8],
						"0.875": [0, 0, -3.01],
						"0.9167": [0, 0, -3.25],
						"0.9583": [0, 0, -3.51],
						"1.0": [0, 0, -3.77],
						"1.0417": [0, 0, -4.04],
						"1.0833": [0, 0, -4.29],
						"1.125": [0, 0, -4.52],
						"1.1667": [0, 0, -4.71],
						"1.2083": [0, 0, -4.87],
						"1.25": [0, 0, -4.96],
						"1.2917": [0, 0, -5],
						"1.3333": [0, 0, -4.98],
						"1.375": [0, 0, -4.9],
						"1.4167": [0, 0, -4.79],
						"1.4583": [0, 0, -4.65],
						"1.5": [0, 0, -4.48],
						"1.5417": [0, 0, -4.29],
						"1.5833": [0, 0, -4.08],
						"1.625": [0, 0, -3.86],
						"1.6667": [0, 0, -3.64],
						"1.7083": [0, 0, -3.42],
						"1.75": [0, 0, -3.21],
						"1.7917": [0, 0, -3.02],
						"1.8333": [0, 0, -2.85],
						"1.875": [0, 0, -2.71],
						"1.9167": [0, 0, -2.6],
						"1.9583": [0, 0, -2.52],
						"2.0": [0, 0, -2.5],
						"2.0417": [0, 0, -2.52],
						"2.0833": [0, 0, -2.56],
						"2.125": [0, 0, -2.63],
						"2.1667": [0, 0, -2.73],
						"2.2083": [0, 0, -2.85],
						"2.25": [0, 0, -2.98],
						"2.2917": [0, 0, -3.13],
						"2.3333": [0, 0, -3.29],
						"2.375": [0, 0, -3.46],
						"2.4167": [0, 0, -3.63],
						"2.4583": [0, 0, -3.81],
						"2.5": [0, 0, -3.98],
						"2.5417": [0, 0, -4.15],
						"2.5833": [0, 0, -4.31],
						"2.625": [0, 0, -4.47],
						"2.6667": [0, 0, -4.61],
						"2.7083": [0, 0, -4.73],
						"2.75": [0, 0, -4.84],
						"2.7917": [0, 0, -4.92],
						"2.8333": [0, 0, -4.97],
						"2.875": [0, 0, -5],
						"2.9167": [0, 0, -5],
						"2.9583": [0, 0, -4.98],
						"3.0": [0, 0, -4.94],
						"3.0417": [0, 0, -4.88],
						"3.0833": [0, 0, -4.8],
						"3.125": [0, 0, -4.7],
						"3.1667": [0, 0, -4.6],
						"3.2083": [0, 0, -4.47],
						"3.25": [0, 0, -4.34],
						"3.2917": [0, 0, -4.2],
						"3.3333": [0, 0, -4.06],
						"3.375": [0, 0, -3.91],
						"3.4167": [0, 0, -3.75],
						"3.4583": [0, 0, -3.6],
						"3.5": [0, 0, -3.44],
						"3.5417": [0, 0, -3.29],
						"3.5833": [0, 0, -3.14],
						"3.625": [0, 0, -3],
						"3.6667": [0, 0, -2.84],
						"3.7083": [0, 0, -2.67],
						"3.75": [0, 0, -2.49],
						"3.7917": [0, 0, -2.3],
						"3.8333": [0, 0, -2.1],
						"3.875": [0, 0, -1.89],
						"3.9167": [0, 0, -1.69],
						"3.9583": [0, 0, -1.48],
						"4.0": [0, 0, -1.27],
						"4.0417": [0, 0, -1.07],
						"4.0833": [0, 0, -0.88],
						"4.125": [0, 0, -0.69],
						"4.1667": [0, 0, -0.52],
						"4.2083": [0, 0, -0.36],
						"4.25": [0, 0, -0.22],
						"4.2917": [0, 0, -0.1],
						"4.3333": [0, 0, 0],
						"4.375": [0, 0, 0.06],
						"4.4167": [0, 0, 0.12],
						"4.4583": [0, 0, 0.16],
						"4.5": [0, 0, 0.19],
						"4.5417": [0, 0, 0.21],
						"4.5833": [0, 0, 0.22],
						"4.625": [0, 0, 0.22],
						"4.6667": [0, 0, 0.22],
						"4.7083": [0, 0, 0.21],
						"4.75": [0, 0, 0.2],
						"4.7917": [0, 0, 0.18],
						"4.8333": [0, 0, 0.16],
						"4.875": [0, 0, 0.13],
						"4.9167": [0, 0, 0.11],
						"4.9583": [0, 0, 0.09],
						"5.0": [0, 0, 0.06],
						"5.0417": [0, 0, 0.04],
						"5.0833": [0, 0, 0.03],
						"5.125": [0, 0, 0.01],
						"5.1667": [0, 0, 0],
						"5.2083": [0, 0, 0]
					}
				},
				"ring2": {
					"rotation": {
						"0.0": [0, 0, 0],
						"0.0417": [-18.28, 1.02, 18.28],
						"0.0833": [-45, 2.5, 45],
						"0.125": [-71.72, 3.98, 71.72],
						"0.1667": [-90, 5, 90],
						"0.2083": [-95.63, 5.31, 95.62],
						"0.25": [-90, 5, 90],
						"0.2917": [-90, 5, 90],
						"0.3333": [-90, 5, 90],
						"0.375": [-90, 5, 90],
						"0.4167": [-90, 5, 90],
						"0.4583": [-90, 5, 90],
						"0.5": [-90, 5, 90],
						"0.5417": [-90, 5, 90],
						"0.5833": [-90, 5, 90],
						"0.625": [-90, 5, 90],
						"0.6667": [-90, 5, 90],
						"0.7083": [-90, 5, 90],
						"0.75": [-90, 5, 90],
						"0.7917": [-90, 5.01, 90],
						"0.8333": [-90, 5.03, 90],
						"0.875": [-90, 5.05, 90],
						"0.9167": [-90, 5.08, 90],
						"0.9583": [-90, 5.11, 90],
						"1.0": [-90, 5.14, 90],
						"1.0417": [-90, 5.17, 90],
						"1.0833": [-90, 5.18, 90],
						"1.125": [-90, 5.18, 90],
						"1.1667": [-90, 5.17, 90],
						"1.2083": [-90, 5.14, 90],
						"1.25": [-90, 5.08, 90],
						"1.2917": [-90, 5, 90],
						"1.3333": [-90.15, 4.92, 90.15],
						"1.375": [-90.55, 4.82, 90.55],
						"1.4167": [-91.15, 4.71, 91.15],
						"1.4583": [-91.91, 4.58, 91.91],
						"1.5": [-92.75, 4.45, 92.75],
						"1.5417": [-93.63, 4.3, 93.63],
						"1.5833": [-94.49, 4.15, 94.49],
						"1.625": [-95.28, 3.99, 95.28],
						"1.6667": [-95.94, 3.82, 95.94],
						"1.7083": [-96.41, 3.65, 96.41],
						"1.75": [-96.65, 3.48, 96.65],
						"1.7917": [-96.59, 3.31, 96.59],
						"1.8333": [-96.19, 3.14, 96.19],
						"1.875": [-95.39, 2.97, 95.39],
						"1.9167": [-94.12, 2.81, 94.12],
						"1.9583": [-92.34, 2.65, 92.34],
						"2.0": [-90, 2.5, 90],
						"2.0417": [-87.66, 2.38, 87.66],
						"2.0833": [-84.94, 2.24, 84.94],
						"2.125": [-81.87, 2.1, 81.87],
						"2.1667": [-78.47, 1.96, 78.47],
						"2.2083": [-74.79, 1.81, 74.79],
						"2.25": [-70.85, 1.65, 70.85],
						"2.2917": [-66.67, 1.5, 66.67],
						"2.3333": [-62.28, 1.35, 62.28],
						"2.375": [-57.73, 1.19, 57.73],
						"2.4167": [-53.02, 1.04, 53.02],
						"2.4583": [-48.2, 0.9, 48.2],
						"2.5": [-43.29, 0.76, 43.29],
						"2.5417": [-38.33, 0.62, 38.33],
						"2.5833": [-33.33, 0.5, 33.33],
						"2.625": [-28.34, 0.39, 28.34],
						"2.6667": [-23.37, 0.28, 23.37],
						"2.7083": [-18.46, 0.2, 18.46],
						"2.75": [-13.64, 0.12, 13.64],
						"2.7917": [-8.94, 0.06, 8.94],
						"2.8333": [-4.38, 0.02, 4.38],
						"2.875": [0, 0, 0],
						"2.9167": [5.13, 0, -5.13],
						"2.9583": [10.49, 0.02, -10.49],
						"3.0": [16.04, 0.07, -16.04],
						"3.0417": [21.73, 0.14, -21.73],
						"3.0833": [27.51, 0.23, -27.51],
						"3.125": [33.33, 0.33, -33.33],
						"3.1667": [39.16, 0.45, -39.16],
						"3.2083": [44.94, 0.58, -44.94],
						"3.25": [50.63, 0.72, -50.63],
						"3.2917": [56.17, 0.86, -56.17],
						"3.3333": [61.54, 1.01, -61.54],
						"3.375": [66.67, 1.17, -66.67],
						"3.4167": [71.52, 1.32, -71.52],
						"3.4583": [76.05, 1.47, -76.05],
						"3.5": [80.21, 1.61, -80.21],
						"3.5417": [83.95, 1.75, -83.95],
						"3.5833": [87.23, 1.88, -87.23],
						"3.625": [90, 2, -90],
						"3.6667": [92.49, 2.13, -92.49],
						"3.7083": [94.67, 2.27, -94.67],
						"3.75": [96.54, 2.43, -96.54],
						"3.7917": [98.1, 2.6, -98.1],
						"3.8333": [99.34, 2.77, -99.34],
						"3.875": [100.28, 2.95, -100.28],
						"3.9167": [100.9, 3.12, -100.9],
						"3.9583": [101.21, 3.29, -101.21],
						"4.0": [101.21, 3.45, -101.21],
						"4.0417": [100.9, 3.6, -100.9],
						"4.0833": [100.28, 3.74, -100.28],
						"4.125": [99.34, 3.85, -99.34],
						"4.1667": [98.1, 3.94, -98.1],
						"4.2083": [96.54, 4.01, -96.54],
						"4.25": [94.67, 4.04, -94.67],
						"4.2917": [92.49, 4.04, -92.49],
						"4.3333": [90, 4, -90],
						"4.375": [87.56, 3.93, -87.56],
						"4.4167": [84.57, 3.84, -84.57],
						"4.4583": [81.08, 3.71, -81.08],
						"4.5": [77.15, 3.55, -77.15],
						"4.5417": [72.85, 3.38, -72.85],
						"4.5833": [68.22, 3.18, -68.22],
						"4.625": [63.33, 2.96, -63.33],
						"4.6667": [58.24, 2.73, -58.24],
						"4.7083": [53, 2.5, -53],
						"4.75": [47.68, 2.25, -47.68],
						"4.7917": [42.32, 2, -42.32],
						"4.8333": [37, 1.75, -37],
						"4.875": [31.76, 1.5, -31.76],
						"4.9167": [26.67, 1.26, -26.67],
						"4.9583": [21.78, 1.03, -21.78],
						"5.0": [17.15, 0.81, -17.15],
						"5.0417": [12.85, 0.6, -12.85],
						"5.0833": [8.92, 0.41, -8.92],
						"5.125": [5.43, 0.25, -5.43],
						"5.1667": [2.44, 0.11, -2.44],
						"5.2083": [0, 0, 0]
					}
				},
				"ring": {
					"rotation": {
						"0.0": [0, 0, 0],
						"0.0417": [0, 0, -4.57],
						"0.0833": [0, 0, -11.25],
						"0.125": [0, 0, -17.93],
						"0.1667": [0, 0, -22.5],
						"0.2083": [0, 0, -26.09],
						"0.25": [0, 0, -22.5],
						"0.2917": [0, 0, -19.96],
						"0.3333": [0, 0, -16.4],
						"0.375": [0, 0, -12.13],
						"0.4167": [0, 0, -7.42],
						"0.4583": [0, 0, -2.58],
						"0.5": [0, 0, 2.13],
						"0.5417": [0, 0, 6.4],
						"0.5833": [0, 0, 9.96],
						"0.625": [0, 0, 12.5],
						"0.6667": [0, 0, 16.11],
						"0.7083": [0, 0, 15.83],
						"0.75": [0, 0, 12.5],
						"0.7917": [0, 0, 11.15],
						"0.8333": [0, 0, 9.28],
						"0.875": [0, 0, 7.01],
						"0.9167": [0, 0, 4.43],
						"0.9583": [0, 0, 1.65],
						"1.0": [0, 0, -1.22],
						"1.0417": [0, 0, -4.08],
						"1.0833": [0, 0, -6.81],
						"1.125": [0, 0, -9.32],
						"1.1667": [0, 0, -11.5],
						"1.2083": [0, 0, -13.25],
						"1.25": [0, 0, -14.45],
						"1.2917": [0, 0, -15],
						"1.3333": [0, 0, -14.93],
						"1.375": [0, 0, -14.47],
						"1.4167": [0, 0, -13.67],
						"1.4583": [0, 0, -12.56],
						"1.5": [0, 0, -11.21],
						"1.5417": [0, 0, -9.64],
						"1.5833": [0, 0, -7.93],
						"1.625": [0, 0, -6.1],
						"1.6667": [0, 0, -4.21],
						"1.7083": [0, 0, -2.3],
						"1.75": [0, 0, -0.42],
						"1.7917": [0, 0, 1.37],
						"1.8333": [0, 0, 3.04],
						"1.875": [0, 0, 4.53],
						"1.9167": [0, 0, 5.81],
						"1.9583": [0, 0, 6.81],
						"2.0": [0, 0, 7.5],
						"2.0417": [0, 0, 7.85],
						"2.0833": [0, 0, 8.06],
						"2.125": [0, 0, 8.15],
						"2.1667": [0, 0, 8.13],
						"2.2083": [0, 0, 8.02],
						"2.25": [0, 0, 7.81],
						"2.2917": [0, 0, 7.54],
						"2.3333": [0, 0, 7.2],
						"2.375": [0, 0, 6.81],
						"2.4167": [0, 0, 6.38],
						"2.4583": [0, 0, 5.93],
						"2.5": [0, 0, 5.46],
						"2.5417": [0, 0, 4.98],
						"2.5833": [0, 0, 4.52],
						"2.625": [0, 0, 4.07],
						"2.6667": [0, 0, 3.66],
						"2.7083": [0, 0, 3.29],
						"2.75": [0, 0, 2.98],
						"2.7917": [0, 0, 2.74],
						"2.8333": [0, 0, 2.57],
						"2.875": [0, 0, 2.5],
						"2.9167": [0, 0, 2.51],
						"2.9583": [0, 0, 2.59],
						"3.0": [0, 0, 2.73],
						"3.0417": [0, 0, 2.93],
						"3.0833": [0, 0, 3.17],
						"3.125": [0, 0, 3.44],
						"3.1667": [0, 0, 3.75],
						"3.2083": [0, 0, 4.07],
						"3.25": [0, 0, 4.41],
						"3.2917": [0, 0, 4.74],
						"3.3333": [0, 0, 5.07],
						"3.375": [0, 0, 5.39],
						"3.4167": [0, 0, 5.68],
						"3.4583": [0, 0, 5.94],
						"3.5": [0, 0, 6.16],
						"3.5417": [0, 0, 6.34],
						"3.5833": [0, 0, 6.45],
						"3.625": [0, 0, 6.5],
						"3.6667": [0, 0, 6.49],
						"3.7083": [0, 0, 6.43],
						"3.75": [0, 0, 6.32],
						"3.7917": [0, 0, 6.18],
						"3.8333": [0, 0, 6],
						"3.875": [0, 0, 5.8],
						"3.9167": [0, 0, 5.57],
						"3.9583": [0, 0, 5.32],
						"4.0": [0, 0, 5.05],
						"4.0417": [0, 0, 4.78],
						"4.0833": [0, 0, 4.5],
						"4.125": [0, 0, 4.22],
						"4.1667": [0, 0, 3.95],
						"4.2083": [0, 0, 3.68],
						"4.25": [0, 0, 3.43],
						"4.2917": [0, 0, 3.21],
						"4.3333": [0, 0, 3],
						"4.375": [0, 0, 2.84],
						"4.4167": [0, 0, 2.68],
						"4.4583": [0, 0, 2.52],
						"4.5": [0, 0, 2.35],
						"4.5417": [0, 0, 2.19],
						"4.5833": [0, 0, 2.02],
						"4.625": [0, 0, 1.85],
						"4.6667": [0, 0, 1.69],
						"4.7083": [0, 0, 1.52],
						"4.75": [0, 0, 1.36],
						"4.7917": [0, 0, 1.2],
						"4.8333": [0, 0, 1.05],
						"4.875": [0, 0, 0.9],
						"4.9167": [0, 0, 0.76],
						"4.9583": [0, 0, 0.62],
						"5.0": [0, 0, 0.5],
						"5.0417": [0, 0, 0.38],
						"5.0833": [0, 0, 0.27],
						"5.125": [0, 0, 0.17],
						"5.1667": [0, 0, 0.08],
						"5.2083": [0, 0, 0]
					}
				},
				"rings2": {
					"rotation": {
						"0.0": [0, 0, 0],
						"0.0417": [-2.54, 0, 0],
						"0.0833": [-6.25, 0, 0],
						"0.125": [-9.96, 0, 0],
						"0.1667": [-12.5, 0, 0],
						"0.2083": [-14.37, 0, 0],
						"0.25": [-12.5, 0, 0],
						"0.2917": [-11.23, 0, 0],
						"0.3333": [-9.45, 0, 0],
						"0.375": [-7.31, 0, 0],
						"0.4167": [-4.96, 0, 0],
						"0.4583": [-2.54, 0, 0],
						"0.5": [-0.19, 0, 0],
						"0.5417": [1.95, 0, 0],
						"0.5833": [3.73, 0, 0],
						"0.625": [5, 0, 0],
						"0.6667": [6.85, 0, 0],
						"0.7083": [6.76, 0, 0],
						"0.75": [5, 0, 0],
						"0.7917": [4.26, 0, 0],
						"0.8333": [3.22, 0, 0],
						"0.875": [1.95, 0, 0],
						"0.9167": [0.51, 0, 0],
						"0.9583": [-1.04, 0, 0],
						"1.0": [-2.64, 0, 0],
						"1.0417": [-4.22, 0, 0],
						"1.0833": [-5.73, 0, 0],
						"1.125": [-7.11, 0, 0],
						"1.1667": [-8.28, 0, 0],
						"1.2083": [-9.19, 0, 0],
						"1.25": [-9.79, 0, 0],
						"1.2917": [-10, 0, 0],
						"1.3333": [-9.86, 0, 0],
						"1.375": [-9.47, 0, 0],
						"1.4167": [-8.86, 0, 0],
						"1.4583": [-8.06, 0, 0],
						"1.5": [-7.1, 0, 0],
						"1.5417": [-6.02, 0, 0],
						"1.5833": [-4.84, 0, 0],
						"1.625": [-3.6, 0, 0],
						"1.6667": [-2.33, 0, 0],
						"1.7083": [-1.07, 0, 0],
						"1.75": [0.16, 0, 0],
						"1.7917": [1.32, 0, 0],
						"1.8333": [2.38, 0, 0],
						"1.875": [3.31, 0, 0],
						"1.9167": [4.08, 0, 0],
						"1.9583": [4.65, 0, 0],
						"2.0": [5, 0, 0],
						"2.0417": [5.12, 0, 0],
						"2.0833": [5.13, 0, 0],
						"2.125": [5.03, 0, 0],
						"2.1667": [4.84, 0, 0],
						"2.2083": [4.57, 0, 0],
						"2.25": [4.23, 0, 0],
						"2.2917": [3.83, 0, 0],
						"2.3333": [3.38, 0, 0],
						"2.375": [2.89, 0, 0],
						"2.4167": [2.36, 0, 0],
						"2.4583": [1.82, 0, 0],
						"2.5": [1.27, 0, 0],
						"2.5417": [0.71, 0, 0],
						"2.5833": [0.17, 0, 0],
						"2.625": [-0.36, 0, 0],
						"2.6667": [-0.85, 0, 0],
						"2.7083": [-1.3, 0, 0],
						"2.75": [-1.7, 0, 0],
						"2.7917": [-2.04, 0, 0],
						"2.8333": [-2.31, 0, 0],
						"2.875": [-2.5, 0, 0],
						"2.9167": [-2.58, 0, 0],
						"2.9583": [-2.64, 0, 0],
						"3.0": [-2.69, 0, 0],
						"3.0417": [-2.73, 0, 0],
						"3.0833": [-2.75, 0, 0],
						"3.125": [-2.77, 0, 0],
						"3.1667": [-2.77, 0, 0],
						"3.2083": [-2.76, 0, 0],
						"3.25": [-2.74, 0, 0],
						"3.2917": [-2.71, 0, 0],
						"3.3333": [-2.68, 0, 0],
						"3.375": [-2.63, 0, 0],
						"3.4167": [-2.58, 0, 0],
						"3.4583": [-2.52, 0, 0],
						"3.5": [-2.46, 0, 0],
						"3.5417": [-2.39, 0, 0],
						"3.5833": [-2.32, 0, 0],
						"3.625": [-2.24, 0, 0],
						"3.6667": [-2.16, 0, 0],
						"3.7083": [-2.08, 0, 0],
						"3.75": [-2, 0, 0],
						"3.7917": [-1.91, 0, 0],
						"3.8333": [-1.82, 0, 0],
						"3.875": [-1.74, 0, 0],
						"3.9167": [-1.65, 0, 0],
						"3.9583": [-1.57, 0, 0],
						"4.0": [-1.49, 0, 0],
						"4.0417": [-1.41, 0, 0],
						"4.0833": [-1.34, 0, 0],
						"4.125": [-1.27, 0, 0],
						"4.1667": [-1.2, 0, 0],
						"4.2083": [-1.14, 0, 0],
						"4.25": [-1.09, 0, 0],
						"4.2917": [-1.04, 0, 0],
						"4.3333": [-1, 0, 0],
						"4.375": [-0.94, 0, 0],
						"4.4167": [-0.88, 0, 0],
						"4.4583": [-0.82, 0, 0],
						"4.5": [-0.76, 0, 0],
						"4.5417": [-0.71, 0, 0],
						"4.5833": [-0.65, 0, 0],
						"4.625": [-0.59, 0, 0],
						"4.6667": [-0.54, 0, 0],
						"4.7083": [-0.48, 0, 0],
						"4.75": [-0.43, 0, 0],
						"4.7917": [-0.38, 0, 0],
						"4.8333": [-0.33, 0, 0],
						"4.875": [-0.29, 0, 0],
						"4.9167": [-0.24, 0, 0],
						"4.9583": [-0.2, 0, 0],
						"5.0": [-0.16, 0, 0],
						"5.0417": [-0.12, 0, 0],
						"5.0833": [-0.09, 0, 0],
						"5.125": [-0.05, 0, 0],
						"5.1667": [-0.03, 0, 0],
						"5.2083": [0, 0, 0]
					}
				},
				"ring7": {
					"rotation": {
						"0.0": [0, 0, 0],
						"0.0417": [0, 0, 0],
						"0.0833": [0, 0, 0],
						"0.125": [0, 0, 0],
						"0.1667": [0, 0, 0],
						"0.2083": [-5.63, 0.47, -5.63],
						"0.25": [0, 0, 0],
						"0.2917": [6.54, -0.55, 6.54],
						"0.3333": [15.68, -1.31, 15.68],
						"0.375": [26.67, -2.22, 26.67],
						"0.4167": [38.77, -3.23, 38.77],
						"0.4583": [51.23, -4.27, 51.23],
						"0.5": [63.33, -5.28, 63.33],
						"0.5417": [74.32, -6.19, 74.32],
						"0.5833": [83.46, -6.95, 83.46],
						"0.625": [90, -7.5, 90],
						"0.6667": [103.33, -8.24, 103.33],
						"0.7083": [106.67, -8.15, 106.67],
						"0.75": [90, -7.5, 90],
						"0.7917": [81.07, -7.26, 81.07],
						"0.8333": [68.62, -6.93, 68.62],
						"0.875": [53.38, -6.53, 53.38],
						"0.9167": [36.09, -6.08, 36.09],
						"0.9583": [17.49, -5.6, 17.49],
						"1.0": [-1.68, -5.1, -1.68],
						"1.0417": [-20.69, -4.59, -20.69],
						"1.0833": [-38.79, -4.1, -38.79],
						"1.125": [-55.26, -3.65, -55.26],
						"1.1667": [-69.35, -3.24, -69.35],
						"1.2083": [-80.33, -2.91, -80.33],
						"1.25": [-87.46, -2.65, -87.46],
						"1.2917": [-90, -2.5, -90],
						"1.3333": [-88.35, -2.46, -88.35],
						"1.375": [-83.66, -2.5, -83.66],
						"1.4167": [-76.32, -2.59, -76.32],
						"1.4583": [-66.7, -2.73, -66.7],
						"1.5": [-55.19, -2.91, -55.19],
						"1.5417": [-42.19, -3.13, -42.19],
						"1.5833": [-28.06, -3.37, -28.06],
						"1.625": [-13.21, -3.62, -13.21],
						"1.6667": [2, -3.88, 2],
						"1.7083": [17.16, -4.13, 17.16],
						"1.75": [31.91, -4.37, 31.91],
						"1.7917": [45.85, -4.59, 45.85],
						"1.8333": [58.6, -4.77, 58.6],
						"1.875": [69.78, -4.91, 69.78],
						"1.9167": [78.99, -5, 78.99],
						"1.9583": [85.86, -5.04, 85.86],
						"2.0": [90, -5, 90],
						"2.0417": [91.35, -4.92, 91.35],
						"2.0833": [91.21, -4.79, 91.21],
						"2.125": [89.74, -4.61, 89.74],
						"2.1667": [87.07, -4.41, 87.07],
						"2.2083": [83.34, -4.17, 83.34],
						"2.25": [78.72, -3.9, 78.72],
						"2.2917": [73.33, -3.61, 73.33],
						"2.3333": [67.34, -3.31, 67.34],
						"2.375": [60.87, -2.99, 60.87],
						"2.4167": [54.09, -2.66, 54.09],
						"2.4583": [47.13, -2.34, 47.13],
						"2.5": [40.15, -2.01, 40.15],
						"2.5417": [33.28, -1.69, 33.28],
						"2.5833": [26.67, -1.39, 26.67],
						"2.625": [20.47, -1.1, 20.47],
						"2.6667": [14.82, -0.83, 14.82],
						"2.7083": [9.87, -0.59, 9.87],
						"2.75": [5.77, -0.39, 5.77],
						"2.7917": [2.66, -0.21, 2.66],
						"2.8333": [0.69, -0.08, 0.69],
						"2.875": [0, 0, 0],
						"2.9167": [0.93, 0.04, 0.93],
						"2.9583": [3.58, 0.03, 3.58],
						"3.0": [7.71, -0.03, 7.71],
						"3.0417": [13.09, -0.13, 13.09],
						"3.0833": [19.48, -0.26, 19.48],
						"3.125": [26.67, -0.43, 26.67],
						"3.1667": [34.41, -0.61, 34.41],
						"3.2083": [42.47, -0.82, 42.47],
						"3.25": [50.63, -1.03, 50.63],
						"3.2917": [58.64, -1.25, 58.64],
						"3.3333": [66.29, -1.47, 66.29],
						"3.375": [73.33, -1.69, 73.33],
						"3.4167": [79.54, -1.89, 79.54],
						"3.4583": [84.69, -2.07, 84.69],
						"3.5": [88.54, -2.23, 88.54],
						"3.5417": [90.86, -2.36, 90.86],
						"3.5833": [91.43, -2.45, 91.43],
						"3.625": [90, -2.5, 90],
						"3.6667": [86.01, -2.52, 86.01],
						"3.7083": [79.54, -2.5, 79.54],
						"3.75": [70.93, -2.47, 70.93],
						"3.7917": [60.51, -2.41, 60.51],
						"3.8333": [48.6, -2.34, 48.6],
						"3.875": [35.54, -2.25, 35.54],
						"3.9167": [21.65, -2.14, 21.65],
						"3.9583": [7.27, -2.03, 7.27],
						"4.0": [-7.27, -1.91, -7.27],
						"4.0417": [-21.65, -1.78, -21.65],
						"4.0833": [-35.54, -1.65, -35.54],
						"4.125": [-48.6, -1.53, -48.6],
						"4.1667": [-60.51, -1.4, -60.51],
						"4.2083": [-70.93, -1.29, -70.93],
						"4.25": [-79.54, -1.18, -79.54],
						"4.2917": [-86.01, -1.08, -86.01],
						"4.3333": [-90, -1, -90],
						"4.375": [-91.45, -0.94, -91.45],
						"4.4167": [-91.58, -0.88, -91.58],
						"4.4583": [-90.52, -0.82, -90.52],
						"4.5": [-88.39, -0.76, -88.39],
						"4.5417": [-85.29, -0.71, -85.29],
						"4.5833": [-81.34, -0.65, -81.34],
						"4.625": [-76.67, -0.59, -76.67],
						"4.6667": [-71.38, -0.54, -71.38],
						"4.7083": [-65.6, -0.48, -65.6],
						"4.75": [-59.44, -0.43, -59.44],
						"4.7917": [-53.01, -0.38, -53.01],
						"4.8333": [-46.44, -0.33, -46.44],
						"4.875": [-39.84, -0.29, -39.84],
						"4.9167": [-33.33, -0.24, -33.33],
						"4.9583": [-27.03, -0.2, -27.03],
						"5.0": [-21.04, -0.16, -21.04],
						"5.0417": [-15.49, -0.12, -15.49],
						"5.0833": [-10.5, -0.09, -10.5],
						"5.125": [-6.17, -0.05, -6.17],
						"5.1667": [-2.63, -0.03, -2.63],
						"5.2083": [0, 0, 0]
					}
				},
				"ring8": {
					"rotation": {
						"0.0": [0, 0, 0],
						"0.0417": [0, 0, -1.02],
						"0.0833": [0, 0, -2.5],
						"0.125": [0, 0, -3.98],
						"0.1667": [0, 0, -5],
						"0.2083": [0, 0, -5.78],
						"0.25": [0, 0, -5],
						"0.2917": [0, 0, -4.45],
						"0.3333": [0, 0, -3.69],
						"0.375": [0, 0, -2.78],
						"0.4167": [0, 0, -1.77],
						"0.4583": [0, 0, -0.73],
						"0.5": [0, 0, 0.28],
						"0.5417": [0, 0, 1.19],
						"0.5833": [0, 0, 1.95],
						"0.625": [0, 0, 2.5],
						"0.6667": [0, 0, 3.15],
						"0.7083": [0, 0, 2.96],
						"0.75": [0, 0, 2.5],
						"0.7917": [0, 0, 2.38],
						"0.8333": [0, 0, 2.2],
						"0.875": [0, 0, 1.99],
						"0.9167": [0, 0, 1.75],
						"0.9583": [0, 0, 1.49],
						"1.0": [0, 0, 1.23],
						"1.0417": [0, 0, 0.96],
						"1.0833": [0, 0, 0.71],
						"1.125": [0, 0, 0.48],
						"1.1667": [0, 0, 0.29],
						"1.2083": [0, 0, 0.13],
						"1.25": [0, 0, 0.04],
						"1.2917": [0, 0, 0],
						"1.3333": [0, 0, 0.02],
						"1.375": [0, 0, 0.1],
						"1.4167": [0, 0, 0.21],
						"1.4583": [0, 0, 0.35],
						"1.5": [0, 0, 0.52],
						"1.5417": [0, 0, 0.71],
						"1.5833": [0, 0, 0.92],
						"1.625": [0, 0, 1.14],
						"1.6667": [0, 0, 1.36],
						"1.7083": [0, 0, 1.58],
						"1.75": [0, 0, 1.79],
						"1.7917": [0, 0, 1.98],
						"1.8333": [0, 0, 2.15],
						"1.875": [0, 0, 2.29],
						"1.9167": [0, 0, 2.4],
						"1.9583": [0, 0, 2.48],
						"2.0": [0, 0, 2.5],
						"2.0417": [0, 0, 2.48],
						"2.0833": [0, 0, 2.44],
						"2.125": [0, 0, 2.37],
						"2.1667": [0, 0, 2.27],
						"2.2083": [0, 0, 2.15],
						"2.25": [0, 0, 2.02],
						"2.2917": [0, 0, 1.87],
						"2.3333": [0, 0, 1.71],
						"2.375": [0, 0, 1.54],
						"2.4167": [0, 0, 1.37],
						"2.4583": [0, 0, 1.19],
						"2.5": [0, 0, 1.02],
						"2.5417": [0, 0, 0.85],
						"2.5833": [0, 0, 0.69],
						"2.625": [0, 0, 0.53],
						"2.6667": [0, 0, 0.39],
						"2.7083": [0, 0, 0.27],
						"2.75": [0, 0, 0.16],
						"2.7917": [0, 0, 0.08],
						"2.8333": [0, 0, 0.03],
						"2.875": [0, 0, 0],
						"2.9167": [0, 0, 0.01],
						"2.9583": [0, 0, 0.05],
						"3.0": [0, 0, 0.13],
						"3.0417": [0, 0, 0.24],
						"3.0833": [0, 0, 0.37],
						"3.125": [0, 0, 0.52],
						"3.1667": [0, 0, 0.68],
						"3.2083": [0, 0, 0.85],
						"3.25": [0, 0, 1.03],
						"3.2917": [0, 0, 1.21],
						"3.3333": [0, 0, 1.38],
						"3.375": [0, 0, 1.54],
						"3.4167": [0, 0, 1.68],
						"3.4583": [0, 0, 1.81],
						"3.5": [0, 0, 1.9],
						"3.5417": [0, 0, 1.97],
						"3.5833": [0, 0, 2.01],
						"3.625": [0, 0, 2],
						"3.6667": [0, 0, 1.95],
						"3.7083": [0, 0, 1.85],
						"3.75": [0, 0, 1.72],
						"3.7917": [0, 0, 1.55],
						"3.8333": [0, 0, 1.36],
						"3.875": [0, 0, 1.15],
						"3.9167": [0, 0, 0.92],
						"3.9583": [0, 0, 0.68],
						"4.0": [0, 0, 0.44],
						"4.0417": [0, 0, 0.2],
						"4.0833": [0, 0, -0.04],
						"4.125": [0, 0, -0.26],
						"4.1667": [0, 0, -0.46],
						"4.2083": [0, 0, -0.65],
						"4.25": [0, 0, -0.8],
						"4.2917": [0, 0, -0.92],
						"4.3333": [0, 0, -1],
						"4.375": [0, 0, -1.04],
						"4.4167": [0, 0, -1.06],
						"4.4583": [0, 0, -1.06],
						"4.5": [0, 0, -1.04],
						"4.5417": [0, 0, -1.02],
						"4.5833": [0, 0, -0.98],
						"4.625": [0, 0, -0.93],
						"4.6667": [0, 0, -0.87],
						"4.7083": [0, 0, -0.8],
						"4.75": [0, 0, -0.73],
						"4.7917": [0, 0, -0.65],
						"4.8333": [0, 0, -0.57],
						"4.875": [0, 0, -0.49],
						"4.9167": [0, 0, -0.41],
						"4.9583": [0, 0, -0.33],
						"5.0": [0, 0, -0.26],
						"5.0417": [0, 0, -0.19],
						"5.0833": [0, 0, -0.13],
						"5.125": [0, 0, -0.07],
						"5.1667": [0, 0, -0.03],
						"5.2083": [0, 0, 0]
					}
				},
				"ring9": {
					"rotation": {
						"0.0": [0, 0, 0],
						"0.0417": [18.28, -0.51, 18.28],
						"0.0833": [45, -1.25, 45],
						"0.125": [71.72, -1.99, 71.72],
						"0.1667": [90, -2.5, 90],
						"0.2083": [101.25, -2.81, 101.25],
						"0.25": [90, -2.5, 90],
						"0.2917": [83.46, -2.32, 83.46],
						"0.3333": [74.32, -2.06, 74.32],
						"0.375": [63.33, -1.76, 63.33],
						"0.4167": [51.23, -1.42, 51.23],
						"0.4583": [38.77, -1.08, 38.77],
						"0.5": [26.67, -0.74, 26.67],
						"0.5417": [15.68, -0.44, 15.68],
						"0.5833": [6.54, -0.18, 6.54],
						"0.625": [0, 0, 0],
						"0.6667": [-3.33, 0.28, -3.33],
						"0.7083": [3.33, 0.28, 3.33],
						"0.75": [0, 0, 0],
						"0.7917": [-4.47, -0.12, -4.47],
						"0.8333": [-10.69, -0.3, -10.69],
						"0.875": [-18.31, -0.51, -18.31],
						"0.9167": [-26.95, -0.75, -26.95],
						"0.9583": [-36.25, -1.01, -36.25],
						"1.0": [-45.84, -1.27, -45.84],
						"1.0417": [-55.34, -1.54, -55.34],
						"1.0833": [-64.4, -1.79, -64.4],
						"1.125": [-72.63, -2.02, -72.63],
						"1.1667": [-79.68, -2.21, -79.68],
						"1.2083": [-85.17, -2.37, -85.17],
						"1.25": [-88.73, -2.46, -88.73],
						"1.2917": [-90, -2.5, -90],
						"1.3333": [-89.82, -2.5, -89.82],
						"1.375": [-89.28, -2.48, -89.28],
						"1.4167": [-88.41, -2.46, -88.41],
						"1.4583": [-87.22, -2.43, -87.22],
						"1.5": [-85.74, -2.39, -85.74],
						"1.5417": [-83.98, -2.35, -83.98],
						"1.5833": [-81.96, -2.3, -81.96],
						"1.625": [-79.71, -2.24, -79.71],
						"1.6667": [-77.25, -2.18, -77.25],
						"1.7083": [-74.58, -2.11, -74.58],
						"1.75": [-71.74, -2.04, -71.74],
						"1.7917": [-68.74, -1.96, -68.74],
						"1.8333": [-65.61, -1.88, -65.61],
						"1.875": [-62.35, -1.8, -62.35],
						"1.9167": [-59, -1.71, -59],
						"1.9583": [-55.57, -1.62, -55.57],
						"2.0": [-52.08, -1.53, -52.08],
						"2.0417": [-48.55, -1.44, -48.55],
						"2.0833": [-45, -1.34, -45],
						"2.125": [-41.45, -1.25, -41.45],
						"2.1667": [-37.92, -1.16, -37.92],
						"2.2083": [-34.43, -1.06, -34.43],
						"2.25": [-31, -0.97, -31],
						"2.2917": [-27.65, -0.88, -27.65],
						"2.3333": [-24.39, -0.79, -24.39],
						"2.375": [-21.26, -0.7, -21.26],
						"2.4167": [-18.26, -0.62, -18.26],
						"2.4583": [-15.42, -0.54, -15.42],
						"2.5": [-12.75, -0.46, -12.75],
						"2.5417": [-10.29, -0.38, -10.29],
						"2.5833": [-8.04, -0.32, -8.04],
						"2.625": [-6.02, -0.25, -6.02],
						"2.6667": [-4.26, -0.19, -4.26],
						"2.7083": [-2.78, -0.14, -2.78],
						"2.75": [-1.59, -0.09, -1.59],
						"2.7917": [-0.72, -0.06, -0.72],
						"2.8333": [-0.18, -0.02, -0.18],
						"2.875": [0, 0, 0],
						"2.9167": [-0.93, 0.03, -0.93],
						"2.9583": [-3.58, 0.04, -3.58],
						"3.0": [-7.71, 0.02, -7.71],
						"3.0417": [-13.09, -0.01, -13.09],
						"3.0833": [-19.48, -0.05, -19.48],
						"3.125": [-26.67, -0.11, -26.67],
						"3.1667": [-34.41, -0.18, -34.41],
						"3.2083": [-42.47, -0.26, -42.47],
						"3.25": [-50.63, -0.34, -50.62],
						"3.2917": [-58.64, -0.43, -58.64],
						"3.3333": [-66.29, -0.52, -66.29],
						"3.375": [-73.33, -0.61, -73.33],
						"3.4167": [-79.54, -0.7, -79.54],
						"3.4583": [-84.69, -0.78, -84.69],
						"3.5": [-88.54, -0.85, -88.54],
						"3.5417": [-90.86, -0.91, -90.86],
						"3.5833": [-91.43, -0.96, -91.43],
						"3.625": [-90, -1, -90],
						"3.6667": [-86.01, -1.03, -86.01],
						"3.7083": [-79.54, -1.05, -79.54],
						"3.75": [-70.93, -1.07, -70.93],
						"3.7917": [-60.51, -1.09, -60.51],
						"3.8333": [-48.6, -1.1, -48.6],
						"3.875": [-35.54, -1.11, -35.54],
						"3.9167": [-21.65, -1.12, -21.65],
						"3.9583": [-7.27, -1.12, -7.27],
						"4.0": [7.27, -1.12, 7.27],
						"4.0417": [21.65, -1.12, 21.65],
						"4.0833": [35.54, -1.11, 35.54],
						"4.125": [48.6, -1.1, 48.6],
						"4.1667": [60.51, -1.09, 60.51],
						"4.2083": [70.93, -1.07, 70.93],
						"4.25": [79.54, -1.05, 79.54],
						"4.2917": [86.01, -1.03, 86.01],
						"4.3333": [90, -1, 90],
						"4.375": [91.45, -0.97, 91.45],
						"4.4167": [91.58, -0.94, 91.58],
						"4.4583": [90.52, -0.9, 90.52],
						"4.5": [88.39, -0.86, 88.39],
						"4.5417": [85.29, -0.81, 85.29],
						"4.5833": [81.34, -0.76, 81.34],
						"4.625": [76.67, -0.7, 76.67],
						"4.6667": [71.38, -0.65, 71.38],
						"4.7083": [65.6, -0.59, 65.6],
						"4.75": [59.44, -0.53, 59.44],
						"4.7917": [53.01, -0.47, 53.01],
						"4.8333": [46.44, -0.41, 46.44],
						"4.875": [39.84, -0.35, 39.84],
						"4.9167": [33.33, -0.3, 33.33],
						"4.9583": [27.03, -0.24, 27.03],
						"5.0": [21.04, -0.19, 21.04],
						"5.0417": [15.49, -0.14, 15.49],
						"5.0833": [10.5, -0.1, 10.5],
						"5.125": [6.17, -0.06, 6.17],
						"5.1667": [2.63, -0.03, 2.63],
						"5.2083": [0, 0, 0]
					}
				},
				"ring10": {
					"rotation": {
						"0.0": [0, 0, 0],
						"0.0417": [0, 0, 0],
						"0.0833": [0, 0, 0],
						"0.125": [0, 0, 0],
						"0.1667": [0, 0, 0],
						"0.2083": [0, 0, 0.16],
						"0.25": [0, 0, 0],
						"0.2917": [0, 0, -0.18],
						"0.3333": [0, 0, -0.44],
						"0.375": [0, 0, -0.74],
						"0.4167": [0, 0, -1.08],
						"0.4583": [0, 0, -1.42],
						"0.5": [0, 0, -1.76],
						"0.5417": [0, 0, -2.06],
						"0.5833": [0, 0, -2.32],
						"0.625": [0, 0, -2.5],
						"0.6667": [0, 0, -2.78],
						"0.7083": [0, 0, -2.78],
						"0.75": [0, 0, -2.5],
						"0.7917": [0, 0, -2.38],
						"0.8333": [0, 0, -2.2],
						"0.875": [0, 0, -1.99],
						"0.9167": [0, 0, -1.75],
						"0.9583": [0, 0, -1.49],
						"1.0": [0, 0, -1.23],
						"1.0417": [0, 0, -0.96],
						"1.0833": [0, 0, -0.71],
						"1.125": [0, 0, -0.48],
						"1.1667": [0, 0, -0.29],
						"1.2083": [0, 0, -0.13],
						"1.25": [0, 0, -0.04],
						"1.2917": [0, 0, 0],
						"1.3333": [0, 0, -0.02],
						"1.375": [0, 0, -0.1],
						"1.4167": [0, 0, -0.21],
						"1.4583": [0, 0, -0.35],
						"1.5": [0, 0, -0.52],
						"1.5417": [0, 0, -0.71],
						"1.5833": [0, 0, -0.92],
						"1.625": [0, 0, -1.14],
						"1.6667": [0, 0, -1.36],
						"1.7083": [0, 0, -1.58],
						"1.75": [0, 0, -1.79],
						"1.7917": [0, 0, -1.98],
						"1.8333": [0, 0, -2.15],
						"1.875": [0, 0, -2.29],
						"1.9167": [0, 0, -2.4],
						"1.9583": [0, 0, -2.48],
						"2.0": [0, 0, -2.5],
						"2.0417": [0, 0, -2.48],
						"2.0833": [0, 0, -2.44],
						"2.125": [0, 0, -2.37],
						"2.1667": [0, 0, -2.27],
						"2.2083": [0, 0, -2.15],
						"2.25": [0, 0, -2.02],
						"2.2917": [0, 0, -1.87],
						"2.3333": [0, 0, -1.71],
						"2.375": [0, 0, -1.54],
						"2.4167": [0, 0, -1.37],
						"2.4583": [0, 0, -1.19],
						"2.5": [0, 0, -1.02],
						"2.5417": [0, 0, -0.85],
						"2.5833": [0, 0, -0.69],
						"2.625": [0, 0, -0.53],
						"2.6667": [0, 0, -0.39],
						"2.7083": [0, 0, -0.27],
						"2.75": [0, 0, -0.16],
						"2.7917": [0, 0, -0.08],
						"2.8333": [0, 0, -0.03],
						"2.875": [0, 0, 0],
						"2.9167": [0, 0, 0],
						"2.9583": [0, 0, -0.03],
						"3.0": [0, 0, -0.08],
						"3.0417": [0, 0, -0.16],
						"3.0833": [0, 0, -0.26],
						"3.125": [0, 0, -0.37],
						"3.1667": [0, 0, -0.5],
						"3.2083": [0, 0, -0.64],
						"3.25": [0, 0, -0.78],
						"3.2917": [0, 0, -0.93],
						"3.3333": [0, 0, -1.09],
						"3.375": [0, 0, -1.24],
						"3.4167": [0, 0, -1.39],
						"3.4583": [0, 0, -1.54],
						"3.5": [0, 0, -1.67],
						"3.5417": [0, 0, -1.8],
						"3.5833": [0, 0, -1.91],
						"3.625": [0, 0, -2],
						"3.6667": [0, 0, -2.09],
						"3.7083": [0, 0, -2.19],
						"3.75": [0, 0, -2.29],
						"3.7917": [0, 0, -2.39],
						"3.8333": [0, 0, -2.49],
						"3.875": [0, 0, -2.59],
						"3.9167": [0, 0, -2.68],
						"3.9583": [0, 0, -2.77],
						"4.0": [0, 0, -2.85],
						"4.0417": [0, 0, -2.92],
						"4.0833": [0, 0, -2.98],
						"4.125": [0, 0, -3.03],
						"4.1667": [0, 0, -3.06],
						"4.2083": [0, 0, -3.08],
						"4.25": [0, 0, -3.07],
						"4.2917": [0, 0, -3.05],
						"4.3333": [0, 0, -3],
						"4.375": [0, 0, -2.94],
						"4.4167": [0, 0, -2.86],
						"4.4583": [0, 0, -2.76],
						"4.5": [0, 0, -2.63],
						"4.5417": [0, 0, -2.5],
						"4.5833": [0, 0, -2.35],
						"4.625": [0, 0, -2.19],
						"4.6667": [0, 0, -2.01],
						"4.7083": [0, 0, -1.84],
						"4.75": [0, 0, -1.65],
						"4.7917": [0, 0, -1.47],
						"4.8333": [0, 0, -1.29],
						"4.875": [0, 0, -1.1],
						"4.9167": [0, 0, -0.93],
						"4.9583": [0, 0, -0.76],
						"5.0": [0, 0, -0.59],
						"5.0417": [0, 0, -0.44],
						"5.0833": [0, 0, -0.31],
						"5.125": [0, 0, -0.19],
						"5.1667": [0, 0, -0.08],
						"5.2083": [0, 0, 0]
					}
				},
				"ring11": {
					"rotation": {
						"0.0": [0, 0, 0],
						"0.0417": [-18.28, -1.52, -18.28],
						"0.0833": [-45, -3.75, -45],
						"0.125": [-71.72, -5.98, -71.72],
						"0.1667": [-90, -7.5, -90],
						"0.2083": [-101.25, -8.44, -101.25],
						"0.25": [-90, -7.5, -90],
						"0.2917": [-83.46, -6.95, -83.46],
						"0.3333": [-74.32, -6.19, -74.32],
						"0.375": [-63.33, -5.28, -63.33],
						"0.4167": [-51.23, -4.27, -51.23],
						"0.4583": [-38.77, -3.23, -38.77],
						"0.5": [-26.67, -2.22, -26.67],
						"0.5417": [-15.68, -1.31, -15.68],
						"0.5833": [-6.54, -0.55, -6.54],
						"0.625": [0, 0, 0],
						"0.6667": [3.33, 0.65, 3.33],
						"0.7083": [-3.33, 0.46, -3.33],
						"0.75": [0, 0, 0],
						"0.7917": [4.22, -0.11, 4.22],
						"0.8333": [9.79, -0.25, 9.79],
						"0.875": [16.47, -0.41, 16.47],
						"0.9167": [24.01, -0.58, 24.01],
						"0.9583": [32.16, -0.78, 32.16],
						"1.0": [40.68, -0.99, 40.68],
						"1.0417": [49.32, -1.2, 49.32],
						"1.0833": [57.84, -1.42, 57.84],
						"1.125": [65.99, -1.65, 65.99],
						"1.1667": [73.53, -1.87, 73.53],
						"1.2083": [80.21, -2.09, 80.21],
						"1.25": [85.78, -2.3, 85.78],
						"1.2917": [90, -2.5, 90],
						"1.3333": [92.49, -2.66, 92.49],
						"1.375": [94.67, -2.84, 94.67],
						"1.4167": [96.54, -3.04, 96.54],
						"1.4583": [98.1, -3.25, 98.1],
						"1.5": [99.34, -3.46, 99.34],
						"1.5417": [100.28, -3.68, 100.28],
						"1.5833": [100.9, -3.9, 100.9],
						"1.625": [101.21, -4.12, 101.21],
						"1.6667": [101.21, -4.32, 101.21],
						"1.7083": [100.9, -4.5, 100.9],
						"1.75": [100.28, -4.67, 100.28],
						"1.7917": [99.34, -4.81, 99.34],
						"1.8333": [98.1, -4.93, 98.1],
						"1.875": [96.54, -5.01, 96.54],
						"1.9167": [94.67, -5.05, 94.67],
						"1.9583": [92.49, -5.05, 92.49],
						"2.0": [90, -5, 90],
						"2.0417": [87.46, -4.91, 87.46],
						"2.0833": [84.2, -4.78, 84.2],
						"2.125": [80.29, -4.6, 80.29],
						"2.1667": [75.83, -4.38, 75.83],
						"2.2083": [70.9, -4.13, 70.9],
						"2.25": [65.6, -3.86, 65.6],
						"2.2917": [60, -3.56, 60],
						"2.3333": [54.2, -3.24, 54.2],
						"2.375": [48.28, -2.91, 48.28],
						"2.4167": [42.33, -2.57, 42.33],
						"2.4583": [36.44, -2.24, 36.44],
						"2.5": [30.7, -1.91, 30.7],
						"2.5417": [25.19, -1.58, 25.19],
						"2.5833": [20, -1.28, 20],
						"2.625": [15.22, -0.99, 15.22],
						"2.6667": [10.93, -0.73, 10.93],
						"2.7083": [7.23, -0.5, 7.23],
						"2.75": [4.2, -0.31, 4.2],
						"2.7917": [1.92, -0.16, 1.92],
						"2.8333": [0.5, -0.05, 0.5],
						"2.875": [0, 0, 0],
						"2.9167": [0.67, -0.01, 0.67],
						"2.9583": [2.59, -0.08, 2.59],
						"3.0": [5.63, -0.2, 5.63],
						"3.0417": [9.63, -0.38, 9.63],
						"3.0833": [14.47, -0.6, 14.47],
						"3.125": [20, -0.85, 20],
						"3.1667": [26.09, -1.13, 26.09],
						"3.2083": [32.59, -1.43, 32.59],
						"3.25": [39.38, -1.75, 39.38],
						"3.2917": [46.3, -2.07, 46.3],
						"3.3333": [53.22, -2.39, 53.22],
						"3.375": [60, -2.7, 60],
						"3.4167": [66.5, -3, 66.5],
						"3.4583": [72.59, -3.27, 72.59],
						"3.5": [78.13, -3.52, 78.13],
						"3.5417": [82.96, -3.73, 82.96],
						"3.5833": [86.97, -3.89, 86.97],
						"3.625": [90, -4, 90],
						"3.6667": [92.49, -4.07, 92.49],
						"3.7083": [94.67, -4.12, 94.67],
						"3.75": [96.54, -4.15, 96.54],
						"3.7917": [98.1, -4.15, 98.1],
						"3.8333": [99.34, -4.13, 99.34],
						"3.875": [100.28, -4.1, 100.28],
						"3.9167": [100.9, -4.04, 100.9],
						"3.9583": [101.21, -3.98, 101.21],
						"4.0": [101.21, -3.9, 101.21],
						"4.0417": [100.9, -3.8, 100.9],
						"4.0833": [100.28, -3.7, 100.28],
						"4.125": [99.34, -3.59, 99.34],
						"4.1667": [98.1, -3.48, 98.1],
						"4.2083": [96.54, -3.36, 96.54],
						"4.25": [94.67, -3.24, 94.67],
						"4.2917": [92.49, -3.12, 92.49],
						"4.3333": [90, -3, 90],
						"4.375": [87.56, -2.9, 87.56],
						"4.4167": [84.57, -2.78, 84.57],
						"4.4583": [81.08, -2.65, 81.08],
						"4.5": [77.15, -2.51, 77.15],
						"4.5417": [72.85, -2.36, 72.85],
						"4.5833": [68.22, -2.2, 68.22],
						"4.625": [63.33, -2.04, 63.33],
						"4.6667": [58.24, -1.87, 58.24],
						"4.7083": [53, -1.7, 53],
						"4.75": [47.68, -1.52, 47.68],
						"4.7917": [42.32, -1.35, 42.32],
						"4.8333": [37, -1.18, 37],
						"4.875": [31.76, -1.01, 31.76],
						"4.9167": [26.67, -0.85, 26.67],
						"4.9583": [21.78, -0.7, 21.78],
						"5.0": [17.15, -0.55, 17.15],
						"5.0417": [12.85, -0.41, 12.85],
						"5.0833": [8.92, -0.29, 8.92],
						"5.125": [5.43, -0.18, 5.43],
						"5.1667": [2.44, -0.08, 2.44],
						"5.2083": [0, 0, 0]
					}
				},
				"ring12": {
					"rotation": {
						"0.0": [0, 0, 0],
						"0.0417": [0, 0, 3.55],
						"0.0833": [0, 0, 8.75],
						"0.125": [0, 0, 13.95],
						"0.1667": [0, 0, 17.5],
						"0.2083": [0, 0, 20.94],
						"0.25": [0, 0, 17.5],
						"0.2917": [0, 0, 14.77],
						"0.3333": [0, 0, 10.97],
						"0.375": [0, 0, 6.39],
						"0.4167": [0, 0, 1.35],
						"0.4583": [0, 0, -3.85],
						"0.5": [0, 0, -8.89],
						"0.5417": [0, 0, -13.47],
						"0.5833": [0, 0, -17.27],
						"0.625": [0, 0, -20],
						"0.6667": [0, 0, -23.43],
						"0.7083": [0, 0, -22.69],
						"0.75": [0, 0, -20],
						"0.7917": [0, 0, -19.15],
						"0.8333": [0, 0, -17.97],
						"0.875": [0, 0, -16.54],
						"0.9167": [0, 0, -14.92],
						"0.9583": [0, 0, -13.18],
						"1.0": [0, 0, -11.37],
						"1.0417": [0, 0, -9.57],
						"1.0833": [0, 0, -7.84],
						"1.125": [0, 0, -6.25],
						"1.1667": [0, 0, -4.85],
						"1.2083": [0, 0, -3.72],
						"1.25": [0, 0, -2.91],
						"1.2917": [0, 0, -2.5],
						"1.3333": [0, 0, -2.49],
						"1.375": [0, 0, -2.73],
						"1.4167": [0, 0, -3.2],
						"1.4583": [0, 0, -3.85],
						"1.5": [0, 0, -4.67],
						"1.5417": [0, 0, -5.6],
						"1.5833": [0, 0, -6.63],
						"1.625": [0, 0, -7.72],
						"1.6667": [0, 0, -8.84],
						"1.7083": [0, 0, -9.96],
						"1.75": [0, 0, -11.04],
						"1.7917": [0, 0, -12.06],
						"1.8333": [0, 0, -12.97],
						"1.875": [0, 0, -13.76],
						"1.9167": [0, 0, -14.38],
						"1.9583": [0, 0, -14.8],
						"2.0": [0, 0, -15],
						"2.0417": [0, 0, -15],
						"2.0833": [0, 0, -14.88],
						"2.125": [0, 0, -14.65],
						"2.1667": [0, 0, -14.32],
						"2.2083": [0, 0, -13.91],
						"2.25": [0, 0, -13.43],
						"2.2917": [0, 0, -12.89],
						"2.3333": [0, 0, -12.29],
						"2.375": [0, 0, -11.66],
						"2.4167": [0, 0, -11],
						"2.4583": [0, 0, -10.31],
						"2.5": [0, 0, -9.63],
						"2.5417": [0, 0, -8.94],
						"2.5833": [0, 0, -8.28],
						"2.625": [0, 0, -7.64],
						"2.6667": [0, 0, -7.04],
						"2.7083": [0, 0, -6.49],
						"2.75": [0, 0, -6],
						"2.7917": [0, 0, -5.58],
						"2.8333": [0, 0, -5.24],
						"2.875": [0, 0, -5],
						"2.9167": [0, 0, -4.83],
						"2.9583": [0, 0, -4.74],
						"3.0": [0, 0, -4.74],
						"3.0417": [0, 0, -4.81],
						"3.0833": [0, 0, -4.94],
						"3.125": [0, 0, -5.11],
						"3.1667": [0, 0, -5.32],
						"3.2083": [0, 0, -5.56],
						"3.25": [0, 0, -5.81],
						"3.2917": [0, 0, -6.07],
						"3.3333": [0, 0, -6.32],
						"3.375": [0, 0, -6.56],
						"3.4167": [0, 0, -6.76],
						"3.4583": [0, 0, -6.93],
						"3.5": [0, 0, -7.05],
						"3.5417": [0, 0, -7.11],
						"3.5833": [0, 0, -7.09],
						"3.625": [0, 0, -7],
						"3.6667": [0, 0, -6.81],
						"3.7083": [0, 0, -6.55],
						"3.75": [0, 0, -6.21],
						"3.7917": [0, 0, -5.82],
						"3.8333": [0, 0, -5.39],
						"3.875": [0, 0, -4.91],
						"3.9167": [0, 0, -4.41],
						"3.9583": [0, 0, -3.89],
						"4.0": [0, 0, -3.36],
						"4.0417": [0, 0, -2.83],
						"4.0833": [0, 0, -2.32],
						"4.125": [0, 0, -1.82],
						"4.1667": [0, 0, -1.36],
						"4.2083": [0, 0, -0.93],
						"4.25": [0, 0, -0.56],
						"4.2917": [0, 0, -0.24],
						"4.3333": [0, 0, 0],
						"4.375": [0, 0, 0.15],
						"4.4167": [0, 0, 0.27],
						"4.4583": [0, 0, 0.37],
						"4.5": [0, 0, 0.44],
						"4.5417": [0, 0, 0.48],
						"4.5833": [0, 0, 0.51],
						"4.625": [0, 0, 0.52],
						"4.6667": [0, 0, 0.51],
						"4.7083": [0, 0, 0.49],
						"4.75": [0, 0, 0.46],
						"4.7917": [0, 0, 0.42],
						"4.8333": [0, 0, 0.37],
						"4.875": [0, 0, 0.31],
						"4.9167": [0, 0, 0.26],
						"4.9583": [0, 0, 0.2],
						"5.0": [0, 0, 0.15],
						"5.0417": [0, 0, 0.1],
						"5.0833": [0, 0, 0.06],
						"5.125": [0, 0, 0.03],
						"5.1667": [0, 0, 0.01],
						"5.2083": [0, 0, 0]
					}
				},
				"text": {
					"rotation": {
						"0.0": [0, 0, 0],
						"0.25": [0, 0, "math.sin(q.life_time * 2150.0) * 2.5"],
						"2.0": [0, 0, 0]
					},
					"scale": {
						"0.0": ["1+math.sin(q.life_time * 50.0) * 0.05", "1+math.sin(q.life_time * 50.0) * 0.05", 1],
						"0.1667": ["1+math.sin(q.life_time * 2150.0) * 0.1", "1+math.sin(q.life_time * 2150.0) * 0.1", 1],
						"0.4583": ["1+math.sin(q.life_time * 1150.0) * 0.1", "1+math.sin(q.life_time * 1150.0) * 0.1", "1+math.sin(q.life_time * 1150.0) * 0.1"],
						"1.2083": ["1+math.sin(q.life_time * 250.0) * 0.1", "1+math.sin(q.life_time * 250.0) * 0.1", "1+math.sin(q.life_time * 250.0) * 0.1"],
						"2.25": [1, 1, 1]
					}
				}
			},
			"particle_effects": {
				"0.0": {
					"effect": "pressed",
					"locator": "center_board"
				}
			}
		},
		"animation.menu.pressed2": {
			"animation_length": 5.20833,
			"bones": {
				"board": {
					"rotation": {
						"0.0": {
							"post": [0, 0, 0],
							"lerp_mode": "catmullrom"
						},
						"0.1667": {
							"post": [-7.52711, 1.67342, -0.47889],
							"lerp_mode": "catmullrom"
						},
						"0.25": {
							"post": [-7.52711, 1.67342, -0.47889],
							"lerp_mode": "catmullrom"
						},
						"0.625": {
							"post": [4.97424, 0, 0],
							"lerp_mode": "catmullrom"
						},
						"0.75": {
							"post": [4.97424, 0, 0],
							"lerp_mode": "catmullrom"
						},
						"1.2917": {
							"post": [-5.52576, 0, 0],
							"lerp_mode": "catmullrom"
						},
						"2.0": {
							"post": [4.47424, 0, 0],
							"lerp_mode": "catmullrom"
						},
						"2.875": {
							"post": [-1.77576, 0, 0],
							"lerp_mode": "catmullrom"
						},
						"3.625": {
							"post": [-1.77576, 0, 0],
							"lerp_mode": "catmullrom"
						},
						"4.3333": {
							"post": [2, 0, 0],
							"lerp_mode": "catmullrom"
						},
						"5.2083": {
							"post": [0, 0, 0],
							"lerp_mode": "catmullrom"
						}
					},
					"position": {
						"0.0": {
							"post": [0, 0, 0],
							"lerp_mode": "catmullrom"
						},
						"0.1667": {
							"post": [0, 0.425, -2.3],
							"lerp_mode": "catmullrom"
						},
						"0.25": {
							"post": [0, 0.425, -2.3],
							"lerp_mode": "catmullrom"
						},
						"0.4167": {
							"post": [0, 0.06, -0.79],
							"lerp_mode": "catmullrom"
						},
						"0.625": {
							"post": [0, 0.155, 1.3],
							"lerp_mode": "catmullrom"
						},
						"0.75": {
							"post": [0, 0.155, 1.3],
							"lerp_mode": "catmullrom"
						},
						"1.0": {
							"post": [0, 0.04, -0.055],
							"lerp_mode": "catmullrom"
						},
						"1.2917": {
							"post": [0, 0.125, -1.3],
							"lerp_mode": "catmullrom"
						},
						"1.6667": {
							"post": [0, -0.04, 0.19],
							"lerp_mode": "catmullrom"
						},
						"2.0": {
							"post": [0, 0.155, 1.4],
							"lerp_mode": "catmullrom"
						},
						"2.4583": {
							"post": [0, 0.005, 0.54],
							"lerp_mode": "catmullrom"
						},
						"2.875": {
							"post": [0, -0.015, -0.35],
							"lerp_mode": "catmullrom"
						},
						"3.625": {
							"post": [0, -0.01, 0.175],
							"lerp_mode": "catmullrom"
						},
						"4.3333": {
							"post": [0, 0, -0.05],
							"lerp_mode": "catmullrom"
						},
						"5.2083": {
							"post": [0, 0, 0],
							"lerp_mode": "catmullrom"
						}
					}
				},
				"rings": {
					"rotation": {
						"0.0": {
							"post": [0, 0, 0],
							"lerp_mode": "catmullrom"
						},
						"0.1667": {
							"post": [-12.5, 0, 0],
							"lerp_mode": "catmullrom"
						},
						"0.25": {
							"post": [-12.5, 0, 0],
							"lerp_mode": "catmullrom"
						},
						"0.625": {
							"post": [5, 0, 0],
							"lerp_mode": "catmullrom"
						},
						"0.75": {
							"post": [5, 0, 0],
							"lerp_mode": "catmullrom"
						},
						"1.2917": {
							"post": [-10, 0, 0],
							"lerp_mode": "catmullrom"
						},
						"2.0": {
							"post": [7.5, 0, 0],
							"lerp_mode": "catmullrom"
						},
						"2.875": {
							"post": [-2.5, 0, 0],
							"lerp_mode": "catmullrom"
						},
						"3.625": {
							"post": [0, 0, 0],
							"lerp_mode": "catmullrom"
						},
						"4.3333": {
							"post": [-1, 0, 0],
							"lerp_mode": "catmullrom"
						},
						"5.2083": {
							"post": [0, 0, 0],
							"lerp_mode": "catmullrom"
						}
					}
				},
				"ring6": {
					"rotation": {
						"0.0": {
							"post": [0, 0, 0],
							"lerp_mode": "catmullrom"
						},
						"0.1667": {
							"post": [-90, 5, 90],
							"lerp_mode": "catmullrom"
						},
						"0.25": {
							"post": [-90, 5, 90],
							"lerp_mode": "catmullrom"
						},
						"0.625": {
							"post": [90, 5, -90],
							"lerp_mode": "catmullrom"
						},
						"0.75": {
							"post": [90, 5, -90],
							"lerp_mode": "catmullrom"
						},
						"1.2917": {
							"post": [0, 0, 0],
							"lerp_mode": "catmullrom"
						},
						"2.0": {
							"post": [90, 2.5, -90],
							"lerp_mode": "catmullrom"
						},
						"2.875": {
							"post": [0, 0, 0],
							"lerp_mode": "catmullrom"
						},
						"3.625": {
							"post": [90, 2.5, -90],
							"lerp_mode": "catmullrom"
						},
						"4.3333": {
							"post": [0, 0, 0],
							"lerp_mode": "catmullrom"
						},
						"5.2083": {
							"post": [0, 0, 0],
							"lerp_mode": "catmullrom"
						}
					}
				},
				"ring5": {
					"rotation": {
						"0.0": {
							"post": [0, 0, 0],
							"lerp_mode": "catmullrom"
						},
						"0.1667": {
							"post": [0, 0, 5],
							"lerp_mode": "catmullrom"
						},
						"0.25": {
							"post": [0, 0, 5],
							"lerp_mode": "catmullrom"
						},
						"0.625": {
							"post": [0, 0, -2.5],
							"lerp_mode": "catmullrom"
						},
						"0.75": {
							"post": [0, 0, -2.5],
							"lerp_mode": "catmullrom"
						},
						"1.2917": {
							"post": [0, 0, 2.5],
							"lerp_mode": "catmullrom"
						},
						"2.0": {
							"post": [0, 0, -2.5],
							"lerp_mode": "catmullrom"
						},
						"2.875": {
							"post": [0, 0, 0],
							"lerp_mode": "catmullrom"
						},
						"3.625": {
							"post": [0, 0, 1],
							"lerp_mode": "catmullrom"
						},
						"4.3333": {
							"post": [0, 0, 1],
							"lerp_mode": "catmullrom"
						},
						"5.2083": {
							"post": [0, 0, 0],
							"lerp_mode": "catmullrom"
						}
					}
				},
				"ring4": {
					"rotation": {
						"0.0": {
							"post": [0, 0, 0],
							"lerp_mode": "catmullrom"
						},
						"0.1667": {
							"post": [90, 5, -90],
							"lerp_mode": "catmullrom"
						},
						"0.25": {
							"post": [90, 5, -90],
							"lerp_mode": "catmullrom"
						},
						"0.625": {
							"post": [-90, 7.5, 90],
							"lerp_mode": "catmullrom"
						},
						"0.75": {
							"post": [-90, 7.5, 90],
							"lerp_mode": "catmullrom"
						},
						"1.2917": {
							"post": [-90, 5, 90],
							"lerp_mode": "catmullrom"
						},
						"2.0": {
							"post": [-90, 7.5, 90],
							"lerp_mode": "catmullrom"
						},
						"2.875": {
							"post": [-90, 5, 90],
							"lerp_mode": "catmullrom"
						},
						"3.625": {
							"post": [-90, 6, 90],
							"lerp_mode": "catmullrom"
						},
						"4.3333": {
							"post": [90, 1, -90],
							"lerp_mode": "catmullrom"
						},
						"5.2083": {
							"post": [0, 0, 0],
							"lerp_mode": "catmullrom"
						}
					}
				},
				"ring3": {
					"rotation": {
						"0.0": {
							"post": [0, 0, 0],
							"lerp_mode": "catmullrom"
						},
						"0.1667": {
							"post": [0, 0, -7.5],
							"lerp_mode": "catmullrom"
						},
						"0.25": {
							"post": [0, 0, -7.5],
							"lerp_mode": "catmullrom"
						},
						"0.625": {
							"post": [0, 0, -2.5],
							"lerp_mode": "catmullrom"
						},
						"0.75": {
							"post": [0, 0, -2.5],
							"lerp_mode": "catmullrom"
						},
						"1.2917": {
							"post": [0, 0, -5],
							"lerp_mode": "catmullrom"
						},
						"2.0": {
							"post": [0, 0, -2.5],
							"lerp_mode": "catmullrom"
						},
						"2.875": {
							"post": [0, 0, -5],
							"lerp_mode": "catmullrom"
						},
						"3.625": {
							"post": [0, 0, -3],
							"lerp_mode": "catmullrom"
						},
						"4.3333": {
							"post": [0, 0, 0],
							"lerp_mode": "catmullrom"
						},
						"5.2083": {
							"post": [0, 0, 0],
							"lerp_mode": "catmullrom"
						}
					}
				},
				"ring2": {
					"rotation": {
						"0.0": {
							"post": [0, 0, 0],
							"lerp_mode": "catmullrom"
						},
						"0.1667": {
							"post": [-90, 5, 90],
							"lerp_mode": "catmullrom"
						},
						"0.25": {
							"post": [-90, 5, 90],
							"lerp_mode": "catmullrom"
						},
						"0.625": {
							"post": [-90, 5, 90],
							"lerp_mode": "catmullrom"
						},
						"0.75": {
							"post": [-90, 5, 90],
							"lerp_mode": "catmullrom"
						},
						"1.2917": {
							"post": [-90, 5, 90],
							"lerp_mode": "catmullrom"
						},
						"2.0": {
							"post": [-90, 2.5, 90],
							"lerp_mode": "catmullrom"
						},
						"2.875": {
							"post": [0, 0, 0],
							"lerp_mode": "catmullrom"
						},
						"3.625": {
							"post": [90, 2, -90],
							"lerp_mode": "catmullrom"
						},
						"4.3333": {
							"post": [90, 4, -90],
							"lerp_mode": "catmullrom"
						},
						"5.2083": {
							"post": [0, 0, 0],
							"lerp_mode": "catmullrom"
						}
					}
				},
				"ring": {
					"rotation": {
						"0.0": {
							"post": [0, 0, 0],
							"lerp_mode": "catmullrom"
						},
						"0.1667": {
							"post": [0, 0, -22.5],
							"lerp_mode": "catmullrom"
						},
						"0.25": {
							"post": [0, 0, -22.5],
							"lerp_mode": "catmullrom"
						},
						"0.625": {
							"post": [0, 0, 12.5],
							"lerp_mode": "catmullrom"
						},
						"0.75": {
							"post": [0, 0, 12.5],
							"lerp_mode": "catmullrom"
						},
						"1.2917": {
							"post": [0, 0, -15],
							"lerp_mode": "catmullrom"
						},
						"2.0": {
							"post": [0, 0, 7.5],
							"lerp_mode": "catmullrom"
						},
						"2.875": {
							"post": [0, 0, 2.5],
							"lerp_mode": "catmullrom"
						},
						"3.625": {
							"post": [0, 0, 6.5],
							"lerp_mode": "catmullrom"
						},
						"4.3333": {
							"post": [0, 0, 3],
							"lerp_mode": "catmullrom"
						},
						"5.2083": {
							"post": [0, 0, 0],
							"lerp_mode": "catmullrom"
						}
					}
				},
				"rings2": {
					"rotation": {
						"0.0": {
							"post": [0, 0, 0],
							"lerp_mode": "catmullrom"
						},
						"0.1667": {
							"post": [-12.5, 0, 0],
							"lerp_mode": "catmullrom"
						},
						"0.25": {
							"post": [-12.5, 0, 0],
							"lerp_mode": "catmullrom"
						},
						"0.625": {
							"post": [5, 0, 0],
							"lerp_mode": "catmullrom"
						},
						"0.75": {
							"post": [5, 0, 0],
							"lerp_mode": "catmullrom"
						},
						"1.2917": {
							"post": [-10, 0, 0],
							"lerp_mode": "catmullrom"
						},
						"2.0": {
							"post": [5, 0, 0],
							"lerp_mode": "catmullrom"
						},
						"2.875": {
							"post": [-2.5, 0, 0],
							"lerp_mode": "catmullrom"
						},
						"4.3333": {
							"post": [-1, 0, 0],
							"lerp_mode": "catmullrom"
						},
						"5.2083": {
							"post": [0, 0, 0],
							"lerp_mode": "catmullrom"
						}
					}
				},
				"ring7": {
					"rotation": {
						"0.0": {
							"post": [0, 0, 0],
							"lerp_mode": "catmullrom"
						},
						"0.1667": {
							"post": [0, 0, 0],
							"lerp_mode": "catmullrom"
						},
						"0.25": {
							"post": [0, 0, 0],
							"lerp_mode": "catmullrom"
						},
						"0.625": {
							"post": [90, -7.5, 90],
							"lerp_mode": "catmullrom"
						},
						"0.75": {
							"post": [90, -7.5, 90],
							"lerp_mode": "catmullrom"
						},
						"1.2917": {
							"post": [-90, -2.5, -90],
							"lerp_mode": "catmullrom"
						},
						"2.0": {
							"post": [90, -5, 90],
							"lerp_mode": "catmullrom"
						},
						"2.875": {
							"post": [0, 0, 0],
							"lerp_mode": "catmullrom"
						},
						"3.625": {
							"post": [90, -2.5, 90],
							"lerp_mode": "catmullrom"
						},
						"4.3333": {
							"post": [-90, -1, -90],
							"lerp_mode": "catmullrom"
						},
						"5.2083": {
							"post": [0, 0, 0],
							"lerp_mode": "catmullrom"
						}
					}
				},
				"ring8": {
					"rotation": {
						"0.0": {
							"post": [0, 0, 0],
							"lerp_mode": "catmullrom"
						},
						"0.1667": {
							"post": [0, 0, -5],
							"lerp_mode": "catmullrom"
						},
						"0.25": {
							"post": [0, 0, -5],
							"lerp_mode": "catmullrom"
						},
						"0.625": {
							"post": [0, 0, 2.5],
							"lerp_mode": "catmullrom"
						},
						"0.75": {
							"post": [0, 0, 2.5],
							"lerp_mode": "catmullrom"
						},
						"1.2917": {
							"post": [0, 0, 0],
							"lerp_mode": "catmullrom"
						},
						"2.0": {
							"post": [0, 0, 2.5],
							"lerp_mode": "catmullrom"
						},
						"2.875": {
							"post": [0, 0, 0],
							"lerp_mode": "catmullrom"
						},
						"3.625": {
							"post": [0, 0, 2],
							"lerp_mode": "catmullrom"
						},
						"4.3333": {
							"post": [0, 0, -1],
							"lerp_mode": "catmullrom"
						},
						"5.2083": {
							"post": [0, 0, 0],
							"lerp_mode": "catmullrom"
						}
					}
				},
				"ring9": {
					"rotation": {
						"0.0": {
							"post": [0, 0, 0],
							"lerp_mode": "catmullrom"
						},
						"0.1667": {
							"post": [90, -2.5, 90],
							"lerp_mode": "catmullrom"
						},
						"0.25": {
							"post": [90, -2.5, 90],
							"lerp_mode": "catmullrom"
						},
						"0.625": {
							"post": [0, 0, 0],
							"lerp_mode": "catmullrom"
						},
						"0.75": {
							"post": [0, 0, 0],
							"lerp_mode": "catmullrom"
						},
						"1.2917": {
							"post": [-90, -2.5, -90],
							"lerp_mode": "catmullrom"
						},
						"2.875": {
							"post": [0, 0, 0],
							"lerp_mode": "catmullrom"
						},
						"3.625": {
							"post": [-90, -1, -90],
							"lerp_mode": "catmullrom"
						},
						"4.3333": {
							"post": [90, -1, 90],
							"lerp_mode": "catmullrom"
						},
						"5.2083": {
							"post": [0, 0, 0],
							"lerp_mode": "catmullrom"
						}
					}
				},
				"ring10": {
					"rotation": {
						"0.0": {
							"post": [0, 0, 0],
							"lerp_mode": "catmullrom"
						},
						"0.1667": {
							"post": [0, 0, 0],
							"lerp_mode": "catmullrom"
						},
						"0.25": {
							"post": [0, 0, 0],
							"lerp_mode": "catmullrom"
						},
						"0.625": {
							"post": [0, 0, -2.5],
							"lerp_mode": "catmullrom"
						},
						"0.75": {
							"post": [0, 0, -2.5],
							"lerp_mode": "catmullrom"
						},
						"1.2917": {
							"post": [0, 0, 0],
							"lerp_mode": "catmullrom"
						},
						"2.0": {
							"post": [0, 0, -2.5],
							"lerp_mode": "catmullrom"
						},
						"2.875": {
							"post": [0, 0, 0],
							"lerp_mode": "catmullrom"
						},
						"3.625": {
							"post": [0, 0, -2],
							"lerp_mode": "catmullrom"
						},
						"4.3333": {
							"post": [0, 0, -3],
							"lerp_mode": "catmullrom"
						},
						"5.2083": {
							"post": [0, 0, 0],
							"lerp_mode": "catmullrom"
						}
					}
				},
				"ring11": {
					"rotation": {
						"0.0": {
							"post": [0, 0, 0],
							"lerp_mode": "catmullrom"
						},
						"0.1667": {
							"post": [-90, -7.5, -90],
							"lerp_mode": "catmullrom"
						},
						"0.25": {
							"post": [-90, -7.5, -90],
							"lerp_mode": "catmullrom"
						},
						"0.625": {
							"post": [0, 0, 0],
							"lerp_mode": "catmullrom"
						},
						"0.75": {
							"post": [0, 0, 0],
							"lerp_mode": "catmullrom"
						},
						"1.2917": {
							"post": [89.99997, -2.5, 89.99997],
							"lerp_mode": "catmullrom"
						},
						"2.0": {
							"post": [89.99999, -5, 89.99999],
							"lerp_mode": "catmullrom"
						},
						"2.875": {
							"post": [0, 0, 0],
							"lerp_mode": "catmullrom"
						},
						"3.625": {
							"post": [90, -4, 90],
							"lerp_mode": "catmullrom"
						},
						"4.3333": {
							"post": [90, -3, 90],
							"lerp_mode": "catmullrom"
						},
						"5.2083": {
							"post": [0, 0, 0],
							"lerp_mode": "catmullrom"
						}
					}
				},
				"ring12": {
					"rotation": {
						"0.0": {
							"post": [0, 0, 0],
							"lerp_mode": "catmullrom"
						},
						"0.1667": {
							"post": [0, 0, 17.5],
							"lerp_mode": "catmullrom"
						},
						"0.25": {
							"post": [0, 0, 17.5],
							"lerp_mode": "catmullrom"
						},
						"0.625": {
							"post": [0, 0, -20],
							"lerp_mode": "catmullrom"
						},
						"0.75": {
							"post": [0, 0, -20],
							"lerp_mode": "catmullrom"
						},
						"1.2917": {
							"post": [0, 0, -2.5],
							"lerp_mode": "catmullrom"
						},
						"2.0": {
							"post": [0, 0, -15],
							"lerp_mode": "catmullrom"
						},
						"2.875": {
							"post": [0, 0, -5],
							"lerp_mode": "catmullrom"
						},
						"3.625": {
							"post": [0, 0, -7],
							"lerp_mode": "catmullrom"
						},
						"4.3333": {
							"post": [0, 0, 0],
							"lerp_mode": "catmullrom"
						},
						"5.2083": {
							"post": [0, 0, 0],
							"lerp_mode": "catmullrom"
						}
					}
				}
			}
		},
		"animation.menu.blood_drip": {
			"loop": true,
			"animation_length": 11,
			"bones": {
				"blood_drip": {
					"position": [0, 0, 0.75]
				}
			},
			"particle_effects": {
				"0.5": {
					"effect": "drip",
					"locator": "blood_drip"
				},
				"1.5": {
					"effect": "drip",
					"locator": "blood_drip2"
				},
				"4.0": {
					"effect": "drip",
					"locator": "blood_drip4"
				},
				"4.25": {
					"effect": "drip",
					"locator": "blood_drip"
				},
				"5.0": {
					"effect": "drip",
					"locator": "blood_drip3"
				},
				"7.7917": {
					"effect": "drip",
					"locator": "blood_drip"
				},
				"8.0": {
					"effect": "drip",
					"locator": "blood_drip4"
				},
				"8.5": {
					"effect": "drip",
					"locator": "blood_drip5"
				},
				"9.5": {
					"effect": "drip",
					"locator": "blood_drip"
				}
			}
		},
		"animation.limb_jar.gib": {
			"loop": true,
			"bones": {
				"skull_0": {
					"scale": 0
				},
				"right_skull": {
					"scale": 0
				},
				"left_skull": {
					"scale": 0
				}
			}
		},
		"animation.limb_jar.gib.brain": {
			"loop": true,
			"bones": {
				"skull_1": {
					"rotation": [0, "-math.sin(q.anim_time*10)*65", 0],
					"position": [0, "math.sin(q.anim_time*35)*1.5", 0]
				}
			}
		},
		"animation.limb_jar.gib.brain.1": {
			"loop": true,
			"bones": {
				"skull_1": {
					"rotation": [0, "math.sin(q.anim_time*20)*25", 0],
					"position": [0, 0, 0]
				}
			}
		},
		"animation.limb_jar.gib.brain.2": {
			"loop": true,
			"bones": {
				"skull_1": {
					"rotation": ["-math.sin(q.anim_time*15)*2", "-math.sin(q.anim_time*20)*25", "math.sin(q.anim_time*10)*2"],
					"position": [0, "0.5+math.sin(q.anim_time*30)*0.5", 0]
				}
			}
		},
		"animation.limb_jar.gib.head_frag": {
			"loop": true,
			"bones": {
				"skull_0": {
					"rotation": [0, 85, 0],
					"position": [-1.25, 0, 0]
				}
			}
		},
		"animation.limb_jar.gib.head_frag.1": {
			"loop": true,
			"bones": {
				"skull_0": {
					"rotation": [0, 25, 0],
					"position": [-1.33452, "-1-math.sin(q.anim_time*55)*0.5", -0.18126]
				}
			}
		},
		"animation.limb_jar.gib.head_frag.2": {
			"loop": true,
			"bones": {
				"skull_0": {
					"rotation": [0, 0, 0],
					"position": [-1.33452, "-1-math.sin(q.anim_time*55)*0.5", -0.18126]
				}
			}
		},
		"animation.limb_jar.gib.1": {
			"loop": true,
			"bones": {
				"right_skull": {
					"rotation": ["-math.sin(q.anim_time*40)*0.5", "4+math.sin(q.anim_time*25)*2", 0]
				},
				"left_skull": {
					"rotation": ["math.sin(q.anim_time*40)*0.5", "-4-math.sin(q.anim_time*25)*0.75", 0],
					"position": [-0.00916, 0, -0.14972]
				},
				"skull_1": {
					"scale": 0
				},
				"right_jaw": {
					"rotation": ["22.5642-math.sin(q.anim_time*40)*10", -6.53139, 2.70353],
					"position": [0.24407, 0, -0.05411]
				},
				"left_jaw": {
					"rotation": ["7.5+math.sin(q.anim_time*20)*12", "math.sin(q.anim_time*30)*2", "math.sin(q.anim_time*40)*8"],
					"position": [-0.24786, 0, -0.03263]
				},
				"eye_brow2": {
					"rotation": [0, 0, 8.5],
					"position": [0.04116, -0.41295, 0],
					"scale": [1, 1.255, 1]
				},
				"eye_brow": {
					"rotation": [0, 0, -13.5],
					"position": [-0.05779, -0.40683, 0],
					"scale": [1, 1.43, 1]
				}
			}
		},
		"animation.limb_jar.gib.2": {
			"loop": true,
			"bones": {
				"right_skull": {
					"rotation": ["-math.sin(q.anim_time*40)*0.5", "4+math.sin(q.anim_time*25)*2", 0]
				},
				"left_skull": {
					"rotation": ["math.sin(q.anim_time*40)*0.5", "-4-math.sin(q.anim_time*25)*0.75", 0],
					"position": [-0.00916, 0, -0.14972]
				},
				"skull_1": {
					"scale": 0
				},
				"right_jaw": {
					"rotation": ["33.0835-math.sin(q.anim_time*40)*10", "-6.1065+math.sin(q.anim_time*10)*2", -3.00074],
					"position": [0.27206, -0.21909, -0.20811]
				},
				"left_jaw": {
					"rotation": ["7.5+math.sin(q.anim_time*20)*12", "math.sin(q.anim_time*30)*2", "math.sin(q.anim_time*40)*8"],
					"position": [-0.24786, 0, -0.03263]
				},
				"eye_brow2": {
					"position": [0.03486, -0.39848, 0],
					"scale": [1, 1.4, 1]
				},
				"eye_brow": {
					"position": [-0.03486, -0.39848, 0],
					"scale": [1, 1.2, 1]
				}
			}
		},
		"animation.limb_jar.gib.3": {
			"loop": true,
			"bones": {
				"right_skull": {
					"rotation": ["-math.sin(q.anim_time*40)*0.5", "4+math.sin(q.anim_time*25)*2", 0]
				},
				"left_skull": {
					"rotation": ["math.sin(q.anim_time*40)*0.5", "-4-math.sin(q.anim_time*25)*0.75", 0],
					"position": [-0.00916, 0, -0.14972]
				},
				"skull_1": {
					"scale": 0
				},
				"right_jaw": {
					"rotation": ["22.5642-math.sin(q.anim_time*40)*10", -6.53139, 2.70353],
					"position": [0.24407, 0, -0.05411]
				},
				"left_jaw": {
					"rotation": ["7.5+math.sin(q.anim_time*20)*12", "math.sin(q.anim_time*30)*2", "math.sin(q.anim_time*40)*8"],
					"position": [-0.24786, 0, -0.03263]
				},
				"eye_brow2": {
					"rotation": [0, 0, 1],
					"position": [-0.05604, -0.50681, 0],
					"scale": [1, 1.355, 1]
				},
				"eye_brow": {
					"rotation": [0, 0, -7.5],
					"position": [-0.02179, -0.24905, 0],
					"scale": [1, 1.3, 1]
				}
			}
		},
		"animation.limb_jar.hold.fp": {
			"loop": true,
			"bones": {
				"jar": {
					"rotation": [38.07621, 38.96955, -109.5759],
					"position": [-5.62043, 4.24971, -5.00934],
					"scale": 0.35
				},
				"z_head": {
					"rotation": ["math.sin(q.anim_time*120)*3", -90, "math.sin(q.anim_time*70)*2.25"],
					"position": [-8, "13+math.sin(q.anim_time*100)*0.6", -2]
				},
				"zombie_limb": {
					"rotation": ["-32.5+math.sin(q.anim_time*50)*10", "-52.5+math.sin(q.anim_time*20)*15", "math.sin(q.anim_time*30)*10"],
					"position": [-8, "13.5+math.sin(q.anim_time*100)*0.6", -2]
				}
			}
		}
	}
}