{
	"format_version": "1.8.0",
	"animations": {
		"animation.ra_button.pressed": {
			"loop": "hold_on_last_frame",
			"animation_length": 12.54167,
			"bones": {
				"button": {
					"position": {
						"0.0": [0, 0, 0],
						"0.0833": [0, -1.25, 0],
						"0.875": [0, -1.25, 0]
					}
				},
				"antena": {
					"rotation": {
						"0.0417": [0, 0, 0],
						"0.125": ["math.sin(query.anim_time*1200)*4", 0, 0],
						"1.625": [0, 0, 0]
					}
				},
				"bar": {
					"position": {
						"0.5417": [0, 0, 0],
						"0.5833": [0, 0, -1],
						"0.6667": [0, 0, -1],
						"0.7083": [0, 0, 0],
						"0.7917": [0, 0, 0],
						"0.8333": [0, 0, -1],
						"0.9167": [0, 0, -1],
						"0.9583": [0, 0, 0],
						"1.0417": [0, 0, 0],
						"1.0833": [0, 0, -1],
						"1.1667": [0, 0, -1],
						"1.2083": [0, 0, 0],
						"1.2917": [0, 0, 0],
						"1.3333": [0, 0, -1],
						"1.4167": [0, 0, -1],
						"1.4583": [0, 0, 0],
						"1.5417": [0, 0, 0],
						"1.5833": [0, 0, -1],
						"1.6667": [0, 0, -1],
						"1.7083": [0, 0, 0],
						"1.7917": [0, 0, 0],
						"1.8333": [0, 0, -1],
						"1.9167": [0, 0, -1],
						"1.9583": [0, 0, 0],
						"2.0417": [0, 0, 0],
						"2.0833": [0, 0, -1],
						"2.1667": [0, 0, -1],
						"2.2083": [0, 0, 0],
						"2.2917": [0, 0, 0],
						"2.3333": [0, 0, -1],
						"2.4167": [0, 0, -1],
						"2.4583": [0, 0, 0],
						"2.5417": [0, 0, 0],
						"2.5833": [0, 0, -1],
						"2.6667": [0, 0, -1],
						"2.7083": [0, 0, 0],
						"2.7917": [0, 0, 0],
						"2.8333": [0, 0, -1],
						"2.9167": [0, 0, -1],
						"2.9583": [0, 0, 0],
						"3.0417": [0, 0, 0],
						"3.0833": [0, 0, -1],
						"3.1667": [0, 0, -1],
						"3.2083": [0, 0, 0],
						"3.2917": [0, 0, 0],
						"3.3333": [0, 0, -1],
						"3.4167": [0, 0, -1],
						"3.4583": [0, 0, 0],
						"3.5417": [0, 0, 0],
						"3.5833": [0, 0, -1],
						"3.6667": [0, 0, -1],
						"3.7083": [0, 0, 0],
						"3.7917": [0, 0, 0],
						"3.8333": [0, 0, -1],
						"3.9167": [0, 0, -1],
						"3.9583": [0, 0, 0],
						"4.0417": [0, 0, 0],
						"4.0833": [0, 0, -1],
						"4.1667": [0, 0, -1],
						"4.2083": [0, 0, 0],
						"4.2917": [0, 0, 0],
						"4.3333": [0, 0, -1],
						"4.4167": [0, 0, -1],
						"4.4583": [0, 0, 0],
						"4.5417": [0, 0, 0],
						"4.5833": [0, 0, -1],
						"4.6667": [0, 0, -1],
						"4.7083": [0, 0, 0],
						"4.7917": [0, 0, 0],
						"4.8333": [0, 0, -1],
						"4.9167": [0, 0, -1],
						"4.9583": [0, 0, 0],
						"5.0417": [0, 0, 0],
						"5.0833": [0, 0, -1],
						"5.1667": [0, 0, -1],
						"5.2083": [0, 0, 0],
						"5.2917": [0, 0, 0],
						"5.3333": [0, 0, -1],
						"5.4167": [0, 0, -1],
						"5.4583": [0, 0, 0],
						"5.5417": [0, 0, 0],
						"5.5833": [0, 0, -1],
						"5.6667": [0, 0, -1],
						"5.7083": [0, 0, 0],
						"5.7917": [0, 0, 0],
						"5.8333": [0, 0, -1],
						"5.9167": [0, 0, -1],
						"5.9583": [0, 0, 0],
						"6.0417": [0, 0, 0],
						"6.0833": [0, 0, -1],
						"6.1667": [0, 0, -1],
						"6.2083": [0, 0, 0],
						"6.2917": [0, 0, 0],
						"6.3333": [0, 0, -1],
						"6.4167": [0, 0, -1],
						"6.4583": [0, 0, 0],
						"6.5417": [0, 0, 0],
						"6.5833": [0, 0, -1],
						"6.6667": [0, 0, -1],
						"6.7083": [0, 0, 0],
						"6.7917": [0, 0, 0],
						"6.8333": [0, 0, -1],
						"6.9167": [0, 0, -1],
						"6.9583": [0, 0, 0],
						"7.0417": [0, 0, 0],
						"7.0833": [0, 0, -1],
						"7.1667": [0, 0, -1],
						"7.2083": [0, 0, 0],
						"7.2917": [0, 0, 0],
						"7.3333": [0, 0, -1],
						"7.4167": [0, 0, -1],
						"7.4583": [0, 0, 0],
						"7.5417": [0, 0, 0],
						"7.5833": [0, 0, -1],
						"7.6667": [0, 0, -1],
						"7.7083": [0, 0, 0],
						"7.7917": [0, 0, 0],
						"7.8333": [0, 0, -1],
						"7.9167": [0, 0, -1],
						"7.9583": [0, 0, 0],
						"8.0417": [0, 0, 0],
						"8.0833": [0, 0, -1],
						"8.1667": [0, 0, -1],
						"8.2083": [0, 0, 0],
						"8.2917": [0, 0, 0],
						"8.3333": [0, 0, -1],
						"8.4167": [0, 0, -1],
						"8.4583": [0, 0, 0],
						"8.5417": [0, 0, 0],
						"8.5833": [0, 0, -1],
						"8.6667": [0, 0, -1],
						"8.7083": [0, 0, 0],
						"8.7917": [0, 0, 0],
						"8.8333": [0, 0, -1],
						"8.9167": [0, 0, -1],
						"8.9583": [0, 0, 0],
						"9.0417": [0, 0, 0],
						"9.0833": [0, 0, -1],
						"9.1667": [0, 0, -1],
						"9.2083": [0, 0, 0],
						"9.2917": [0, 0, 0],
						"9.3333": [0, 0, -1],
						"9.4167": [0, 0, -1],
						"9.4583": [0, 0, 0],
						"9.5417": [0, 0, 0],
						"9.5833": [0, 0, -1],
						"9.6667": [0, 0, -1],
						"9.7083": [0, 0, 0],
						"9.7917": [0, 0, 0],
						"9.8333": [0, 0, -1],
						"9.9167": [0, 0, -1],
						"9.9583": [0, 0, 0],
						"10.0417": [0, 0, 0],
						"10.0833": [0, 0, -1],
						"10.1667": [0, 0, -1],
						"10.2083": [0, 0, 0],
						"10.2917": [0, 0, 0],
						"10.3333": [0, 0, -1],
						"10.4167": [0, 0, -1],
						"10.4583": [0, 0, 0],
						"10.5417": [0, 0, 0],
						"10.5833": [0, 0, -1],
						"10.6667": [0, 0, -1],
						"10.7083": [0, 0, 0],
						"10.7917": [0, 0, 0],
						"10.8333": [0, 0, -1],
						"10.9167": [0, 0, -1],
						"10.9583": [0, 0, 0],
						"11.0417": [0, 0, 0],
						"11.0833": [0, 0, -1],
						"11.1667": [0, 0, -1],
						"11.2083": [0, 0, 0],
						"11.2917": [0, 0, 0],
						"11.3333": [0, 0, -1],
						"11.4167": [0, 0, -1],
						"11.4583": [0, 0, 0],
						"11.5417": [0, 0, 0],
						"11.5833": [0, 0, -1],
						"11.6667": [0, 0, -1],
						"11.7083": [0, 0, 0],
						"11.7917": [0, 0, 0],
						"11.8333": [0, 0, -1],
						"11.9167": [0, 0, -1],
						"11.9583": [0, 0, 0],
						"12.0417": [0, 0, 0],
						"12.0833": [0, 0, -1],
						"12.1667": [0, 0, -1],
						"12.2083": [0, 0, 0],
						"12.2917": [0, 0, 0],
						"12.3333": [0, 0, -1],
						"12.4167": [0, 0, -1],
						"12.4583": [0, 0, 0]
					}
				}
			},
			"particle_effects": {
				"0.0833": {
					"effect": "button",
					"locator": "button"
				}
			}
		},
		"animation.ra_button_spawner.pressed": {
			"loop": "hold_on_last_frame",
			"animation_length": 2.25,
			"bones": {
				"button": {
					"position": {
						"0.0": [0, 0, 0],
						"0.0833": [0, -1.25, 0],
						"2.25": [0, -1.25, 0]
					}
				},
				"antena": {
					"rotation": {
						"0.0417": [0, 0, 0],
						"0.125": ["math.sin(query.anim_time*1200)*4", 0, 0],
						"1.625": [0, 0, 0]
					}
				}
			},
			"particle_effects": {
				"0.0833": {
					"effect": "button",
					"locator": "button"
				}
			}
		},
		"animation.ra_button.idle": {
			"loop": "hold_on_last_frame",
			"animation_length": 1,
			"particle_effects": {
				"0.0417": {
					"effect": "light",
					"locator": "light"
				}
			}
		},
		"animation.ra_button.scale": {
			"loop": "hold_on_last_frame",
			"bones": {
				"root": {
					"position": [0, 0, -0.25],
					"scale": 0.75
				}
			}
		}
	}
}