{
	"format_version": "1.8.0",
	"animations": {
		"animation.target.hit": {
			"loop": "hold_on_last_frame",
			"animation_length": 0.33333,
			"bones": {
				"root": {
					"position": {
						"0.0": [0, 0, 0],
						"0.0417": [0, 0.15, 0.25],
						"0.0833": [0, 0, 0]
					}
				},
				"target": {
					"rotation": {
						"0.0": [0, 0, 0],
						"0.1667": [-92.5, 0, 0],
						"0.25": [-80, 0, 0],
						"0.2917": [-92.5, 0, 0],
						"0.3333": [-90, 0, 0]
					}
				}
			},
			"sound_effects": {
				"0.0": {
					"effect": "hit"
				}
			}
		},
		"animation.target.return": {
			"loop": "hold_on_last_frame",
			"animation_length": 0.83333,
			"bones": {
				"target": {
					"rotation": {
						"0.0": [-90, 0, 0],
						"0.5": [0, 0, 0],
						"0.5833": [6, 0, 0],
						"0.6667": [-3, 0, 0],
						"0.75": [2, 0, 0],
						"0.8333": [0, 0, 0]
					}
				}
			},
			"sound_effects": {
				"0.0": {
					"effect": "gear"
				},
				"0.5833": {
					"effect": "metal"
				},
				"0.7083": {
					"effect": "metal"
				}
			}
		}
	}
}