{
	"format_version": "1.8.0",
	"animations": {
		"animation.weapon_display.ak.gold.vfx": {
			"loop": true,
			"animation_length": 1,
			"particle_effects": {
				"0.0": [
					{
						"effect": "ak.gold_twinkle",
						"locator": "ak_gold_twinkle_body"
					},
					{
						"effect": "ak.gold_twinkle",
						"locator": "ak_gold_twinkle_barrel"
					},
					{
						"effect": "ak.gold_twinkle.stock",
						"locator": "ak_gold_twinkle_stock"
					},
					{
						"effect": "ak.gold_twinkle.clip",
						"locator": "ak_gold_twinkle_clip"
					}
				],
				"0.25": [
					{
						"effect": "ak.gold_twinkle",
						"locator": "ak_gold_twinkle_body"
					},
					{
						"effect": "ak.gold_twinkle",
						"locator": "ak_gold_twinkle_barrel"
					},
					{
						"effect": "ak.gold_twinkle.stock",
						"locator": "ak_gold_twinkle_stock"
					},
					{
						"effect": "ak.gold_twinkle.clip",
						"locator": "ak_gold_twinkle_clip"
					}
				],
				"0.5": [
					{
						"effect": "ak.gold_twinkle",
						"locator": "ak_gold_twinkle_body"
					},
					{
						"effect": "ak.gold_twinkle",
						"locator": "ak_gold_twinkle_barrel"
					},
					{
						"effect": "ak.gold_twinkle.stock",
						"locator": "ak_gold_twinkle_stock"
					},
					{
						"effect": "ak.gold_twinkle.clip",
						"locator": "ak_gold_twinkle_clip"
					}
				],
				"0.75": [
					{
						"effect": "ak.gold_twinkle",
						"locator": "ak_gold_twinkle_body"
					},
					{
						"effect": "ak.gold_twinkle",
						"locator": "ak_gold_twinkle_barrel"
					},
					{
						"effect": "ak.gold_twinkle.stock",
						"locator": "ak_gold_twinkle_stock"
					},
					{
						"effect": "ak.gold_twinkle.clip",
						"locator": "ak_gold_twinkle_clip"
					}
				]
			}
		},
		"animation.weapon_display.no_holds": {
			"loop": "hold_on_last_frame",
			"bones": {
				"left_support": {
					"scale": 0
				},
				"right_support": {
					"scale": 0
				},
				"right_support_thunder": {
					"scale": 0
				},
				"left_support_thunder": {
					"scale": 0
				}
			}
		},
		"animation.weapon_display.scar.gold.vfx": {
			"loop": true,
			"animation_length": 1,
			"particle_effects": {
				"0.0": [
					{
						"effect": "ak.gold_twinkle",
						"locator": "scar_gold_twinkle_body"
					},
					{
						"effect": "ak.gold_twinkle",
						"locator": "scar_gold_twinkle_body2"
					}
				],
				"0.25": [
					{
						"effect": "ak.gold_twinkle",
						"locator": "scar_gold_twinkle_body"
					},
					{
						"effect": "ak.gold_twinkle",
						"locator": "scar_gold_twinkle_body2"
					}
				],
				"0.5": [
					{
						"effect": "ak.gold_twinkle",
						"locator": "scar_gold_twinkle_body"
					},
					{
						"effect": "ak.gold_twinkle",
						"locator": "scar_gold_twinkle_body2"
					}
				],
				"0.75": [
					{
						"effect": "ak.gold_twinkle",
						"locator": "scar_gold_twinkle_body"
					},
					{
						"effect": "ak.gold_twinkle",
						"locator": "scar_gold_twinkle_body2"
					}
				]
			}
		},
		"animation.weapon_display.ak.gold.vfx.1": {
			"loop": true,
			"animation_length": 1,
			"particle_effects": {
				"0.0": [
					{
						"effect": "ak.gold_twinkle",
						"locator": "ak_gold_twinkle_body"
					},
					{
						"effect": "ak.gold_twinkle",
						"locator": "ak_gold_twinkle_barrel"
					},
					{
						"effect": "ak.gold_twinkle.clip",
						"locator": "ak_gold_twinkle_clip"
					}
				],
				"0.25": [
					{
						"effect": "ak.gold_twinkle",
						"locator": "ak_gold_twinkle_body"
					},
					{
						"effect": "ak.gold_twinkle",
						"locator": "ak_gold_twinkle_barrel"
					},
					{
						"effect": "ak.gold_twinkle.clip",
						"locator": "ak_gold_twinkle_clip"
					}
				],
				"0.5": [
					{
						"effect": "ak.gold_twinkle",
						"locator": "ak_gold_twinkle_body"
					},
					{
						"effect": "ak.gold_twinkle",
						"locator": "ak_gold_twinkle_barrel"
					},
					{
						"effect": "ak.gold_twinkle.clip",
						"locator": "ak_gold_twinkle_clip"
					}
				],
				"0.75": [
					{
						"effect": "ak.gold_twinkle",
						"locator": "ak_gold_twinkle_body"
					},
					{
						"effect": "ak.gold_twinkle",
						"locator": "ak_gold_twinkle_barrel"
					},
					{
						"effect": "ak.gold_twinkle.clip",
						"locator": "ak_gold_twinkle_clip"
					}
				]
			}
		},
		"animation.weapon_display.ak.scale": {
			"loop": "hold_on_last_frame",
			"bones": {
				"left_support": {
					"position": [0.15, 0.75, 0]
				},
				"weapon_root": {
					"position": [1.1, 2.1, 0.2],
					"scale": 0.2
				},
				"right_support": {
					"position": [-0.5, 0.675, 0]
				}
			}
		},
		"animation.weapon_display.ak.rot": {
			"loop": "hold_on_last_frame",
			"bones": {
				"left_support": {
					"position": [-0.4, -0.15, 0]
				},
				"weapon_root": {
					"rotation": [-15, 0, 0],
					"position": [0.6, 1.55, 0.1],
					"scale": 0.2
				},
				"right_support": {
					"position": [-0.25, 2.55, 0]
				}
			}
		},
		"animation.weapon_display.ak.rot.1": {
			"loop": "hold_on_last_frame",
			"bones": {
				"left_support": {
					"position": [0, 2.55, 0]
				},
				"weapon_root": {
					"rotation": [-15, 180, 0],
					"position": [9.1, 1.55, 0.2],
					"scale": 0.2
				},
				"right_support": {
					"position": [0.15, -0.15, 0]
				}
			}
		},
		"animation.weapon_display.ak.rot.2": {
			"loop": "hold_on_last_frame",
			"bones": {
				"left_support": {
					"position": [-0.5, 0.675, 0]
				},
				"weapon_root": {
					"rotation": [0, 180, 0],
					"position": [9.2, 2.1, 0.15],
					"scale": 0.2
				},
				"right_support": {
					"position": [0.15, 0.75, 0]
				}
			}
		},
		"animation.weapon_display.awm.scale": {
			"loop": "hold_on_last_frame",
			"bones": {
				"left_support": {
					"position": [-0.4, -0.3, 0]
				},
				"weapon_root": {
					"position": [9, -3.425, 2.625],
					"scale": 0.3
				},
				"right_support": {
					"position": [0, 0.9, 0]
				}
			}
		},
		"animation.weapon_display.awm.rot": {
			"loop": "hold_on_last_frame",
			"bones": {
				"left_support": {
					"position": [-0.1, -0.175, 0]
				},
				"weapon_root": {
					"rotation": [-15, 0, 0],
					"position": [9, -3.675, 2.6],
					"scale": 0.3
				},
				"right_support": {
					"position": [-0.6, 3.55, 0]
				}
			}
		},
		"animation.weapon_display.awm.rot.1": {
			"loop": "hold_on_last_frame",
			"bones": {
				"left_support": {
					"position": [0.6, 3.55, 0]
				},
				"weapon_root": {
					"rotation": [-15, 180, 0],
					"position": [22, -3.675, 2.55],
					"scale": 0.3
				},
				"right_support": {
					"position": [0.1, -0.175, 0]
				}
			}
		},
		"animation.weapon_display.awm.rot.2": {
			"loop": "hold_on_last_frame",
			"bones": {
				"left_support": {
					"position": [0, 0.9, 0]
				},
				"weapon_root": {
					"rotation": [0, 180, 0],
					"position": [22, -3.425, 2.65],
					"scale": 0.3
				},
				"right_support": {
					"position": [0.4, -0.3, 0]
				}
			}
		},
		"animation.weapon_display.thunder_gun.scale": {
			"loop": "hold_on_last_frame",
			"bones": {
				"left_support": {
					"position": [-0.25, 0.25, 0]
				},
				"right_support": {
					"position": [0, 0.25, 0]
				},
				"weapon_root": {
					"position": [2.575, 1.85, 3.7],
					"scale": 0.45
				},
				"right_support_thunder": {
					"position": [0, 0.4, 0]
				}
			}
		},
		"animation.weapon_display.thunder_gun.rot": {
			"loop": "hold_on_last_frame",
			"bones": {
				"left_support": {
					"position": [-0.5, 0, 0]
				},
				"weapon_root": {
					"rotation": [-15, 0, 0],
					"position": [2.725, 1.95, 3.7],
					"scale": 0.45
				},
				"right_support": {
					"position": [-0.5, 3.25, 0]
				},
				"right_support_thunder": {
					"position": [0, 2.725, 0]
				}
			}
		},
		"animation.weapon_display.thunder_gun.rot.1": {
			"loop": "hold_on_last_frame",
			"bones": {
				"left_support": {
					"position": [-0.5, 0, 0]
				},
				"weapon_root": {
					"rotation": [-15, 180, 0],
					"position": [9.225, 1.95, 3.7],
					"scale": 0.45
				},
				"right_support": {
					"position": [-0.5, 3.25, 0]
				},
				"left_support_thunder": {
					"position": [0, 2.725, 0]
				}
			}
		},
		"animation.weapon_display.thunder_gun.rot.2": {
			"loop": "hold_on_last_frame",
			"bones": {
				"left_support": {
					"position": [-0.25, 0.25, 0]
				},
				"right_support": {
					"position": [0, 0.25, 0]
				},
				"weapon_root": {
					"rotation": [0, 180, 0],
					"position": [9.575, 1.85, 3.7],
					"scale": 0.45
				},
				"left_support_thunder": {
					"position": [0, 0.4, 0]
				}
			}
		},
		"animation.weapon_display.mx115.scale": {
			"loop": "hold_on_last_frame",
			"bones": {
				"left_support": {
					"position": [3.5, 0.1, 0]
				},
				"weapon_root": {
					"position": [0.7, -1, 0.7],
					"scale": 0.6
				},
				"right_support": {
					"position": [-3, 0.25, 0]
				},
				"right_support_thunder": {
					"position": [0, -0.4, 0]
				},
				"left_support_thunder": {
					"position": [0, 0.25, 0]
				}
			}
		},
		"animation.weapon_display.mx115.rot": {
			"loop": "hold_on_last_frame",
			"bones": {
				"left_support": {
					"position": [3.4, -0.25, 0]
				},
				"weapon_root": {
					"rotation": [-15, 0, 0],
					"position": [0.7, -2, 0.7],
					"scale": 0.6
				},
				"right_support": {
					"position": [-0.4, 1, 0]
				},
				"right_support_thunder": {
					"position": [0, 2.725, 0]
				}
			}
		},
		"animation.weapon_display.mx115.rot.1": {
			"loop": "hold_on_last_frame",
			"bones": {
				"left_support": {
					"position": [0.4, 1, 0]
				},
				"weapon_root": {
					"rotation": [-15, 180, 0],
					"position": [9.2, -2, 0.7],
					"scale": 0.6
				},
				"right_support": {
					"position": [-3.4, -0.25, 0]
				},
				"right_support_thunder": {
					"position": [0, 2.725, 0]
				}
			}
		},
		"animation.weapon_display.mx115.rot.2": {
			"loop": "hold_on_last_frame",
			"bones": {
				"left_support": {
					"position": [3.5, 0.1, 0]
				},
				"weapon_root": {
					"rotation": [0, 180, 0],
					"position": [9.8, -1, 0.7],
					"scale": 0.6
				},
				"right_support": {
					"position": [-3, 0.25, 0]
				},
				"right_support_thunder": {
					"position": [0, -0.4, 0]
				},
				"left_support_thunder": {
					"position": [0, 0.25, 0]
				}
			}
		},
		"animation.weapon_display.mx115.vfx": {
			"loop": true,
			"animation_length": 0.05,
			"bones": {
				"clip_glow": {
					"position": [0, 6, 0]
				}
			},
			"particle_effects": {
				"0.0": {
					"effect": "m4_rad.blue_glow",
					"locator": "clip_glow"
				}
			}
		},
		"animation.weapon_display.mx115.vfx2": {
			"loop": true,
			"animation_length": 0.05,
			"bones": {
				"clip_glow": {
					"position": [0, 6, 0]
				}
			},
			"particle_effects": {
				"0.0": {
					"effect": "mx115_netherite.red_glow",
					"locator": "clip_glow"
				}
			}
		},
		"animation.weapon_display.citori_725.scale": {
			"loop": "hold_on_last_frame",
			"bones": {
				"left_support": {
					"position": [0.35, 1.15, 0]
				},
				"weapon_root": {
					"position": [16.85, 0.525, 1.725],
					"scale": 0.19
				},
				"right_support": {
					"position": [-0.5, 1.1, 0]
				}
			}
		},
		"animation.weapon_display.citori_725.rot": {
			"loop": "hold_on_last_frame",
			"bones": {
				"left_support": {
					"position": [0.6, 0.25, 0]
				},
				"weapon_root": {
					"rotation": [-15, 0, 0],
					"position": [16.85, -0.475, 1.725],
					"scale": 0.19
				},
				"right_support": {
					"position": [-0.6, 2.6, 0]
				}
			}
		},
		"animation.weapon_display.citori_725.rot.1": {
			"loop": "hold_on_last_frame",
			"bones": {
				"left_support": {
					"position": [0.6, 2.6, 0]
				},
				"weapon_root": {
					"rotation": [-15, 180, 0],
					"position": [27.1, -0.475, 1.725],
					"scale": 0.19
				},
				"right_support": {
					"position": [-0.6, 0.25, 0]
				}
			}
		},
		"animation.weapon_display.citori_725.rot.2": {
			"loop": "hold_on_last_frame",
			"bones": {
				"left_support": {
					"position": [0.5, 1.1, 0]
				},
				"weapon_root": {
					"rotation": [0, 180, 0],
					"position": [27.35, 0.525, 1.725],
					"scale": 0.19
				},
				"right_support": {
					"position": [-0.35, 1.15, 0]
				}
			}
		},
		"animation.weapon_display.mini_gun.scale": {
			"loop": "hold_on_last_frame",
			"bones": {
				"left_support": {
					"position": [-0.25, 0.25, 0]
				},
				"right_support": {
					"position": [0, 0.25, 0]
				},
				"weapon_root": {
					"position": [4.575, -2.15, 4.5],
					"scale": 0.5
				},
				"right_support_thunder": {
					"position": [0, -0.025, 0]
				},
				"left_support_thunder": {
					"position": [-1.25, 3.4, 0]
				}
			}
		},
		"animation.weapon_display.mini_gun.rot": {
			"loop": "hold_on_last_frame",
			"bones": {
				"left_support": {
					"position": [0.6, 0.25, 0]
				},
				"weapon_root": {
					"rotation": [-15, 0, 0],
					"position": [4.575, -4.15, 4.5],
					"scale": 0.5
				},
				"right_support": {
					"position": [-0.6, 2.6, 0]
				},
				"right_support_thunder": {
					"position": [0.25, 1.8, 0]
				},
				"left_support_thunder": {
					"position": [-1.5, 2.25, 0]
				}
			}
		},
		"animation.weapon_display.mini_gun.rot.1": {
			"loop": "hold_on_last_frame",
			"animation_length": 0.04167,
			"bones": {
				"left_support": {
					"position": [0.6, 0.25, 0]
				},
				"weapon_root": {
					"rotation": [-15, 180, 0],
					"position": [23.575, -4.15, 4.5],
					"scale": 0.5
				},
				"right_support": {
					"position": [-0.6, 2.6, 0]
				},
				"right_support_thunder": {
					"position": [1.5, 2.25, 0]
				},
				"left_support_thunder": {
					"position": [-0.25, 1.8, 0]
				}
			}
		},
		"animation.weapon_display.mini_gun.rot.2": {
			"loop": "hold_on_last_frame",
			"bones": {
				"left_support": {
					"position": [-0.25, 0.25, 0]
				},
				"right_support": {
					"position": [0, 0.25, 0]
				},
				"weapon_root": {
					"rotation": [0, 180, 0],
					"position": [23.575, -2.15, 4.5],
					"scale": 0.5
				},
				"right_support_thunder": {
					"position": [1.25, 3.4, 0]
				},
				"left_support_thunder": {
					"position": [0, -0.025, 0]
				}
			}
		},
		"animation.weapon_display.m4.scale": {
			"loop": "hold_on_last_frame",
			"bones": {
				"left_support": {
					"position": [-0.4, 0.775, 0]
				},
				"weapon_root": {
					"position": [3.35, 2.75, 0.6],
					"scale": 0.275
				},
				"right_support": {
					"position": [0, 0.3, 0]
				},
				"suppressor": {
					"position": [0, 0, 0.6],
					"scale": 0.8
				}
			}
		},
		"animation.weapon_display.m4.rot": {
			"loop": "hold_on_last_frame",
			"bones": {
				"left_support": {
					"position": [9.25, 2.375, 0]
				},
				"weapon_root": {
					"rotation": [15, 0, 0],
					"position": [3.35, 2.75, 0.675],
					"scale": 0.275
				},
				"right_support": {
					"position": [-10.6, 0.25, 0]
				},
				"suppressor": {
					"position": [0, 0, 0.6],
					"scale": 0.8
				}
			}
		},
		"animation.weapon_display.m4.rot.1": {
			"loop": "hold_on_last_frame",
			"bones": {
				"left_support": {
					"position": [9.3, 0.25, 0]
				},
				"weapon_root": {
					"rotation": [15, 180, 0],
					"position": [9.35, 2.75, 0.625],
					"scale": 0.275
				},
				"right_support": {
					"position": [-10.075, 2.3, 0]
				},
				"suppressor": {
					"position": [0, 0, 0.6],
					"scale": 0.8
				}
			}
		},
		"animation.weapon_display.m4.rot.2": {
			"loop": "hold_on_last_frame",
			"bones": {
				"left_support": {
					"position": [9.65, 0.775, 0]
				},
				"weapon_root": {
					"rotation": [0, 180, 0],
					"position": [9.85, 2.75, 0.625],
					"scale": 0.275
				},
				"right_support": {
					"position": [-10.25, 0.3, 0]
				},
				"suppressor": {
					"position": [0, 0, 0.6],
					"scale": 0.8
				}
			}
		},
		"animation.weapon_display.m79.scale": {
			"loop": "hold_on_last_frame",
			"bones": {
				"left_support": {
					"position": [1.2, 0.4, 0]
				},
				"weapon_root": {
					"position": [6, -2.25, 0.75],
					"scale": 0.325
				},
				"right_support": {
					"position": [-1, 0.1, 0]
				}
			}
		},
		"animation.weapon_display.m79.rot": {
			"loop": "hold_on_last_frame",
			"bones": {
				"left_support": {
					"position": [1.5, -0.15, 0]
				},
				"weapon_root": {
					"rotation": [-15, 0, 0],
					"position": [6, -2.75, 0.75],
					"scale": 0.325
				},
				"right_support": {
					"position": [0, 2, 0]
				}
			}
		},
		"animation.weapon_display.m79.rot.1": {
			"loop": "hold_on_last_frame",
			"bones": {
				"left_support": {
					"position": [0, 2, 0]
				},
				"weapon_root": {
					"rotation": [-15, 180, 0],
					"position": [13.975, -2.75, 0.75],
					"scale": 0.325
				},
				"right_support": {
					"position": [-1.5, -0.15, 0]
				}
			}
		},
		"animation.weapon_display.m79.rot.2": {
			"loop": "hold_on_last_frame",
			"bones": {
				"left_support": {
					"position": [1, 0.1, 0]
				},
				"weapon_root": {
					"rotation": [0, 180, 0],
					"position": [14, -2.25, 0.75],
					"scale": 0.325
				},
				"right_support": {
					"position": [-1.2, 0.4, 0]
				}
			}
		},
		"animation.weapon_display.p90.scale": {
			"loop": "hold_on_last_frame",
			"bones": {
				"left_support": {
					"position": [0.5, 0, 0]
				},
				"weapon_root": {
					"position": [-8.15, 0.05, 0.95],
					"scale": 0.25
				},
				"right_support": {
					"position": [-0.5, 0.75, 0]
				}
			}
		},
		"animation.weapon_display.p90.rot": {
			"loop": "hold_on_last_frame",
			"bones": {
				"left_support": {
					"position": [4.325, 0.7, 0]
				},
				"weapon_root": {
					"rotation": [-15, 0, 0],
					"position": [-8.15, 0.05, 0.95],
					"scale": 0.25
				},
				"right_support": {
					"position": [-0.35, 1.35, 0]
				}
			}
		},
		"animation.weapon_display.p90.rot.1": {
			"loop": "hold_on_last_frame",
			"animation_length": 0.04167,
			"bones": {
				"left_support": {
					"position": [0.35, 1.35, 0]
				},
				"weapon_root": {
					"rotation": [-15, 180, 0],
					"position": [-12.4, 0.05, 0.95],
					"scale": 0.25
				},
				"right_support": {
					"position": [-4.325, 0.7, 0]
				}
			}
		},
		"animation.weapon_display.p90.rot.2": {
			"loop": "hold_on_last_frame",
			"animation_length": 0.04167,
			"bones": {
				"left_support": {
					"position": [0.5, 0.75, 0]
				},
				"weapon_root": {
					"rotation": [0, 180, 0],
					"position": [-12.4, 0.05, 0.95],
					"scale": 0.25
				},
				"right_support": {
					"position": [-0.5, 0, 0]
				}
			}
		},
		"animation.weapon_display.remington_870.scale": {
			"loop": "hold_on_last_frame",
			"bones": {
				"left_support": {
					"position": [0.5, 1.05, 0]
				},
				"weapon_root": {
					"position": [10.35, -2.75, -0.25],
					"scale": 0.225
				},
				"right_support": {
					"position": [0, 1.025, 0]
				},
				"pump": {
					"position": [0, 0, 1.25],
					"scale": 1.1
				}
			}
		},
		"animation.weapon_display.remington_870.rot": {
			"loop": "hold_on_last_frame",
			"bones": {
				"left_support": {
					"position": [2.575, 0.2, 0]
				},
				"weapon_root": {
					"rotation": [-15, 0, 0],
					"position": [11.85, -3.75, -0.25],
					"scale": 0.225
				},
				"right_support": {
					"position": [-0.1, 2.5, 0]
				}
			}
		},
		"animation.weapon_display.remington_870.rot.1": {
			"loop": "hold_on_last_frame",
			"bones": {
				"left_support": {
					"position": [0.1, 2.5, 0]
				},
				"weapon_root": {
					"rotation": [-15, 180, 0],
					"position": [18.85, -3.75, -0.25],
					"scale": 0.225
				},
				"right_support": {
					"position": [-2.575, 0.2, 0]
				}
			}
		},
		"animation.weapon_display.remington_870.rot.2": {
			"loop": "hold_on_last_frame",
			"bones": {
				"left_support": {
					"position": [0, 1.025, 0]
				},
				"weapon_root": {
					"rotation": [0, 180, 0],
					"position": [20.7, -2.75, -0.25],
					"scale": 0.225
				},
				"right_support": {
					"position": [-0.5, 1.05, 0]
				},
				"pump": {
					"position": [0, 0, 1.25],
					"scale": 1.1
				}
			}
		},
		"animation.weapon_display.p250.scale": {
			"loop": "hold_on_last_frame",
			"bones": {
				"left_support": {
					"position": [2.25, 1.025, 0]
				},
				"weapon_root": {
					"position": [-0.9, 0.775, -0.25],
					"scale": 0.3
				},
				"right_support": {
					"position": [-3.5, 0.95, 0]
				}
			}
		},
		"animation.weapon_display.p250.rot": {
			"loop": "hold_on_last_frame",
			"bones": {
				"left_support": {
					"position": [2.25, 1.025, 0]
				},
				"weapon_root": {
					"rotation": [0, 180, 0],
					"position": [0.6, 0.775, -0.5],
					"scale": 0.3
				},
				"right_support": {
					"position": [-3.5, 0.95, 0]
				}
			}
		},
		"animation.weapon_display.desert_eagle.scale": {
			"loop": "hold_on_last_frame",
			"bones": {
				"left_support": {
					"position": [0.8, 1.025, 0]
				},
				"weapon_root": {
					"position": [1.1, -0.425, 0.45],
					"scale": 0.25
				},
				"right_support": {
					"position": [-1.5, 1.1, 0]
				}
			}
		},
		"animation.weapon_display.desert_eagle.rot": {
			"loop": "hold_on_last_frame",
			"bones": {
				"left_support": {
					"position": [1.5, 1.1, 0]
				},
				"weapon_root": {
					"rotation": [0, 180, 0],
					"position": [6.1, -0.425, 0.7],
					"scale": 0.25
				},
				"right_support": {
					"position": [-0.8, 1.025, 0]
				}
			}
		},
		"animation.weapon_display.desert_eagle.gold.vfx": {
			"loop": true,
			"animation_length": 1,
			"particle_effects": {
				"0.0": [
					{
						"effect": "ak.gold_twinkle",
						"locator": "desert_eagle_barrel"
					},
					{
						"effect": "ak.gold_twinkle",
						"locator": "desert_eagle_barrel2"
					}
				],
				"0.25": [
					{
						"effect": "ak.gold_twinkle",
						"locator": "desert_eagle_barrel"
					},
					{
						"effect": "ak.gold_twinkle",
						"locator": "desert_eagle_barrel2"
					}
				],
				"0.5": [
					{
						"effect": "ak.gold_twinkle",
						"locator": "desert_eagle_barrel"
					},
					{
						"effect": "ak.gold_twinkle",
						"locator": "desert_eagle_barrel2"
					}
				],
				"0.75": [
					{
						"effect": "ak.gold_twinkle",
						"locator": "desert_eagle_barrel"
					},
					{
						"effect": "ak.gold_twinkle",
						"locator": "desert_eagle_barrel2"
					}
				]
			}
		},
		"animation.weapon_display.mp5.scale": {
			"loop": "hold_on_last_frame",
			"bones": {
				"left_support": {
					"position": [0, 1.35, 0]
				},
				"weapon_root": {
					"position": [1.05, 0.175, 0.575],
					"scale": 0.5
				},
				"right_support": {
					"position": [0, 0.7, 0]
				}
			}
		},
		"animation.weapon_display.mp5.rot": {
			"loop": "hold_on_last_frame",
			"bones": {
				"left_support": {
					"position": [0.025, 0.275, 0]
				},
				"weapon_root": {
					"rotation": [-15, 0, 0],
					"position": [1.45, 0.05, 0.55],
					"scale": 0.5
				},
				"right_support": {
					"position": [-0.85, 2.175, 0]
				}
			}
		},
		"animation.weapon_display.mp5.rot.1": {
			"loop": "hold_on_last_frame",
			"bones": {
				"left_support": {
					"position": [0.85, 2.175, 0]
				},
				"weapon_root": {
					"rotation": [-15, 180, 0],
					"position": [5, 0.05, 0.575],
					"scale": 0.5
				},
				"right_support": {
					"position": [0.025, 0.275, 0]
				}
			}
		},
		"animation.weapon_display.mp5.rot.2": {
			"loop": "hold_on_last_frame",
			"bones": {
				"left_support": {
					"position": [0, 0.7, 0]
				},
				"weapon_root": {
					"rotation": [0, 180, 0],
					"position": [5.35, 0.175, 0.575],
					"scale": 0.5
				},
				"right_support": {
					"position": [0, 1.35, 0]
				}
			}
		},
		"animation.weapon_display.m1_garand.scale": {
			"loop": "hold_on_last_frame",
			"bones": {
				"left_support": {
					"position": [10, 1.1, 0]
				},
				"weapon_root": {
					"position": [-0.85, -3.45, 1.575],
					"scale": [0.25, 0.215, 0.215]
				},
				"right_support": {
					"position": [-9.95, 0.45, 0]
				}
			}
		},
		"animation.weapon_display.m1_garand.rot": {
			"loop": "hold_on_last_frame",
			"bones": {
				"left_support": {
					"position": [0.825, -0.475, 0]
				},
				"weapon_root": {
					"rotation": [-15, 0, 0],
					"position": [-0.45, -3.325, 1.825],
					"scale": [0.25, 0.215, 0.215]
				},
				"right_support": {
					"position": [-0.65, 2.425, 0]
				}
			}
		},
		"animation.weapon_display.m1_garand.rot.1": {
			"loop": "hold_on_last_frame",
			"bones": {
				"left_support": {
					"position": [0.85, 2.525, 0]
				},
				"weapon_root": {
					"rotation": [-15, 180, 0],
					"position": [0.45, -3.325, 1.825],
					"scale": [0.25, 0.215, 0.215]
				},
				"right_support": {
					"position": [-0.725, -0.475, 0]
				}
			}
		},
		"animation.weapon_display.m1_garand.rot.2": {
			"loop": "hold_on_last_frame",
			"bones": {
				"left_support": {
					"position": [0, 1, 0]
				},
				"weapon_root": {
					"rotation": [0, 180, 0],
					"position": [0.2, -3.575, 1.825],
					"scale": [0.25, 0.215, 0.215]
				},
				"right_support": {
					"position": [-0.75, 0.575, 0]
				}
			}
		},
		"animation.weapon_display.mosin_nagant.scale": {
			"loop": "hold_on_last_frame",
			"bones": {
				"left_support": {
					"position": [10, 0.725, 0]
				},
				"weapon_root": {
					"position": [0.15, -1.45, 0.825],
					"scale": [0.25, 0.215, 0.215]
				},
				"right_support": {
					"position": [-10.3, -0.3, 0]
				}
			}
		},
		"animation.weapon_display.mosin_nagant.rot": {
			"loop": "hold_on_last_frame",
			"bones": {
				"left_support": {
					"position": [-0.175, -0.475, 0]
				},
				"weapon_root": {
					"rotation": [-15, 0, 0],
					"position": [-0.45, -0.325, 0.85],
					"scale": [0.25, 0.215, 0.215]
				},
				"right_support": {
					"position": [-0.65, 3.125, 0]
				}
			}
		},
		"animation.weapon_display.mosin_nagant.rot.1": {
			"loop": "hold_on_last_frame",
			"bones": {
				"left_support": {
					"position": [-0.65, 3.125, 0]
				},
				"weapon_root": {
					"rotation": [-15, 180, 0],
					"position": [-0.45, -0.325, 0.85],
					"scale": [0.25, 0.215, 0.215]
				},
				"right_support": {
					"position": [-0.675, -0.475, 0]
				}
			}
		},
		"animation.weapon_display.mosin_nagant.rot.2": {
			"loop": "hold_on_last_frame",
			"bones": {
				"left_support": {
					"position": [10.3, -0.3, 0]
				},
				"weapon_root": {
					"rotation": [0, 180, 0],
					"position": [0.15, -1.45, 0.825],
					"scale": [0.25, 0.215, 0.215]
				},
				"right_support": {
					"position": [-10, 0.725, 0]
				}
			}
		},
		"animation.weapon_display.mp40.scale": {
			"loop": "hold_on_last_frame",
			"bones": {
				"left_support": {
					"position": [9.5, 0.975, 0]
				},
				"weapon_root": {
					"position": [14.1, 1.5, 0.75],
					"scale": 0.215
				},
				"right_support": {
					"position": [-9.8, 0.05, 0]
				}
			}
		},
		"animation.weapon_display.mp40.rot": {
			"loop": "hold_on_last_frame",
			"bones": {
				"left_support": {
					"position": [8.9, 3.125, 0]
				},
				"weapon_root": {
					"rotation": [-15, 0, 0],
					"position": [14.1, 1.5, 0.75],
					"scale": 0.215
				},
				"right_support": {
					"position": [-9.8, -0.15, 0]
				}
			}
		},
		"animation.weapon_display.mp40.rot.1": {
			"loop": "hold_on_last_frame",
			"bones": {
				"left_support": {
					"position": [10.05, -0.05, 0]
				},
				"weapon_root": {
					"rotation": [-15, 180, 0],
					"position": [22.1, 1.5, 0.75],
					"scale": 0.215
				},
				"right_support": {
					"position": [-8.8, 3.125, 0]
				}
			}
		},
		"animation.weapon_display.mp40.rot.2": {
			"loop": "hold_on_last_frame",
			"bones": {
				"left_support": {
					"position": [10.05, 0.05, 0]
				},
				"weapon_root": {
					"rotation": [0, 180, 0],
					"position": [22.1, 1.5, 0.75],
					"scale": 0.215
				},
				"right_support": {
					"position": [-9.25, 1.075, 0]
				}
			}
		},
		"animation.weapon_display.mp40.gold.vfx": {
			"loop": true,
			"animation_length": 1,
			"particle_effects": {
				"0.0": [
					{
						"effect": "ak.gold_twinkle",
						"locator": "mp40_center"
					},
					{
						"effect": "ak.gold_twinkle",
						"locator": "mp40_barrel"
					},
					{
						"effect": "thunder_gun.drop_twinkle",
						"locator": "mp40_barrel"
					},
					{
						"effect": "thunder_gun.glow",
						"locator": "mp40_center"
					},
					{
						"effect": "ak.gold_twinkle",
						"locator": "mp40_stock"
					},
					{
						"effect": "ak.gold_twinkle.clip",
						"locator": "mp40_clip"
					}
				],
				"0.25": [
					{
						"effect": "ak.gold_twinkle",
						"locator": "mp40_center"
					},
					{
						"effect": "ak.gold_twinkle",
						"locator": "mp40_barrel"
					},
					{
						"effect": "ak.gold_twinkle",
						"locator": "mp40_stock"
					},
					{
						"effect": "ak.gold_twinkle.clip",
						"locator": "mp40_clip"
					}
				],
				"0.5": [
					{
						"effect": "ak.gold_twinkle",
						"locator": "mp40_center"
					},
					{
						"effect": "ak.gold_twinkle",
						"locator": "mp40_barrel"
					},
					{
						"effect": "ak.gold_twinkle",
						"locator": "mp40_stock"
					},
					{
						"effect": "ak.gold_twinkle.clip",
						"locator": "mp40_clip"
					}
				],
				"0.75": [
					{
						"effect": "ak.gold_twinkle",
						"locator": "mp40_center"
					},
					{
						"effect": "ak.gold_twinkle",
						"locator": "mp40_barrel"
					},
					{
						"effect": "ak.gold_twinkle",
						"locator": "mp40_stock"
					},
					{
						"effect": "ak.gold_twinkle.clip",
						"locator": "mp40_clip"
					}
				]
			}
		},
		"animation.weapon_display.m16a4.scale": {
			"loop": "hold_on_last_frame",
			"bones": {
				"left_support": {
					"position": [9.25, 0.775, 0]
				},
				"weapon_root": {
					"position": [3.35, 2.75, 0.85],
					"scale": 0.275
				},
				"right_support": {
					"position": [-11.05, 0.8, 0]
				}
			}
		},
		"animation.weapon_display.m16a4.rot": {
			"loop": "hold_on_last_frame",
			"bones": {
				"left_support": {
					"position": [9.25, 2.375, 0]
				},
				"weapon_root": {
					"rotation": [15, 0, 0],
					"position": [3.35, 2.75, 0.925],
					"scale": 0.275
				},
				"right_support": {
					"position": [-10.3, -0.2, 0]
				}
			}
		},
		"animation.weapon_display.m16a4.rot.1": {
			"loop": "hold_on_last_frame",
			"animation_length": 0.04167,
			"bones": {
				"left_support": {
					"position": [9.75, -0.325, 0]
				},
				"weapon_root": {
					"rotation": [15, 180, 0],
					"position": [6.35, 2.75, 1.125],
					"scale": 0.275
				},
				"right_support": {
					"position": [-10.075, 2.3, 0]
				}
			}
		},
		"animation.weapon_display.m16a4.rot.2": {
			"loop": "hold_on_last_frame",
			"bones": {
				"left_support": {
					"position": [9.75, 0.775, 0]
				},
				"weapon_root": {
					"rotation": [0, 180, 0],
					"position": [5.85, 2.75, 1.125],
					"scale": 0.275
				},
				"right_support": {
					"position": [-9.75, 0.8, 0]
				}
			}
		},
		"animation.weapon_display.scar.scale": {
			"loop": "hold_on_last_frame",
			"bones": {
				"left_support": {
					"position": [9.425, 0.625, 0]
				},
				"weapon_root": {
					"position": [6.75, 3.35, 1.35],
					"scale": 0.29
				},
				"right_support": {
					"position": [-8.7, 0.025, 0]
				}
			}
		},
		"animation.weapon_display.scar.rot": {
			"loop": "hold_on_last_frame",
			"bones": {
				"left_support": {
					"position": [9.45, 2.225, 0]
				},
				"weapon_root": {
					"rotation": [-15, 0, 0],
					"position": [7.75, 2.35, 1.35],
					"scale": 0.29
				},
				"right_support": {
					"position": [-7.875, -0.375, 0]
				}
			}
		},
		"animation.weapon_display.scar.rot.1": {
			"loop": "hold_on_last_frame",
			"bones": {
				"left_support": {
					"position": [-0.875, 2.225, 0]
				},
				"weapon_root": {
					"rotation": [-15, 180, 0],
					"position": [16.75, 2.35, 1.35],
					"scale": 0.29
				},
				"right_support": {
					"position": [-3.625, -0.375, 0]
				}
			}
		},
		"animation.weapon_display.scar.rot.2": {
			"loop": "hold_on_last_frame",
			"bones": {
				"left_support": {
					"position": [7.275, 0.025, 0]
				},
				"weapon_root": {
					"rotation": [0, 180, 0],
					"position": [17.75, 3.35, 1.35],
					"scale": 0.29
				},
				"right_support": {
					"position": [-10.75, 0.625, 0]
				}
			}
		},
		"animation.weapon_display.rpk.scale": {
			"loop": "hold_on_last_frame",
			"bones": {
				"left_support": {
					"position": [0.75, 0.725, 0]
				},
				"weapon_root": {
					"position": [6.1, 3.125, 4.6],
					"scale": 0.18
				},
				"right_support": {
					"position": [-2.375, 0.675, 0]
				},
				"bipod": {
					"position": [0, 0.25, 0]
				},
				"bp_leg": {
					"rotation": [90, 0, 29]
				},
				"bp_leg2": {
					"rotation": [90, 0, -29]
				}
			}
		},
		"animation.weapon_display.rpk.rot": {
			"loop": "hold_on_last_frame",
			"bones": {
				"left_support": {
					"position": [2.125, 0.675, 0]
				},
				"weapon_root": {
					"rotation": [0, 180, 0],
					"position": [17.6, 3.125, 4.6],
					"scale": 0.18
				},
				"right_support": {
					"position": [-1.05, 0.725, 0]
				},
				"bipod": {
					"position": [0, 0.25, 0]
				},
				"bp_leg": {
					"rotation": [90, 0, 29]
				},
				"bp_leg2": {
					"rotation": [90, 0, -29]
				}
			}
		},
		"animation.weapon_display.rpk.rot.1": {
			"loop": "hold_on_last_frame",
			"bones": {
				"left_support": {
					"position": [2.2, 1.5, 0]
				},
				"weapon_root": {
					"rotation": [-15, 180, 0],
					"position": [17.45, 1.8, 4.6],
					"scale": 0.18
				},
				"right_support": {
					"position": [-1.05, -0.25, 0]
				},
				"bipod": {
					"position": [0, 0.25, 0]
				},
				"bp_leg": {
					"rotation": [90, 0, 29]
				},
				"bp_leg2": {
					"rotation": [90, 0, -29]
				}
			}
		},
		"animation.weapon_display.rpk.rot.2": {
			"loop": "hold_on_last_frame",
			"bones": {
				"left_support": {
					"position": [0.7, -0.25, 0]
				},
				"weapon_root": {
					"rotation": [-15, 0, 0],
					"position": [6.1, 1.8, 4.6],
					"scale": 0.18
				},
				"right_support": {
					"position": [-2.7, 1.5, 0]
				},
				"bipod": {
					"position": [0, 0.25, 0]
				},
				"bp_leg": {
					"rotation": [90, 0, 29]
				},
				"bp_leg2": {
					"rotation": [90, 0, -29]
				}
			}
		},
		"animation.weapon_display.sp88.scale": {
			"loop": "hold_on_last_frame",
			"bones": {
				"left_support": {
					"position": [-1.25, 0.4, 0]
				},
				"weapon_root": {
					"position": [1.05, -0.825, 0.775],
					"scale": 0.55
				},
				"right_support": {
					"position": [0, 0.2, 0]
				}
			}
		},
		"animation.weapon_display.sp88.rot": {
			"loop": "hold_on_last_frame",
			"bones": {
				"left_support": {
					"position": [2.875, -0.1, 0]
				},
				"weapon_root": {
					"rotation": [12.5, 0, 0],
					"position": [1.3, -1.575, 0.775],
					"scale": 0.55
				},
				"right_support": {
					"position": [0.25, 1.625, 0]
				}
			}
		},
		"animation.weapon_display.sp88.rot.1": {
			"loop": "hold_on_last_frame",
			"animation_length": 0.0417,
			"bones": {
				"left_support": {
					"position": [-0.25, 1.625, 0]
				},
				"weapon_root": {
					"rotation": [12.5, 180, 0],
					"position": [10.8, -1.575, 0.775],
					"scale": 0.55
				},
				"right_support": {
					"position": [-2.875, -0.1, 0]
				}
			}
		},
		"animation.weapon_display.sp88.rot.2": {
			"loop": "hold_on_last_frame",
			"bones": {
				"left_support": {
					"position": [0, 0.2, 0]
				},
				"weapon_root": {
					"rotation": [0, 180, 0],
					"position": [11.05, -0.825, 0.775],
					"scale": 0.55
				},
				"right_support": {
					"position": [1.25, 0.4, 0]
				}
			}
		},
		"animation.weapon_display.ppsh_41.scale": {
			"loop": "hold_on_last_frame",
			"bones": {
				"left_support": {
					"position": [1.7, 0.45, 0]
				},
				"weapon_root": {
					"position": [-8.7, -1.725, 1.275],
					"scale": 0.25
				},
				"right_support": {
					"position": [-0.25, 1.325, 0]
				},
				"slide": {
					"position": [0, 0, -5]
				}
			}
		},
		"animation.weapon_display.ppsh_41.rot": {
			"loop": "hold_on_last_frame",
			"animation_length": 0.0417,
			"bones": {
				"left_support": {
					"position": [9, 2.375, 0]
				},
				"weapon_root": {
					"rotation": [-12.5, 0, 0],
					"position": [-8.7, -1.225, 1.275],
					"scale": 0.25
				},
				"right_support": {
					"position": [-7.975, 0.05, 0]
				},
				"slide": {
					"position": [0, 0, -5]
				}
			}
		},
		"animation.weapon_display.ppsh_41.rot.1": {
			"loop": "hold_on_last_frame",
			"animation_length": 0.0417,
			"bones": {
				"left_support": {
					"position": [0.75, 2.375, 0]
				},
				"weapon_root": {
					"rotation": [-12.5, 180, 0],
					"position": [-11.45, -1.225, 1.275],
					"scale": 0.25
				},
				"right_support": {
					"position": [-2.225, 0.05, 0]
				},
				"slide": {
					"position": [0, 0, -5]
				}
			}
		},
		"animation.weapon_display.ppsh_41.rot.2": {
			"loop": "hold_on_last_frame",
			"bones": {
				"left_support": {
					"position": [7.825, 0.45, 0]
				},
				"weapon_root": {
					"rotation": [0, 180, 0],
					"position": [-11.7, -1.725, 1.275],
					"scale": 0.25
				},
				"right_support": {
					"position": [-10, 1.325, 0]
				},
				"slide": {
					"position": [0, 0, -5]
				}
			}
		},
		"animation.weapon_display.ppsh_41.gold.vfx": {
			"loop": true,
			"animation_length": 1,
			"particle_effects": {
				"0.0": [
					{
						"effect": "ak.gold_twinkle",
						"locator": "ppsh_41_center"
					},
					{
						"effect": "ak.gold_twinkle",
						"locator": "ppsh_41_barrel"
					},
					{
						"effect": "ak.gold_twinkle.clip",
						"locator": "ppsh_41_clip"
					},
					{
						"effect": "ak.gold_twinkle.stock",
						"locator": "ppsh_41_stock"
					}
				],
				"0.25": [
					{
						"effect": "ak.gold_twinkle",
						"locator": "ppsh_41_center"
					},
					{
						"effect": "ak.gold_twinkle",
						"locator": "ppsh_41_barrel"
					},
					{
						"effect": "ak.gold_twinkle.clip",
						"locator": "ppsh_41_clip"
					},
					{
						"effect": "ak.gold_twinkle.stock",
						"locator": "ppsh_41_stock"
					}
				],
				"0.5": [
					{
						"effect": "ak.gold_twinkle",
						"locator": "ppsh_41_center"
					},
					{
						"effect": "ak.gold_twinkle",
						"locator": "ppsh_41_barrel"
					},
					{
						"effect": "ak.gold_twinkle.clip",
						"locator": "ppsh_41_clip"
					},
					{
						"effect": "ak.gold_twinkle.stock",
						"locator": "ppsh_41_stock"
					}
				],
				"0.75": [
					{
						"effect": "ak.gold_twinkle",
						"locator": "ppsh_41_center"
					},
					{
						"effect": "ak.gold_twinkle",
						"locator": "ppsh_41_barrel"
					},
					{
						"effect": "ak.gold_twinkle.clip",
						"locator": "ppsh_41_clip"
					},
					{
						"effect": "ak.gold_twinkle.stock",
						"locator": "ppsh_41_stock"
					}
				]
			}
		},
		"animation.weapon_display.rpg.scale": {
			"loop": "hold_on_last_frame",
			"bones": {
				"left_support": {
					"position": [-0.05, 0.625, 0]
				},
				"weapon_root": {
					"position": [-2.7, 4.875, 2.375],
					"scale": 0.265
				},
				"right_support": {
					"position": [-0.15, 1.075, 0]
				},
				"slide": {
					"position": [0, 0, -5]
				}
			}
		},
		"animation.weapon_display.rpg.rot": {
			"loop": "hold_on_last_frame",
			"bones": {
				"left_support": {
					"position": [2.45, -0.425, 0]
				},
				"weapon_root": {
					"rotation": [-12.5, 0, 0],
					"position": [-1.7, 5.125, 2.375],
					"scale": 0.265
				},
				"right_support": {
					"position": [0.4, 1.8, 0]
				},
				"slide": {
					"position": [0, 0, -5]
				}
			}
		},
		"animation.weapon_display.rpg.rot.1": {
			"loop": "hold_on_last_frame",
			"bones": {
				"left_support": {
					"position": [-0.4, 1.8, 0]
				},
				"weapon_root": {
					"rotation": [-12.5, 180, 0],
					"position": [-8.3, 5.125, 2.375],
					"scale": 0.265
				},
				"right_support": {
					"position": [-2.45, -0.425, 0]
				},
				"slide": {
					"position": [0, 0, -5]
				}
			}
		},
		"animation.weapon_display.rpg.rot.2": {
			"loop": "hold_on_last_frame",
			"bones": {
				"left_support": {
					"position": [-0.15, 1.075, 0]
				},
				"weapon_root": {
					"rotation": [0, 180, 0],
					"position": [-7.3, 4.875, 2.375],
					"scale": 0.265
				},
				"right_support": {
					"position": [-0.05, 0.625, 0]
				},
				"slide": {
					"position": [0, 0, -5]
				}
			}
		},
		"animation.weapon_display.magnum.scale": {
			"loop": "hold_on_last_frame",
			"bones": {
				"left_support": {
					"position": [1.875, -0.075, 0]
				},
				"weapon_root": {
					"rotation": [0, 180, 0],
					"position": [-16.8, 3.125, 0.375],
					"scale": 0.1975
				},
				"right_support": {
					"position": [-1.25, 1.125, 0]
				}
			}
		},
		"animation.weapon_display.magnum.rot": {
			"loop": "hold_on_last_frame",
			"bones": {
				"left_support": {
					"position": [2.3, -0.05, 0]
				},
				"weapon_root": {
					"rotation": [0, -180, -12.5],
					"position": [-16.45, 3.125, 0.375],
					"scale": 0.1975
				},
				"right_support": {
					"position": [-1.55, 2.55, 0]
				}
			}
		},
		"animation.weapon_display.magnum.rot.1": {
			"loop": "hold_on_last_frame",
			"bones": {
				"left_support": {
					"position": [7.55, -0.05, 0]
				},
				"weapon_root": {
					"rotation": [0, 0, 12.5],
					"position": [-10.45, 3.125, 0.375],
					"scale": 0.1975
				},
				"right_support": {
					"position": [-8.55, 2.55, 0]
				}
			}
		},
		"animation.weapon_display.magnum.rot.2": {
			"loop": "hold_on_last_frame",
			"bones": {
				"left_support": {
					"position": [1.25, 1.125, 0]
				},
				"weapon_root": {
					"position": [-10.05, 3.125, 0.375],
					"scale": 0.1975
				},
				"right_support": {
					"position": [-1.875, -0.075, 0]
				}
			}
		}
	}
}