{
  "format_version": "1.10.0",
  "animation_controllers": {
    "controller.animation.item.root": {
      "initial_state": "default",
      "states": {
        "default": {
          "transitions": [ { "execute": "q.is_powered && !q.property('ra:selected_id')" } ]
        },
        "execute": {
          "on_entry": [
            "/execute as @s[type=item,name=\"M4A1\",tag=!m4] at @s run tag @s add m4",
            "/execute as @s[type=item,name=\"M79\",tag=!m79] at @s run tag @s add m79",
            "/execute as @s[type=item,name=\"P250 Compact\",tag=!p250] at @s run tag @s add p250",
            "/execute as @s[type=item,name=\"Grenade\",tag=!grenade] at @s run tag @s add grenade",
            "/execute as @s[type=item,name=\"Meat Grinder\",tag=!mini_gun] at @s run tag @s add mini_gun",
            "/execute as @s[type=item,name=\"Mini-Gun Ammo Box\",tag=!mini_gun_clip] at @s run tag @s add mini_gun_clip",
            "/execute as @s[type=item,name=\"AK47\",tag=!ak_47] at @s run tag @s add ak_47",
            "/execute as @s[type=item,name=\"§6Golden §fAK47\",tag=!ak_47_golden] at @s run tag @s add ak_47_golden",
            "/execute as @s[type=item,name=\"Citori 725\",tag=!citori_725] at @s run tag @s add citori_725",
            "/execute as @s[type=item,name=\"P90\",tag=!p90] at @s run tag @s add p90",
            "/execute as @s[type=item,name=\"AWM\",tag=!awm] at @s run tag @s add awm",
            "/execute as @s[type=item,name=\"Thunder Gun\",tag=!thunder_gun] at @s run tag @s add thunder_gun",
            "/execute as @s[type=item,name=\"RA MX§b115§f\",tag=!mx115] at @s run tag @s add mx115",
            "/execute as @s[type=item,name=\"Remington 870\",tag=!remington_870] at @s run tag @s add remington_870",
            "/execute as @s[type=item,name=\"MP5\",tag=!mp5] at @s run tag @s add mp5",
            "/execute as @s[type=item,name=\"Desert Eagle\",tag=!desert_eagle] at @s run tag @s add desert_eagle",
            "/execute as @s[type=item,name=\"§6Golden §fDesert Eagle\",tag=!desert_eagle_golden] at @s run tag @s add desert_eagle_golden",
            "/execute as @s[type=item,name=\"§4Netherite §fDesert Eagle\",tag=!desert_eagle_netherite] at @s run tag @s add desert_eagle_netherite",
            "/execute as @s[type=item,name=\"Detonator\",tag=!detonator] at @s run tag @s add detonator",
            "/execute as @s[type=item,name=\"M1 Garand\",tag=!m1_garand] at @s run tag @s add m1_garand",
            "/execute as @s[type=item,name=\"Mosin Nagant\",tag=!mosin_nagant] at @s run tag @s add mosin_nagant",
            "/execute as @s[type=item,name=\"MP40\",tag=!mp40] at @s run tag @s add mp40",
            "/execute as @s[type=item,name=\"§6Golden §fMP40\",tag=!mp40_golden] at @s run tag @s add mp40_golden",
            "/execute as @s[type=item,name=\"§4Netherite §fMP40\",tag=!mp40_netherite] at @s run tag @s add mp40_netherite",
            "/execute as @s[type=item,name=\"§4Netherite §fRA MX§c115§f\",tag=!mx115_netherite] at @s run tag @s add mx115_netherite",
            "/execute as @s[type=item,name=\"AK47 Polymer\",tag=!ak_47_polymer] at @s run tag @s add ak_47_polymer",
            "/execute as @s[type=item,name=\"§6Golden §fAK47 Polymer\",tag=!ak_47_polymer_golden] at @s run tag @s add ak_47_polymer_golden"
          ],
          "transitions": [ { "default": "!q.is_powered" } ]
        }
      }
    }
  }
}
