{
  "format_version": "1.10.0",
  "animation_controllers": {
    "controller.animation.mob_loot": {
      "initial_state": "default",
      "states": {
        "default": {
          "transitions": [ { "execute": "q.property('ra:drop_loot')" } ],
          "on_entry": [ "/tag @s remove drop_loot" ]
        },
        "execute": {
          "transitions": [ { "default": "!q.property('ra:drop_loot')" } ],
          "on_entry": [ "/tag @s add drop_loot" ],
          "on_exit": [ "/tag @s remove drop_loot" ]
        }
      }
    }
  }
}
