{
  "format_version": "1.10.0",
  "animation_controllers": {
    "controller.animation.player.jump": {
      "initial_state": "grounded",
      "states": {
        "grounded": {
          "transitions": [ 
            { "in_air": "!q.is_on_ground" }
          ],
          "on_entry": [
            "v.tick_delay = q.life_time;",
            "@s ra:default_speed"
          ]
        },
        "in_air": {
          "animations": [{ "squash_limbs": "(q.life_time - v.tick_delay) > 0.25" }],
          "transitions": [ 
            { "grounded": "!q.is_on_ground && (q.life_time - v.tick_delay) < 1.25" },
            { "impact": "q.is_on_ground && (q.life_time - v.tick_delay) < 0.5" },
            { "impact_1": "q.is_on_ground && (q.life_time - v.tick_delay) > 0.5 && (q.life_time - v.tick_delay) < 1" },
            { "impact_2": "q.is_on_ground && (q.life_time - v.tick_delay) < 1.0" }
          ],
          "on_entry": [ "v.tick_delay = q.life_time;" ],
          "on_exit": [
            "v.tick_delay = q.life_time;",
            "/kill @e[type=ra:zombie_head,dx=0.15,dy=-0.25,dz=0.15,r=0.35]",
            "/kill @e[type=ra:zombie_limb,dx=0.15,dy=-0.25,dz=0.15,r=0.35]",
            "/kill @e[type=ra:player_limb,dx=0.15,dy=-0.25,dz=0.15,r=0.35]",
            "/kill @e[type=ra:player_limb_1,dx=0.15,dy=-0.25,dz=0.15,r=0.35]",
            "/kill @e[type=ra:meat_flesh,dx=0.15,dy=-0.25,dz=0.15,r=0.35]"
          ]
        },
        "impact": {
          "transitions": [ 
            { "grounded": "(q.is_on_ground && (q.life_time - v.tick_delay) >= 0.1) || (q.is_on_ground && (q.life_time - v.tick_delay) >= 1)" }
          ],
          "on_entry": [
            "v.tick_delay = q.life_time;",
            "/camerashake add @s 0.035 0.1 rotational"
          ],
          "on_exit": [ "v.tick_delay = q.life_time;" ]
        },
        "impact_1": {
          "transitions": [ 
            { "grounded": "(q.is_on_ground && (q.life_time - v.tick_delay) >= 0.1) || (q.is_on_ground && (q.life_time - v.tick_delay) >= 1)" }
          ],
          "on_entry": [
            "v.tick_delay = q.life_time;",
            "/camerashake add @s 0.07 0.1 rotational"
          ],
          "on_exit": [ "v.tick_delay = q.life_time;" ]
        },
        "impact_2": {
          "transitions": [ 
            { "grounded": "(q.is_on_ground && (q.life_time - v.tick_delay) >= 0.1) || (q.is_on_ground && (q.life_time - v.tick_delay) >= 1)" }
          ],
          "on_entry": [
            "v.tick_delay = q.life_time;",
            "/camerashake add @s 0.105 0.1 rotational"
          ],
          "on_exit": [ "v.tick_delay = q.life_time;" ]
        }
      }
    },
    "controller.animation.player.sprint": {
      "initial_state": "default",
      "states": {
        "default": {
          "transitions": [ 
            { "pre_sprint": "q.is_sprinting" }
          ],
          "on_entry": [
            "v.tick_delay = q.life_time;",
            "@s ra:default_speed"
          ]
        },
        "pre_sprint": {
          "transitions": [ 
            { "sprint": "q.is_sprinting && (q.life_time - v.tick_delay) > 1.5" },
            { "default": "!q.is_sprinting" }
          ],
          "on_entry": [
            "v.tick_delay = q.life_time;"
          ]
        },
        "sprint": {
          "transitions": [ 
            { "pre_sprint": "!q.is_sprinting" }
          ],
          "on_entry": [ "@s ra:sprint_speed" ],
          "on_exit": [ "@s ra:default_speed" ]
        }
      }
    },
    "controller.animation.player.head_hitbox": {
      "initial_state": "default",
      "states": {
        "default": {
          "transitions": [ 
            { "add_hitbox": "q.health > 1 && q.modified_move_speed > 0.25" }
          ],
          "on_entry": [
            "v.tick_delay = q.life_time;",
            "@s ra:default_speed",
            "@s ra:clear_id"
          ]
        },
        "add_hitbox": {
          "transitions": [
            { "respawn": "q.health < 1" }
          ],
          "on_entry": [
            "v.tick_delay = q.life_time;",
            "@s ra:player_head.hitbox"
          ],
          "on_exit": [
            "v.tick_delay = q.life_time;",
            "@s ra:default_speed",
            "@s ra:clear_id"
          ]
        },
        "respawn": {
          "transitions": [
            { "default": "q.is_alive" }
          ],
          "on_entry": [
            "v.tick_delay = q.life_time;"
          ],
          "on_exit": [
            "v.tick_delay = q.life_time;",
            "@s ra:player.health",
            "@s ra:default_speed",
            "@s ra:clear_id"
          ]
        }
      }
    },
    "controller.animation.player_head.hitbox.head_pop": {
      "initial_state": "in_air",
      "states": {
        "in_air": {
          "transitions": [ 
            { "crack_skull": "q.is_illager_captain" },
            { "hit": "(q.health <= 1 || q.is_stunned) && !q.is_illager_captain" }
          ]
        },
        "crack_skull": {
          "on_entry": [
            "/playsound splat_impact @a[r=60] ~~~ 2 1.5 0.01",
            "/particle ra:bullet.impact_player ~~~",
            "/particle ra:blood ~~~",
            "/event entity @p[r=5,c=1] ra:player_death",
            "/kill @e[type=ra:zombie,r=5,c=1]",
            "@s ra:despawn"
           ]
        },
        "hit": {
          "on_entry": [
            "/playsound splat_impact @a[r=60] ~~~ 3 0.85 0.01",
            "/particle ra:bullet.impact_player ~~~",
            "/particle ra:blood ~~~",
            "/event entity @p[r=5,c=1] ra:player_death",
            "/kill @e[type=ra:zombie,r=5,c=1]",
            "/fill ~5~5~5 ~-5~-5~-5 minecraft:air 0 replace minecraft:light_block",
            "@s ra:despawn"
           ]
        }
      }
    },
    "controller.animation.player.death_by_explosion": {
      "initial_state": "default",
      "states": {
        "default": {
          "transitions": [ 
            { "explode": "q.skin_id == 2000 && !q.is_alive" }
          ],
          "on_entry": [
            "v.tick_delay = q.life_time;",
            "/tag @s remove player_explode",
            "@s ra:player.pre_explode",
            "@s ra:remove_player.explode",
            "@s ra:clear_id"
          ],
          "on_exit": [
            "v.tick_delay = q.life_time;"
          ]
        },
        "explode": {
          "transitions": [ 
            { "default": "q.is_alive" }
          ],
          "on_entry": [ 
            "v.tick_delay = q.life_time;",
            "/tag @s add player_explode",
            "/summon ra:player_limb ~0.001~1.65~",
            "/summon ra:player_limb_1 ~~1.65~",
            "/summon ra:zombie_limb ~~1.75~0.01",
            "/event entity @e[type=ra:player_limb,r=5] ra:despawn_timer",
            "/event entity @e[type=ra:player_limb_1,r=5] ra:despawn_timer",
            "/event entity @e[type=ra:zombie_limb,r=5] ra:despawn_timer",
            "/playsound splat_impact @a[r=64] ~~~ 4 0.75 0.01",
            "/particle ra:blood ~~1.25~",
            "/particle ra:player.explode_blood ~~~",
            "/particle ra:player.explode_blood_1 ~~0.25~",
            "/particle ra:player.explode_blood_2 ~~0.25~",
            "/playanimation @e[type=ra:zombie_head,r=7] animation.zombie_head.drip",
            "/playanimation @e[type=ra:zombie_limb,r=7] animation.zombie_head.drip",
            "/playanimation @e[type=ra:player_limb,r=7] animation.zombie_head.drip",
            "/playanimation @e[type=ra:player_limb_1,r=7] animation.zombie_head.drip"
           ],
           "on_exit": [
             "v.tick_delay = q.life_time;",
             "/tag @s remove player_explode",
             "@s ra:clear_id"
           ]
        }
      }
    },
    "controller.animation.player.hurt": {
      "initial_state": "default",
      "states": {
				"default": {
					"transitions": [
						{ "hurt_1": "q.is_shaking && v.random_player_hurt == 1 && q.is_alive" },
						{ "hurt_2": "q.is_shaking && v.random_player_hurt == 2 && q.is_alive" },
						{ "hurt_3": "q.is_shaking && v.random_player_hurt == 3 && q.is_alive" },
						{ "hurt_4": "q.is_shaking && v.random_player_hurt == 4 && q.is_alive" },
						{ "hurt_5": "q.is_shaking && v.random_player_hurt == 5 && q.is_alive" }
					],
					"on_entry": [
            "v.tick_delay = q.life_time;",
            "v.random_player_hurt = math.random_integer(1, 5);",
            "@s ra:remove_hurt"
          ]
				},
				"hurt_1": {
					"transitions": [
						{ "default": "(q.life_time - v.tick_delay) >= 0.1" }
					],
					"on_entry": [
            "v.tick_delay = q.life_time;",
            "/particle ra:bullet.impact_player ^^1^",
            "/particle ra:hurt_blood ~~1~",
            "/particle ra:zombie.hurt_bits ~~1~",
            "/playsound splat_impact @a[r=16] ~~~ 0.25 1.5 0.01",
						"/playsound hit.bone_block @a[r=16] ~~~ 0.65 0.75 0.025",
						"/playsound hit.bone_block @a[r=16] ~~~ 0.45 0.25 0.025"
					],
					"on_exit": [
            "v.tick_delay = q.life_time;",
            "v.random_player_hurt = math.random_integer(1, 5);",
            "@s ra:remove_hurt"
					]
				},
				"hurt_2": {
					"transitions": [
						{ "default": "(q.life_time - v.tick_delay) >= 0.1" }
					],
					"on_entry": [
            "v.tick_delay = q.life_time;",
            "/particle ra:bullet.impact_player ^0.2^1.5^",
            "/particle ra:hurt_blood ~0.2~1.5~",
            "/particle ra:zombie.hurt_bits ~0.2~1.5~",
            "/playsound splat_impact @a[r=16] ~~~ 0.25 1.25 0.01",
						"/playsound hit.bone_block @a[r=16] ~~~ 0.65 0.75 0.025",
						"/playsound hit.bone_block @a[r=16] ~~~ 0.45 0.25 0.025"
					],
					"on_exit": [
            "v.tick_delay = q.life_time;",
            "v.random_player_hurt = math.random_integer(1, 5);",
            "@s ra:remove_hurt"
					]
				},
				"hurt_3": {
					"transitions": [
						{ "default": "(q.life_time - v.tick_delay) >= 0.1" }
					],
					"on_entry": [
            "v.tick_delay = q.life_time;",
            "/particle ra:bullet.impact_player ^-0.2^1.5^",
            "/particle ra:hurt_blood ~-0.2~1.5~",
            "/particle ra:zombie.hurt_bits ~-0.2~1.5~",
            "/playsound splat_impact @a[r=16] ~~~ 0.15 1.0 0.01",
						"/playsound hit.bone_block @a[r=16] ~~~ 0.65 0.75 0.025",
						"/playsound hit.bone_block @a[r=16] ~~~ 0.45 0.25 0.025"
					],
					"on_exit": [
            "v.tick_delay = q.life_time;",
            "v.random_player_hurt = math.random_integer(1, 5);",
            "@s ra:remove_hurt"
					]
				},
				"hurt_4": {
					"transitions": [
						{ "default": "(q.life_time - v.tick_delay) >= 0.1" }
					],
					"on_entry": [
            "v.tick_delay = q.life_time;",
            "/particle ra:bullet.impact_player ^0.1^0.5^",
            "/particle ra:hurt_blood ~0.1~0.5~",
            "/particle ra:zombie.hurt_bits ~0.1~0.5~",
            "/playsound splat_impact @a[r=16] ~~~ 0.35 1.75 0.01",
						"/playsound hit.bone_block @a[r=16] ~~~ 0.65 0.75 0.025",
						"/playsound hit.bone_block @a[r=16] ~~~ 0.45 0.25 0.025"
					],
					"on_exit": [
            "v.tick_delay = q.life_time;",
            "v.random_player_hurt = math.random_integer(1, 5);",
            "@s ra:remove_hurt"
					]
				},
				"hurt_5": {
					"transitions": [
						{ "default": "(q.life_time - v.tick_delay) >= 0.1" }
					],
					"on_entry": [
            "v.tick_delay = q.life_time;",
            "/particle ra:bullet.impact_player ^-0.1^0.5^",
            "/particle ra:hurt_blood ~-0.1~0.5~",
            "/particle ra:zombie.hurt_bits ~-0.1~0.5~",
            "/playsound splat_impact @a[r=16] ~~~ 0.25 1.15 0.01",
						"/playsound hit.bone_block @a[r=16] ~~~ 0.65 0.75 0.025",
						"/playsound hit.bone_block @a[r=16] ~~~ 0.45 0.25 0.025"
					],
					"on_exit": [
            "v.tick_delay = q.life_time;",
            "v.random_player_hurt = math.random_integer(1, 5);",
            "@s ra:remove_hurt"
					]
				}
      }
    }
  }
}