{
  "format_version": "1.10.0",
  "animation_controllers": {
    "controller.animation.villager.death": {
      "initial_state": "in_air",
      "states": {
        "in_air": {
          "transitions": [ 
            { "explode": "q.is_stunned && q.health <= 0" }
          ]
        },
        "explode": {
          "on_entry": [
            "/summon ra:player_limb ~~1.65~",
            "/summon ra:player_limb_1 ~0.1~1.65~ 0 0 ra:skin_0",
            "/summon ra:zombie_limb ^^1^-0.25 0 0 ra:skin_0",
            "/event entity @e[r=5] ra:despawn_timer",
            "/playsound splat_impact @a[r=64] ~~~ 4 0.75 0.01",
            "/particle ra:blood ~~1.5~",
            "/particle ra:zombie.explode_blood ~~~",
            "/particle ra:zombie.explode_blood_1 ~~0.25~",
            "/particle ra:zombie.explode_blood_2 ~~0.25~",
            "@s ra:vill_despawn"
           ]
        }
      }
    }
  }
}