{
  "format_version": "1.16.0",
  "minecraft:entity": {
    "description": {
      "identifier": "ra:weapon_display_spruce",
      "is_spawnable": true,
      "is_summonable": true,
      "is_experimental": false,
      "scripts": {
        "animate": [
          "weapon_display",
          "break"
        ]
      },
      "animations": {
        "break": "controller.animation.weapon_display.break",
        "weapon_display": "controller.animation.weapon_display"
      }
    },
    "components": {
      "minecraft:type_family": {
        "family": [ "ra_dummy","ra_prop","spruce" ]
      },
      "minecraft:knockback_resistance":{ "value": 1 },
      "minecraft:fire_immune": {},
      "minecraft:collision_box": {
        "width": 0,
        "height": 0
      },
      "minecraft:custom_hit_test": {
        "hitboxes": [
          {
            "width": 0.75,
            "height": 0.25,
            "pivot": [ 0, 0.45, 0 ]
          }
        ]
      },
      "minecraft:health": {
        "value": 2,
        "min": 1,
        "max": 2
      },
      "minecraft:nameable": {},
      "minecraft:physics": {
        "has_gravity": false
      },
      "minecraft:damage_sensor": {
        "triggers": [
          {
            "on_damage": {
              "filters": {
                "all_of": [
                  { "test": "has_damage", "subject": "self", "value": "block_explosion" },
                  { "test": "is_game_rule", "domain": "mobGriefing", "value": true }
                ]
              },
              "event": "ra:break"
            },
            "deals_damage": true,
            "on_damage_sound_event": "block.turtle_egg.crack"
          },
          {
            "on_damage": {
              "filters": {
                "all_of": [
                  { "test": "has_damage", "subject": "self", "value": "entity_explosion" },
                  { "test": "is_game_rule", "domain": "mobGriefing", "value": true }
                ]
              },
              "event": "ra:break"
            },
            "deals_damage": true,
            "on_damage_sound_event": "block.turtle_egg.crack"
          },
          {
            "on_damage": {
              "filters": {
                "all_of": [
                  { "test": "is_family", "subject": "other", "value": "player" },
                  { "test": "has_damage", "subject": "self", "value": "attack" },
                  { "test": "is_skin_id", "subject": "self","operator": ">", "value": 0 }
                ]
              },
              "event": "ra:default"
            },
            "deals_damage": false,
            "on_damage_sound_event": "armor.equip_netherite"
          },
          {
            "on_damage": {
              "filters": {
                "all_of": [
                  { "test": "is_family", "subject": "other", "value": "player" },
                  { "test": "has_damage", "subject": "self", "value": "attack" },
                  { "test": "is_skin_id", "subject": "self", "operator": "==", "value": 0 }
                ]
              },
              "event": "ra:break"
            },
            "deals_damage": false,
            "on_damage_sound_event": "armor.equip_netherite"
          },
          {
          "cause": "all",
          "deals_damage": false
          }
        ]
      },
      "minecraft:interact": {
        "interactions": [
          {
            "on_interact": {
              "filters": {
                "all_of": [
                  { "test": "is_sneaking", "subject": "other", "value": true },
                  { "test": "is_variant", "subject": "self", "operator": "==", "value": 3 }
                ]
              },
              "event": "ra:remove_rotate"
            },
            "swing": true,
            "play_sounds": "armor.equip_netherite"
          },
          {
            "on_interact": {
              "filters": {
                "all_of": [
                  { "test": "is_sneaking", "subject": "other", "value": true },
                  { "test": "is_variant", "subject": "self", "operator": "==", "value": 2 },
                  { "test": "is_skin_id", "subject": "self", "operator": ">", "value": 0 }
                ]
              },
              "event": "ra:rotate.2"
            },
            "swing": true,
            "play_sounds": "armor.equip_netherite"
          },
          {
            "on_interact": {
              "filters": {
                "all_of": [
                  { "test": "is_sneaking", "subject": "other", "value": true },
                  { "test": "is_variant", "subject": "self", "operator": "==", "value": 1 },
                  { "test": "is_skin_id", "subject": "self", "operator": ">", "value": 0 }
                ]
              },
              "event": "ra:rotate.1"
            },
            "swing": true,
            "play_sounds": "armor.equip_netherite"
          },
          {
            "on_interact": {
              "filters": {
                "all_of": [
                  { "test": "is_sneaking", "subject": "other", "value": true },
                  { "test": "is_variant", "subject": "self", "operator": "==", "value": 0 },
                  { "test": "is_skin_id", "subject": "self", "operator": ">", "value": 0 }
                ]
              },
              "event": "ra:rotate"
            },
            "swing": true,
            "play_sounds": "armor.equip_netherite"
          },
          
          {
            "on_interact": {
              "filters": {
                "all_of": [
                  { "test": "has_equipment", "subject": "other", "value": "ra:thunder_gun" }
                ]
              },
              "event": "ra:thunder_gun"
            },
            "swing": true,
            "play_sounds": "armor.equip_netherite"
          },
          {
            "on_interact": {
              "filters": {
                "all_of": [
                  { "test": "has_equipment", "subject": "other", "value": "ra:mx115" }
                ]
              },
              "event": "ra:mx115"
            },
            "swing": true,
            "play_sounds": "armor.equip_netherite"
          },
          {
            "on_interact": {
              "filters": {
                "all_of": [
                  { "test": "has_equipment", "subject": "other", "value": "ra:awm" }
                ]
              },
              "event": "ra:awm"
            },
            "swing": true,
            "play_sounds": "armor.equip_netherite"
          },
          {
            "on_interact": {
              "filters": {
                "all_of": [
                  { "test": "has_equipment", "subject": "other", "value": "ra:ak_47" }
                ]
              },
              "event": "ra:ak_47"
            },
            "swing": true,
            "play_sounds": "armor.equip_netherite"
          },
          {
            "on_interact": {
              "filters": {
                "all_of": [
                  { "test": "has_equipment", "subject": "other", "value": "ra:ak_47_golden" }
                ]
              },
              "event": "ra:ak_47_golden"
            },
            "swing": true,
            "play_sounds": "armor.equip_netherite"
          },
          {
            "on_interact": {
              "filters": {
                "all_of": [
                  { "test": "has_equipment", "subject": "other", "value": "ra:citori_725" }
                ]
              },
              "event": "ra:citori_725"
            },
            "swing": true,
            "play_sounds": "armor.equip_netherite"
          },
          {
            "on_interact": {
              "filters": {
                "all_of": [
                  { "test": "has_equipment", "subject": "other", "value": "ra:mini_gun" }
                ]
              },
              "event": "ra:mini_gun"
            },
            "swing": true,
            "play_sounds": "armor.equip_netherite"
          },
          {
            "on_interact": {
              "filters": {
                "all_of": [
                  { "test": "has_equipment", "subject": "other", "value": "ra:m4" }
                ]
              },
              "event": "ra:m4"
            },
            "swing": true,
            "play_sounds": "armor.equip_netherite"
          },
          {
            "on_interact": {
              "filters": {
                "all_of": [
                  { "test": "has_equipment", "subject": "other", "value": "ra:m79" }
                ]
              },
              "event": "ra:m79"
            },
            "swing": true,
            "play_sounds": "armor.equip_netherite"
          },
          {
            "on_interact": {
              "filters": {
                "all_of": [
                  { "test": "has_equipment", "subject": "other", "value": "ra:p250" }
                ]
              },
              "event": "ra:p250"
            },
            "swing": true,
            "play_sounds": "armor.equip_netherite"
          },
          {
            "on_interact": {
              "filters": {
                "all_of": [
                  { "test": "has_equipment", "subject": "other", "value": "ra:p90" }
                ]
              },
              "event": "ra:p90"
            },
            "swing": true,
            "play_sounds": "armor.equip_netherite"
          },
          {
            "on_interact": {
              "filters": {
                "all_of": [
                  { "test": "has_equipment", "subject": "other", "value": "ra:remington_870" }
                ]
              },
              "event": "ra:remington_870"
            },
            "swing": true,
            "play_sounds": "armor.equip_netherite"
          },
          {
            "on_interact": {
              "filters": {
                "all_of": [
                  { "test": "has_equipment", "subject": "other", "value": "ra:mp5" }
                ]
              },
              "event": "ra:mp5"
            },
            "swing": true,
            "play_sounds": "armor.equip_netherite"
          },
          {
            "on_interact": {
              "filters": {
                "all_of": [
                  { "test": "has_equipment", "subject": "other", "value": "ra:desert_eagle" }
                ]
              },
              "event": "ra:desert_eagle"
            },
            "swing": true,
            "play_sounds": "armor.equip_netherite"
          },
          {
            "on_interact": {
              "filters": {
                "all_of": [
                  { "test": "has_equipment", "subject": "other", "value": "ra:desert_eagle_golden" }
                ]
              },
              "event": "ra:desert_eagle_golden"
            },
            "swing": true,
            "play_sounds": "armor.equip_netherite"
          },
          {
            "on_interact": {
              "filters": {
                "all_of": [
                  { "test": "has_equipment", "subject": "other", "value": "ra:m1_garand" }
                ]
              },
              "event": "ra:m1_garand"
            },
            "swing": true,
            "play_sounds": "armor.equip_netherite"
          },
          {
            "on_interact": {
              "filters": {
                "all_of": [
                  { "test": "has_equipment", "subject": "other", "value": "ra:mosin_nagant" }
                ]
              },
              "event": "ra:mosin_nagant"
            },
            "swing": true,
            "play_sounds": "armor.equip_netherite"
          },
          {
            "on_interact": {
              "filters": {
                "all_of": [
                  { "test": "has_equipment", "subject": "other", "value": "ra:mp40" }
                ]
              },
              "event": "ra:mp40"
            },
            "swing": true,
            "play_sounds": "armor.equip_netherite"
          },
          {
            "on_interact": {
              "filters": {
                "all_of": [
                  { "test": "has_equipment", "subject": "other", "value": "ra:mp40_golden" }
                ]
              },
              "event": "ra:mp40_golden"
            },
            "swing": true,
            "play_sounds": "armor.equip_netherite"
          },
          {
            "on_interact": {
              "filters": {
                "all_of": [
                  { "test": "has_equipment", "subject": "other", "value": "ra:mp40_netherite" }
                ]
              },
              "event": "ra:mp40_netherite"
            },
            "swing": true,
            "play_sounds": "armor.equip_netherite"
          },
          {
            "on_interact": {
              "filters": {
                "all_of": [
                  { "test": "has_equipment", "subject": "other", "value": "ra:desert_eagle_netherite" }
                ]
              },
              "event": "ra:desert_eagle_netherite"
            },
            "swing": true,
            "play_sounds": "armor.equip_netherite"
          },
          {
            "on_interact": {
              "filters": {
                "all_of": [
                  { "test": "has_equipment", "subject": "other", "value": "ra:mx115_netherite" }
                ]
              },
              "event": "ra:mx115_netherite"
            },
            "swing": true,
            "play_sounds": "armor.equip_netherite"
          },
          {
            "on_interact": {
              "filters": {
                "all_of": [
                  { "test": "has_equipment", "subject": "other", "value": "ra:m16a4" }
                ]
              },
              "event": "ra:m16a4"
            },
            "swing": true,
            "play_sounds": "armor.equip_netherite"
          },
          {
            "on_interact": {
              "filters": {
                "all_of": [
                  { "test": "has_equipment", "subject": "other", "value": "ra:rpk" }
                ]
              },
              "event": "ra:rpk"
            },
            "swing": true,
            "play_sounds": "armor.equip_netherite"
          },
          {
            "on_interact": {
              "filters": {
                "all_of": [
                  { "test": "has_equipment", "subject": "other", "value": "ra:rpk_polymer" }
                ]
              },
              "event": "ra:rpk_polymer"
            },
            "swing": true,
            "play_sounds": "armor.equip_netherite"
          },
          {
            "on_interact": {
              "filters": {
                "all_of": [
                  { "test": "has_equipment", "subject": "other", "value": "ra:ak_47_polymer" }
                ]
              },
              "event": "ra:ak_47_polymer"
            },
            "swing": true,
            "play_sounds": "armor.equip_netherite"
          },
          {
            "on_interact": {
              "filters": {
                "all_of": [
                  { "test": "has_equipment", "subject": "other", "value": "ra:ak_47_polymer_golden" }
                ]
              },
              "event": "ra:ak_47_polymer_golden"
            },
            "swing": true,
            "play_sounds": "armor.equip_netherite"
          },
          {
            "on_interact": {
              "filters": {
                "all_of": [
                  { "test": "has_equipment", "subject": "other", "value": "ra:sp88" }
                ]
              },
              "event": "ra:sp88"
            },
            "swing": true,
            "play_sounds": "armor.equip_netherite"
          },
          {
            "on_interact": {
              "filters": {
                "all_of": [
                  { "test": "has_equipment", "subject": "other", "value": "ra:ppsh_41" }
                ]
              },
              "event": "ra:ppsh_41"
            },
            "swing": true,
            "play_sounds": "armor.equip_netherite"
          },
          {
            "on_interact": {
              "filters": {
                "all_of": [
                  { "test": "has_equipment", "subject": "other", "value": "ra:ppsh_41_golden" }
                ]
              },
              "event": "ra:ppsh_41_golden"
            },
            "swing": true,
            "play_sounds": "armor.equip_netherite"
          },
          {
            "on_interact": {
              "filters": {
                "all_of": [
                  { "test": "has_equipment", "subject": "other", "value": "ra:rpg" }
                ]
              },
              "event": "ra:rpg"
            },
            "swing": true,
            "play_sounds": "armor.equip_netherite"
          },
          {
            "on_interact": {
              "filters": {
                "all_of": [
                  { "test": "has_equipment", "subject": "other", "value": "ra:magnum" }
                ]
              },
              "event": "ra:magnum"
            },
            "swing": true,
            "play_sounds": "armor.equip_netherite"
          },
          {
            "on_interact": {
              "filters": {
                "all_of": [
                  { "test": "has_equipment", "subject": "other", "value": "ra:magnum_midnight" }
                ]
              },
              "event": "ra:magnum_midnight"
            },
            "swing": true,
            "play_sounds": "armor.equip_netherite"
          },
          {
            "on_interact": {
              "filters": {
                "all_of": [
                  { "test": "has_equipment", "subject": "other", "value": "ra:scar" }
                ]
              },
              "event": "ra:scar"
            },
            "swing": true,
            "play_sounds": "armor.equip_netherite"
          },
          {
            "on_interact": {
              "filters": {
                "all_of": [
                  { "test": "has_equipment", "subject": "other", "value": "ra:scar_midnight" }
                ]
              },
              "event": "ra:scar_midnight"
            },
            "swing": true,
            "play_sounds": "armor.equip_netherite"
          },
          {
            "on_interact": {
              "filters": {
                "all_of": [
                  { "test": "has_equipment", "subject": "other", "value": "ra:scar_golden" }
                ]
              },
              "event": "ra:scar_golden"
            },
            "swing": true,
            "play_sounds": "armor.equip_netherite"
          },
          {
            "on_interact": {
              "filters": {
                "all_of": [
                  { "test": "has_equipment", "subject": "other", "value": "" }
                ]
              },
              "event": "ra:empty"
            },
            "swing": true,
            "play_sounds": "armor.equip_netherite"
          }
        ]
      }
    },
    "component_groups": {
      "ra:place":{ "minecraft:mark_variant": { "value": 1 }},
      "ra:default":{ "minecraft:variant": { "value": 0 }, "minecraft:skin_id": { "value": 0 }},
      "ra:remove_rotate":{ "minecraft:variant": { "value": 0 }},
      "ra:rotate":{ "minecraft:variant": { "value": 1 }},
      "ra:rotate.1":{ "minecraft:variant": { "value": 2 }},
      "ra:rotate.2":{ "minecraft:variant": { "value": 3 }},

      "ra:empty":{ "minecraft:skin_id": { "value": 0 }},
      "ra:thunder_gun":{ "minecraft:skin_id": { "value": 1 }},
      "ra:mx115":{ "minecraft:skin_id": { "value": 2 }},
      "ra:awm":{ "minecraft:skin_id": { "value": 3 }},
      "ra:ak_47":{ "minecraft:skin_id": { "value": 4 }},
      "ra:ak_47_golden":{ "minecraft:skin_id": { "value": 5 }},
      "ra:citori_725":{ "minecraft:skin_id": { "value": 6 }},
      "ra:mini_gun":{ "minecraft:skin_id": { "value": 7 }},
      "ra:m4":{ "minecraft:skin_id": { "value": 8 }},
      "ra:m79":{ "minecraft:skin_id": { "value": 9 }},
      "ra:p250":{ "minecraft:skin_id": { "value": 10 }},
      "ra:p90":{ "minecraft:skin_id": { "value": 11 }},
      "ra:remington_870":{ "minecraft:skin_id": { "value": 12 }},
      "ra:mp5":{ "minecraft:skin_id": { "value": 13 }},
      "ra:desert_eagle":{ "minecraft:skin_id": { "value": 14 }},
      "ra:desert_eagle_golden":{ "minecraft:skin_id": { "value": 15 }},
      "ra:m1_garand":{ "minecraft:skin_id": { "value": 16 }},
      "ra:mosin_nagant":{ "minecraft:skin_id": { "value": 17 }},
      "ra:mp40":{ "minecraft:skin_id": { "value": 18 }},
      "ra:mp40_golden":{ "minecraft:skin_id": { "value": 19 }},
      "ra:mp40_netherite":{ "minecraft:skin_id": { "value": 20 }},
      "ra:desert_eagle_netherite":{ "minecraft:skin_id": { "value": 21 }},
      "ra:mx115_netherite":{ "minecraft:skin_id": { "value": 22 }},
      "ra:m16a4":{ "minecraft:skin_id": { "value": 23 }},
      "ra:rpk":{ "minecraft:skin_id": { "value": 24 }},
      "ra:rpk_polymer":{ "minecraft:skin_id": { "value": 25 }},
      "ra:ak_47_polymer":{ "minecraft:skin_id": { "value": 26 }},
      "ra:ak_47_polymer_golden":{ "minecraft:skin_id": { "value": 27 }},
      "ra:sp88":{ "minecraft:skin_id": { "value": 28 }},
      "ra:ppsh_41":{ "minecraft:skin_id": { "value": 29 }},
      "ra:ppsh_41_golden":{ "minecraft:skin_id": { "value": 30 }},
      "ra:rpg":{ "minecraft:skin_id": { "value": 31 }},
      "ra:magnum":{ "minecraft:skin_id": { "value": 32 }},
      "ra:magnum_midnight":{ "minecraft:skin_id": { "value": 33 }},
      "ra:scar":{ "minecraft:skin_id": { "value": 34 }},
      "ra:scar_midnight":{ "minecraft:skin_id": { "value": 35 }},
      "ra:scar_golden":{ "minecraft:skin_id": { "value": 36 }},
      "ra:despawn": { "minecraft:instant_despawn": {} },

      "ra:break": {
        "minecraft:is_baby": {},
        "minecraft:collision_box": {
          "width": 0,
          "height": 0
        },
        "minecraft:custom_hit_test": {
          "hitboxes": [
            {
              "width": 0,
              "height": 0,
              "pivot": [ 0, -500, 0 ]
            }
          ]
        }
      }
    },
    "events": {
      "minecraft:entity_spawned": { "add": { "component_groups": [ "ra:empty" ] } },
      "ra:place": { "add": { "component_groups": [ "ra:place"  ] } },
      "ra:default": { "add": { "component_groups": [ "ra:default" ] } },
      "ra:despawn": { "add": { "component_groups": [ "ra:despawn" ] } },
      "ra:break": { "add": { "component_groups": [ "ra:default", "ra:break"  ] } },

      "ra:remove_rotate": { "add": { "component_groups": [ "ra:remove_rotate" ] } },
      "ra:rotate": { "add": { "component_groups": [ "ra:rotate" ] } },
      "ra:rotate.1": { "remove": { "component_groups": [ "ra:rotate" ] }, "add": { "component_groups": [ "ra:rotate.1" ] } },
      "ra:rotate.2": { "remove": { "component_groups": [ "ra:rotate.1" ] }, "add": { "component_groups": [ "ra:rotate.2" ] } },
      
      "ra:thunder_gun": { "add": { "component_groups": [ "ra:thunder_gun" ] } },
      "ra:mx115": { "add": { "component_groups": [ "ra:mx115" ] } },
      "ra:awm": { "add": { "component_groups": [ "ra:awm" ] } },
      "ra:ak_47": { "add": { "component_groups": [ "ra:ak_47" ] } },
      "ra:ak_47_golden": { "add": { "component_groups": [ "ra:ak_47_golden" ] } },
      "ra:citori_725": { "add": { "component_groups": [ "ra:citori_725" ] } },
      "ra:mini_gun": { "add": { "component_groups": [ "ra:mini_gun" ] } },
      "ra:m4": { "add": { "component_groups": [ "ra:m4" ] } },
      "ra:m79": { "add": { "component_groups": [ "ra:m79" ] } },
      "ra:p250": { "add": { "component_groups": [ "ra:p250" ] } },
      "ra:p90": { "add": { "component_groups": [ "ra:p90" ] } },
      "ra:remington_870": { "add": { "component_groups": [ "ra:remington_870" ] } },
      "ra:mp5": { "add": { "component_groups": [ "ra:mp5" ] } },
      "ra:desert_eagle": { "add": { "component_groups": [ "ra:desert_eagle" ] } },
      "ra:desert_eagle_golden": { "add": { "component_groups": [ "ra:desert_eagle_golden" ] } },
      "ra:m1_garand": { "add": { "component_groups": [ "ra:m1_garand" ] } },
      "ra:mosin_nagant": { "add": { "component_groups": [ "ra:mosin_nagant" ] } },
      "ra:mp40": { "add": { "component_groups": [ "ra:mp40" ] } },
      "ra:mp40_golden": { "add": { "component_groups": [ "ra:mp40_golden" ] } },
      "ra:mp40_netherite": { "add": { "component_groups": [ "ra:mp40_netherite" ] } },
      "ra:desert_eagle_netherite": { "add": { "component_groups": [ "ra:desert_eagle_netherite" ] } },
      "ra:mx115_netherite": { "add": { "component_groups": [ "ra:mx115_netherite" ] } },
      "ra:m16a4": { "add": { "component_groups": [ "ra:m16a4" ] } },
      "ra:rpk": { "add": { "component_groups": [ "ra:rpk" ] } },
      "ra:rpk_polymer": { "add": { "component_groups": [ "ra:rpk_polymer" ] } },
      "ra:ak_47_polymer": { "add": { "component_groups": [ "ra:ak_47_polymer" ] } },
      "ra:ak_47_polymer_golden": { "add": { "component_groups": [ "ra:ak_47_polymer_golden" ] } },
      "ra:sp88": { "add": { "component_groups": [ "ra:sp88" ] } },
      "ra:ppsh_41": { "add": { "component_groups": [ "ra:ppsh_41" ] } },
      "ra:ppsh_41_golden": { "add": { "component_groups": [ "ra:ppsh_41_golden" ] } },
      "ra:rpg": { "add": { "component_groups": [ "ra:rpg" ] } },
      "ra:magnum": { "add": { "component_groups": [ "ra:magnum" ] } },
      "ra:magnum_midnight": { "add": { "component_groups": [ "ra:magnum_midnight" ] } },
      "ra:scar": { "add": { "component_groups": [ "ra:scar" ] } },
      "ra:scar_midnight": { "add": { "component_groups": [ "ra:scar_midnight" ] } },
      "ra:scar_golden": { "add": { "component_groups": [ "ra:scar_golden" ] } }
    }
  }
}