{
	"format_version":"1.1.0",
	"ra:black": {
		"textures": "black",
		"sound": "deepslate_bricks"
	},
	"ra:cobble": {
		"textures": "cobble",
		"sound": "deepslate_bricks"
	},
	"ra:cobble_slab": {
		"textures": "cobble",
		"sound": "deepslate_bricks"
	},
	"ra:cobble_mossy": {
		"textures": "cobble_mossy",
		"sound": "deepslate_bricks"
	},
	"ra:cobble_mossy_slab": {
		"textures": "cobble_mossy",
		"sound": "deepslate_bricks"
	},
	"ra:radium_block": {
		"textures": "radium_block",
		"sound": "netherite"
	},
	"ra:radium_block_white": {
		"textures": "radium_block_white",
		"sound": "netherite"
	},
	"ra:radium_block_light_gray": {
		"textures": "radium_block_light_gray",
		"sound": "netherite"
	},
	"ra:radium_block_gray": {
		"textures": "radium_block_gray",
		"sound": "netherite"
	},
	"ra:radium_block_black": {
		"textures": "radium_block_black",
		"sound": "netherite"
	},
	"ra:radium_block_brown": {
		"textures": "radium_block_brown",
		"sound": "netherite"
	},
	"ra:radium_block_red": {
		"textures": "radium_block_red",
		"sound": "netherite"
	},
	"ra:radium_block_orange": {
		"textures": "radium_block_orange",
		"sound": "netherite"
	},
	"ra:radium_block_yellow": {
		"textures": "radium_block_yellow",
		"sound": "netherite"
	},
	"ra:radium_block_green": {
		"textures": "radium_block_green",
		"sound": "netherite"
	},
	"ra:radium_block_cyan": {
		"textures": "radium_block_cyan",
		"sound": "netherite"
	},
	"ra:radium_block_light_blue": {
		"textures": "radium_block_light_blue",
		"sound": "netherite"
	},
	"ra:radium_block_blue": {
		"textures": "radium_block_blue",
		"sound": "netherite"
	},
	"ra:radium_block_purple": {
		"textures": "radium_block_purple",
		"sound": "netherite"
	},
	"ra:radium_block_magenta": {
		"textures": "radium_block_magenta",
		"sound": "netherite"
	},
	"ra:radium_block_pink": {
		"textures": "radium_block_pink",
		"sound": "netherite"
	},
	"ra:roof_tip": {
		"textures": "roof_tip",
		"sound": "wood"
	},
	"ra:roof_shingles": {
		"textures": "roof_shingles",
		"sound": "wood"
	},
	"ra:roof_shingles_corner": {
		"textures": "roof_shingles_corner",
		"sound": "wood"
	},
	"ra:support_beam": {
		"textures": "support_beam",
		"sound": "wood"
	},
	"oak_fence": {
		"textures": {
			"down": "fence_top",
			"side": "fence",
			"up": "fence_top"
		},
		"sound": "wood"
	},
	"ra:grass_dry": {
		"sound": "azalea_leaves"
	},
	"ra:grass_dead": {
		"sound": "azalea_leaves"
	},
	"ra:planks": {
		"sound": "wood"
	},
	"ra:stand": {
		"sound": "wood"
	}
}