{
  "format_version": "1.10.0",
  "animation_controllers": {
    "controller.animation.menu": {
      "initial_state": "default",
      "states": {
        "default": {
          "animations": ["idle"],
          "transitions": [ { "pressed": "q.variant == 1" } ],
          "blend_transition": 0.5,
          "blend_via_shortest_path": true
        },
        "pressed": {
          "animations": [ "pressed" ],
          "transitions": [ { "after_pressed_idle": "q.all_animations_finished" } ],
          "blend_transition": 2,
          "blend_via_shortest_path": true
        },
        "after_pressed_idle": {
          "animations": ["idle"],
          "transitions": [ { "default": "q.variant == 0" } ],
          "blend_transition": 2,
          "blend_via_shortest_path": true
        }
      }
    }
  }
} 