{
  "format_version": "1.10.0",
  "animation_controllers": {
    "controller.animation.pumpkin_bomb.prop": {
      "initial_state": "default",
      "states": {
        "default": {
          "transitions": [
            { "pressed": "q.variant == 3 || q.variant == 1" }
          ]
        },
        "pressed": {
          "animations": [ "pressed" ],
          "transitions": [
            { "default": "q.variant == 0" }
          ],
          "blend_transition": 0.15,
          "blend_via_shortest_path": true
        }
      }
    }
  }
} 