{
  "format_version": "1.8.0",
  "minecraft:spawn_rules": {
    "description": {
      "identifier": "ra:zombie",
      "population_control": "monster"
    },
    "conditions": [
      {
        "minecraft:distance_filter": {
          "min": 20,
          "max": 64
        },
        "minecraft:density_limit": {"surface": 15, "underground": 25},
        "minecraft:spawns_on_surface": {},
        "minecraft:spawns_on_block_prevented_filter":[
          "minecraft:black_carpet",
          "minecraft:blue_carpet",
          "minecraft:brown_carpet",
          "minecraft:cyan_carpet",
          "minecraft:gray_carpet",
          "minecraft:green_carpet",
          "minecraft:light_blue_carpet",
          "minecraft:light_gray_carpet",
          "minecraft:lime_carpet",
          "minecraft:magenta_carpet",
          "minecraft:orange_carpet",
          "minecraft:pink_carpet",
          "minecraft:purple_carpet",
          "minecraft:red_carpet",
          "minecraft:white_carpet",
          "minecraft:yellow_carpet"
        ],
        "minecraft:spawns_underground": {},
        "minecraft:brightness_filter": {
          "min": 0,
          "max": 7,
          "adjust_for_weather": true
        },
        "minecraft:difficulty_filter": {
          "min": "easy",
          "max": "hard"
        },
        "minecraft:weight": {
          "default": 100
        },
        "minecraft:herd": {
          "min_size": 2,
          "max_size": 6
        },
        "minecraft:biome_filter": {
          "test": "has_biome_tag", "operator": "==", "value": "monster"
        }
      }
    ]
  }
}