{
  "format_version": "1.17.30",
  "minecraft:entity": {
    "description": {
      "identifier": "minecraft:item",
      "is_spawnable": true,
      "is_summonable": false,
      "is_experimental": false,
      "properties": {
				"ra:selected_id":{ "type": "bool", "client_sync": true, "default": false }
      },
      "scripts": { "animate": [ "root" ] },
      "animations": { "root": "controller.animation.item.root" }
    },
    "components": {
      "minecraft:type_family": {
        "family": [ "item", "ra_dummy" ]
      },
      "minecraft:tick_world": {},
      "minecraft:hurt_on_condition": {
        "damage_conditions": [
          {
            "filters": {
              "test": "in_lava",
              "subject": "self",
              "operator": "==",
              "value": true
            },
            "cause": "lava",
            "damage_per_tick": 4
          }
        ]
      },
      "minecraft:rideable": {
        "seat_count": 1,
        "family_types": [
          "item"
        ],
        "seats": {
          "position": [ 0, 0, 0 ]
        }
      },
      "minecraft:physics": {},
      "minecraft:is_hidden_when_invisible": {},
      "minecraft:pushable": {
        "is_pushable": false,
        "is_pushable_by_piston": true
      },
      "minecraft:environment_sensor": {
        "triggers": [
          {
            "filters": {
              "any_of": [
                { "test": "has_tag", "subject": "self", "operator": "==", "value": "m4" },
                { "test": "has_tag", "subject": "self", "operator": "==", "value": "m79" },
                { "test": "has_tag", "subject": "self", "operator": "==", "value": "p250" },
                { "test": "has_tag", "subject": "self", "operator": "==", "value": "grenade" },
                { "test": "has_tag", "subject": "self", "operator": "==", "value": "mini_gun" },
                { "test": "has_tag", "subject": "self", "operator": "==", "value": "mini_gun_clip" },
                { "test": "has_tag", "subject": "self", "operator": "==", "value": "ak_47" },
                { "test": "has_tag", "subject": "self", "operator": "==", "value": "ak_47_golden" },
                { "test": "has_tag", "subject": "self", "operator": "==", "value": "citori_725" },
                { "test": "has_tag", "subject": "self", "operator": "==", "value": "p90" },
                { "test": "has_tag", "subject": "self", "operator": "==", "value": "awm" },
                { "test": "has_tag", "subject": "self", "operator": "==", "value": "thunder_gun" },
                { "test": "has_tag", "subject": "self", "operator": "==", "value": "mx115" },
                { "test": "has_tag", "subject": "self", "operator": "==", "value": "mx115_netherite" },
                { "test": "has_tag", "subject": "self", "operator": "==", "value": "remington_870" },
                { "test": "has_tag", "subject": "self", "operator": "==", "value": "mp5" },
                { "test": "has_tag", "subject": "self", "operator": "==", "value": "desert_eagle" },
                { "test": "has_tag", "subject": "self", "operator": "==", "value": "desert_eagle_golden" },
                { "test": "has_tag", "subject": "self", "operator": "==", "value": "desert_eagle_netherite" },
                { "test": "has_tag", "subject": "self", "operator": "==", "value": "detonator" },
                { "test": "has_tag", "subject": "self", "operator": "==", "value": "m1_garand" },
                { "test": "has_tag", "subject": "self", "operator": "==", "value": "mosin_nagant" },
                { "test": "has_tag", "subject": "self", "operator": "==", "value": "mp40" },
                { "test": "has_tag", "subject": "self", "operator": "==", "value": "mp40_golden" },
                { "test": "has_tag", "subject": "self", "operator": "==", "value": "mp40_netherite" },
                { "test": "has_tag", "subject": "self", "operator": "==", "value": "ak_47_polymer" },
                { "test": "has_tag", "subject": "self", "operator": "==", "value": "ak_47_polymer_golden" }
              ],
              "none_of": [
                { "test": "bool_property", "domain": "ra:selected_id", "operator": "==", "value": true }
              ]
            },
            "event": "ra:drop_item"
          }
        ]
      }
    },

    "component_groups": {
      "ra:drop_item": {
        "minecraft:addrider": { "entity_type": "ra:drop_item" },
        "minecraft:collision_box": { "height": 0.00001, "width": 0.00001 }
      },
      "minecraft:player_item": { "minecraft:is_charged": {} }
    },

    "events": {
      "ra:drop_item": { 
        "sequence": [
          {
            "filters": {
              "test": "is_riding",
              "value": false
            },
            "set_property": { "ra:selected_id": true },
            "add": { "component_groups": [ "ra:drop_item" ] } 
          }
        ]
      },
      "minecraft:entity_spawned": { "add": { "component_groups": [ "minecraft:player_item" ] } }
    }
  }
}
