{
  "format_version": "1.17.30",
  "minecraft:entity": {
    "description": {
      "identifier": "ra:drop_item",
      "is_summonable": false,
      "is_spawnable": false,
      "is_experimental": false,
      "properties": {
				"ra:selected_id":{ "type": "bool", "client_sync": true, "default": false },
				"ra:liquid_color":{ "type": "int", "client_sync": true, "default": 8, "range": [0,16] }
      },
      "scripts": {
        "animate": [
          { "twinkle_sfx": "q.skin_id == 4 || q.skin_id == 10 || q.skin_id == 12 || q.skin_id == 16 || q.skin_id == 21 || q.skin_id == 26" }
        ]
      },
      "animations": { "twinkle_sfx": "animation.item.twinkle_sfx" }
    },
    "components": {
      "minecraft:skin_id": {
        "value": 0
      },
      "minecraft:type_family": {
        "family": [
          "ra_dummy",
          "ra_item",
          "item"
        ]
      },
      "minecraft:collision_box": {
        "height": 0.7,
        "width": 0.7
      },
      "minecraft:nameable": {},
      "minecraft:damage_sensor": {
        "triggers": {
          "cause": "all",
          "deals_damage": false
        }
      },
      "minecraft:hurt_on_condition": {
        "damage_conditions": [
          {
            "filters": { "test": "in_lava", "subject": "self", "operator": "==", "value": true },
            "cause": "lava",
            "damage_per_tick": 4
          }
        ]
      },
      "minecraft:environment_sensor": {
        "triggers": [
          {
            "filters": {
              "all_of": [ { "test": "is_riding", "operator": "==", "subject": "self", "value": false } ]
            },
            "event": "ra:despawn"
          },
          {
            "filters": {
              "all_of": [
                { "test": "bool_property", "domain": "ra:selected_id", "value": false },
                { "test": "is_riding", "operator": "==", "subject": "self", "value": true },
                { "test": "has_tag", "operator": "==", "subject": "other", "value": "m4" }
              ]
            },
            "event": "ra:m4"
          },
          {
            "filters": {
              "all_of": [
                { "test": "bool_property", "domain": "ra:selected_id", "value": false },
                { "test": "is_riding", "operator": "==", "subject": "self", "value": true },
                { "test": "has_tag", "operator": "==", "subject": "other", "value": "m79" }
              ]
            },
            "event": "ra:m79"
          },
          {
            "filters": {
              "all_of": [
                { "test": "bool_property", "domain": "ra:selected_id", "value": false },
                { "test": "is_riding", "operator": "==", "subject": "self", "value": true },
                { "test": "has_tag", "operator": "==", "subject": "other", "value": "p250" }
              ]
            },
            "event": "ra:p250"
          },
          {
            "filters": {
              "all_of": [
                { "test": "bool_property", "domain": "ra:selected_id", "value": false },
                { "test": "is_riding", "operator": "==", "subject": "self", "value": true },
                { "test": "has_tag", "operator": "==", "subject": "other", "value": "grenade" }
              ]
            },
            "event": "ra:grenade"
          },
          {
            "filters": {
              "all_of": [
                { "test": "bool_property", "domain": "ra:selected_id", "value": false },
                { "test": "is_riding", "operator": "==", "subject": "self", "value": true },
                { "test": "has_tag", "operator": "==", "subject": "other", "value": "mini_gun" }
              ]
            },
            "event": "ra:mini_gun"
          },
          {
            "filters": {
              "all_of": [
                { "test": "bool_property", "domain": "ra:selected_id", "value": false },
                { "test": "is_riding", "operator": "==", "subject": "self", "value": true },
                { "test": "has_tag", "operator": "==", "subject": "other", "value": "mini_gun_clip" }
              ]
            },
            "event": "ra:mini_gun_clip"
          },
          {
            "filters": {
              "all_of": [
                { "test": "bool_property", "domain": "ra:selected_id", "value": false },
                { "test": "is_riding", "operator": "==", "subject": "self", "value": true },
                { "test": "has_tag", "operator": "==", "subject": "other", "value": "ak_47" }
              ]
            },
            "event": "ra:ak_47"
          },
          {
            "filters": {
              "all_of": [
                { "test": "bool_property", "domain": "ra:selected_id", "value": false },
                { "test": "is_riding", "operator": "==", "subject": "self", "value": true },
                { "test": "has_tag", "operator": "==", "subject": "other", "value": "ak_47_golden" }
              ]
            },
            "event": "ra:ak_47_golden"
          },
          {
            "filters": {
              "all_of": [
                { "test": "bool_property", "domain": "ra:selected_id", "value": false },
                { "test": "is_riding", "operator": "==", "subject": "self", "value": true },
                { "test": "has_tag", "operator": "==", "subject": "other", "value": "citori_725" }
              ]
            },
            "event": "ra:citori_725"
          },
          {
            "filters": {
              "all_of": [
                { "test": "bool_property", "domain": "ra:selected_id", "value": false },
                { "test": "is_riding", "operator": "==", "subject": "self", "value": true },
                { "test": "has_tag", "operator": "==", "subject": "other", "value": "p90" }
              ]
            },
            "event": "ra:p90"
          },
          {
            "filters": {
              "all_of": [
                { "test": "bool_property", "domain": "ra:selected_id", "value": false },
                { "test": "is_riding", "operator": "==", "subject": "self", "value": true },
                { "test": "has_tag", "operator": "==", "subject": "other", "value": "awm" }
              ]
            },
            "event": "ra:awm"
          },
          {
            "filters": {
              "all_of": [
                { "test": "bool_property", "domain": "ra:selected_id", "value": false },
                { "test": "is_riding", "operator": "==", "subject": "self", "value": true },
                { "test": "has_tag", "operator": "==", "subject": "other", "value": "thunder_gun" }
              ]
            },
            "event": "ra:thunder_gun"
          },
          {
            "filters": {
              "all_of": [
                { "test": "bool_property", "domain": "ra:selected_id", "value": false },
                { "test": "is_riding", "operator": "==", "subject": "self", "value": true },
                { "test": "has_tag", "operator": "==", "subject": "other", "value": "mx115" }
              ]
            },
            "event": "ra:mx115"
          },
          {
            "filters": {
              "all_of": [
                { "test": "bool_property", "domain": "ra:selected_id", "value": false },
                { "test": "is_riding", "operator": "==", "subject": "self", "value": true },
                { "test": "has_tag", "operator": "==", "subject": "other", "value": "remington_870" }
              ]
            },
            "event": "ra:remington_870"
          },
          {
            "filters": {
              "all_of": [
                { "test": "bool_property", "domain": "ra:selected_id", "value": false },
                { "test": "is_riding", "operator": "==", "subject": "self", "value": true },
                { "test": "has_tag", "operator": "==", "subject": "other", "value": "mp5" }
              ]
            },
            "event": "ra:mp5"
          },
          {
            "filters": {
              "all_of": [
                { "test": "bool_property", "domain": "ra:selected_id", "value": false },
                { "test": "is_riding", "operator": "==", "subject": "self", "value": true },
                { "test": "has_tag", "operator": "==", "subject": "other", "value": "desert_eagle" }
              ]
            },
            "event": "ra:desert_eagle"
          },
          {
            "filters": {
              "all_of": [
                { "test": "bool_property", "domain": "ra:selected_id", "value": false },
                { "test": "is_riding", "operator": "==", "subject": "self", "value": true },
                { "test": "has_tag", "operator": "==", "subject": "other", "value": "desert_eagle_golden" }
              ]
            },
            "event": "ra:desert_eagle_golden"
          },
          {
            "filters": {
              "all_of": [
                { "test": "bool_property", "domain": "ra:selected_id", "value": false },
                { "test": "is_riding", "operator": "==", "subject": "self", "value": true },
                { "test": "has_tag", "operator": "==", "subject": "other", "value": "detonator" }
              ]
            },
            "event": "ra:detonator"
          },
          {
            "filters": {
              "all_of": [
                { "test": "bool_property", "domain": "ra:selected_id", "value": false },
                { "test": "is_riding", "operator": "==", "subject": "self", "value": true },
                { "test": "has_tag", "operator": "==", "subject": "other", "value": "m1_garand" }
              ]
            },
            "event": "ra:m1_garand"
          },
          {
            "filters": {
              "all_of": [
                { "test": "bool_property", "domain": "ra:selected_id", "value": false },
                { "test": "is_riding", "operator": "==", "subject": "self", "value": true },
                { "test": "has_tag", "operator": "==", "subject": "other", "value": "mosin_nagant" }
              ]
            },
            "event": "ra:mosin_nagant"
          },
          {
            "filters": {
              "all_of": [
                { "test": "bool_property", "domain": "ra:selected_id", "value": false },
                { "test": "is_riding", "operator": "==", "subject": "self", "value": true },
                { "test": "has_tag", "operator": "==", "subject": "other", "value": "mp40" }
              ]
            },
            "event": "ra:mp40"
          },
          {
            "filters": {
              "all_of": [
                { "test": "bool_property", "domain": "ra:selected_id", "value": false },
                { "test": "is_riding", "operator": "==", "subject": "self", "value": true },
                { "test": "has_tag", "operator": "==", "subject": "other", "value": "mp40_golden" }
              ]
            },
            "event": "ra:mp40_golden"
          },
          {
            "filters": {
              "all_of": [
                { "test": "bool_property", "domain": "ra:selected_id", "value": false },
                { "test": "is_riding", "operator": "==", "subject": "self", "value": true },
                { "test": "has_tag", "operator": "==", "subject": "other", "value": "mx115_netherite" }
              ]
            },
            "event": "ra:mx115_netherite"
          },
          {
            "filters": {
              "all_of": [
                { "test": "bool_property", "domain": "ra:selected_id", "value": false },
                { "test": "is_riding", "operator": "==", "subject": "self", "value": true },
                { "test": "has_tag", "operator": "==", "subject": "other", "value": "desert_eagle_netherite" }
              ]
            },
            "event": "ra:desert_eagle_netherite"
          },
          {
            "filters": {
              "all_of": [
                { "test": "bool_property", "domain": "ra:selected_id", "value": false },
                { "test": "is_riding", "operator": "==", "subject": "self", "value": true },
                { "test": "has_tag", "operator": "==", "subject": "other", "value": "mp40_netherite" }
              ]
            },
            "event": "ra:mp40_netherite"
          },
          {
            "filters": {
              "all_of": [
                { "test": "bool_property", "domain": "ra:selected_id", "value": false },
                { "test": "is_riding", "operator": "==", "subject": "self", "value": true },
                { "test": "has_tag", "operator": "==", "subject": "other", "value": "ak_47_polymer" }
              ]
            },
            "event": "ra:ak_47_polymer"
          },
          {
            "filters": {
              "all_of": [
                { "test": "bool_property", "domain": "ra:selected_id", "value": false },
                { "test": "is_riding", "operator": "==", "subject": "self", "value": true },
                { "test": "has_tag", "operator": "==", "subject": "other", "value": "ak_47_polymer_golden" }
              ]
            },
            "event": "ra:ak_47_polymer_golden"
          }
        ]
      }
    },
    "component_groups": {
      "ra:despawn": { "minecraft:instant_despawn": {} },
      "ra:m4": { "minecraft:skin_id": { "value": 0 }, "minecraft:scale": { "value": 0.45 } },
      "ra:m79": { "minecraft:skin_id": { "value": 1 }, "minecraft:scale": { "value": 0.45 } },
      "ra:p250": { "minecraft:skin_id": { "value": 2 }, "minecraft:scale": { "value": 0.45 } },
      "ra:grenade": { "minecraft:skin_id": { "value": 3 }, "minecraft:scale": { "value": 0.45 } },
      "ra:mini_gun": { "minecraft:skin_id": { "value": 4 }, "minecraft:scale": { "value": 0.45 } },
      "ra:mini_gun_clip": { "minecraft:skin_id": { "value": 5 }, "minecraft:scale": { "value": 0.45 } },
      "ra:ak_47": { "minecraft:skin_id": { "value": 6 }, "minecraft:scale": { "value": 0.45 } },
      "ra:citori_725": { "minecraft:skin_id": { "value": 7 }, "minecraft:scale": { "value": 0.45 } },
      "ra:p90": { "minecraft:skin_id": { "value": 8 }, "minecraft:scale": { "value": 0.45 } },
      "ra:awm": { "minecraft:skin_id": { "value": 9 }, "minecraft:scale": { "value": 0.45 } },
      "ra:thunder_gun": { "minecraft:skin_id": { "value": 10 }, "minecraft:scale": { "value": 0.45 } },
      "ra:mx115": { "minecraft:skin_id": { "value": 11 }, "minecraft:scale": { "value": 0.45 } },
      "ra:ak_47_golden": { "minecraft:skin_id": { "value": 12 }, "minecraft:scale": { "value": 0.45 } },
      "ra:remington_870": { "minecraft:skin_id": { "value": 13 }, "minecraft:scale": { "value": 0.45 } },
      "ra:mp5": { "minecraft:skin_id": { "value": 14 }, "minecraft:scale": { "value": 0.45 } },
      "ra:desert_eagle": { "minecraft:skin_id": { "value": 15 }, "minecraft:scale": { "value": 0.45 } },
      "ra:desert_eagle_golden": { "minecraft:skin_id": { "value": 16 }, "minecraft:scale": { "value": 0.45 } },
      "ra:detonator": { "minecraft:skin_id": { "value": 17 }, "minecraft:scale": { "value": 0.45 } },
      "ra:m1_garand": { "minecraft:skin_id": { "value": 18 }, "minecraft:scale": { "value": 0.45 } },
      "ra:mosin_nagant": { "minecraft:skin_id": { "value": 19 }, "minecraft:scale": { "value": 0.45 } },
      "ra:mp40": { "minecraft:skin_id": { "value": 20 }, "minecraft:scale": { "value": 0.45 } },
      "ra:mp40_golden": { "minecraft:skin_id": { "value": 21 }, "minecraft:scale": { "value": 0.45 } },
      "ra:mx115_netherite": { "minecraft:skin_id": { "value": 22 }, "minecraft:scale": { "value": 0.45 } },
      "ra:desert_eagle_netherite": { "minecraft:skin_id": { "value": 23 }, "minecraft:scale": { "value": 0.45 } },
      "ra:mp40_netherite": { "minecraft:skin_id": { "value": 24 }, "minecraft:scale": { "value": 0.45 } },
      "ra:ak_47_polymer": { "minecraft:skin_id": { "value": 25 }, "minecraft:scale": { "value": 0.45 } },
      "ra:ak_47_polymer_golden": { "minecraft:skin_id": { "value": 26 }, "minecraft:scale": { "value": 0.45 } }
    },
    "events": {
      "ra:despawn": { "add": { "component_groups": [ "ra:despawn" ] } },
      "ra:m4": { "set_property": { "ra:selected_id": true }, "add": { "component_groups": [ "ra:m4" ] } },
      "ra:m79": { "set_property": { "ra:selected_id": true }, "add": { "component_groups": [ "ra:m79" ] } },
      "ra:p250": { "set_property": { "ra:selected_id": true }, "add": { "component_groups": [ "ra:p250" ] } },
      "ra:grenade": { "set_property": { "ra:selected_id": true }, "add": { "component_groups": [ "ra:grenade" ] } },
      "ra:mini_gun": { "set_property": { "ra:selected_id": true }, "add": { "component_groups": [ "ra:mini_gun" ] } },
      "ra:mini_gun_clip": { "set_property": { "ra:selected_id": true }, "add": { "component_groups": [ "ra:mini_gun_clip" ] } },
      "ra:ak_47": { "set_property": { "ra:selected_id": true }, "add": { "component_groups": [ "ra:ak_47" ] } },
      "ra:ak_47_golden": { "set_property": { "ra:selected_id": true }, "add": { "component_groups": [ "ra:ak_47_golden" ] } },
      "ra:citori_725": { "set_property": { "ra:selected_id": true }, "add": { "component_groups": [ "ra:citori_725" ] } },
      "ra:p90": { "set_property": { "ra:selected_id": true }, "add": { "component_groups": [ "ra:p90" ] } },
      "ra:awm": { "set_property": { "ra:selected_id": true }, "add": { "component_groups": [ "ra:awm" ] } },
      "ra:thunder_gun": { "set_property": { "ra:selected_id": true }, "add": { "component_groups": [ "ra:thunder_gun" ] } },
      "ra:mx115": { "set_property": { "ra:selected_id": true }, "add": { "component_groups": [ "ra:mx115" ] } },
      "ra:remington_870": { "set_property": { "ra:selected_id": true }, "add": { "component_groups": [ "ra:remington_870" ] } },
      "ra:mp5": { "set_property": { "ra:selected_id": true }, "add": { "component_groups": [ "ra:mp5" ] } },
      "ra:desert_eagle": { "set_property": { "ra:selected_id": true }, "add": { "component_groups": [ "ra:desert_eagle" ] } },
      "ra:desert_eagle_golden": { "set_property": { "ra:selected_id": true }, "add": { "component_groups": [ "ra:desert_eagle_golden" ] } },
      "ra:detonator": { "set_property": { "ra:selected_id": true }, "add": { "component_groups": [ "ra:detonator" ] } },
      "ra:m1_garand": { "set_property": { "ra:selected_id": true }, "add": { "component_groups": [ "ra:m1_garand" ] } },
      "ra:mosin_nagant": { "set_property": { "ra:selected_id": true }, "add": { "component_groups": [ "ra:mosin_nagant" ] } },
      "ra:mp40": { "set_property": { "ra:selected_id": true }, "add": { "component_groups": [ "ra:mp40" ] } },
      "ra:mp40_golden": { "set_property": { "ra:selected_id": true }, "add": { "component_groups": [ "ra:mp40_golden" ] } },
      "ra:mx115_netherite": { "set_property": { "ra:selected_id": true }, "add": { "component_groups": [ "ra:mx115_netherite" ] } },
      "ra:desert_eagle_netherite": { "set_property": { "ra:selected_id": true }, "add": { "component_groups": [ "ra:desert_eagle_netherite" ] } },
      "ra:mp40_netherite": { "set_property": { "ra:selected_id": true }, "add": { "component_groups": [ "ra:mp40_netherite" ] } },
      "ra:ak_47_polymer": { "set_property": { "ra:selected_id": true }, "add": { "component_groups": [ "ra:ak_47_polymer" ] } },
      "ra:ak_47_polymer_golden": { "set_property": { "ra:selected_id": true }, "add": { "component_groups": [ "ra:ak_47_polymer_golden" ] } }
    }
  }
}