{
  "format_version": "1.10.0",
  "animation_controllers": {
      "controller.animation.citori_725": {
          "initial_state": "default",
          "states": {
            "default": {
                "animations": [
                    { "player.pre_draw2": "v.citori_725 && !q.is_sleeping && !q.is_swimming" }
            ],
                "transitions": [
                    { "pre_draw": "v.citori_725 && !q.is_sleeping && !q.is_swimming" }
                ],
                "blend_transition": 0.15,
                "blend_via_shortest_path": true
            },
            "pre_draw": {
                "animations": [
                    "player.pre_draw",
                    "player.weapon_root.pre_draw",
                    "player.weapon_root2.pre_draw",
                    { "move.legs": "!v.is_first_person" }
            ],
                "transitions": [
                    { "default": "!v.citori_725 || !q.is_alive || q.is_sleeping || q.health <= 0 || q.is_swimming" },
                    { "weapon_draw": "v.citori_725" }
                ],
                "on_entry": [ "v.weapon_transition = 1;", "v.citori_time = q.life_time;" ]
            },
              "weapon_draw":{
                  "animations": [
                    "player.weapon_transition",
                    "player.weapon_root2.pre_draw",
                    { "citori_725.draw.fp": "v.is_first_person" },
                    { "citori_725.draw.tp": "!v.is_first_person" },
                    { "move.legs": "!v.is_first_person" }
                ], 
                  "transitions": [
                      { "default": "!v.citori_725 || !q.is_alive || q.is_sleeping || q.health <= 0 || q.is_swimming" },
                      { "weapon_hold":"(q.life_time - v.citori_time) >= 0.7" },
                      { "ads": "q.is_sneaking && (q.life_time - v.citori_time) >= 0.45" },
                      { "pre_hipfire": "q.is_using_item && (q.life_time - v.citori_time) >= 0.45" },
                      { "reload": "v.reloading" }
                  ],
                  "on_entry": [ "v.citori_time = q.life_time;" ],
                  "on_exit": [ "v.weapon_transition = 0;", "v.draw_weapon = 0;" ],
                  "blend_transition": 0.275,
                  "blend_via_shortest_path": true
              },
              "weapon_hold":{
                  "animations": [
                    "gun.bob",
                    { "citori_725.hold.fp": "v.is_first_person" },
                    { "citori_725.hold.tp": "!v.is_first_person" }
                ], 
                  "transitions": [
                      { "default": "!v.citori_725 || !q.is_alive || q.is_sleeping || q.health <= 0 || q.is_swimming" },
                      { "weapon_draw":"v.draw_weapon" },
                      { "reload_1": "v.reloading_empty" },
                      { "reload": "v.reloading" },
                      { "ads": "q.is_sneaking" },
                      { "inspect": "v.attack_time >= 0.8 && !q.is_sprinting && !v.reloading" },
                      { "pre_hipfire": "q.is_using_item" },
                      { "pre_sprint": "q.is_sprinting && (q.life_time - v.citori_time) > 0.5" }
                  ],
                  "on_entry": [ "v.citori_time = q.life_time;", "v.weapon_transition = 0;", "v.draw_weapon = 0;" ],
                  "blend_transition": 0.175,
                  "blend_via_shortest_path": true
              },
              "pre_sprint":{
                  "animations": [
                    { "citori_725.hold.fp": "v.is_first_person" },
                    { "gun.bob": "!v.is_first_person" },
                    { "player.look": "!v.is_first_person" },
                    { "gun.hold.tp": "!v.is_first_person" },
                    { "gun.sprint.tp2": "!v.is_first_person" }
                ], 
                  "transitions": [
                      { "default": "!v.citori_725 || !q.is_alive || q.is_sleeping || q.health <= 0 || q.is_swimming" },
                      { "weapon_draw":"v.draw_weapon" },
                      { "reload_1": "v.reloading_empty" },
                      { "reload": "v.reloading" },
                      { "ads": "q.is_sneaking" },
                      { "inspect": "v.attack_time >= 0.8 && !q.is_sprinting && !v.reloading" },
                      { "pre_hipfire": "q.is_using_item" },
                      { "weapon_hold":"!q.is_sprinting && !q.is_using_item" },
                      { "sprint": "q.is_sprinting && (q.life_time - v.citori_time) > 2" }
                  ],
                  "on_entry": [ "v.citori_time = q.life_time;" ],
                  "blend_transition": 0.25,
                  "blend_via_shortest_path": true
              },
              "leave_sprint":{
                  "animations": [
                    { "citori_725.sprint.fp": "v.is_first_person" },
                    { "gun.bob": "!v.is_first_person" },
                    { "player.look": "!v.is_first_person" },
                    { "gun.hold.tp": "!v.is_first_person" },
                    { "gun.sprint.tp2": "!v.is_first_person" }
                ], 
                  "transitions": [
                      { "default": "!v.citori_725 || !q.is_alive || q.is_sleeping || q.health <= 0 || q.is_swimming" },
                      { "weapon_draw":"v.draw_weapon" },
                      { "reload_1": "v.reloading_empty" },
                      { "reload": "v.reloading" },
                      { "ads": "q.is_sneaking" },
                      { "inspect": "v.attack_time >= 0.8 && !q.is_sprinting && !v.reloading" },
                      { "pre_hipfire": "q.is_using_item" },
                      { "weapon_hold":"!q.is_sprinting && !q.is_using_item && (q.life_time - v.citori_time) > 0.1" }
                  ],
                  "on_entry": [ "v.citori_time = q.life_time;" ],
                  "blend_transition": 0.2,
                  "blend_via_shortest_path": true
              },
              "sprint":{
                  "animations": [
                    { "citori_725.sprint.fp": "v.is_first_person" },
                    { "gun.bob": "!v.is_first_person" },
                    { "player.look": "!v.is_first_person" },
                    { "gun.hold.tp": "!v.is_first_person" },
                    { "gun.sprint.tp2": "!v.is_first_person" }
                ], 
                  "transitions": [
                      { "default": "!v.citori_725 || !q.is_alive || q.is_sleeping || q.health <= 0 || q.is_swimming" },
                      { "weapon_draw":"v.draw_weapon" },
                      { "reload_1": "v.reloading_empty" },
                      { "reload": "v.reloading" },
                      { "ads": "q.is_sneaking" },
                      { "inspect": "v.attack_time >= 0.8 && !q.is_sprinting && !v.reloading" },
                      { "pre_hipfire": "q.is_using_item" },
                      { "leave_sprint":"!q.is_sprinting && !q.is_using_item" }
                  ],
                  "on_entry": [ "v.citori_time = q.life_time;" ],
                  "blend_transition": 0.2,
                  "blend_via_shortest_path": true
              },
              "inspect":{
                  "animations": [
                    { "citori_725.inspect.fp": "v.is_first_person" },
                    { "citori_725.inspect.tp": "!v.is_first_person" }
                ], 
                  "transitions": [
                      { "default": "!v.citori_725 || !q.is_alive || q.is_sleeping || q.health <= 0 || q.is_swimming" },
                      { "weapon_draw":"v.draw_weapon" },
                      { "reload_1": "v.reloading_empty" },
                      { "reload": "v.reloading" },
                      { "ads": "q.is_sneaking" },
                      { "weapon_hold":"(q.life_time - v.citori_time) >= 4.45 || q.is_sprinting" },
                      { "pre_hipfire": "q.is_using_item" }
                  ],
                  "on_entry": [ "v.citori_time = q.life_time;" ],
                  "blend_transition": 0.15,
                  "blend_via_shortest_path": true
              },
              "reload":{
                  "animations": [
                    { "citori_725.reload.fp": "v.is_first_person" },
                    { "citori_725.reload.tp": "!v.is_first_person" }
                ], 
                  "transitions": [
                      { "default": "!v.citori_725 || !q.is_alive || q.is_sleeping || q.health <= 0 || q.is_swimming" },
                      { "weapon_draw":"v.draw_weapon" },
                      { "ads": "!v.reloading && q.is_sneaking" },
                      { "pre_hipfire": "!v.reloading && q.is_using_item" },
                      { "weapon_hold":"!v.reloading" }
                  ],
                  "on_entry": [ "v.citori_time = q.life_time;" ],
                  "blend_transition": 0.25,
                  "blend_via_shortest_path": true
              },
              "reload_1":{
                  "animations": [
                    { "citori_725.reload_1.fp": "v.is_first_person" },
                    { "citori_725.reload_1.tp": "!v.is_first_person" }
                ], 
                  "transitions": [
                      { "default": "!v.citori_725 || !q.is_alive || q.is_sleeping || q.health <= 0 || q.is_swimming" },
                      { "weapon_draw":"v.draw_weapon" },
                      { "ads": "!v.reloading && q.is_sneaking" },
                      { "pre_hipfire": "!v.reloading && q.is_using_item" },
                      { "weapon_hold":"!v.reloading" }
                  ],
                  "on_entry": [ "v.citori_time = q.life_time;" ],
                  "blend_transition": 0.25,
                  "blend_via_shortest_path": true
              },
              "leave_ads":{
                  "animations": [
                    "gun.aim_bob2",
                    { "citori_725.ads.fp": "v.is_first_person" },
                    { "citori_725.ads.tp": "!v.is_first_person" }
                ], 
                  "transitions": [
                      { "default": "!v.citori_725 || !q.is_alive || q.is_sleeping || q.health <= 0 || q.is_swimming" },
                      { "weapon_draw":"v.draw_weapon" },
                      { "reload_1": "v.reloading_empty" },
                      { "reload": "v.reloading" },
                      { "pre_hipfire": "q.is_using_item && !q.is_sneaking" },
                      { "weapon_hold": "!q.is_sneaking && !q.is_using_item && (q.life_time - v.citori_time) >= 0.125" }
                  ],
                  "on_entry": [ "v.citori_time = q.life_time;" ],
                  "blend_transition": 0.2,
                  "blend_via_shortest_path": true
              },
              "ads":{
                  "animations": [
                    "gun.aim_bob2",
                    { "citori_725.ads.fp": "v.is_first_person" },
                    { "citori_725.ads.tp": "!v.is_first_person" }
                ], 
                  "transitions": [
                      { "default": "!v.citori_725 || !q.is_alive || q.is_sleeping || q.health <= 0 || q.is_swimming" },
                      { "weapon_draw":"v.draw_weapon" },
                      { "reload_1": "v.reloading_empty" },
                      { "reload": "v.reloading" },
                      { "pre_hipfire": "q.is_using_item && !q.is_sneaking" },
                      { "leave_ads": "!q.is_sneaking && !q.is_using_item && !v.reloading_empty && (q.life_time - v.citori_time) >= 0.1" }
                  ],
                  "on_entry": [ "v.citori_time = q.life_time;" ],
                  "blend_transition": 0.2,
                  "blend_via_shortest_path": true
              },
              "leave_hipfire":{
                  "animations": [
                    "gun.aim_bob2",
                    { "citori_725.pre_hipfire.fp": "v.is_first_person" },
                    { "citori_725.pre_hipfire.tp": "!v.is_first_person" },
                    { "move.legs": "!v.is_first_person" }
                ], 
                  "transitions": [
                      { "default": "!v.citori_725 || !q.is_alive || q.is_sleeping || q.health <= 0 || q.is_swimming" },
                      { "weapon_draw":"v.draw_weapon" },
                      { "reload_1": "v.reloading_empty" },
                      { "reload": "v.reloading" },
                      { "weapon_hold": "(!v.reloading && !q.is_using_item && (q.life_time - v.citori_time) >= 0.5) || q.is_sprinting" },
                      { "pre_hipfire": "q.is_using_item" },
                      { "ads": "!v.reloading && q.is_sneaking && (q.life_time - v.citori_time) >= 0.2" },
                      { "hipfire": "v.shoot" }
                  ],
                  "on_entry": [ "v.citori_time = q.life_time;" ],
                  "blend_transition": 0.2,
                  "blend_via_shortest_path": true
              },
              "pre_hipfire":{
                  "animations": [
                    "gun.aim_bob2",
                    { "citori_725.pre_hipfire.fp": "v.is_first_person" },
                    { "citori_725.pre_hipfire.tp": "!v.is_first_person" },
                    { "move.legs": "!v.is_first_person" }
                ], 
                  "transitions": [
                      { "default": "!v.citori_725 || !q.is_alive || q.is_sleeping || q.health <= 0 || q.is_swimming" },
                      { "weapon_draw":"v.draw_weapon" },
                      { "reload_1": "v.reloading_empty" },
                      { "reload": "v.reloading" },
                      { "leave_hipfire": "(!v.reloading && !q.is_using_item && !v.pre_hipfire && (q.life_time - v.citori_time) >= 0.2) || q.is_sprinting" },
                      { "ads": "!v.reloading && q.is_sneaking && (q.life_time - v.citori_time) >= 0.2" },
                      { "hipfire": "q.is_using_item && (q.life_time - v.citori_time) >= 0.2" }
                  ],
                  "on_entry": [ "v.citori_time = q.life_time;" ],
                  "blend_transition": 0.2,
                  "blend_via_shortest_path": true
              },
              "hipfire":{
                  "animations": [
                    "gun.aim_bob2",
                    { "citori_725.pre_hipfire.fp": "v.is_first_person" },
                    { "citori_725.pre_hipfire.tp": "!v.is_first_person" }
                ], 
                  "transitions": [
                      { "default": "!v.citori_725 || !q.is_alive || q.is_sleeping || q.health <= 0 || q.is_swimming" },
                      { "weapon_draw":"v.draw_weapon" },
                      { "reload_1": "v.reloading_empty" },
                      { "reload": "v.reloading" },
                      { "pre_hipfire": "(!v.reloading && !q.is_using_item) || q.is_sprinting" },
                      { "ads": "!v.reloading && q.is_sneaking && (q.life_time - v.citori_time) >= 0.2" }
                  ],
                  "on_entry": [ "v.citori_time = q.life_time;" ],
                  "blend_transition": 0.2,
                  "blend_via_shortest_path": true
              }
          }
      },
      "controller.animation.citori_725.after_burn": {
        "initial_state": "default",
        "states": {
          "default":{
              "transitions": [
                  { "shoot":"v.citori_725 && v.shoot" }
              ],
              "blend_transition": 0.1,
              "blend_via_shortest_path": true
          },
          "shoot":{
              "transitions": [
                  { "default":"!v.citori_725 || !q.is_alive || q.is_sleeping || q.health <= 0 || q.is_swimming" },
                  { "after_burn":"!v.shoot" }
              ],
              "blend_transition": 0.1,
              "blend_via_shortest_path": true
          },
          "after_burn":{
              "animations": [
                { "citori_725.after_burn.fp": "v.is_first_person || !v.is_first_person" }
            ], 
              "transitions": [
                  { "default":"!v.citori_725 || !q.is_alive || q.is_sleeping || q.health <= 0 || q.is_swimming || (!v.shoot && q.any_animation_finished)" },
                  { "shoot":"v.citori_725 && v.shoot" }
              ],
              "blend_transition": 0.3,
              "blend_via_shortest_path": true
          }
        }
      }
   }
}