{
    "format_version": "1.10.0",
    "animation_controllers": {
        "controller.animation.grenade": {
            "initial_state": "default",
            "states": {
                "default": {
                    "animations": [
                        { "player.pre_draw2": "v.grenade && !q.is_sleeping && !q.is_swimming" }
                ],
                    "transitions": [
                        { "pre_draw": "v.grenade && !q.is_sleeping && !q.is_swimming" }
                    ],
                    "blend_transition": 0.15,
                    "blend_via_shortest_path": true
                },
                "pre_draw": {
                    "animations": [
                        "player.pre_draw"
                    ],
                    "transitions": [
                        { "default": "!v.grenade || !q.is_alive || q.is_sleeping || q.health <= 0 || q.is_swimming" },
                        { "weapon_draw": "v.grenade" }
                    ],
                    "on_entry": [ "v.weapon_transition = 1;", "v.grenade_tic_time = q.life_time;" ]
                },
                "weapon_draw":{
                    "animations": [
                        "bob",
                        "player.weapon_transition",
                        "player.weapon_root2.pre_draw",
                        { "grenade.draw": "v.is_first_person" },
                        { "grenade.t_draw": "!v.is_first_person" },
                        { "grenade.hold.tp": "!v.is_first_person" }
                    ], 
                    "transitions": [
                        { "default": "!v.grenade || !q.is_alive || q.is_sleeping || q.health <= 0 || q.is_swimming" },
                        { "hold":"(q.life_time - v.grenade_tic_time) >= 0.675" },
                        { "charge": "q.is_using_item && (q.life_time - v.grenade_tic_time) >= 0.475" }
                    ],
                    "on_entry": [ "v.grenade_tic_time = q.life_time;" ],
                    "on_exit": [ "v.weapon_transition = 0;", "v.draw_weapon = 0;" ],
                    "blend_transition": 0.25,
                    "blend_via_shortest_path": true
                },
                "hold":{
                    "animations": [
                        "bob",
                        { "grenade.hold.fp": "v.is_first_person" },
                        { "grenade.hold.tp": "!v.is_first_person" }
                    ], 
                    "transitions": [
                        { "default": "!v.grenade || !q.is_alive || q.is_sleeping || q.health <= 0 || q.is_swimming" },
                        { "weapon_draw":"v.draw_weapon" },
                        { "pre_sprint":"q.is_sprinting" },
                        { "weapon_draw":"v.attack_time >= 0.8" },
                        { "charge": "q.is_sneaking || q.is_using_item" }
                    ],
                    "on_entry": [ "v.weapon_transition = 0;", "v.draw_weapon = 0;" ],
                    "blend_transition": 0.25,
                    "blend_via_shortest_path": true
                },
                "charge":{
                    "animations": [
                        "bob",
                        "grenade.aim_bob",
                        "move.legs",
                        { "grenade.charge": "v.is_first_person" },
                        { "grenade.t_charge": "!v.is_first_person" }
                    ], 
                    "transitions": [
                        { "default": "!v.grenade || !q.is_alive || q.is_sleeping || q.health <= 0 || q.is_swimming" },
                        { "pull_pin": "v.grenade_pull_pin" },
                        { "weapon_draw":"v.draw_weapon" },
                        { "hold":"!q.is_sneaking && !q.is_using_item && (q.life_time - v.grenade_tic_time) >= 0.35" },
                        { "hold_charge": "q.is_using_item && (q.life_time - v.grenade_tic_time) >= 0.35" }
                    ],
                    "on_entry": [ "v.grenade_tic_time = q.life_time;" ],
                    "blend_transition": 0.2,
                    "blend_via_shortest_path": true
                },
                "hold_charge":{
                    "animations": [
                        "bob",
                        "grenade.aim_bob",
                        "move.legs",
                        { "grenade.hold_charge": "v.is_first_person" },
                        { "grenade.hold_t_charge": "!v.is_first_person" }
                    ], 
                    "transitions": [
                        { "default": "!v.grenade || !q.is_alive || q.is_sleeping || q.health <= 0 || q.is_swimming" },
                        { "weapon_draw":"v.draw_weapon" },
                        { "hold":"!q.is_using_item  && (q.life_time - v.grenade_tic_time) >= 0.35" },
                        { "pull_pin": "v.grenade_pull_pin" },
                        { "throw": "v.grenade_throw" }
                    ],
                    "blend_transition": 0.2,
                    "blend_via_shortest_path": true
                },
                "pull_pin":{
                    "animations": [
                        "move.legs",
                        { "grenade.pull_pin": "v.is_first_person" },
                        { "grenade.t_pull_pin": "!v.is_first_person" }
                    ], 
                    "transitions": [
                        { "default": "!v.grenade || !q.is_alive || q.is_sleeping || q.health <= 0 || q.is_swimming" },
                        { "weapon_draw":"v.draw_weapon" },
                        { "pre_throw": "(q.life_time - v.grenade_tic_time) >= 0.84" },
                        { "throw": "v.grenade_throw" }
                    ],
                    "on_entry": [ "v.grenade_tic_time = q.life_time;" ],
                    "blend_transition": 0.25,
                    "blend_via_shortest_path": true
                },
                "pre_throw":{
                    "animations": [
                        "bob",
                        "move.legs",
                        { "grenade.pre_throw": "v.is_first_person" },
                        { "grenade.pre_t_throw": "!v.is_first_person" }
                    ], 
                    "transitions": [
                        { "default": "!v.grenade || !q.is_alive || q.is_sleeping || q.health <= 0 || q.is_swimming" },
                        { "weapon_draw":"v.draw_weapon" },
                        { "pre_explode": "v.explode" },
                        { "throw": "v.grenade_throw" }
                    ],
                    "on_entry": [ "v.grenade_tic_time = q.life_time;" ],
                    "blend_transition": 0.25,
                    "blend_via_shortest_path": true
                },
                "throw":{
                    "animations": [
                        "bob",
                        { "grenade.throw": "v.is_first_person" },
                        { "grenade.t_throw": "!v.is_first_person" },
                        { "move.legs": "v.is_first_person" }
                    ], 
                    "transitions": [
                        { "default": "!v.grenade || !q.is_alive || q.is_sleeping || q.health <= 0 || q.is_swimming" },
                        { "weapon_draw":"v.draw_weapon" },
                        { "weapon_draw":"!q.is_using_item && (q.life_time - v.grenade_tic_time) >= 0.77" },
                        { "charge": "(q.is_using_item || q.is_sneaking) && (q.life_time - v.grenade_tic_time) >= 0.55" }
                    ],
                    "on_entry": [ "v.grenade_tic_time = q.life_time;" ],
                    "blend_transition": 0.25,
                    "blend_via_shortest_path": true
                },
                "pre_explode":{
                    "animations": [
                        "bob",
                        "move.legs",
                        { "grenade.pre_throw": "v.is_first_person" },
                        { "grenade.pre_t_throw": "!v.is_first_person" }
                    ], 
                    "transitions": [
                        { "explode":"(q.life_time - v.grenade_tic_time) >= 0.05" }
                    ],
                    "on_entry": [ "v.grenade_tic_time = q.life_time;" ]
                },
                "explode":{
                    "animations": [
                        "bob",
                        { "grenade.hold.fp": "v.is_first_person" },
                        { "grenade.hold.tp": "!v.is_first_person" },
                        { "grenade.explode": "!v.is_first_person" }
                    ], 
                    "transitions": [
                        { "default": "(!v.grenade || !q.is_alive || q.is_sleeping || q.health <= 0 || q.is_swimming && (q.life_time - v.grenade_tic_time) >= 1.5) || (q.life_time - v.grenade_tic_time) >= 2 || q.is_on_ground" }
                    ],
                    "on_entry": [ "v.grenade_tic_time = q.life_time;" ],
                    "blend_transition": 0.25,
                    "blend_via_shortest_path": true
                },
                "pre_sprint":{
                    "animations": [
                        "bob",
                        { "grenade.hold.fp": "v.is_first_person" },
                        { "grenade.hold.tp": "!v.is_first_person" }
                    ], 
                    "transitions": [
                        { "default": "!v.grenade || !q.is_alive || q.is_sleeping || q.health <= 0 || q.is_swimming" },
                        { "weapon_draw":"v.draw_weapon" },
                        { "hold":"!q.is_sprinting && (q.life_time - v.grenade_tic_time) >= 0.25" },
                        { "sprint":"q.is_sprinting && (q.life_time - v.grenade_tic_time) >= 1" },
                        { "weapon_draw":"v.attack_time >= 0.8" },
                        { "charge": "q.is_sneaking || q.is_using_item" }
                    ],
                    "on_entry": [ "v.grenade_tic_time = q.life_time;" ],
                    "blend_transition": 0.25,
                    "blend_via_shortest_path": true
                },
                "sprint":{
                    "animations": [
                        "bob",
                        { "grenade.sprint": "v.is_first_person" },
                        { "grenade.hold.tp": "!v.is_first_person" },
                        { "grenade.t_sprint": "!v.is_first_person" },
                        { "move.legs": "v.is_first_person" }
                    ], 
                    "transitions": [
                        { "default": "!v.grenade || !q.is_alive || q.is_sleeping || q.health <= 0 || q.is_swimming" },
                        { "weapon_draw":"v.draw_weapon" },
                        { "charge": "q.is_using_item" },
                        { "pre_sprint": "!q.is_sprinting" }
                    ],
                    "on_entry": [ "v.grenade_tic_time = q.life_time;" ],
                    "blend_transition": 0.25,
                    "blend_via_shortest_path": true
                }
            }
        }
     }
  }