{
  "format_version": "1.10.0",
  "animation_controllers": {
      "controller.animation.m1_garand": {
          "initial_state": "default",
          "states": {
            "default": {
                "animations": [
                    { "player.pre_draw2": "v.m1_garand && !q.is_sleeping && !q.is_swimming" }
            ],
                "transitions": [
                    { "pre_draw": "v.m1_garand && !q.is_sleeping && !q.is_swimming" }
                ],
                "blend_transition": 0.15,
                "blend_via_shortest_path": true
            },
            "pre_draw": {
                "animations": [
                    { "player.pre_draw3": "v.is_first_person" },
                    "player.pre_draw",
                    "move.legs"
                ],
                "transitions": [
                    { "default": "!v.m1_garand || !q.is_alive || q.is_sleeping || q.health <= 0 || q.is_swimming" },
                    { "reload_empty": "v.reloading_empty_1" },
                    { "reload": "v.reloading" },
                    { "draw": "v.m1_garand" }
                ],
                "on_entry": [ "v.weapon_transition = 1;", "v.m1_garand_time = q.life_time;" ],
                "blend_transition": 0.1,
                "blend_via_shortest_path": true
            },
              "draw":{
                  "animations": [
                    "player.weapon_transition",
                    "player.weapon_root2.pre_draw",
                    { "m1_garand.draw_empty.fp": "v.is_first_person && q.property('ra:m1_garand.slide_back')" },
                    { "m1_garand.draw_empty.tp": "!v.is_first_person && q.property('ra:m1_garand.slide_back')" },

                    { "m1_garand.draw.fp": "v.is_first_person && !q.property('ra:m1_garand.slide_back')" },
                    { "m1_garand.draw.tp": "!v.is_first_person && !q.property('ra:m1_garand.slide_back')" },
                    "move.legs"
                ], 
                  "transitions": [
                      { "default": "!v.m1_garand || !q.is_alive || q.is_sleeping || q.health <= 0 || q.is_swimming" },
                      { "reload_empty": "v.reloading_empty_1" },
                      { "reload": "v.reloading" },
                      { "pre_sprint": "q.is_sprinting && !v.reloading && (q.life_time - v.m1_garand_time) >= 0.8" },
                      { "ads": "q.is_sneaking && (q.life_time - v.m1_garand_time) >= 1.075" },
                      { "pre_hipfire": "!q.is_sneaking && q.is_using_item && (q.life_time - v.m1_garand_time) >= 0.8" },
                      { "hold":"(q.life_time - v.m1_garand_time) >= 1.4 || (q.property('ra:m1_garand.slide_back') && (q.life_time - v.m1_garand_time) >= 1)" }
                  ],
                  "on_entry": [ "v.m1_garand_time = q.life_time;" ],
                  "on_exit": [ "v.weapon_transition = 0;", "v.draw_weapon = 0;" ],
                  "blend_transition": 0.3,
                  "blend_via_shortest_path": true
              },
              "hold":{
                  "animations": [
                    { "m1_garand.hold.fp": "v.is_first_person" },
                    { "m1_garand.hold.tp": "!v.is_first_person" },
                    { "player.look": "!v.is_first_person && v.m1_garand" },
                    "move.legs"
                ], 
                  "transitions": [
                      { "default": "!v.m1_garand || !q.is_alive || q.is_sleeping || q.health <= 0 || q.is_swimming" },
                      { "draw":"v.draw_weapon" },
                      { "ads": "q.is_sneaking" },
                      { "inspect": "v.inspect && !q.is_sprinting" },
                      { "pre_hipfire": "q.is_using_item" },
                      { "reload_empty": "v.reloading_empty_1" },
                      { "reload": "v.reloading" },
                      { "pre_sprint": "!v.inspect && q.is_sprinting && (q.life_time - v.m1_garand_time) > 0.5" }
                  ],
                  "on_entry": [ "v.weapon_transition = 0;", "v.draw_weapon = 0;" ],
                  "blend_transition": 0.15,
                  "blend_via_shortest_path": true
              },
              "inspect":{
                  "animations": [
                    { "m1_garand.idle.fp": "v.is_first_person" },
                    { "m1_garand.idle.tp": "!v.is_first_person" },
                    "player.waist_bob",
                    "move.legs"
                ], 
                  "transitions": [
                    { "default": "!v.m1_garand || !q.is_alive || q.is_sleeping || q.health <= 0 || q.is_swimming" },
                    { "draw":"v.draw_weapon" },
                    // { "leave_inspect":"((q.life_time - v.m1_garand_time) < 6 && (q.life_time - v.m1_garand_time) > 3.1 && !v.inspect && (q.is_sneaking || q.is_using_item)) || (q.is_sprinting && (q.life_time - v.m1_garand_time) < 6 && (q.life_time - v.m1_garand_time) > 3.15)" },
                    { "reload_empty": "v.reloading_empty_1" },
                    { "reload": "v.reloading" },
                    { "ads": "q.is_sneaking && (q.life_time - v.m1_garand_time) < 3.1 && (q.life_time - v.m1_garand_time) >= 0.5" },
                    // { "hold":"(((q.life_time - v.m1_garand_time) > 6.5 && !v.inspect) || (!q.is_sprinting && !v.inspect && (q.life_time - v.m1_garand_time) < 3.5))" },
                    { "hold":"(q.life_time - v.m1_garand_time) > 4.75 && !v.inspect" },
                    { "pre_hipfire": "q.is_using_item && (q.life_time - v.m1_garand_time) < 3.1 && (q.life_time - v.m1_garand_time) >= 0.5" },
                    { "pre_sprint": "q.is_sprinting && (q.life_time - v.m1_garand_time) > 0.65 && (q.life_time - v.m1_garand_time) < 3.5" }
                  ],
                  "on_entry": [ "v.m1_garand_time = q.life_time;" ],
                  "blend_transition": 0.15,
                  "blend_via_shortest_path": true
              },
            //   "leave_inspect":{
            //       "animations": [
            //         { "m1_garand.leave_inspect.fp": "v.is_first_person" },
            //         { "m1_garand.leave_inspect.tp": "!v.is_first_person" },
            //         "move.legs"
            //     ], 
            //       "transitions": [
            //           { "default": "!v.m1_garand || !q.is_alive || q.is_sleeping || q.health <= 0 || q.is_swimming" },
            //           { "draw":"v.draw_weapon" },
            //           { "reload_empty": "v.reloading_empty_1" },
            //           { "reload": "v.reloading" },
            //           { "ads": "q.is_sneaking && (q.life_time - v.m1_garand_time) >= 0.55" },
            //           { "hold":"!q.is_sprinting && (q.life_time - v.m1_garand_time) > 0.75 && !v.inspect" },
            //           { "pre_hipfire": "q.is_using_item && (q.life_time - v.m1_garand_time) >= 0.55" },
            //           { "pre_sprint": "q.is_sprinting && (q.life_time - v.m1_garand_time) > 0.7" }
            //       ],
            //       "on_entry": [ "v.m1_garand_time = q.life_time;" ],
            //       "blend_transition": 0.15,
            //       "blend_via_shortest_path": true
            //   },
            //   "inspect_empty":{
            //       "animations": [
            //         { "m1_garand.inspect_empty.fp": "v.is_first_person" },
            //         { "m1_garand.inspect_empty.tp": "!v.is_first_person" },
            //         "move.legs"
            //     ], 
            //       "transitions": [
            //           { "default": "!v.m1_garand || !q.is_alive || q.is_sleeping || q.health <= 0 || q.is_swimming" },
            //           { "draw":"v.draw_weapon" },
            //           { "reload_empty": "v.reloading_empty_1" },
            //           { "reload": "v.reloading" },
            //           { "ads": "q.is_sneaking" },
            //           { "hold":"(((q.life_time - v.m1_garand_time) > 4.35 && !v.inspect) || (q.is_sprinting && !v.inspect && (q.life_time - v.m1_garand_time) >= 0.15))" },
            //           { "pre_hipfire": "q.is_using_item" }
            //       ],
            //       "on_entry": [ "v.m1_garand_time = q.life_time;" ],
            //       "blend_transition": 0.15,
            //       "blend_via_shortest_path": true
            //   },
              "pre_sprint":{
                  "animations": [
                    { "m1_garand.hold.fp": "v.is_first_person" },
                    { "m1_garand.hold.tp": "!v.is_first_person" },
                    { "m1_garand.sprint.tp": "!v.is_first_person" },
                    { "player.look": "!v.is_first_person" },
                    "move.legs"
                ], 
                  "transitions": [
                      { "default": "!v.m1_garand || !q.is_alive || q.is_sleeping || q.health <= 0 || q.is_swimming" },
                      { "draw":"v.draw_weapon" },
                      { "reload_empty": "v.reloading_empty_1" },
                      { "reload": "v.reloading" },
                      { "ads": "q.is_sneaking" },
                      { "inspect": "v.inspect && !q.is_sprinting" },
                      { "pre_hipfire": "q.is_using_item" },
                      { "hold":"!q.is_sprinting && !q.is_using_item" },
                      { "sprint": "q.is_sprinting && (q.life_time - v.m1_garand_time) > 2" }
                  ],
                  "on_entry": [ "v.m1_garand_time = q.life_time;" ],
                  "blend_transition": 0.25,
                  "blend_via_shortest_path": true
              },
              "sprint":{
                  "animations": [
                    { "m1_garand.hold.fp": "v.is_first_person" },
                    { "m1_garand.hold.tp": "!v.is_first_person" },
                    { "m1_garand.sprint.tp": "!v.is_first_person" },
                    { "player.look": "!v.is_first_person && v.m1_garand" },
                    "move.legs"
                ], 
                  "transitions": [
                      { "default": "!v.m1_garand || !q.is_alive || q.is_sleeping || q.health <= 0 || q.is_swimming" },
                      { "draw":"v.draw_weapon" },
                      { "reload_empty": "v.reloading_empty_1" },
                      { "reload": "v.reloading" },
                      { "ads": "q.is_sneaking" },
                      { "inspect": "v.inspect && !q.is_sprinting" },
                      { "pre_hipfire": "q.is_using_item" },
                      { "hold":"!q.is_sprinting && !q.is_using_item" }
                  ],
                  "on_entry": [ "v.m1_garand_time = q.life_time;" ],
                  "blend_transition": 0.2,
                  "blend_via_shortest_path": true
              },
              "reload":{
                  "animations": [
                    { "m1_garand.reload.fp": "v.is_first_person" },
                    { "m1_garand.reload.tp": "!v.is_first_person" },
                    "move.legs"
                ], 
                  "transitions": [
                      { "default": "!v.m1_garand || !q.is_alive || q.is_sleeping || q.health <= 0 || q.is_swimming" },
                      { "draw":"v.draw_weapon" },
                      { "pre_sprint": "q.is_sprinting && !v.reloading" },
                      { "ads": "q.is_sneaking && !v.reloading" },
                      { "pre_hipfire": "q.is_using_item && !v.reloading" },
                      { "hold":"(q.life_time - v.m1_garand_time) >= 3.1 || !v.reloading" }
                  ],
                  "on_entry": [ "v.m1_garand_time = q.life_time;" ],
                  "blend_transition": 0.25,
                  "blend_via_shortest_path": true
              },
              "reload_empty":{
                  "animations": [
                    { "m1_garand.reload_empty.fp": "v.is_first_person" },
                    { "m1_garand.reload_empty.tp": "!v.is_first_person" },
                    "move.legs"
                ], 
                  "transitions": [
                      { "default": "!v.m1_garand || !q.is_alive || q.is_sleeping || q.health <= 0 || q.is_swimming" },
                      { "draw":"v.draw_weapon" },
                      { "pre_sprint": "q.is_sprinting && !v.reloading_empty_1" },
                      { "ads": "q.is_sneaking && !v.reloading_empty_1" },
                      { "pre_hipfire": "q.is_using_item && !v.reloading_empty_1" },
                      { "hold":"!q.is_sneaking && !q.is_using_item && ((q.life_time - v.m1_garand_time) >= 2.75 || !v.reloading_empty_1)" }
                  ],
                  "on_entry": [ "v.m1_garand_time = q.life_time;" ],
                  "blend_transition": 0.275,
                  "blend_via_shortest_path": true
              },
              "leave_ads":{
                  "animations": [
                    { "m1_garand.ads.fp": "v.is_first_person" },
                    { "m1_garand.ads.tp": "!v.is_first_person" },
                    { "player.look": "!v.is_first_person" },
                    "move.legs"
                ], 
                  "transitions": [
                      { "default": "!v.m1_garand || !q.is_alive || q.is_sleeping || q.health <= 0 || q.is_swimming" },
                      { "draw":"v.draw_weapon" },
                      { "reload_empty": "v.reloading_empty_1" },
                      { "reload": "v.reloading" },
                      { "hold": "!q.is_sneaking && !q.is_using_item && !v.shoot && (q.life_time - v.m1_garand_time) >= 0.2" }
                  ],
                  "on_entry": [ "v.m1_garand_time = q.life_time;" ],
                  "blend_transition": 0.2,
                  "blend_via_shortest_path": true
              },
              "ads":{
                  "animations": [
                    { "m1_garand.ads.fp": "v.is_first_person" },
                    { "m1_garand.ads.tp": "!v.is_first_person" },
                    "gun.aim_bob2",
                    "move.legs"
                ], 
                  "transitions": [
                      { "default": "!v.m1_garand || !q.is_alive || q.is_sleeping || q.health <= 0 || q.is_swimming" },
                      { "draw":"v.draw_weapon" },
                      { "reload_empty": "v.reloading_empty_1" },
                      { "reload": "v.reloading" },
                      { "leave_ads": "!q.is_sneaking && !q.is_using_item && !v.shoot" }
                  ],
                  "on_entry": [ "v.m1_garand_time = q.life_time;" ],
                  "blend_transition": 0.2,
                  "blend_via_shortest_path": true
              },
              "leave_hipfire":{
                  "animations": [
                    { "m1_garand.pre_hipfire.fp": "v.is_first_person" },
                    { "m1_garand.pre_hipfire.tp": "!v.is_first_person" },
                    "move.legs"
                ], 
                  "transitions": [
                      { "default": "!v.m1_garand || !q.is_alive || q.is_sleeping || q.health <= 0 || q.is_swimming" },
                      { "draw":"v.draw_weapon" },
                      { "reload_empty": "v.reloading_empty_1" },
                      { "reload": "v.reloading" },
                      { "pre_sprint": "q.is_sprinting && !q.is_using_item && !v.reloading && (q.life_time - v.m1_garand_time) >= 0.45" },
                      { "ads": "!q.is_using_item && q.is_sneaking && (q.life_time - v.m1_garand_time) >= 0.2" },
                      { "pre_hipfire": "q.is_using_item" },
                      { "hipfire": "v.shoot" },
                      { "hold": "!q.is_using_item && (q.life_time - v.m1_garand_time) >= 0.715" }
                  ],
                  "on_entry": [ "v.m1_garand_time = q.life_time;" ],
                  "blend_transition": 0.2,
                  "blend_via_shortest_path": true
              },
              "pre_hipfire":{
                  "animations": [
                    { "m1_garand.pre_hipfire.fp": "v.is_first_person" },
                    { "m1_garand.pre_hipfire.tp": "!v.is_first_person" },
                    "move.legs"
                ], 
                  "transitions": [
                      { "default": "!v.m1_garand || !q.is_alive || q.is_sleeping || q.health <= 0 || q.is_swimming" },
                      { "draw":"v.draw_weapon" },
                      { "reload_empty": "v.reloading_empty_1" },
                      { "reload": "v.reloading" },
                      { "leave_hipfire": "!v.shoot && !q.is_using_item && (q.life_time - v.m1_garand_time) >= 0.25" },
                      { "ads": "!q.is_using_item && q.is_sneaking && (q.life_time - v.m1_garand_time) >= 0.2" },
                      { "hipfire": "v.shoot" }
                  ],
                  "on_entry": [ "v.m1_garand_time = q.life_time;" ],
                  "blend_transition": 0.2,
                  "blend_via_shortest_path": true
              },
              "hipfire":{
                "animations": [
                    { "m1_garand.pre_hipfire.fp": "v.is_first_person" },
                    { "m1_garand.pre_hipfire.tp": "!v.is_first_person" },
                    "move.legs"
                ],
                  "transitions": [
                      { "default": "!v.m1_garand || !q.is_alive || q.is_sleeping || q.health <= 0 || q.is_swimming" },
                      { "draw":"v.draw_weapon" },
                      { "reload_empty": "v.reloading_empty_1" },
                      { "reload": "v.reloading" },
                      { "pre_hipfire": "!v.shoot && (q.life_time - v.m1_garand_time) >= 0.115" },
                      { "ads": "!q.is_using_item && q.is_sneaking" }
                  ],
                  "on_entry": [ "v.m1_garand_time = q.life_time;" ],
                  "blend_transition": 0.1,
                  "blend_via_shortest_path": true
              }
          }
      },
      "controller.animation.m1_garand.eject_mag": {
        "initial_state": "default",
        "states": {
          "default":{
              "transitions": [
                  { "empty":"q.property('ra:m1_garand.slide_back') && !q.is_swimming" }
              ],
              "blend_transition": 0.075,
              "blend_via_shortest_path": true
          },
          "empty":{
            "animations": [
                "m1_garand.release_mag"
            ],
              "transitions": [
                  { "default":"!q.property('ra:m1_garand.slide_back')" }
              ],
              "blend_transition": 0.1,
              "blend_via_shortest_path": true
          }
        }
      }
   }
}