{
  "format_version": "1.10.0",
  "animation_controllers": {
      "controller.animation.m4": {
          "initial_state": "default",
          "states": {
            "default": {
                "animations": [
                    { "player.pre_draw2": "v.m4a1 && !q.is_sleeping && !q.is_swimming" }
            ],
                "transitions": [
                    { "pre_draw": "v.m4a1 && !q.is_sleeping && !q.is_swimming" }
                ],
                "on_entry": ["v.blur = 0;"],
                "blend_transition": 0.15,
                "blend_via_shortest_path": true
            },
            "pre_draw": {
                "animations": [
                    "player.pre_draw",
                    { "move.legs": "!v.is_first_person" }
            ],
                "transitions": [
                    { "default": "!v.m4a1 || !q.is_alive || q.is_sleeping || q.health <= 0 || q.is_swimming" },
                    { "draw": "v.m4a1" }
                ],
                "on_entry": [ "v.weapon_transition = 1;", "v.m4_time = q.life_time;" ]
            },
              "draw":{
                  "animations": [
                    "player.weapon_transition",
                    "player.weapon_root2.pre_draw",
                    { "m16a4.draw.fp": "v.is_first_person" },
                    { "m16a4.draw.tp": "!v.is_first_person" },
                    { "move.legs": "!v.is_first_person" }
                ], 
                  "transitions": [
                    { "default": "!v.m4a1 || !q.is_alive || q.is_sleeping || q.health <= 0 || q.is_swimming" },
                    { "hold":"(q.life_time - v.m4_time) >= 0.9" },
                    { "ads": "q.is_sneaking && (q.life_time - v.m4_time) >= 0.75" },
                    { "pre_hipfire": "q.is_using_item && (q.life_time - v.m4_time) >= 0.75" },
                    { "reload_empty": "v.reloading_empty_1" },
                    { "reload": "v.reloading" }
                  ],
                  "on_entry": [ "v.m4_time = q.life_time;" ],
                  "on_exit": [ "v.weapon_transition = 0;", "v.draw_weapon = 0;" ],
                  "blend_transition": 0.25,
                  "blend_via_shortest_path": true
              },
              "hold":{
                  "animations": [
                    "player.waist_bob",
                    "clear_blur",
                    { "player.look": "!v.is_first_person" },
                    { "m4a1.hold.fp": "v.is_first_person" },
                    { "m16a4.hold.fp": "v.is_first_person" },
                    { "m16a4.hold.tp": "!v.is_first_person" }
                ], 
                  "transitions": [
                      { "default": "!v.m4a1 || !q.is_alive || q.is_sleeping || q.health <= 0 || q.is_swimming" },
                      { "draw":"v.draw_weapon" },
                      { "ads": "q.is_sneaking" },
                      { "pre_hipfire": "q.is_using_item" },
                      { "reload_empty": "v.reloading_empty_1" },
                      { "reload": "v.reloading" },
                      { "inspect": "v.inspect" },
                      { "pre_sprint": "q.is_sprinting && (q.life_time - v.m4_time) > 0.5" }
                  ],
                  "on_entry": [ "v.m4_time = q.life_time;", "v.blur = 0;", "v.weapon_transition = 0;", "v.draw_weapon = 0;" ],
                  "blend_transition": 0.175,
                  "blend_via_shortest_path": true
              },
              "pre_sprint":{
                  "animations": [
                    { "m16a4.hold.fp": "v.is_first_person" },
                    
                    { "player.look": "!v.is_first_person" },
                    { "m16a4.hold_sprint.tp": "!v.is_first_person" }
                ], 
                  "transitions": [
                      { "default": "!v.m4a1 || !q.is_alive || q.is_sleeping || q.health <= 0 || q.is_swimming" },
                      { "draw":"v.draw_weapon" },
                      { "reload_empty": "v.reloading_empty_1_1" },
                      { "reload": "v.reloading" },
                      { "ads": "q.is_sneaking" },
                      { "pre_hipfire": "q.is_using_item" },
                      { "hold":"!q.is_sprinting && !q.is_using_item" },
                      { "sprint": "q.is_sprinting && (q.life_time - v.m4_time) > 2" }
                  ],
                  "on_entry": [ "v.m4_time = q.life_time;" ],
                  "blend_transition": 0.25,
                  "blend_via_shortest_path": true
              },
              "sprint":{
                  "animations": [
                    { "ak_47.sprint.fp": "v.is_first_person" },
                    { "gun.bob": "!v.is_first_person" },
                    { "player.look": "!v.is_first_person" },
                    { "gun.hold.tp": "!v.is_first_person" },
                    { "gun.sprint.tp2": "!v.is_first_person" },
                    "m4a1.sprint.tp"
                ], 
                  "transitions": [
                      { "default": "!v.m4a1 || !q.is_alive || q.is_sleeping || q.health <= 0 || q.is_swimming" },
                      { "draw":"v.draw_weapon" },
                      { "reload_empty": "v.reloading_empty_1_1" },
                      { "reload": "v.reloading" },
                      { "ads": "q.is_sneaking" },
                      { "inspect": "v.inspect" },
                      { "pre_hipfire": "q.is_using_item" },
                      { "leave_sprint":"!q.is_sprinting && !q.is_using_item" }
                  ],
                  "on_entry": [ "v.m4_time = q.life_time;" ],
                  "blend_transition": 0.2,
                  "blend_via_shortest_path": true
              },
              "leave_sprint":{
                  "animations": [
                    { "m16a4.sprint.fp": "v.is_first_person" },
                    { "gun.bob": "!v.is_first_person" },
                    { "player.look": "!v.is_first_person" },
                    { "gun.sprint.tp3": "!v.is_first_person" },
                    
                    { "m16a4.hold_sprint.tp": "!v.is_first_person" }
                ], 
                  "transitions": [
                      { "default": "!v.m4a1 || !q.is_alive || q.is_sleeping || q.health <= 0 || q.is_swimming" },
                      { "draw":"v.draw_weapon" },
                      { "reload_empty": "v.reloading_empty_1_1" },
                      { "reload": "v.reloading" },
                      { "ads": "q.is_sneaking" },
                      { "inspect": "v.inspect" },
                      { "pre_hipfire": "q.is_using_item" },
                      { "hold":"!q.is_sprinting && !q.is_using_item && (q.life_time - v.m4_time) > 0.1" }
                  ],
                  "on_entry": [ "v.m4_time = q.life_time;" ],
                  "blend_transition": 0.2,
                  "blend_via_shortest_path": true
              },
              "inspect":{
                  "animations": [
                    "clear_blur",
                    { "m4a1.hold.fp": "v.is_first_person" },

                    { "m16a4.idle.fp": "v.is_first_person" },
                    { "m16a4.idle.tp": "!v.is_first_person" }
                ], 
                  "transitions": [
                      { "default": "!v.m4a1 || !q.is_alive || q.is_sleeping || q.health <= 0 || q.is_swimming" },
                      { "draw":"v.draw_weapon" },
                      { "reload_empty": "v.reloading_empty_1" },
                      { "reload": "v.reloading" },
                      { "ads": "q.is_sneaking" },
                      { "hold":"!v.inspect || (q.life_time - v.m4_time) >= 5" },
                      { "pre_hipfire": "q.is_using_item" }
                  ],
                  "on_entry": [ "v.m4_time = q.life_time;" ],
                  "blend_transition": 0.175,
                  "blend_via_shortest_path": true
              },
              "reload_empty":{
                  "animations": [
                    "clear_blur",
                    { "m4a1.pre_hipfire.fp": "v.is_first_person" },
                    { "m16a4.reload.fp.1": "v.is_first_person" },
                    { "m16a4.reload.tp.1": "!v.is_first_person" },
                    { "move.legs": "!v.is_first_person" }
                ], 
                  "transitions": [
                      { "default": "!v.m4a1 || !q.is_alive || q.is_sleeping || q.health <= 0 || q.is_swimming" },
                      { "draw":"v.draw_weapon" },
                      { "pre_hipfire": "q.is_using_item && !v.reloading_empty_1" },
                      { "ads": "q.is_sneaking && !v.reloading_empty_1" },
                      { "pre_hipfire": "((!q.is_sneaking || (q.life_time - v.m4_time) > 2.3) && !q.is_using_item && !v.reloading_empty_1)" }
                  ],
                  "on_entry": [ "v.blur = 0;", "v.m4_time = q.life_time;" ],
                  "blend_transition": 0.285,
                  "blend_via_shortest_path": true
              },
              "reload":{
                  "animations": [
                    "clear_blur",
                    { "m4a1.pre_hipfire.fp": "v.is_first_person" },
                    { "m16a4.reload.fp2": "v.is_first_person" },
                    { "m16a4.reload.tp2": "!v.is_first_person" },
                    { "move.legs": "!v.is_first_person" }
                ], 
                  "transitions": [
                    { "default": "!v.m4a1 || !q.is_alive || q.is_sleeping || q.health <= 0 || q.is_swimming" },
                    { "draw":"v.draw_weapon" },
                    { "pre_hipfire": "q.is_using_item && !v.reloading" },
                    { "ads": "q.is_sneaking && !v.reloading" },
                    { "pre_hipfire": "(!q.is_sneaking || (q.life_time - v.m4_time) > 2) && !q.is_using_item && !v.reloading" }
                  ],
                  "on_entry": [ "v.blur = 0;", "v.m4_time = q.life_time;" ],
                  "blend_transition": 0.265,
                  "blend_via_shortest_path": true
              },
              "leave_ads":{
                  "animations": [
                    "gun.aim_bob2",
                    { "m4a1.ads.fp": "v.is_first_person" },

                    { "m16a4.ads.tp": "!v.is_first_person" }
                ], 
                  "transitions": [
                      { "default": "!v.m4a1 || !q.is_alive || q.is_sleeping || q.health <= 0 || q.is_swimming" },
                      { "draw":"v.draw_weapon" },
                      { "pre_hipfire": "q.is_using_item && !q.is_sneaking" },
                      { "hold": "!q.is_using_item && !q.is_sneaking && !v.reloading && (q.life_time - v.m4_time) >= 0.2" },
                      { "reload_empty": "v.reloading_empty_1" },
                      { "reload": "v.reloading" }
                  ],
                  "on_entry": [ "v.m4_time = q.life_time;" ],
                  "on_exit": [ "v.blur = 0;" ],
                  "blend_transition": 0.2,
                  "blend_via_shortest_path": true
              },
              "ads":{
                  "animations": [
                    "gun.aim_bob2",
                    { "m4a1.ads.fp": "v.is_first_person" },

                    { "m16a4.ads.tp": "!v.is_first_person" }
                ], 
                  "transitions": [
                      { "default": "!v.m4a1 || !q.is_alive || q.is_sleeping || q.health <= 0 || q.is_swimming" },
                      { "draw":"v.draw_weapon" },
                      { "pre_hipfire": "q.is_using_item && !q.is_sneaking" },
                      { "leave_ads": "!q.is_using_item && !q.is_sneaking && !v.reloading && (q.life_time - v.m4_time) >= 0.2" },
                      { "reload_empty": "v.reloading_empty_1" },
                      { "reload": "v.reloading" }
                  ],
                  "on_entry": [ "v.m4_time = q.life_time;" ],
                  "blend_transition": 0.25,
                  "blend_via_shortest_path": true
              },
              "leave_hipfire":{
                  "animations": [
                    "clear_blur",
                    { "m4a1.pre_hipfire.fp": "v.is_first_person" },
                    
                    { "m16a4.pre_hipfire.fp": "v.is_first_person" },
                    { "m16a4.pre_hipfire.tp": "!v.is_first_person" },
                    { "move.legs": "!v.is_first_person" }
                ], 
                  "transitions": [
                      { "default": "!v.m4a1 || !q.is_alive || q.is_sleeping || q.health <= 0 || q.is_swimming" },
                      { "draw":"v.draw_weapon" },
                      { "pre_hipfire": "q.is_using_item && !q.is_sneaking && (q.life_time - v.m4_time) >= 0.25" },
                      { "hold": "!q.is_using_item && !v.reloading && (q.life_time - v.m4_time) >= 0.75" },
                      { "reload_empty": "!q.is_using_item && v.reloading_empty_1" },
                      { "reload": "!q.is_using_item && v.reloading" },
                      { "ads": "q.is_sneaking && (q.life_time - v.m4_time) >= 0.2" }
                  ],
                  "on_entry": [ "v.blur = 0;", "v.m4_time = q.life_time;" ],
                  "blend_transition": 0.25,
                  "blend_via_shortest_path": true
              },
              "pre_hipfire":{
                  "animations": [
                    "clear_blur",
                    { "m4a1.pre_hipfire.fp": "v.is_first_person" },
                    { "m16a4.pre_hipfire.fp": "v.is_first_person" },
                    { "m16a4.pre_hipfire.tp": "!v.is_first_person" },
                    { "move.legs": "!v.is_first_person" }
                ], 
                  "transitions": [
                      { "default": "!v.m4a1 || !q.is_alive || q.is_sleeping || q.health <= 0 || q.is_swimming" },
                      { "draw":"v.draw_weapon" },
                      { "leave_hipfire": "!q.is_using_item && !v.reloading && (q.life_time - v.m4_time) >= 0.25" },
                      { "reload_empty": "!q.is_using_item && v.reloading_empty_1" },
                      { "reload": "!q.is_using_item && v.reloading" },
                      { "ads": "q.is_sneaking && (q.life_time - v.m4_time) >= 0.2" }
                  ],
                  "on_entry": [ "v.blur = 0;", "v.m4_time = q.life_time;" ],
                  "blend_transition": 0.25,
                  "blend_via_shortest_path": true
              }
          }
      }
   }
}