{
  "format_version": "1.10.0",
  "animation_controllers": {
      "controller.animation.m79": {
          "initial_state": "default",
          "states": {
				"default": {
                    "animations": [
                        { "player.pre_draw2": "v.m79 && !q.is_sleeping && !q.is_swimming" }
                ],
                    "transitions": [
                        { "pre_draw": "v.m79 && !q.is_sleeping && !q.is_swimming" }
                    ],
                    "blend_transition": 0.15,
                    "blend_via_shortest_path": true
                },
                "pre_draw": {
                    "animations": [
                        "player.pre_draw",
                        { "move.legs": "!v.is_first_person" }
                ],
                    "transitions": [
                        { "default": "!v.m79 || !q.is_alive || q.is_sleeping || q.health <= 0 || q.is_swimming" },
                        { "weapon_draw": "v.m79" }
                    ],
                    "on_entry": [ "v.weapon_transition = 1;", "v.m79_time = q.life_time;" ]
                },
              "weapon_draw":{
                  "animations": [
                    "player.weapon_transition",
                    "player.weapon_root2.pre_draw",
                    { "m79.draw": "v.is_first_person" },
                    { "m79.draw.tp": "!v.is_first_person" },
                    { "move.legs": "!v.is_first_person" },
                    { "gun.bob": "!v.is_first_person" }
                ], 
                  "transitions": [
                      { "default": "!v.m79 || !q.is_alive || q.is_sleeping || q.health <= 0 || q.is_swimming" },
                      { "pre_sprint": "q.is_sprinting && (q.life_time - v.m79_time) >= 0.7" },
                      { "hold":"(q.life_time - v.m79_time) >= 0.75" },
                      { "reload": "v.reloading" },
                      { "pre_ads": "q.is_sneaking && (q.life_time - v.m79_time) >= 0.5" },
                      { "pre_hipfire": "q.is_using_item && (q.life_time - v.m79_time) >= 0.5" }
                  ],
                  "on_entry": [ "v.m79_time = q.life_time;" ],
                  "on_exit": [ "v.weapon_transition = 0;", "v.draw_weapon = 0;" ],
                  "blend_transition": 0.25,
                  "blend_via_shortest_path": true
              },
              "hold":{
                  "animations": [
                    "gun.bob",
                    { "m79.hold": "v.is_first_person" },
                    { "m79.hold.tp": "!v.is_first_person" },
                    { "move.legs": "!v.is_first_person" },
                    { "look_at_target": "!v.is_first_person" }
                ], 
                  "transitions": [
                      { "default": "!v.m79 || !q.is_alive || q.is_sleeping || q.health <= 0 || q.is_swimming" },
                      { "weapon_draw":"v.draw_weapon || !q.is_alive" },
                      { "reload": "v.reloading" },
                      { "pre_ads": "q.is_sneaking" },
                      { "pre_hipfire": "q.is_using_item" },
                      { "inspect": "v.attack_time >= 0.8 && !q.is_sprinting" },
                      { "pre_sprint": "q.is_sprinting && (q.life_time - v.m79_time) > 0.75" }
                  ],
                  "on_entry": [ "v.weapon_transition = 0;", "v.draw_weapon = 0;" ],
                  "blend_transition": 0.15,
                  "blend_via_shortest_path": true
              },
              "inspect":{
                  "animations": [
                    { "m79.inspect.fp": "v.is_first_person" },
                    { "m79.inspect.tp": "!v.is_first_person" },
                    { "move.legs": "!v.is_first_person" }
                ], 
                  "transitions": [
                      { "default": "!v.m79 || !q.is_alive || q.is_sleeping || q.health <= 0 || q.is_swimming" },
                      { "weapon_draw":"v.draw_weapon || !q.is_alive" },
                      { "reload": "v.reloading" },
                      { "hold":"(q.life_time - v.m79_time) >= 2.6667" },
                      { "pre_ads": "q.is_sneaking && (q.life_time - v.m79_time) <= 0.45" },
                      { "pre_hipfire": "q.is_using_item && (q.life_time - v.m79_time) <= 0.45" },
                      { "leave_inspect": "(q.is_sneaking || q.is_using_item || q.is_sprinting) && (q.life_time - v.m79_time) > 0.5" }
                  ],
                  "on_entry": [ "v.m79_time = q.life_time;" ],
                  "blend_transition": 0.2,
                  "blend_via_shortest_path": true
              },
              "leave_inspect":{
                  "animations": [
                    { "m79.leave_inspect.fp": "v.is_first_person" },
                    { "m79.leave_inspect.tp": "!v.is_first_person" },
                    { "move.legs": "!v.is_first_person" }
                ], 
                  "transitions": [
                      { "default": "!v.m79 || !q.is_alive || q.is_sleeping || q.health <= 0 || q.is_swimming" },
                      { "weapon_draw":"v.draw_weapon || !q.is_alive" },
                      { "reload": "v.reloading" },
                      { "pre_sprint": "q.is_sprinting && (q.life_time - v.m79_time) > 0.5" },
                      { "pre_ads": "q.is_sneaking && (q.life_time - v.m79_time) > 0.5" },
                      { "pre_hipfire": "q.is_using_item && (q.life_time - v.m79_time) > 0.5" },
                      { "hold":"(q.life_time - v.m79_time) > 0.55" }
                  ],
                  "on_entry": [ "v.m79_time = q.life_time;" ],
                  "blend_transition": 0.2,
                  "blend_via_shortest_path": true
              },
              "pre_sprint":{
                  "animations": [
                    "gun.bob",
                    { "m79.hold": "v.is_first_person" },
                    { "m79.hold.tp": "!v.is_first_person" },
                    { "move.legs": "!v.is_first_person" },
                    { "look_at_target": "!v.is_first_person" }
                ], 
                  "transitions": [
                      { "default": "!v.m79 || !q.is_alive || q.is_sleeping || q.health <= 0 || q.is_swimming" },
                      { "weapon_draw":"v.draw_weapon" },
                      { "pre_ads": "q.is_sneaking" },
                      { "inspect": "v.attack_time >= 0.8 && !q.is_sprinting" },
                      { "pre_hipfire": "q.is_using_item" },
                      { "reload": "v.reloading" },
                      { "hold":"!q.is_sprinting && !q.is_using_item" },
                      { "sprint": "q.is_sprinting && (q.life_time - v.m79_time) > 2" }
                  ],
                  "on_entry": [ "v.m79_time = q.life_time;" ],
                  "blend_transition": 0.25,
                  "blend_via_shortest_path": true
              },
              "sprint":{
                  "animations": [
                    { "ak_47.sprint.fp": "v.is_first_person" },
                    { "gun.bob": "!v.is_first_person" },
                    { "player.look": "!v.is_first_person" },
                    { "gun.hold.tp": "!v.is_first_person" },
                    { "gun.sprint.tp2": "!v.is_first_person" }
                ], 
                  "transitions": [
                      { "default": "!v.m79 || !q.is_alive || q.is_sleeping || q.health <= 0 || q.is_swimming" },
                      { "weapon_draw":"v.draw_weapon" },
                      { "pre_hipfire": "q.is_using_item" },
                      { "pre_ads": "q.is_sneaking" },
                      { "inspect": "v.attack_time >= 0.8 && !q.is_sprinting" },
                      { "reload": "v.reloading" },
                      { "hold":"!q.is_sprinting && !q.is_using_item && !q.is_sneaking" }
                  ],
                  "on_entry": [ "v.m79_time = q.life_time;" ],
                  "blend_transition": 0.2,
                  "blend_via_shortest_path": true
              },
              "reload_from_ads":{
                  "animations": [
                    "gun.bob",
                    { "m79.reload_from_ads": "v.is_first_person" },
                    { "m79.reload_from_ads.tp": "!v.is_first_person" },
                    { "move.legs": "!v.is_first_person" }
                ], 
                  "transitions": [
                      { "default": "!v.m79 || !q.is_alive || q.is_sleeping || q.health <= 0 || q.is_swimming" },
                      { "weapon_draw":"v.draw_weapon || !q.is_alive" },
                      { "ads": "q.is_sneaking && !v.reloading" },
                      { "leave_ads": "!q.is_sneaking && (!v.reloading || (q.life_time - v.m79_time) > 1.8)" },
                      { "pre_hipfire": "q.is_using_item && !v.reloading" }
                  ],
                  "on_entry": [ "v.m79_time = q.life_time;" ],
                  "blend_transition": 0.2,
                  "blend_via_shortest_path": true
              },
              "reload":{
                  "animations": [
                    "gun.bob",
                    { "m79.reload": "v.is_first_person" },
                    { "m79.reload.tp": "!v.is_first_person" },
                    { "move.legs": "!v.is_first_person" }
                ], 
                  "transitions": [
                      { "default": "!v.m79 || !q.is_alive || q.is_sleeping || q.health <= 0 || q.is_swimming" },
                      { "weapon_draw":"v.draw_weapon || !q.is_alive" },
                      { "pre_sprint": "q.is_sprinting && !v.reloading" },
                      { "pre_hipfire": "q.is_using_item && !v.reloading" },
                      { "pre_ads": "q.is_sneaking && !v.reloading" },
                      { "hold": "!q.is_sneaking && !q.is_using_item && (!v.reloading || (q.life_time - v.m79_time) > 2.25)" }
                  ],
                  "on_entry": [ "v.m79_time = q.life_time;" ],
                  "blend_transition": 0.2,
                  "blend_via_shortest_path": true
              },
              "pre_ads":{
                  "animations": [
                    { "m79.pre_ads": "v.is_first_person" },
                    { "m79.pre_ads.tp": "!v.is_first_person" }
                ], 
                  "transitions": [
                      { "default": "!v.m79 || !q.is_alive || q.is_sleeping || q.health <= 0 || q.is_swimming" },
                      { "weapon_draw":"v.draw_weapon || !q.is_alive" },
                      { "hold": "!q.is_sneaking && (q.life_time - v.m79_time) < 0.2" },
                      { "leave_ads": "!q.is_sneaking && (q.life_time - v.m79_time) > 0.2" },
                      { "ads": "q.is_sneaking && (q.life_time - v.m79_time) >= 0.45" }
                  ],
                  "on_entry": [ "v.m79_time = q.life_time;" ],
                  "blend_transition": 0.2,
                  "blend_via_shortest_path": true
              },
              "leave_ads":{
                  "animations": [
                    { "m79.leave_ads": "v.is_first_person" },
                    { "m79.leave_ads.tp": "!v.is_first_person" }
                ], 
                  "transitions": [
                      { "default": "!v.m79 || !q.is_alive || q.is_sleeping || q.health <= 0 || q.is_swimming" },
                      { "weapon_draw":"v.draw_weapon || !q.is_alive" },
                      { "reload_from_ads": "v.reloading" },
                      { "pre_sprint": "q.is_sprinting && (q.life_time - v.m79_time) >= 0.25" },
                      { "pre_hipfire": "q.is_using_item && (q.life_time - v.m79_time) >= 0.35" },
                      { "pre_ads": "!q.is_using_item && q.is_sneaking && (q.life_time - v.m79_time) >= 0.25" },
                      { "hold": "(q.life_time - v.m79_time) >= 0.45" }
                  ],
                  "on_entry": [ "v.m79_time = q.life_time;" ],
                  "blend_transition": 0.225,
                  "blend_via_shortest_path": true
              },
              "ads":{
                  "animations": [
                    "gun.aim_bob2",
                    { "m79.ads": "v.is_first_person" },
                    { "m79.ads.tp": "!v.is_first_person" }
                ], 
                  "transitions": [
                      { "default": "!v.m79 || !q.is_alive || q.is_sleeping || q.health <= 0 || q.is_swimming" },
                      { "weapon_draw":"v.draw_weapon || !q.is_alive" },
                      { "reload_from_ads": "v.reloading" },
                      { "leave_ads": "!q.is_sneaking && !v.reloading" },
                      { "shoot_ads": "v.shoot" }
                  ],
                  "blend_transition": 0.25,
                  "blend_via_shortest_path": true
              },
              "shoot_ads":{
                  "animations": [
                    "gun.aim_bob2",
                    { "m79.ads": "v.is_first_person" },
                    { "m79.ads.tp": "!v.is_first_person" }
                ], 
                  "transitions": [
                      { "default": "!v.m79 || !q.is_alive || q.is_sleeping || q.health <= 0 || q.is_swimming" },
                      { "weapon_draw":"v.draw_weapon || !q.is_alive" },
                      { "reload_from_ads": "v.reloading" },
                      { "ads": "!v.reloading && !v.shoot && q.is_sneaking" },
                      { "leave_ads": "!v.reloading && !v.shoot && !q.is_sneaking" }
                  ],
                  "blend_transition": 0.25,
                  "blend_via_shortest_path": true
              },
              "leave_hipfire":{
                  "animations": [
                    "gun.aim_bob",
                    { "m79.pre_hipfire": "v.is_first_person" },
                    { "m79.pre_hipfire.tp": "!v.is_first_person" },
                    { "move.legs": "!v.is_first_person" }
                ], 
                  "transitions": [
                      { "default": "!v.m79 || !q.is_alive || q.is_sleeping || q.health <= 0 || q.is_swimming" },
                      { "weapon_draw":"v.draw_weapon" },
                      { "reload": "v.reloading" },
                      { "pre_hipfire": "q.is_using_item" },
                      { "hold": "!q.is_using_item && (q.life_time - v.m79_time) >= 0.2" },
                      { "pre_ads": "!q.is_using_item && q.is_sneaking && (q.life_time - v.m79_time) >= 0.2" }
                  ],
                  "on_entry": [ "v.m79_time = q.life_time;" ],
                  "blend_transition": 0.25,
                  "blend_via_shortest_path": true
              },
              "leave_pre_hipfire":{
                  "animations": [
                    "gun.aim_bob",
                    { "m79.pre_hipfire": "v.is_first_person" },
                    { "m79.pre_hipfire.tp": "!v.is_first_person" },
                    { "move.legs": "!v.is_first_person" }
                ], 
                  "transitions": [
                      { "default": "!v.m79 || !q.is_alive || q.is_sleeping || q.health <= 0 || q.is_swimming" },
                      { "weapon_draw":"v.draw_weapon" },
                      { "reload": "v.reloading" },
                      { "pre_sprint": "q.is_sprinting && (q.life_time - v.m79_time) >= 0.2 && !v.shoot" },
                      { "hold": "!q.is_sprinting && !q.is_using_item && (q.life_time - v.m79_time) >= 0.5 && !v.shoot" },
                      { "pre_ads": "!q.is_using_item && q.is_sneaking && (q.life_time - v.m79_time) >= 0.2" },
                      { "hipfire": "v.shoot" }
                  ],
                  "on_entry": [ "v.m79_time = q.life_time;" ],
                  "blend_transition": 0.25,
                  "blend_via_shortest_path": true
              },
              "pre_hipfire":{
                  "animations": [
                    "gun.aim_bob",
                    { "m79.pre_hipfire": "v.is_first_person" },
                    { "m79.pre_hipfire.tp": "!v.is_first_person" },
                    { "move.legs": "!v.is_first_person" }
                ], 
                  "transitions": [
                      { "default": "!v.m79 || !q.is_alive || q.is_sleeping || q.health <= 0 || q.is_swimming" },
                      { "weapon_draw":"v.draw_weapon" },
                      { "reload": "v.reloading" },
                      { "pre_sprint": "q.is_sprinting && (q.life_time - v.m79_time) >= 0.2 && !v.shoot" },
                      { "leave_pre_hipfire": "!q.is_sprinting && !q.is_using_item && (q.life_time - v.m79_time) >= 0.2 && !v.shoot" },
                      { "pre_ads": "!q.is_using_item && q.is_sneaking && (q.life_time - v.m79_time) >= 0.2" },
                      { "hipfire": "v.shoot" }
                  ],
                  "on_entry": [ "v.m79_time = q.life_time;" ],
                  "blend_transition": 0.25,
                  "blend_via_shortest_path": true
              },
              "hipfire":{
                  "animations": [
                    "gun.aim_bob",
                    { "m79.pre_hipfire": "v.is_first_person" },
                    { "m79.pre_hipfire.tp": "!v.is_first_person" },
                    { "move.legs": "!v.is_first_person" }
                ], 
                  "transitions": [
                      { "default": "!v.m79 || !q.is_alive || q.is_sleeping || q.health <= 0 || q.is_swimming" },
                      { "weapon_draw":"v.draw_weapon" },
                      { "reload": "v.reloading" },
                      { "pre_sprint": "q.is_sprinting && (q.life_time - v.m79_time) >= 0.2 && !v.shoot" },
                      { "leave_pre_hipfire": "!q.is_sprinting && !q.is_using_item && (q.life_time - v.m79_time) >= 0.2 && !v.shoot" },
                      { "pre_ads": "!q.is_using_item && q.is_sneaking && (q.life_time - v.m79_time) >= 0.2" }
                  ],
                  "on_entry": [ "v.m79_time = q.life_time;" ],
                  "blend_transition": 0.25,
                  "blend_via_shortest_path": true
              }
          }
      }
   }
}