{
  "format_version": "1.10.0",
  "animation_controllers": {
      "controller.animation.mini_gun": {
          "initial_state": "default",
          "states": {
            "default": {
                "animations": [
                    { "player.pre_draw2": "v.mini_gun && !q.is_swimming" }
            ],
                "transitions": [
                    { "pre_pre_draw": "v.mini_gun && !q.is_sleeping && !q.is_swimming" }
                ],
                "blend_transition": 0.15,
                "blend_via_shortest_path": true
            },
            "pre_pre_draw": {
                "animations": [
                    "player.pre_draw",
                    { "move.legs": "!v.is_first_person" }
            ],
                "transitions": [
                    { "default": "!v.mini_gun || !q.is_alive || q.is_sleeping || q.health <= 0 || q.is_swimming" },
                    { "pre_draw": "v.mini_gun" }
                ],
                "on_entry": [ "v.mini_gun_time = q.life_time;" ]
            },
            "pre_draw": {
                "animations": [
                    "player.pre_draw",
                    { "move.legs": "!v.is_first_person" }
            ],
                "transitions": [
                    { "default": "!v.mini_gun || !q.is_alive || q.is_sleeping || q.health <= 0 || q.is_swimming" },
                    { "weapon_draw": "v.mini_gun" }
                ],
                "on_entry": ["v.weapon_transition = 1;"]
            },
              "weapon_draw":{
                  "animations": [
                    "player.weapon_transition",
                    "player.weapon_root2.pre_draw",
                    { "mini_gun.draw.fp": "v.is_first_person" },
                    { "mini_gun.draw.tp": "!v.is_first_person" },
                    { "move.legs": "!v.is_first_person" }
                ], 
                  "transitions": [
                      { "default": "!v.mini_gun || !q.is_alive || q.is_sleeping || q.health <= 0 || q.is_swimming" },
                      { "weapon_hold":"(q.life_time - v.mini_gun_time) >= 0.55" },
                      { "charge": "v.charging && (q.life_time - v.mini_gun_time) >= 0.2" }
                  ],
                  "on_entry": [ "v.mini_gun_time = q.life_time;", "v.weapon_transition = 0;", "v.draw_weapon = 0;" ],
                  "on_exit": [ "v.weapon_transition = 0;", "v.draw_weapon = 0;" ],
                  "blend_transition": 0.275,
                  "blend_via_shortest_path": true
              },
              "weapon_hold":{
                  "animations": [
                    "mini_gun.idle.fp",
                    { "mini_gun.hold.fp": "v.is_first_person" },
                    { "mini_gun.hold.tp": "!v.is_first_person" },
                    { "move.legs": "!v.is_first_person" }
                ], 
                  "transitions": [
                      { "default": "!v.mini_gun || !q.is_alive || q.is_sleeping || q.health <= 0 || q.is_swimming" },
                      { "charge": "v.charging" },
                      { "reload": "v.reloading" },
                      { "ads": "q.is_sneaking && (q.life_time - v.mini_gun_time) >= 0.5" },
                      { "inspect": "v.attack_time > 0.5 && (q.life_time - v.mini_gun_time) >= 0.5" },
                      { "pre_sprint": "q.is_sprinting && (q.life_time - v.mini_gun_time) > 0.5" }
                  ],
                  "on_entry": [ "v.mini_gun_time = q.life_time;" ],
                  "blend_transition": 0.2,
                  "blend_via_shortest_path": true
              },
              "pre_sprint":{
                  "animations": [
                    "mini_gun.idle.fp",
                    { "mini_gun.hold.fp": "v.is_first_person" },
                    { "mini_gun.hold.tp": "!v.is_first_person" },
                    { "move.legs": "!v.is_first_person" }
                ], 
                  "transitions": [
                      { "default": "!v.mini_gun || !q.is_alive || q.is_sleeping || q.health <= 0 || q.is_swimming" },
                      { "charge": "v.charging" },
                      { "reload": "v.reloading" },
                      { "ads": "q.is_sneaking && (q.life_time - v.mini_gun_time) >= 0.275" },
                      { "weapon_hold":"!q.is_sprinting && !q.is_using_item && (q.life_time - v.mini_gun_time) >= 0.5" },
                      { "sprint": "q.is_sprinting && (q.life_time - v.mini_gun_time) > 2" }
                  ],
                  "on_entry": [ "v.mini_gun_time = q.life_time;" ],
                  "blend_transition": 0.25,
                  "blend_via_shortest_path": true
              },
              "sprint":{
                  "animations": [
                    "mini_gun.idle.fp",
                    { "mini_gun.sprint.fp": "v.is_first_person" },
                    { "mini_gun.sprint.tp": "!v.is_first_person" },
                    { "move.legs": "!v.is_first_person" }
                ], 
                  "transitions": [
                    { "default": "!v.mini_gun || !q.is_alive || q.is_sleeping || q.health <= 0 || q.is_swimming" },
                    { "charge": "v.charging" },
                    { "reload": "v.reloading" },
                    { "ads": "q.is_sneaking && (q.life_time - v.mini_gun_time) >= 0.215" },
                    { "pre_sprint":"!q.is_sprinting && !q.is_using_item && (q.life_time - v.mini_gun_time) >= 0.25" }
                  ],
                  "on_entry": [ "v.mini_gun_time = q.life_time;" ],
                  "blend_transition": 0.2,
                  "blend_via_shortest_path": true
              },
              "inspect":{
                  "animations": [
                    { "mini_gun.inspect.fp": "v.is_first_person" },
                    { "mini_gun.inspect.tp": "!v.is_first_person" },
                    { "move.legs": "!v.is_first_person" }
                ], 
                  "transitions": [
                      { "default": "!v.mini_gun || !q.is_alive || q.is_sleeping || q.health <= 0 || q.is_swimming" },
                      { "weapon_draw":"v.draw_weapon" },
                      { "ads": "q.is_sneaking" },
                      { "reload": "v.reloading" },
                      { "charge": "v.charging" },
                      { "weapon_hold":"(q.life_time - v.mini_gun_time) >= 7 || q.is_sprinting" }
                  ],
                  "on_entry": [ "v.mini_gun_time = q.life_time;" ],
                  "blend_transition": 0.2,
                  "blend_via_shortest_path": true
              },
              "reload":{
                  "animations": [
                    { "mini_gun.reload.fp": "v.is_first_person" },
                    { "mini_gun.reload.tp": "!v.is_first_person" },
                    { "move.legs": "!v.is_first_person" }
                ], 
                  "transitions": [
                      { "default": "!v.mini_gun || !q.is_alive || q.is_sleeping || q.health <= 0 || q.is_swimming" },
                      { "weapon_draw":"v.draw_weapon" },
                      { "charge": "!v.reloading && q.is_using_item && (q.life_time - v.mini_gun_time) >= 1.35" },
                      { "fire_start": "!v.reloading && q.is_using_item && (q.life_time - v.mini_gun_time) >= 1.35" },
                      { "weapon_hold":"!v.reloading || (q.life_time - v.mini_gun_time) >= 3.9" }
                  ],
                  "on_entry": [ "v.mini_gun_time = q.life_time;" ],
                  "blend_transition": 0.275,
                  "blend_via_shortest_path": true
              },
              "ads":{
                  "animations": [
                    { "mini_gun.ads.fp": "v.is_first_person" },
                    { "mini_gun.ads.tp": "!v.is_first_person" },
                    { "move.legs": "!v.is_first_person" }
                ], 
                  "transitions": [
                    { "default": "!v.mini_gun || !q.is_alive || q.is_sleeping || q.health <= 0 || q.is_swimming" },
                    { "weapon_hold": "!q.is_sneaking && (q.life_time - v.mini_gun_time) >= 0.25" },
                    { "charge": "v.charging" },
                    { "reload": "v.reloading" }
                  ],
                  "on_entry": [ "v.mini_gun_time = q.life_time;" ],
                  "blend_transition": 0.225,
                  "blend_via_shortest_path": true
              },
              "charge":{
                  "animations": [
                    { "mini_gun.charge.fp": "v.is_first_person" },
                    { "mini_gun.charge.tp": "!v.is_first_person" },
                    { "move.legs": "!v.is_first_person" }
                ], 
                  "transitions": [
                      { "default": "!v.mini_gun || !q.is_alive || q.is_sleeping || q.health <= 0 || q.is_swimming" },
                      { "weapon_draw":"v.draw_weapon" },
                      { "fire_loop": "v.shooting" },
                      { "ads": "!v.charging" }
                  ],
                  "blend_transition": 0.25,
                  "blend_via_shortest_path": true
              },
              "fire_start":{
                  "animations": [
                    "mini_gun.fire_start",
                    { "mini_gun.hold_fire_pos.fp": "v.is_first_person" },
                    { "mini_gun.hold_fire_pos.tp": "!v.is_first_person" },
                    { "move.legs": "!v.is_first_person" }
                ], 
                  "transitions": [
                      { "default": "!v.mini_gun || !q.is_alive || q.is_sleeping || q.health <= 0 || q.is_swimming" },
                      { "weapon_draw":"v.draw_weapon" },
                      { "reload": "v.reloading" },
                      { "fire_loop": "v.shooting" },
                      { "weapon_hold": "!q.is_using_item" }
                  ]
              },
              "fire_loop":{
                  "animations": [
                    { "mini_gun.fire_loop": "v.is_first_person" },
                    { "mini_gun.hold_fire_pos.fp": "v.is_first_person" },
                    //{ "mini_gun.muzzle_burst.vfx.fp": "v.is_first_person" },
                    { "mini_gun.fire_loop.tp": "!v.is_first_person" },
                    //{ "mini_gun.muzzle_burst.vfx": "!v.is_first_person" },
                    { "mini_gun.hold_fire_pos.tp": "!v.is_first_person" },
                    { "move.legs": "!v.is_first_person" }
                ], 
                  "transitions": [
                      { "default": "!v.mini_gun || !q.is_alive || q.is_sleeping || q.health <= 0 || q.is_swimming" },
                      { "weapon_draw":"v.draw_weapon" },
                      { "reload": "v.reloading" },
                      { "ads": "!v.shooting" }
                  ],
                  "blend_transition": 0.25,
                  "blend_via_shortest_path": true
              }
          }
      }
   }
}