{
  "format_version": "1.10.0",
  "animation_controllers": {
      "controller.animation.mx115": {
          "initial_state": "default",
          "states": {
            "default": {
                "animations": [
                    { "player.pre_draw2": "v.mx115 && !q.is_sleeping && !q.is_swimming" },
                    { "mx115.move_glow": "!v.mx115_netherite && !q.is_swimming" }
                ],
                "transitions": [
                    { "pre_pre_draw": "v.mx115 && !q.is_sleeping && !q.is_swimming" }
                ],
                "on_entry": ["v.blur = 0;"],
                "blend_transition": 0.15,
                "blend_via_shortest_path": true
            },
            "leave": {
                "animations": [
                    "mx115.move_glow",
                    "player.weapon_invis",
                    { "move.arms": "!v.is_first_person" },
                    { "move.legs": "!v.is_first_person" }
                ],
                "transitions": [
                    { "default": "!v.mx115 || !q.is_alive || q.is_sleeping || q.health <= 0 || q.is_swimming" },
                    { "pre_draw": "v.mx115" }
                ],
                "blend_transition": 0.1,
                "blend_via_shortest_path": true
            },
            "pre_pre_draw": {
                "animations": [
                    "player.weapon_invis",
                    { "player.pre_draw3": "v.is_first_person" },
                    { "player.pre_draw": "!v.is_first_person" },
                    { "move.legs": "!v.is_first_person" }
            ],
                "transitions": [
                    { "default": "!v.mx115 || !q.is_alive || q.is_sleeping || q.health <= 0 || q.is_swimming" },
                    { "pre_draw": "v.mx115" }
                ],
                "on_entry": [ "v.mx115_time = q.life_time;" ],
                "blend_transition": 0.15,
                "blend_via_shortest_path": true
            },
            "pre_draw": {
                "animations": [
                    "player.weapon_invis",
                    { "player.pre_draw": "!v.is_first_person" },
                    { "move.legs": "!v.is_first_person" },
                    { "look_at_target": "!v.is_first_person" }
                ],
                "transitions": [
                    { "default": "!v.mx115 || !q.is_alive || q.is_sleeping || q.health <= 0 || q.is_swimming" },
                    { "draw": "v.mx115 && (q.life_time - v.mx115_time) >= 0.1" }
                ],
                "on_entry": [ "v.weapon_transition = 1;", "v.mx115_time = q.life_time;" ],
                "blend_transition": 0.15,
                "blend_via_shortest_path": true
            },
              "draw":{
                  "animations": [
                    "player.weapon_transition",
                    "player.weapon_root2.pre_draw",
                    { "mx115.draw.fp": "v.is_first_person" },
                    { "mx115.draw.tp": "!v.is_first_person" },
                    { "move.legs": "!v.is_first_person" },
                    
                    { "mx115.no_grip.draw.fp": "v.is_first_person" },
                    { "mx115.no_grip.draw.tp": "!v.is_first_person" }
                ], 
                  "transitions": [
                      { "leave": "!v.mx115 || !q.is_alive || q.is_sleeping || q.health <= 0 || q.is_swimming" },
                      { "pre_sprint": "q.is_sprinting && (q.life_time - v.mx115_time) >= 0.5" },
                      { "hold":"(q.life_time - v.mx115_time) >= 3.45 || q.all_animations_finished" },
                      { "pre_ads": "q.is_sneaking && (q.life_time - v.mx115_time) >= 0.75" },
                      { "pre_hipfire": "q.is_using_item && (q.life_time - v.mx115_time) >= 0.5" },
                      { "reload": "v.reloading" }
                  ],
                  "on_entry": [ "v.mx115_time = q.life_time;" ],
                  "on_exit": [ "v.weapon_transition = 0;", "v.draw_weapon = 0;" ],
                  "blend_transition": 0.5,
                  "blend_via_shortest_path": true
              },
              "hold":{
                  "animations": [
                    "clear_blur",
                    { "player.waist_bob": "v.is_first_person" },
                    { "mx115.hold.fp": "v.is_first_person" },
                    { "mx115.hold.tp": "!v.is_first_person" },
                    
                    { "mx115.no_grip.hold.fp": "v.is_first_person" },
                    { "mx115.no_grip.hold.tp": "!v.is_first_person" }
                ], 
                  "transitions": [
                      { "leave": "!v.mx115 || !q.is_alive || q.is_sleeping || q.health <= 0 || q.is_swimming" },
                      { "draw":"v.draw_weapon" },
                      { "pre_ads": "q.is_sneaking" },
                      { "inspect": "v.attack_time >= 0.8 && !q.is_sprinting" },
                      { "pre_hipfire": "q.is_using_item" },
                      { "reload": "v.reloading" },
                      { "pre_sprint": "q.is_sprinting && (q.life_time - v.mx115_time) > 0.5" },
                      { "idle": "(q.life_time - v.mx115_time) > 15" }
                  ],
                  "on_entry": [ "v.mx115_time = q.life_time;", "v.blur = 0;", "v.weapon_transition = 0;", "v.draw_weapon = 0;" ],
                  "blend_transition": 0.175,
                  "blend_via_shortest_path": true
              },
              "idle":{
                  "animations": [
                    "clear_blur",
                    { "player.waist_bob": "v.is_first_person" },
                    { "gun.bob": "!v.is_first_person" },
                    { "mx115.idle.fp": "v.is_first_person" },
                    { "mx115.idle.tp": "!v.is_first_person" },
                    
                    { "mx115.no_grip.idle.fp": "v.is_first_person" },
                    { "mx115.no_grip.idle.tp": "!v.is_first_person" }
                ], 
                  "transitions": [
                      { "leave": "!v.mx115 || !q.is_alive || q.is_sleeping || q.health <= 0 || q.is_swimming" },
                      { "draw":"v.draw_weapon" },
                      { "hold": "(q.life_time - v.mx115_time) > 4.5" },
                      { "reload": "v.reloading" },
                      { "inspect": "v.attack_time >= 0.8 && !q.is_sprinting" },
                      { "pre_sprint": "q.is_sprinting && (q.life_time - v.mx115_time) > 0.5" },
                      { "pre_ads": "q.is_sneaking" },
                      { "pre_hipfire": "q.is_using_item" }
                  ],
                  "on_entry": [ "v.mx115_time = q.life_time;" ],
                  "blend_transition": 0.2,
                  "blend_via_shortest_path": true
              },
              "inspect":{
                  "animations": [
                    "clear_blur",
                    { "mx115.inspect.fp": "v.is_first_person" },
                    { "mx115.inspect.tp": "!v.is_first_person" },
                    { "move.legs": "!v.is_first_person" },
                    
                    { "mx115.no_grip.inspect.fp": "v.is_first_person" },
                    { "mx115.no_grip.inspect.tp": "!v.is_first_person" }
                ], 
                  "transitions": [
                      { "leave": "!v.mx115 || !q.is_alive || q.is_sleeping || q.health <= 0 || q.is_swimming" },
                      { "draw":"v.draw_weapon" },
                      { "reload": "v.reloading" },
                      { "pre_ads": "q.is_sneaking && (q.life_time - v.mx115_time) < 2.3" },
                      { "ads": "q.is_sneaking && (q.life_time - v.mx115_time) > 2.3" },
                      { "pre_sprint": "q.is_sprinting && (q.life_time - v.mx115_time) < 2" },
                      { "leave_hipfire":"(q.life_time - v.mx115_time) >= 7.25 || (q.is_sprinting && (q.life_time - v.mx115_time) >= 2)" },
                      { "hipfire": "q.is_using_item && (q.life_time - v.mx115_time) > 2.3" },
                      { "pre_hipfire": "q.is_using_item && (q.life_time - v.mx115_time) < 2.3" }
                  ],
                  "on_entry": [ "v.mx115_time = q.life_time;" ],
                  "blend_transition": 0.2,
                  "blend_via_shortest_path": true
              },
              "pre_sprint":{
                  "animations": [
                    "clear_blur",
                    "gun.bob",
                    { "mx115.hold.fp": "v.is_first_person" },
                    { "mx115.sprint.tp": "!v.is_first_person" },
                    
                    { "mx115.no_grip.hold.fp": "v.is_first_person" },
                    { "mx115.no_grip.hold.tp": "!v.is_first_person" },

                    { "player.look": "!v.is_first_person" },
                    { "gun.sprint.tp2": "!v.is_first_person" }
                ], 
                  "transitions": [
                      { "leave": "!v.mx115 || !q.is_alive || q.is_sleeping || q.health <= 0 || q.is_swimming" },
                      { "draw":"v.draw_weapon" },
                      { "pre_ads": "q.is_sneaking" },
                      { "inspect": "v.attack_time >= 0.8 && !q.is_sprinting && v.mx115_ammo_full" },
                      { "pre_hipfire": "q.is_using_item" },
                      { "reload": "v.reloading" },
                      { "hold":"!q.is_sprinting && !q.is_using_item" },
                      { "sprint": "q.is_sprinting && (q.life_time - v.mx115_time) > 2" }
                  ],
                  "on_entry": [ "v.mx115_time = q.life_time;" ],
                  "blend_transition": 0.25,
                  "blend_via_shortest_path": true
              },
              "sprint":{
                  "animations": [
                    "clear_blur",
                    { "ak_47.sprint.fp": "v.is_first_person" },
                    { "mx115.sprint.tp": "!v.is_first_person" },
                    
                    { "mx115.no_grip.hold.fp": "v.is_first_person" },
                    { "mx115.no_grip.hold.tp": "!v.is_first_person" },

                    { "player.look": "!v.is_first_person" },
                    { "gun.sprint.tp2": "!v.is_first_person" }
                ], 
                  "transitions": [
                      { "leave": "!v.mx115 || !q.is_alive || q.is_sleeping || q.health <= 0 || q.is_swimming" },
                      { "draw":"v.draw_weapon" },
                      { "pre_ads": "q.is_sneaking" },
                      { "inspect": "v.attack_time >= 0.8 && !q.is_sprinting && v.mx115_ammo_full" },
                      { "pre_hipfire": "q.is_using_item" },
                      { "reload": "v.reloading" },
                      { "hold":"!q.is_sprinting" }
                  ],
                  "on_entry": [ "v.mx115_time = q.life_time;" ],
                  "blend_transition": 0.2,
                  "blend_via_shortest_path": true
              },
              "reload":{
                  "animations": [
                    "clear_blur",
                    "gun.bob",
                    { "mx115.reload.fp": "v.is_first_person" },
                    { "mx115.reload.tp": "!v.is_first_person" },
                    { "move.legs": "!q.is_sprinting" },
                    { "gun.sprint_legs": "q.is_sprinting" }
                ], 
                  "transitions": [
                      { "leave": "!v.mx115 || !q.is_alive || q.is_sleeping || q.health <= 0 || q.is_swimming" },
                      { "draw":"v.draw_weapon" },
                      { "leave_hipfire": "(!v.reloading && q.mark_variant != 2003) || ((q.life_time - v.mx115_time) > 2.1 && q.mark_variant != 2003)" },
                      { "hold": "(!v.reloading && q.mark_variant == 2003) || ((q.life_time - v.mx115_time) > 2.1 && q.mark_variant == 2003)" },
                      { "pre_ads": "v.ads" },
                      { "pre_hipfire": "q.is_using_item && !v.reloading" }
                  ],
                  "on_entry": [ "v.mx115_time = q.life_time;" ],
                  "blend_transition": 0.225,
                  "blend_via_shortest_path": true
              },
              "reload_from_ads":{
                  "animations": [
                    "clear_blur",
                    "gun.bob",
                    { "mx115.reload.fp2": "v.is_first_person" },
                    { "mx115.reload.tp2": "!v.is_first_person" },
                    { "move.legs": "!q.is_sprinting" },
                    { "gun.sprint_legs": "q.is_sprinting" }
                ], 
                  "transitions": [
                      { "leave": "!v.mx115 || !q.is_alive || q.is_sleeping || q.health <= 0 || q.is_swimming" },
                      { "draw":"v.draw_weapon" },
                      { "ads": "(!v.reloading || (q.life_time - v.mx115_time) > 2.1) && v.ads" },
                      { "hipfire": "q.is_using_item && !q.is_sneaking && !v.ads && (!v.reloading || (q.life_time - v.mx115_time) > 2.1)" },
                      { "leave_ads": "(!v.reloading || (q.life_time - v.mx115_time) > 2.1) && !v.ads && !q.is_using_item && !q.is_sneaking" }
                  ],
                  "on_entry": [ "v.mx115_time = q.life_time;" ],
                  "blend_transition": 0.2,
                  "blend_via_shortest_path": true
              },
              "pre_ads":{
                  "animations": [
                    { "mx115.pre_ads.fp": "v.is_first_person" },
                    { "mx115.pre_ads.tp": "!v.is_first_person" }
                ], 
                  "transitions": [
                      { "leave": "!v.mx115 || !q.is_alive || q.is_sleeping || q.health <= 0 || q.is_swimming" },
                      { "draw":"v.draw_weapon || !q.is_alive" },
                      { "hold": "!q.is_sneaking && (q.life_time - v.mx115_time) < 0.35" },
                      { "leave_ads": "!q.is_sneaking && (q.life_time - v.mx115_time) > 0.35" },
                      { "ads": "q.is_sneaking && q.any_animation_finished && (q.life_time - v.mx115_time) > 0.25" }
                  ],
                  "on_entry": [ "v.mx115_time = q.life_time;" ],
                  "blend_transition": 0.15,
                  "blend_via_shortest_path": true
              },
              "leave_ads":{
                  "animations": [
                    "clear_blur",
                    { "mx115.leave_ads.fp": "v.is_first_person" },
                    { "mx115.leave_ads.tp": "!v.is_first_person" },
                    { "move.legs": "!q.is_first_person" }
                ], 
                  "transitions": [
                      { "leave": "!v.mx115 || !q.is_alive || q.is_sleeping || q.health <= 0 || q.is_swimming" },
                      { "draw":"v.draw_weapon || !q.is_alive" },
                      { "hold": "(q.life_time - v.mx115_time) > 1.115" },
                      { "reload_from_ads": "v.reloading" },
                      { "pre_hipfire": "q.is_using_item && !q.is_sneaking && (q.life_time - v.mx115_time) > 0.25" },
                      { "hipfire": "q.is_using_item && !q.is_sneaking && (q.life_time - v.mx115_time) < 0.25" },
                      { "pre_ads": "q.is_sneaking && (q.life_time - v.mx115_time) > 0.25" },
                      { "ads": "q.is_sneaking && (q.life_time - v.mx115_time) < 0.25" }
                  ],
                  "on_entry": [ "v.mx115_time = q.life_time;" ],
                  "on_exit": [ "v.blur = 0;" ],
                  "blend_transition": 0.225,
                  "blend_via_shortest_path": true
              },
              "ads":{
                  "animations": [
                    { "mx115.ads.fp": "v.is_first_person" },
                    { "mx115.ads.tp": "!v.is_first_person" }
                ], 
                  "transitions": [
                      { "leave": "!v.mx115 || !q.is_alive || q.is_sleeping || q.health <= 0 || q.is_swimming" },
                      { "draw":"v.draw_weapon" },
                      { "hipfire": "q.is_using_item && !q.is_sneaking" },
                      { "leave_ads": "v.leave_ads" },
                      { "reload_from_ads": "v.reloading" }
                  ],
                  "on_entry": [ "v.mx115_time = q.life_time;" ],
                  "blend_transition": 0.25,
                  "blend_via_shortest_path": true
              },
              "pre_hipfire":{
                  "animations": [
                    "clear_blur",
                    { "mx115.activate_hipfire.fp": "v.is_first_person" },
                    { "mx115.activate_hipfire.tp": "!v.is_first_person" }
                ], 
                  "transitions": [
                      { "leave": "!v.mx115 || !q.is_alive || q.is_sleeping || q.health <= 0 || q.is_swimming" },
                      { "draw":"v.draw_weapon || !q.is_alive" },
                      { "hold": "!q.is_using_item && (q.life_time - v.mx115_time) < 0.45" },
                      { "leave_hipfire": "!q.is_using_item && (q.life_time - v.mx115_time) > 0.45" },
                      { "hipfire": "q.is_using_item && (q.life_time - v.mx115_time) > 0.875 && q.variant > 200" }
                  ],
                  "on_entry": [ "v.mx115_time = q.life_time;" ],
                  "blend_transition": 0.2,
                  "blend_via_shortest_path": true
              },
              "hipfire":{
                  "animations": [
                    "clear_blur",
                    { "mx115.hipfire.fp": "v.is_first_person" },
                    { "mx115.pre_hipfire.fp": "v.is_first_person" },
                    { "mx115.pre_hipfire.tp": "!v.is_first_person" }
                ], 
                  "transitions": [
                      { "leave": "!v.mx115 || !q.is_alive || q.is_sleeping || q.health <= 0 || q.is_swimming" },
                      { "draw":"v.draw_weapon" },
                      { "pre_leave_hipfire": "!q.is_using_item && !v.reloading && (q.life_time - v.mx115_time) >= 0.2" },
                      { "reload_from_ads": "!q.is_using_item && v.reloading" },
                      { "ads": "q.is_sneaking && (q.life_time - v.mx115_time) >= 0.2" }
                  ],
                  "on_entry": [ "v.mx115_time = q.life_time;" ],
                  "blend_transition": 0.25,
                  "blend_via_shortest_path": true
              },
              "pre_leave_hipfire":{
                  "animations": [
                    "clear_blur",
                    { "mx115.hipfire.fp": "v.is_first_person" },
                    { "mx115.pre_hipfire.fp": "v.is_first_person" },
                    { "mx115.pre_hipfire.tp": "!v.is_first_person" }
                ], 
                  "transitions": [
                      { "leave": "!v.mx115 || !q.is_alive || q.is_sleeping || q.health <= 0 || q.is_swimming" },
                      { "draw":"v.draw_weapon" },
                      { "hipfire": "q.is_using_item" },
                      { "leave_hipfire": "!q.is_using_item && !v.reloading && (q.life_time - v.mx115_time) >= 0.75" },
                      { "reload_from_ads": "!q.is_using_item && v.reloading" },
                      { "ads": "q.is_sneaking && (q.life_time - v.mx115_time) >= 0.2" }
                  ],
                  "on_entry": [ "v.mx115_time = q.life_time;" ],
                  "blend_transition": 0.25,
                  "blend_via_shortest_path": true
              },
              "leave_hipfire":{
                  "animations": [
                    "clear_blur",
                    { "mx115.leave_hipfire.fp": "v.is_first_person" },
                    { "mx115.leave_hipfire.tp": "!v.is_first_person" },
                    { "move.legs": "!v.is_first_person" }
                ], 
                  "transitions": [
                      { "leave": "!v.mx115 || !q.is_alive || q.is_sleeping || q.health <= 0 || q.is_swimming" },
                      { "draw":"v.draw_weapon || !q.is_alive" },
                      { "hold": "(q.life_time - v.mx115_time) >= 1.16" },
                      { "reload_from_ads": "v.reloading" },
                      { "pre_hipfire": "q.is_using_item && !q.is_sneaking" },
                      { "pre_ads": "q.is_sneaking && (q.life_time - v.mx115_time) >= 0.25" }
                  ],
                  "on_entry": [ "v.mx115_time = q.life_time;" ],
                  "blend_transition": 0.225,
                  "blend_via_shortest_path": true
              }
          }
      },
      "controller.animation.mx115.glow": {
        "initial_state": "default",
        "states": {
          "default":{
              "transitions": [
                  { "empty":"v.mx115" }
              ],
              "blend_transition": 0.1,
              "blend_via_shortest_path": true
          },
          "empty":{
              "animations": [
                { "mx115.glow.fp": "!v.weapon_transition && v.is_first_person && q.variant >= 230 && q.variant <= 260 && q.is_alive && !q.is_swimming" },
                { "mx115.glow": "!v.weapon_transition && !v.is_first_person && q.variant >= 230 && q.variant <= 260 && q.is_alive && !q.is_swimming" }
            ], 
              "transitions": [
                  { "default":"!v.mx115 || !q.is_alive || q.is_sleeping || q.health <= 0" }
              ],
              "blend_transition": 0.1,
              "blend_via_shortest_path": true
          }
        }
      },
      "controller.animation.mx115_netherite": {
          "initial_state": "default",
          "states": {
            "default": {
                "animations": [
                    { "player.pre_draw2": "v.mx115_netherite && !q.is_sleeping && !q.is_swimming" },
                    { "mx115.move_glow": "!v.mx115 && !q.is_swimming" }
                ],
                "transitions": [
                    { "pre_pre_draw": "v.mx115_netherite && !q.is_sleeping && !q.is_swimming" }
                ],
                "on_entry": ["v.blur = 0;"],
                "blend_transition": 0.15,
                "blend_via_shortest_path": true
            },
            "leave": {
                "animations": [
                    "clear_blur",
                    "mx115.move_glow",
                    "player.weapon_invis",
                    { "move.arms": "!v.is_first_person" },
                    { "move.legs": "!v.is_first_person" }
                ],
                "transitions": [
                    { "default": "!v.mx115_netherite || !q.is_alive || q.is_sleeping || q.health <= 0 || q.is_swimming" },
                    { "pre_draw": "v.mx115_netherite" }
                ],
                "blend_transition": 0.1,
                "blend_via_shortest_path": true
            },
            "pre_pre_draw": {
                "animations": [
                    "clear_blur",
                    "player.weapon_invis",
                    { "player.pre_draw3": "v.is_first_person" },
                    { "player.pre_draw": "!v.is_first_person" },
                    { "move.legs": "!v.is_first_person" }
            ],
                "transitions": [
                    { "default": "!v.mx115_netherite || !q.is_alive || q.is_sleeping || q.health <= 0 || q.is_swimming" },
                    { "pre_draw": "v.mx115_netherite" }
                ],
                "on_entry": [ "v.mx115_netherite_time = q.life_time;" ],
                "blend_transition": 0.15,
                "blend_via_shortest_path": true
            },
            "pre_draw": {
                "animations": [
                    "player.weapon_invis",
                    { "player.pre_draw3": "v.is_first_person" },
                    { "player.pre_draw": "!v.is_first_person" },
                    { "move.legs": "!v.is_first_person" },
                    { "move.legs": "!v.is_first_person" },
                    { "look_at_target": "!v.is_first_person" }
                ],
                "transitions": [
                    { "default": "!v.mx115_netherite || !q.is_alive || q.is_sleeping || q.health <= 0 || q.is_swimming" },
                    { "draw": "v.mx115_netherite && (q.life_time - v.mx115_netherite_time) >= 0.1" }
                ],
                "on_entry": [ "v.weapon_transition = 1;", "v.mx115_netherite_time = q.life_time;" ],
                "blend_transition": 0.15,
                "blend_via_shortest_path": true
            },
              "draw":{
                  "animations": [
                    "player.weapon_transition",
                    { "mx115_netherite.draw.fp": "v.is_first_person" },
                    { "mx115_netherite.draw.tp": "!v.is_first_person" },
                    
                    { "mx115.no_grip.draw.fp": "v.is_first_person" },
                    { "mx115.no_grip.draw.tp": "!v.is_first_person" },
                    { "move.legs": "!v.is_first_person" }
                ], 
                  "transitions": [
                      { "leave": "!v.mx115_netherite || !q.is_alive || q.is_sleeping || q.health <= 0 || q.is_swimming" },
                      { "pre_sprint": "q.is_sprinting && (q.life_time - v.mx115_netherite_time) >= 0.5" },
                      { "hold":"(q.life_time - v.mx115_netherite_time) >= 3.45 || q.all_animations_finished" },
                      { "pre_ads": "q.is_sneaking && (q.life_time - v.mx115_netherite_time) >= 0.75" },
                      { "pre_hipfire": "q.is_using_item && (q.life_time - v.mx115_netherite_time) >= 0.5" },
                      { "reload": "v.reloading" }
                  ],
                  "on_entry": [ "v.mx115_netherite_time = q.life_time;" ],
                  "on_exit": [ "v.weapon_transition = 0;", "v.draw_weapon = 0;" ],
                  "blend_transition": 0.5,
                  "blend_via_shortest_path": true
              },
              "hold":{
                  "animations": [
                    "clear_blur",
                    { "player.waist_bob": "v.is_first_person" },
                    { "mx115.hold.fp": "v.is_first_person" },
                    { "mx115.hold.tp": "!v.is_first_person" },
                    
                    { "mx115.no_grip.hold.fp": "v.is_first_person" },
                    { "mx115.no_grip.hold.tp": "!v.is_first_person" }
                ], 
                  "transitions": [
                      { "leave": "!v.mx115_netherite || !q.is_alive || q.is_sleeping || q.health <= 0 || q.is_swimming" },
                      { "draw":"v.draw_weapon" },
                      { "pre_ads": "q.is_sneaking" },
                      { "inspect": "v.attack_time >= 0.8 && !q.is_sprinting" },
                      { "pre_hipfire": "q.is_using_item" },
                      { "reload": "v.reloading" },
                      { "pre_sprint": "q.is_sprinting && (q.life_time - v.mx115_netherite_time) > 0.5" },
                      { "idle": "(q.life_time - v.mx115_netherite_time) > 15" }
                  ],
                  "on_entry": [ "v.mx115_netherite_time = q.life_time;", "v.blur = 0;", "v.weapon_transition = 0;", "v.draw_weapon = 0;" ],
                  "blend_transition": 0.175,
                  "blend_via_shortest_path": true
              },
              "idle":{
                  "animations": [
                    "clear_blur",
                    { "player.waist_bob": "v.is_first_person" },
                    { "gun.bob": "!v.is_first_person" },
                    { "mx115.idle.fp": "v.is_first_person" },
                    { "mx115.idle.tp": "!v.is_first_person" },
                    
                    { "mx115.no_grip.idle.fp": "v.is_first_person" },
                    { "mx115.no_grip.idle.tp": "!v.is_first_person" }
                ], 
                  "transitions": [
                      { "leave": "!v.mx115_netherite || !q.is_alive || q.is_sleeping || q.health <= 0 || q.is_swimming" },
                      { "draw":"v.draw_weapon" },
                      { "hold": "(q.life_time - v.mx115_netherite_time) > 4.5" },
                      { "reload": "v.reloading" },
                      { "inspect": "v.attack_time >= 0.8 && !q.is_sprinting" },
                      { "pre_sprint": "q.is_sprinting && (q.life_time - v.mx115_netherite_time) > 0.5" },
                      { "pre_ads": "q.is_sneaking" },
                      { "pre_hipfire": "q.is_using_item" }
                  ],
                  "on_entry": [ "v.mx115_netherite_time = q.life_time;" ],
                  "blend_transition": 0.2,
                  "blend_via_shortest_path": true
              },
              "inspect":{
                  "animations": [
                    "clear_blur",
                    { "mx115.inspect.fp": "v.is_first_person" },
                    { "mx115.inspect.tp": "!v.is_first_person" },
                    { "move.legs": "!v.is_first_person" },
                    
                    { "mx115.no_grip.inspect.fp": "v.is_first_person" },
                    { "mx115.no_grip.inspect.tp": "!v.is_first_person" }
                ], 
                  "transitions": [
                      { "leave": "!v.mx115_netherite || !q.is_alive || q.is_sleeping || q.health <= 0 || q.is_swimming" },
                      { "draw":"v.draw_weapon" },
                      { "reload": "v.reloading" },
                      { "pre_ads": "q.is_sneaking && (q.life_time - v.mx115_netherite_time) < 2.3" },
                      { "ads": "q.is_sneaking && (q.life_time - v.mx115_netherite_time) > 2.3" },
                      { "pre_sprint": "q.is_sprinting && (q.life_time - v.mx115_netherite_time) < 2" },
                      { "leave_hipfire":"(q.life_time - v.mx115_netherite_time) >= 7.25 || (q.is_sprinting && (q.life_time - v.mx115_netherite_time) >= 2)" },
                      { "hipfire": "q.is_using_item && (q.life_time - v.mx115_netherite_time) > 2.3" },
                      { "pre_hipfire": "q.is_using_item && (q.life_time - v.mx115_netherite_time) < 2.3" }
                  ],
                  "on_entry": [ "v.mx115_netherite_time = q.life_time;" ],
                  "blend_transition": 0.2,
                  "blend_via_shortest_path": true
              },
              "pre_sprint":{
                  "animations": [
                    "clear_blur",
                    "gun.bob",
                    { "mx115.hold.fp": "v.is_first_person" },
                    { "mx115.sprint.tp": "!v.is_first_person" },
                    
                    { "mx115.no_grip.hold.fp": "v.is_first_person" },
                    { "mx115.no_grip.hold.tp": "!v.is_first_person" },

                    { "player.look": "!v.is_first_person" },
                    { "gun.sprint.tp2": "!v.is_first_person" }
                ], 
                  "transitions": [
                      { "leave": "!v.mx115_netherite || !q.is_alive || q.is_sleeping || q.health <= 0 || q.is_swimming" },
                      { "draw":"v.draw_weapon" },
                      { "pre_ads": "q.is_sneaking" },
                      { "inspect": "v.attack_time >= 0.8 && !q.is_sprinting && v.mx115_netherite_ammo_full" },
                      { "pre_hipfire": "q.is_using_item" },
                      { "reload": "v.reloading" },
                      { "hold":"!q.is_sprinting && !q.is_using_item" },
                      { "sprint": "q.is_sprinting && (q.life_time - v.mx115_netherite_time) > 2" }
                  ],
                  "on_entry": [ "v.mx115_netherite_time = q.life_time;" ],
                  "blend_transition": 0.25,
                  "blend_via_shortest_path": true
              },
              "sprint":{
                  "animations": [
                    "clear_blur",
                    { "ak_47.sprint.fp": "v.is_first_person" },
                    { "mx115.sprint.tp": "!v.is_first_person" },
                    
                    { "mx115.no_grip.hold.fp": "v.is_first_person" },
                    { "mx115.no_grip.hold.tp": "!v.is_first_person" },

                    { "player.look": "!v.is_first_person" },
                    { "gun.sprint.tp2": "!v.is_first_person" }
                ], 
                  "transitions": [
                      { "leave": "!v.mx115_netherite || !q.is_alive || q.is_sleeping || q.health <= 0 || q.is_swimming" },
                      { "draw":"v.draw_weapon" },
                      { "pre_ads": "q.is_sneaking" },
                      { "inspect": "v.attack_time >= 0.8 && !q.is_sprinting && v.mx115_netherite_ammo_full" },
                      { "pre_hipfire": "q.is_using_item" },
                      { "reload": "v.reloading" },
                      { "hold":"!q.is_sprinting" }
                  ],
                  "on_entry": [ "v.mx115_netherite_time = q.life_time;" ],
                  "blend_transition": 0.2,
                  "blend_via_shortest_path": true
              },
              "reload":{
                  "animations": [
                    "clear_blur",
                    "gun.bob",
                    { "mx115.reload.fp": "v.is_first_person" },
                    { "mx115.reload.tp": "!v.is_first_person" },
                    { "move.legs": "!q.is_sprinting" },
                    { "gun.sprint_legs": "q.is_sprinting" }
                ], 
                  "transitions": [
                      { "leave": "!v.mx115_netherite || !q.is_alive || q.is_sleeping || q.health <= 0 || q.is_swimming" },
                      { "draw":"v.draw_weapon" },
                      { "leave_hipfire": "(!v.reloading && q.mark_variant != 2003) || ((q.life_time - v.mx115_netherite_time) > 2.1 && q.mark_variant != 2003)" },
                      { "hold": "(!v.reloading && q.mark_variant == 2003) || ((q.life_time - v.mx115_netherite_time) > 2.1 && q.mark_variant == 2003)" },
                      { "pre_ads": "v.ads" },
                      { "pre_hipfire": "q.is_using_item && !v.reloading" }
                  ],
                  "on_entry": [ "v.mx115_netherite_time = q.life_time;" ],
                  "blend_transition": 0.225,
                  "blend_via_shortest_path": true
              },
              "reload_from_ads":{
                  "animations": [
                    "clear_blur",
                    "gun.bob",
                    { "mx115.reload.fp2": "v.is_first_person" },
                    { "mx115.reload.tp2": "!v.is_first_person" },
                    { "move.legs": "!q.is_sprinting" },
                    { "gun.sprint_legs": "q.is_sprinting" }
                ], 
                  "transitions": [
                      { "leave": "!v.mx115_netherite || !q.is_alive || q.is_sleeping || q.health <= 0 || q.is_swimming" },
                      { "draw":"v.draw_weapon" },
                      { "ads": "(!v.reloading || (q.life_time - v.mx115_netherite_time) > 2.1) && v.ads" },
                      { "hipfire": "q.is_using_item && !q.is_sneaking && !v.ads && (!v.reloading || (q.life_time - v.mx115_netherite_time) > 2.1)" },
                      { "leave_ads": "(!v.reloading || (q.life_time - v.mx115_netherite_time) > 2.1) && !v.ads && !q.is_using_item && !q.is_sneaking" }
                  ],
                  "on_entry": [ "v.mx115_netherite_time = q.life_time;" ],
                  "blend_transition": 0.2,
                  "blend_via_shortest_path": true
              },
              "pre_ads":{
                  "animations": [
                    { "mx115.pre_ads.fp": "v.is_first_person" },
                    { "mx115.pre_ads.tp": "!v.is_first_person" }
                ], 
                  "transitions": [
                      { "leave": "!v.mx115_netherite || !q.is_alive || q.is_sleeping || q.health <= 0 || q.is_swimming" },
                      { "draw":"v.draw_weapon || !q.is_alive" },
                      { "hold": "!q.is_sneaking && (q.life_time - v.mx115_netherite_time) < 0.35" },
                      { "leave_ads": "!q.is_sneaking && (q.life_time - v.mx115_netherite_time) > 0.35" },
                      { "ads": "q.is_sneaking && q.any_animation_finished && (q.life_time - v.mx115_netherite_time) > 0.25" }
                  ],
                  "on_entry": [ "v.mx115_netherite_time = q.life_time;" ],
                  "blend_transition": 0.15,
                  "blend_via_shortest_path": true
              },
              "leave_ads":{
                  "animations": [
                    "clear_blur",
                    { "mx115.leave_ads.fp": "v.is_first_person" },
                    { "mx115.leave_ads.tp": "!v.is_first_person" },
                    { "move.legs": "!q.is_first_person" }
                ], 
                  "transitions": [
                      { "leave": "!v.mx115_netherite || !q.is_alive || q.is_sleeping || q.health <= 0 || q.is_swimming" },
                      { "draw":"v.draw_weapon || !q.is_alive" },
                      { "hold": "(q.life_time - v.mx115_netherite_time) > 1.115" },
                      { "reload_from_ads": "v.reloading" },
                      { "pre_hipfire": "q.is_using_item && !q.is_sneaking && (q.life_time - v.mx115_netherite_time) > 0.25" },
                      { "hipfire": "q.is_using_item && !q.is_sneaking && (q.life_time - v.mx115_netherite_time) < 0.25" },
                      { "pre_ads": "q.is_sneaking && (q.life_time - v.mx115_netherite_time) > 0.25" },
                      { "ads": "q.is_sneaking && (q.life_time - v.mx115_netherite_time) < 0.25" }
                  ],
                  "on_entry": [ "v.mx115_netherite_time = q.life_time;" ],
                  "on_exit": [ "v.blur = 0;" ],
                  "blend_transition": 0.225,
                  "blend_via_shortest_path": true
              },
              "ads":{
                  "animations": [
                    { "mx115.ads.fp": "v.is_first_person" },
                    { "mx115.ads.tp": "!v.is_first_person" }
                ], 
                  "transitions": [
                      { "leave": "!v.mx115_netherite || !q.is_alive || q.is_sleeping || q.health <= 0 || q.is_swimming" },
                      { "draw":"v.draw_weapon" },
                      { "hipfire": "q.is_using_item && !q.is_sneaking" },
                      { "leave_ads": "v.leave_ads" },
                      { "reload_from_ads": "v.reloading" }
                  ],
                  "on_entry": [ "v.mx115_netherite_time = q.life_time;" ],
                  "blend_transition": 0.25,
                  "blend_via_shortest_path": true
              },
              "pre_hipfire":{
                  "animations": [
                    "clear_blur",
                    { "mx115.activate_hipfire.fp": "v.is_first_person" },
                    { "mx115.activate_hipfire.tp": "!v.is_first_person" }
                ], 
                  "transitions": [
                      { "leave": "!v.mx115_netherite || !q.is_alive || q.is_sleeping || q.health <= 0 || q.is_swimming" },
                      { "draw":"v.draw_weapon || !q.is_alive" },
                      { "hold": "!q.is_using_item && (q.life_time - v.mx115_netherite_time) < 0.45" },
                      { "leave_hipfire": "!q.is_using_item && (q.life_time - v.mx115_netherite_time) > 0.45" },
                      { "hipfire": "q.is_using_item && (q.life_time - v.mx115_netherite_time) > 0.875 && q.variant > 200" }
                  ],
                  "on_entry": [ "v.mx115_netherite_time = q.life_time;" ],
                  "blend_transition": 0.2,
                  "blend_via_shortest_path": true
              },
              "hipfire":{
                  "animations": [
                    "clear_blur",
                    { "mx115.hipfire.fp": "v.is_first_person" },
                    { "mx115.pre_hipfire.fp": "v.is_first_person" },
                    { "mx115.pre_hipfire.tp": "!v.is_first_person" }
                ], 
                  "transitions": [
                      { "leave": "!v.mx115_netherite || !q.is_alive || q.is_sleeping || q.health <= 0 || q.is_swimming" },
                      { "draw":"v.draw_weapon" },
                      { "pre_leave_hipfire": "!q.is_using_item && !v.reloading && (q.life_time - v.mx115_netherite_time) >= 0.2" },
                      { "reload_from_ads": "!q.is_using_item && v.reloading" },
                      { "ads": "q.is_sneaking && (q.life_time - v.mx115_netherite_time) >= 0.2" }
                  ],
                  "on_entry": [ "v.mx115_netherite_time = q.life_time;" ],
                  "blend_transition": 0.25,
                  "blend_via_shortest_path": true
              },
              "pre_leave_hipfire":{
                  "animations": [
                    "clear_blur",
                    { "mx115.hipfire.fp": "v.is_first_person" },
                    { "mx115.pre_hipfire.fp": "v.is_first_person" },
                    { "mx115.pre_hipfire.tp": "!v.is_first_person" }
                ], 
                  "transitions": [
                      { "leave": "!v.mx115_netherite || !q.is_alive || q.is_sleeping || q.health <= 0 || q.is_swimming" },
                      { "draw":"v.draw_weapon" },
                      { "hipfire": "q.is_using_item" },
                      { "leave_hipfire": "!q.is_using_item && !v.reloading && (q.life_time - v.mx115_netherite_time) >= 0.75" },
                      { "reload_from_ads": "!q.is_using_item && v.reloading" },
                      { "ads": "q.is_sneaking && (q.life_time - v.mx115_netherite_time) >= 0.2" }
                  ],
                  "on_entry": [ "v.mx115_netherite_time = q.life_time;" ],
                  "blend_transition": 0.25,
                  "blend_via_shortest_path": true
              },
              "leave_hipfire":{
                  "animations": [
                    "clear_blur",
                    { "mx115.leave_hipfire.fp": "v.is_first_person" },
                    { "mx115.leave_hipfire.tp": "!v.is_first_person" },
                    { "move.legs": "!v.is_first_person" }
                ], 
                  "transitions": [
                      { "leave": "!v.mx115_netherite || !q.is_alive || q.is_sleeping || q.health <= 0 || q.is_swimming" },
                      { "draw":"v.draw_weapon || !q.is_alive" },
                      { "hold": "(q.life_time - v.mx115_netherite_time) >= 1.16" },
                      { "reload_from_ads": "v.reloading" },
                      { "pre_hipfire": "q.is_using_item && !q.is_sneaking" },
                      { "pre_ads": "q.is_sneaking && (q.life_time - v.mx115_netherite_time) >= 0.25" }
                  ],
                  "on_entry": [ "v.mx115_netherite_time = q.life_time;" ],
                  "blend_transition": 0.225,
                  "blend_via_shortest_path": true
              }
          }
      },
      "controller.animation.mx115_netherite.glow": {
        "initial_state": "default",
        "states": {
          "default":{
              "transitions": [
                  { "empty":"v.mx115_netherite" }
              ],
              "blend_transition": 0.1,
              "blend_via_shortest_path": true
          },
          "empty":{
              "animations": [
                { "mx115_netherite.glow.fp": "!v.weapon_transition && v.is_first_person && q.variant >= 230 && q.variant <= 260 && q.is_alive && !q.is_swimming" },
                { "mx115_netherite.glow": "!v.weapon_transition && !v.is_first_person && q.variant >= 230 && q.variant <= 260 && q.is_alive && !q.is_swimming" }
            ], 
              "transitions": [
                  { "default":"!v.mx115_netherite || !q.is_alive || q.is_sleeping || q.health <= 0" }
              ],
              "blend_transition": 0.1,
              "blend_via_shortest_path": true
          }
        }
      },
      "controller.animation.mx115.ammo_display": {
        "initial_state": "default",
        "states": {
            "default":{
                "transitions": [
                    { "display":"(v.mx115 || v.mx115_netherite)" }
                ]
            },
            "display":{
                "animations": [ {"mx115.display": "!v.mx115_reloading"} ], 
                "transitions": [
                    { "default":"(!v.mx115 && !v.mx115_netherite) || !q.is_alive || q.is_sleeping || q.health <= 0" }
            ]
          }
        }
      }
   }
}