{
  "format_version": "1.10.0",
  "animation_controllers": {
      "controller.animation.p250": {
          "initial_state": "default",
          "states": {
            "default": {
                "animations": [
                    { "player.pre_draw2": "v.p250 && !q.is_sleeping && !q.is_swimming" }
            ],
                "transitions": [
                    { "pre_draw": "v.p250 && !q.is_sleeping && !q.is_swimming" }
                ],
                "blend_transition": 0.15,
                "blend_via_shortest_path": true
            },
            "pre_draw": {
                "animations": [
                    "player.pre_draw",
                    "move.legs"
                ],
                "transitions": [
                    { "default": "!v.p250 || !q.is_alive || q.is_sleeping || q.health <= 0 || q.is_swimming" },
                    { "reload_empty": "v.bullets <= 0 && v.reloading" },
                    { "reload": "v.bullets > 0 && v.reloading" },
                    { "weapon_draw": "v.p250" }
                ],
                "on_entry": [ "v.weapon_transition = 1;", "v.p250_time = q.life_time;" ],
                "blend_transition": 0.15,
                "blend_via_shortest_path": true
            },
              "weapon_draw":{
                  "animations": [
                    "player.weapon_transition",
                    "player.weapon_root2.pre_draw",
                    { "p250.draw.fp": "v.is_first_person && v.bullets > 0" },
                    { "p250.draw_empty.fp": "v.is_first_person && v.bullets <= 0" },
                    { "p250.draw.tp": "!v.is_first_person && v.bullets > 0" },
                    { "p250.draw_empty.tp": "!v.is_first_person && v.bullets <= 0" },
                    "move.legs"
                ], 
                  "transitions": [
                      { "default": "!v.p250 || !q.is_alive || q.is_sleeping || q.health <= 0 || q.is_swimming" },
                      { "reload_empty": "v.bullets <= 0 && v.reloading" },
                      { "reload": "v.bullets > 0 && v.reloading" },
                      { "pre_sprint": "q.is_sprinting && !v.reloading && (q.life_time - v.p250_time) >= 1.25" },
                      { "weapon_hold":"((q.life_time - v.p250_time) >= 1.3 && q.is_angry) || ((q.life_time - v.p250_time) >= 1.6 && !q.is_angry)" },
                      { "ads": "q.is_sneaking && (q.life_time - v.p250_time) >= 0.85" },
                      { "pre_hipfire": "!q.is_sneaking && q.is_using_item && (q.life_time - v.p250_time) >= 0.85" }
                  ],
                  "on_entry": [ "v.p250_time = q.life_time;" ],
                  "on_exit": [ "v.weapon_transition = 0;", "v.draw_weapon = 0;" ],
                  "blend_transition": 0.25,
                  "blend_via_shortest_path": true
              },
              "weapon_hold":{
                  "animations": [
                    { "p250.hold.fp": "v.is_first_person" },
                    { "p250.hold.tp": "!v.is_first_person" },
                    { "player.look": "!v.is_first_person && v.p250" },
                    "bob",
                    "move.legs"
                ], 
                  "transitions": [
                      { "default": "!v.p250 || !q.is_alive || q.is_sleeping || q.health <= 0 || q.is_swimming" },
                      { "weapon_draw":"v.draw_weapon" },
                      { "ads": "q.is_sneaking" },
                      { "inspect": "v.attack_time >= 0.8 && !q.is_sprinting && (v.bullets >= 12 || v.bullets <= 0)" },
                      { "pre_hipfire": "q.is_using_item" },
                      { "reload_empty": "v.bullets <= 0 && v.reloading" },
                      { "reload": "v.bullets < 12 && v.bullets > 0 && v.reloading" },
                      { "pre_sprint": "q.is_sprinting && (q.life_time - v.p250_time) > 0.5" }
                  ],
                  "on_entry": [ "v.weapon_transition = 0;", "v.draw_weapon = 0;" ],
                  "blend_transition": 0.15,
                  "blend_via_shortest_path": true
              },
              "inspect":{
                  "animations": [
                    { "p250.inspect.fp": "v.is_first_person && v.bullets > 0" },
                    { "p250.inspect.tp": "!v.is_first_person && v.bullets > 0" },
                    { "p250.inspect_empty.fp": "v.is_first_person && v.bullets <= 0" },
                    { "p250.inspect_empty.tp": "!v.is_first_person && v.bullets <= 0" },
                    "bob",
                    "move.legs"
                ], 
                  "transitions": [
                      { "default": "!v.p250 || !q.is_alive || q.is_sleeping || q.health <= 0 || q.is_swimming" },
                      { "weapon_draw":"v.draw_weapon" },
                      { "reload_empty": "v.bullets <= 0 && v.reloading" },
                      { "reload": "v.bullets < 12 && v.bullets > 0 && v.reloading" },
                      { "ads": "q.is_sneaking" },
                      { "weapon_hold":"((q.life_time - v.p250_time) > 2.7 || (q.is_sprinting && (q.life_time - v.p250_time) >= 0.15))" },
                      { "pre_hipfire": "q.is_using_item" }
                  ],
                  "on_entry": [ "v.p250_time = q.life_time;" ],
                  "blend_transition": 0.15,
                  "blend_via_shortest_path": true
              },
              "pre_sprint":{
                  "animations": [
                    { "p250.hold.fp": "v.is_first_person" },
                    { "p250.hold.tp": "!v.is_first_person" },
                    { "player.look": "!v.is_first_person" },
                    "bob",
                    "move.legs"
                ], 
                  "transitions": [
                      { "default": "!v.p250 || !q.is_alive || q.is_sleeping || q.health <= 0 || q.is_swimming" },
                      { "weapon_draw":"v.draw_weapon" },
                      { "reload_empty": "v.bullets <= 0 && v.reloading" },
                      { "reload": "v.bullets < 12 && v.bullets > 0 && v.reloading" },
                      { "ads": "q.is_sneaking" },
                      { "inspect": "v.attack_time >= 0.8 && !q.is_sprinting" },
                      { "pre_hipfire": "q.is_using_item" },
                      { "weapon_hold":"!q.is_sprinting && !q.is_using_item" },
                      { "sprint": "q.is_sprinting && (q.life_time - v.p250_time) > 2" }
                  ],
                  "on_entry": [ "v.p250_time = q.life_time;" ],
                  "blend_transition": 0.25,
                  "blend_via_shortest_path": true
              },
              "sprint":{
                  "animations": [
                    { "p250.sprint.fp": "v.is_first_person" },
                    { "p250.sprint.tp": "!v.is_first_person" }
                ], 
                  "transitions": [
                      { "default": "!v.p250 || !q.is_alive || q.is_sleeping || q.health <= 0 || q.is_swimming" },
                      { "weapon_draw":"v.draw_weapon" },
                      { "reload_empty": "v.bullets <= 0 && v.reloading" },
                      { "reload": "v.bullets < 12 && v.bullets > 0 && v.reloading" },
                      { "ads": "q.is_sneaking" },
                      { "inspect": "v.attack_time >= 0.8 && !q.is_sprinting" },
                      { "pre_hipfire": "q.is_using_item" },
                      { "weapon_hold":"!q.is_sprinting && !q.is_using_item" }
                  ],
                  "on_entry": [ "v.p250_time = q.life_time;" ],
                  "blend_transition": 0.2,
                  "blend_via_shortest_path": true
              },
              "reload":{
                  "animations": [
                    { "bob": "v.is_first_person" },
                    { "p250.reload.fp": "v.is_first_person" },
                    { "p250.reload.tp": "!v.is_first_person" },
                    "move.legs"
                ], 
                  "transitions": [
                      { "default": "!v.p250 || !q.is_alive || q.is_sleeping || q.health <= 0 || q.is_swimming" },
                      { "weapon_draw":"v.draw_weapon" },
                      { "pre_sprint": "q.is_sprinting && !v.reloading" },
                      { "ads": "q.is_sneaking && (q.life_time - v.p250_time) >= 1.4 && !v.reloading" },
                      { "pre_hipfire": "q.is_using_item && !v.reloading" },
                      { "weapon_hold":"(q.life_time - v.p250_time) >= 1.55 || !v.reloading" }
                  ],
                  "on_entry": [ "v.p250_time = q.life_time;" ],
                  "blend_transition": 0.2,
                  "blend_via_shortest_path": true
              },
              "reload_empty":{
                  "animations": [
                    { "bob": "v.is_first_person" },
                    { "p250.reload_empty.fp": "v.is_first_person" },
                    { "p250.reload_empty.tp": "!v.is_first_person" },
                    "move.legs"
                ], 
                  "transitions": [
                      { "default": "!v.p250 || !q.is_alive || q.is_sleeping || q.health <= 0 || q.is_swimming" },
                      { "weapon_draw":"v.draw_weapon" },
                      { "pre_sprint": "q.is_sprinting && !v.reloading" },
                      { "ads": "q.is_sneaking && (q.life_time - v.p250_time) >= 1.65 && !v.reloading" },
                      { "pre_hipfire": "q.is_using_item && !v.reloading" },
                      { "weapon_hold":"!q.is_using_item && !q.is_using_item && ((q.life_time - v.p250_time) >= 2.45 || !v.reloading)" }
                  ],
                  "on_entry": [ "v.p250_time = q.life_time;" ],
                  "blend_transition": 0.2,
                  "blend_via_shortest_path": true
              },
              "leave_ads":{
                  "animations": [
                    { "p250.ads.fp": "v.is_first_person" },
                    { "p250.ads.tp": "!v.is_first_person" },
                    { "player.look": "!v.is_first_person" },
                    "move.legs"
                ], 
                  "transitions": [
                      { "default": "!v.p250 || !q.is_alive || q.is_sleeping || q.health <= 0 || q.is_swimming" },
                      { "weapon_draw":"v.draw_weapon" },
                      { "reload_empty": "v.bullets <= 0 && v.reloading" },
                      { "reload": "v.bullets < 12 && v.bullets > 0 && v.reloading" },
                      { "weapon_hold": "!q.is_sneaking && !q.is_using_item && !v.shoot && (q.life_time - v.p250_time) >= 0.1" }
                  ],
                  "on_entry": [ "v.p250_time = q.life_time;", "v.weapon_transition = 0;", "v.draw_weapon = 0;" ],
                  "blend_transition": 0.2,
                  "blend_via_shortest_path": true
              },
              "ads":{
                  "animations": [
                    { "p250.ads.fp": "v.is_first_person" },
                    { "p250.ads.tp": "!v.is_first_person" },
                    "move.legs"
                ], 
                  "transitions": [
                      { "default": "!v.p250 || !q.is_alive || q.is_sleeping || q.health <= 0 || q.is_swimming" },
                      { "weapon_draw":"v.draw_weapon" },
                      { "reload_empty": "v.bullets <= 0 && v.reloading" },
                      { "reload": "v.bullets < 12 && v.bullets > 0 && v.reloading" },
                      { "leave_ads": "!q.is_sneaking && !q.is_using_item && !v.shoot" }
                  ],
                  "on_entry": [ "v.p250_time = q.life_time;", "v.weapon_transition = 0;", "v.draw_weapon = 0;" ],
                  "blend_transition": 0.2,
                  "blend_via_shortest_path": true
              },
              "leave_hipfire":{
                  "animations": [
                    { "p250.pre_hipfire.fp": "v.is_first_person" },
                    { "p250.pre_hipfire.tp": "!v.is_first_person" },
                    "move.legs"
                ], 
                  "transitions": [
                      { "default": "!v.p250 || !q.is_alive || q.is_sleeping || q.health <= 0 || q.is_swimming" },
                      { "weapon_draw":"v.draw_weapon" },
                      { "pre_sprint": "q.is_sprinting && !q.is_using_item && !v.reloading && (q.life_time - v.p250_time) >= 0.45" },
                      { "reload_empty": "v.bullets <= 0 && v.reloading" },
                      { "reload": "v.bullets < 12 && v.bullets > 0 && v.reloading" },
                      { "ads": "!q.is_using_item && q.is_sneaking && (q.life_time - v.p250_time) >= 0.2" },
                      { "pre_hipfire": "q.is_using_item" },
                      { "hipfire": "v.shoot" },
                      { "weapon_hold": "!q.is_using_item && (q.life_time - v.p250_time) >= 0.6 && !v.pre_hipfire" }
                  ],
                  "on_entry": [ "v.p250_time = q.life_time;", "v.weapon_transition = 0;", "v.draw_weapon = 0;" ],
                  "blend_transition": 0.2,
                  "blend_via_shortest_path": true
              },
              "pre_hipfire":{
                  "animations": [
                    { "p250.pre_hipfire.fp": "v.is_first_person" },
                    { "p250.pre_hipfire.tp": "!v.is_first_person" },
                    "move.legs"
                ], 
                  "transitions": [
                      { "default": "!v.p250 || !q.is_alive || q.is_sleeping || q.health <= 0 || q.is_swimming" },
                      { "weapon_draw":"v.draw_weapon" },
                      { "leave_hipfire": "!v.shoot && !q.is_using_item && (q.life_time - v.p250_time) >= 0.25" },
                      { "reload_empty": "v.bullets <= 0 && v.reloading" },
                      { "reload": "v.bullets < 12 && v.bullets > 0 && v.reloading" },
                      { "ads": "!q.is_using_item && q.is_sneaking && (q.life_time - v.p250_time) >= 0.2" },
                      { "hipfire": "v.shoot" }
                  ],
                  "on_entry": [ "v.p250_time = q.life_time;", "v.weapon_transition = 0;", "v.draw_weapon = 0;" ],
                  "blend_transition": 0.2,
                  "blend_via_shortest_path": true
              },
              "hipfire":{
                "animations": [
                    { "p250.pre_hipfire.fp": "v.is_first_person" },
                    { "p250.pre_hipfire.tp": "!v.is_first_person" },
                    "move.legs"
                ],
                  "transitions": [
                      { "default": "!v.p250 || !q.is_alive || q.is_sleeping || q.health <= 0 || q.is_swimming" },
                      { "weapon_draw":"v.draw_weapon" },
                      { "reload_empty": "v.bullets <= 0 && v.reloading" },
                      { "reload": "v.bullets < 12 && v.bullets > 0 && v.reloading" },
                      { "pre_hipfire": "!v.shoot" },
                      { "ads": "!q.is_using_item && q.is_sneaking" }
                  ],
                  "on_entry": [ "v.p250_time = q.life_time;", "v.weapon_transition = 0;", "v.draw_weapon = 0;" ],
                  "blend_transition": 0.1,
                  "blend_via_shortest_path": true
              }
          }
      },
      "controller.animation.p250.empty": {
        "initial_state": "default",
        "states": {
          "default":{
              "transitions": [
                  { "empty":"v.bullets <= 0 && v.p250" }
              ],
              "blend_transition": 0.1,
              "blend_via_shortest_path": true
          },
          "empty":{
              "animations": ["p250.empty"], 
              "transitions": [
                  { "default":"v.bullets > 0 || !v.p250" }
              ],
              "blend_transition": 0.1,
              "blend_via_shortest_path": true
          }
        }
      }
   }
}