{
  "format_version": "1.10.0",
  "animation_controllers": {
      "controller.animation.p90": {
          "initial_state": "default",
          "states": {
            "default": {
                "animations": [
                    { "player.pre_draw2": "v.p90 && !q.is_sleeping && !q.is_swimming" }
            ],
                "transitions": [
                    { "pre_draw": "v.p90 && !q.is_sleeping && !q.is_swimming" }
                ],
                "on_entry": ["v.blur = 0;"],
                "blend_transition": 0.15,
                "blend_via_shortest_path": true
            },
            "pre_draw": {
                "animations": [
                    "player.pre_draw",
                    { "move.legs": "!v.is_first_person" }
            ],
                "transitions": [
                    { "default": "!v.p90 || !q.is_alive || q.is_sleeping || q.health <= 0 || q.is_swimming" },
                    { "weapon_draw": "v.p90" }
                ],
                "on_entry": [ "v.weapon_transition = 1;", "v.p90_time = q.life_time;" ]
            },
              "weapon_draw":{
                  "animations": [
                    "player.weapon_transition",
                    "player.weapon_root2.pre_draw",
                    { "p90.draw.fp": "v.is_first_person" },
                    { "p90.draw.tp": "!v.is_first_person" },
                    { "move.legs": "!v.is_first_person" }
                ], 
                  "transitions": [
                      { "default": "!v.p90 || !q.is_alive || q.is_sleeping || q.health <= 0 || q.is_swimming" },
                      { "weapon_hold":"(q.life_time - v.p90_time) >= 1" },
                      { "ads": "q.is_sneaking && (q.life_time - v.p90_time) >= 0.75" },
                      { "pre_hipfire": "q.is_using_item && (q.life_time - v.p90_time) >= 0.75" },
                      { "reload": "v.reloading" }
                  ],
                  "on_entry": [ "v.p90_time = q.life_time;" ],
                  "on_exit": [ "v.weapon_transition = 0;", "v.draw_weapon = 0;" ],
                  "blend_transition": 0.275,
                  "blend_via_shortest_path": true
              },
              "weapon_hold":{
                  "animations": [
                    "gun.bob",
                    "clear_blur",
                    { "p90.hold.fp": "v.is_first_person" },
                    { "p90.hold.tp": "!v.is_first_person" },
                    { "move.legs": "!v.is_first_person" }
                ], 
                  "transitions": [
                      { "default": "!v.p90 || !q.is_alive || q.is_sleeping || q.health <= 0 || q.is_swimming" },
                      { "weapon_draw":"v.draw_weapon" },
                      { "reload": "v.reloading" },
                      { "ads": "q.is_sneaking" },
                      { "inspect": "v.attack_time >= 0.8 && !q.is_sprinting" },
                      { "pre_hipfire": "q.is_using_item" },
                      { "pre_sprint": "q.is_sprinting && (q.life_time - v.p90_time) > 0.5" }
                  ],
                  "on_entry": [ "v.p90_time = q.life_time;", "v.blur = 0;", "v.weapon_transition = 0;", "v.draw_weapon = 0;" ],
                  "blend_transition": 0.175,
                  "blend_via_shortest_path": true
              },
              "pre_sprint":{
                  "animations": [
                    "gun.bob",
                    "clear_blur",
                    { "p90.hold.fp": "v.is_first_person" },
                    { "p90.hold.tp": "!v.is_first_person" },
                    { "gun.sprint.tp2": "!v.is_first_person" },
                    { "move.legs": "!v.is_first_person" }
                ], 
                  "transitions": [
                      { "default": "!v.p90 || !q.is_alive || q.is_sleeping || q.health <= 0 || q.is_swimming" },
                      { "weapon_draw":"v.draw_weapon" },
                      { "reload": "v.reloading" },
                      { "ads": "q.is_sneaking" },
                      { "inspect": "v.attack_time >= 0.8 && !q.is_sprinting" },
                      { "pre_hipfire": "q.is_using_item" },
                      { "weapon_hold":"!q.is_sprinting && !q.is_using_item" },
                      { "sprint": "q.is_sprinting && (q.life_time - v.p90_time) > 2" }
                  ],
                  "on_entry": [ "v.p90_time = q.life_time;" ],
                  "blend_transition": 0.25,
                  "blend_via_shortest_path": true
              },
              "sprint":{
                  "animations": [
                    "clear_blur",
                    { "p90.sprint.fp": "v.is_first_person" },
                    { "ak_47.sprint.tp": "!v.is_first_person" }
                ], 
                  "transitions": [
                      { "default": "!v.p90 || !q.is_alive || q.is_sleeping || q.health <= 0 || q.is_swimming" },
                      { "weapon_draw":"v.draw_weapon" },
                      { "reload": "v.reloading" },
                      { "ads": "q.is_sneaking" },
                      { "inspect": "v.attack_time >= 0.8 && !q.is_sprinting" },
                      { "pre_hipfire": "q.is_using_item" },
                      { "weapon_hold":"!q.is_sprinting && !q.is_using_item" }
                  ],
                  "on_entry": [ "v.p90_time = q.life_time;" ],
                  "blend_transition": 0.2,
                  "blend_via_shortest_path": true
              },
              "inspect":{
                  "animations": [
                    "player.waist_bob",
                    "move.legs",
                    "clear_blur",
                    { "p90.inspect.fp": "v.is_first_person" },
                    { "p90.inspect.tp": "!v.is_first_person" }
                ], 
                  "transitions": [
                      { "default": "!v.p90 || !q.is_alive || q.is_sleeping || q.health <= 0 || q.is_swimming" },
                      { "weapon_draw":"v.draw_weapon" },
                      { "reload": "v.reloading" },
                      { "ads": "q.is_sneaking" },
                      { "weapon_hold":"(q.life_time - v.p90_time) >= 4 || q.is_sprinting" },
                      { "pre_hipfire": "q.is_using_item" }
                  ],
                  "on_entry": [ "v.p90_time = q.life_time;" ],
                  "blend_transition": 0.15,
                  "blend_via_shortest_path": true
              },
              "reload":{
                  "animations": [
                    "move.legs",
                    "clear_blur",
                    { "p90.reload.fp": "v.is_first_person" },
                    { "p90.reload.tp": "!v.is_first_person" }
                ], 
                  "transitions": [
                      { "default": "!v.p90 || !q.is_alive || q.is_sleeping || q.health <= 0 || q.is_swimming" },
                      { "weapon_draw":"v.draw_weapon" },
                      { "ads": "!v.reloading && q.is_sneaking" },
                      { "pre_hipfire": "!v.reloading && q.is_using_item" },
                      { "weapon_hold":"!v.reloading || (q.life_time - v.p90_time) > 3.7" }
                  ],
                  "on_entry": [ "v.p90_time = q.life_time;" ],
                  "blend_transition": 0.275,
                  "blend_via_shortest_path": true
              },
              "ads":{
                  "animations": [
                    { "p90.ads.fp": "v.is_first_person" },
                    { "p90.ads.tp": "!v.is_first_person" }
                ], 
                  "transitions": [
                      { "default": "!v.p90 || !q.is_alive || q.is_sleeping || q.health <= 0 || q.is_swimming" },
                      { "weapon_draw":"v.draw_weapon" },
                      { "reload": "v.reloading" },
                      { "pre_hipfire": "q.is_using_item && !q.is_sneaking" },
                      { "weapon_hold": "!q.is_sneaking && !q.is_using_item" }
                  ],
                  "on_entry": [ "v.p90_time = q.life_time;" ],
                  "blend_transition": 0.2,
                  "blend_via_shortest_path": true
              },
              "pre_hipfire":{
                  "animations": [
                    "clear_blur",
                    { "move.legs": "!v.is_first_person" },
                    { "p90.pre_hipfire.fp": "v.is_first_person" },
                    { "p90.pre_hipfire.tp": "!v.is_first_person" }
                ], 
                  "transitions": [
                      { "default": "!v.p90 || !q.is_alive || q.is_sleeping || q.health <= 0 || q.is_swimming" },
                      { "weapon_draw":"v.draw_weapon" },
                      { "reload": "v.reloading" },
                      { "weapon_hold": "(!v.pre_hipfire && !v.reloading && !q.is_using_item && (q.life_time - v.p90_time) >= 0.5) || q.is_sprinting" },
                      { "ads": "!v.reloading && q.is_sneaking && (q.life_time - v.p90_time) >= 0.2" },
                      { "reload": "v.reloading" },
                      { "hipfire": "v.shoot && (q.life_time - v.p90_time) >= 0.2" }
                  ],
                  "on_entry": [ "v.p90_time = q.life_time;" ],
                  "blend_transition": 0.25,
                  "blend_via_shortest_path": true
              },
              "hipfire":{
                  "animations": [
                    "clear_blur",
                    { "move.legs": "!v.is_first_person" },
                    { "p90.pre_hipfire.fp": "v.is_first_person" },
                    { "p90.pre_hipfire.tp": "!v.is_first_person" }
                ], 
                  "transitions": [
                      { "default": "!v.p90 || !q.is_alive || q.is_sleeping || q.health <= 0 || q.is_swimming" },
                      { "weapon_draw":"v.draw_weapon" },
                      { "reload": "v.reloading" },
                      { "pre_hipfire": "(!v.reloading && !q.is_using_item && !v.shoot) || q.is_sprinting" },
                      { "ads": "!v.reloading && q.is_sneaking && (q.life_time - v.p90_time) >= 0.2" }
                  ],
                  "on_entry": [ "v.p90_time = q.life_time;" ],
                  "blend_transition": 0.25,
                  "blend_via_shortest_path": true
              }
          }
      },
      "controller.animation.p90.after_burn": {
        "initial_state": "default",
        "states": {
          "default":{
              "transitions": [
                  { "shoot":"v.p90 && v.shoot" }
              ],
              "blend_transition": 0.1,
              "blend_via_shortest_path": true
          },
          "shoot":{
              "transitions": [
                  { "default":"!v.p90 || !q.is_alive || q.is_sleeping || q.health <= 0 || q.is_swimming" },
                  { "after_burn":"!v.shoot" }
              ],
              "blend_transition": 0.1,
              "blend_via_shortest_path": true
          },
          "after_burn":{
              "animations": [
                { "p90.after_burn.fp": "v.is_first_person || !v.is_first_person" }
            ], 
              "transitions": [
                  { "default":"!v.p90 || !q.is_alive || q.is_sleeping || q.health <= 0 || q.is_swimming || (!v.shoot && q.any_animation_finished)" },
                  { "shoot":"v.p90 && v.shoot" }
              ],
              "blend_transition": 0.3,
              "blend_via_shortest_path": true
          }
        }
      }
   }
}