{
  "format_version": "1.10.0",
  "animation_controllers": {
      "controller.animation.remington_870": {
          "initial_state": "default",
          "states": {
            "default": {
                "animations": [
                    { "player.pre_draw2": "v.remington_870 && !q.is_sleeping && !q.is_swimming" }
            ],
                "transitions": [
                    { "pre_draw": "v.remington_870 && !q.is_sleeping && !q.is_swimming" }
                ],
                "on_entry": ["v.blur = 0;"],
                "blend_transition": 0.15,
                "blend_via_shortest_path": true
            },
            "pre_draw": {
                "animations": [
                    "player.pre_draw",
                    "clear_blur",
                    { "move.legs": "!v.is_first_person" }
            ],
                "transitions": [
                    { "default": "!v.remington_870 || !q.is_alive || q.is_sleeping || q.health <= 0 || q.is_swimming" },
                    { "draw": "v.remington_870" }
                ],
                "on_entry": [ "v.weapon_transition = 1;", "v.remington_870_time = q.life_time;" ]
            },
              "draw":{
                  "animations": [
                    "player.weapon_transition",
                    "player.weapon_root2.pre_draw",
                    "clear_blur",
                    { "remington_870.draw.fp": "v.is_first_person" },
                    { "remington_870.draw.tp": "!v.is_first_person" },
                    { "move.legs": "!v.is_first_person" }
                ], 
                  "transitions": [
                      { "default": "!v.remington_870 || !q.is_alive || q.is_sleeping || q.health <= 0 || q.is_swimming" },
                      { "hold":"(q.life_time - v.remington_870_time) >= 1.1" },
                      { "ads": "q.is_sneaking && (q.life_time - v.remington_870_time) >= 0.575" },
                      { "pre_hipfire": "q.is_using_item && (q.life_time - v.remington_870_time) >= 0.575" },
                      { "pre_load": "v.reloading && !q.is_illager_captain" }
                  ],
                  "on_entry": [ "v.remington_870_time = q.life_time;" ],
                  "on_exit": [ "v.weapon_transition = 0;", "v.draw_weapon = 0;" ],
                  "blend_transition": 0.25,
                  "blend_via_shortest_path": true
              },
              "hold":{
                  "animations": [
                    "clear_blur",
                    { "remington_870.hold.fp": "v.is_first_person" },
                    { "remington_870.hold.tp": "!v.is_first_person" },
                    { "move.legs": "!v.is_first_person" }
                ], 
                  "transitions": [
                      { "default": "!v.remington_870 || !q.is_alive || q.is_sleeping || q.health <= 0 || q.is_swimming" },
                      { "draw":"v.draw_weapon" },
                      { "ads": "q.is_sneaking" },
                      { "inspect": "v.attack_time >= 0.8 && !q.is_sprinting && !v.reloading" },
                      { "pre_hipfire": "q.is_using_item" },
                      { "pre_load": "v.reloading && !q.is_illager_captain && q.variant == 1002" },
                      { "pre_sprint": "q.is_sprinting && (q.life_time - v.remington_870_time) > 0.5" }
                  ],
                  "on_entry": [ "v.remington_870_time = q.life_time;", "v.weapon_transition = 0;", "v.draw_weapon = 0;" ],
                  "blend_transition": 0.175,
                  "blend_via_shortest_path": true
              },
              
              "pre_sprint":{
                  "animations": [
                    "clear_blur",
                    { "remington_870.hold.fp": "v.is_first_person" },
                    { "gun.bob": "!v.is_first_person" },
                    { "player.look": "!v.is_first_person" },
                    { "gun.hold.tp": "!v.is_first_person" },
                    { "gun.sprint.tp2": "!v.is_first_person" }
                ], 
                  "transitions": [
                      { "default": "!v.remington_870 || !q.is_alive || q.is_sleeping || q.health <= 0 || q.is_swimming" },
                      { "draw":"v.draw_weapon" },
                      { "ads": "q.is_sneaking" },
                      { "hold":"!q.is_sprinting && !q.is_using_item && (q.life_time - v.citori_time) > 0.25" },
                      { "inspect": "v.attack_time >= 0.8 && !q.is_sprinting && !v.reloading" },
                      { "pre_hipfire": "q.is_using_item" },
                      { "pre_load": "v.reloading && !q.is_illager_captain" },
                      { "sprint": "q.is_sprinting && (q.life_time - v.citori_time) > 2" }
                  ],
                  "on_entry": [ "v.citori_time = q.life_time;" ],
                  "blend_transition": 0.25,
                  "blend_via_shortest_path": true
              },
              "leave_sprint":{
                  "animations": [
                    "clear_blur",
                    { "remington_870.hold.fp": "v.is_first_person" },
                    { "gun.bob": "!v.is_first_person" },
                    { "player.look": "!v.is_first_person" },
                    { "gun.hold.tp": "!v.is_first_person" },
                    { "gun.sprint.tp2": "!v.is_first_person" }
                ], 
                  "transitions": [
                      { "default": "!v.remington_870 || !q.is_alive || q.is_sleeping || q.health <= 0 || q.is_swimming" },
                      { "draw":"v.draw_weapon" },
                      { "ads": "q.is_sneaking" },
                      { "inspect": "v.attack_time >= 0.8 && !q.is_sprinting && !v.reloading" },
                      { "pre_hipfire": "q.is_using_item" },
                      { "pre_load": "v.reloading && !q.is_illager_captain" },
                      { "pre_sprint": "q.is_sprinting && (q.life_time - v.remington_870_time) > 0.25" },
                      { "hold":"!q.is_sprinting && !q.is_using_item && (q.life_time - v.citori_time) > 0.225" }
                  ],
                  "on_entry": [ "v.citori_time = q.life_time;" ],
                  "blend_transition": 0.2,
                  "blend_via_shortest_path": true
              },
              "sprint":{
                  "animations": [
                    "clear_blur",
                    { "citori_725.sprint.fp": "v.is_first_person" },
                    { "gun.bob": "!v.is_first_person" },
                    { "player.look": "!v.is_first_person" },
                    { "gun.hold.tp": "!v.is_first_person" },
                    { "gun.sprint.tp2": "!v.is_first_person" }
                ], 
                  "transitions": [
                      { "default": "!v.remington_870 || !q.is_alive || q.is_sleeping || q.health <= 0 || q.is_swimming" },
                      { "draw":"v.draw_weapon" },
                      { "ads": "q.is_sneaking" },
                      { "pre_hipfire": "q.is_using_item" },
                      { "pre_load": "v.reloading && !q.is_illager_captain" },
                      { "leave_sprint":"!q.is_sprinting && (q.life_time - v.remington_870_time) > 0.25" }
                  ],
                  "on_entry": [ "v.citori_time = q.life_time;" ],
                  "blend_transition": 0.2,
                  "blend_via_shortest_path": true
              },
              
              "inspect":{
                  "animations": [
                    "clear_blur",
                    { "remington_870.inspect.fp": "v.is_first_person" },
                    { "citori_725.inspect.tp": "!v.is_first_person" }
                ], 
                  "transitions": [
                      { "default": "!v.remington_870 || !q.is_alive || q.is_sleeping || q.health <= 0 || q.is_swimming" },
                      { "draw":"v.draw_weapon" },
                      { "ads": "q.is_sneaking" },
                      { "pre_hipfire": "q.is_using_item" },
                      { "pre_load": "v.reloading && !q.is_illager_captain" },
                      { "pre_sprint": "q.is_sprinting && (q.life_time - v.remington_870_time) > 0.5" },
                      { "hold":"(q.life_time - v.citori_time) >= 4.8 || q.is_sprinting" }
                  ],
                  "on_entry": [ "v.citori_time = q.life_time;" ],
                  "blend_transition": 0.15,
                  "blend_via_shortest_path": true
              },

              "pre_load":{
                  "animations": [
                    "clear_blur",
                    { "remington_870.pre_load.fp": "v.is_first_person" },
                    { "remington_870.pre_load.tp": "!v.is_first_person" },
                    { "move.legs": "!v.is_first_person" }
                ], 
                  "transitions": [
                      { "default": "!v.remington_870 || !q.is_alive || q.is_sleeping || q.health <= 0 || q.is_swimming" },
                      { "draw":"v.draw_weapon" },
                      { "hold": "((q.life_time - v.remington_870_time) >= 0.525 && q.is_illager_captain) || (q.life_time - v.remington_870_time) >= 1" },
                      { "load": "(q.life_time - v.remington_870_time) >= 0.5 && v.reloading" }
                  ],
                  "on_entry": [ "v.remington_870_time = q.life_time;" ],
                  "blend_transition": 0.175,
                  "blend_via_shortest_path": true
              },
              "hold_load":{
                  "animations": [
                    "clear_blur",
                    { "remington_870.hold_load.fp": "v.is_first_person" },
                    { "remington_870.hold_load.tp": "!v.is_first_person" },
                    { "move.legs": "!v.is_first_person" }
                ], 
                  "transitions": [
                      { "default": "!v.remington_870 || !q.is_alive || q.is_sleeping || q.health <= 0 || q.is_swimming" },
                      { "draw":"v.draw_weapon" },
                      { "prime": "((q.life_time - v.remington_870_time) >= 0.18 && q.is_illager_captain && !v.chamber_full && q.variant == 1002) || ((q.is_using_item || q.is_sneaking || (!q.variant == 1002 && (q.life_time - v.remington_870_time) >= 0.25)) && (q.life_time - v.remington_870_time) >= 0.18 && !v.chamber_full)" },
                      { "hold": "((q.life_time - v.remington_870_time) >= 0.18 && v.chamber_full && !q.is_illager_captain && !v.reloading) || ((q.life_time - v.remington_870_time) >= 0.25 && q.is_illager_captain && v.chamber_full && !v.reloading) || (q.life_time - v.remington_870_time) >= 1" },
                      { "pre_hipfire": "q.is_using_item && (q.life_time - v.remington_870_time) >= 0.19 && v.chamber_full" },
                      { "ads": "q.is_sneaking && (q.life_time - v.remington_870_time) >= 0.19 && v.chamber_full" },
                      { "load": "(q.life_time - v.remington_870_time) >= 0.21 && v.reloading && q.variant == 1002" }
                  ],
                  "on_entry": [ "v.remington_870_time = q.life_time;" ],
                  "blend_transition": 0.175,
                  "blend_via_shortest_path": true
              },
              "load":{
                  "animations": [
                    "clear_blur",
                    { "remington_870.load.fp": "v.is_first_person" },
                    { "remington_870.load.tp": "!v.is_first_person" },
                    { "move.legs": "!v.is_first_person" }
                ], 
                  "transitions": [
                      { "default": "!v.remington_870 || !q.is_alive || q.is_sleeping || q.health <= 0 || q.is_swimming" },
                      { "draw":"v.draw_weapon" },
                      { "prime": "((q.life_time - v.remington_870_time) >= 0.5 && q.is_illager_captain && !v.chamber_full) || ((q.is_using_item || q.is_sneaking || !q.variant == 1002) && q.life_time - v.remington_870_time) >= 0.515 && !v.chamber_full" },
                      { "pre_hipfire": "q.is_using_item && (q.life_time - v.remington_870_time) >= 0.525 && v.chamber_full" },
                      { "ads": "q.is_sneaking && (q.life_time - v.remington_870_time) >= 0.525 && v.chamber_full" },
                      { "pre_hipfire": "q.is_using_item && (q.life_time - v.remington_870_time) >= 0.525 && q.is_illager_captain && v.chamber_full" },
                      { "ads": "q.is_sneaking && (q.life_time - v.remington_870_time) >= 0.525 && q.is_illager_captain && v.chamber_full" },
                      { "hold": "(!q.is_sneaking && !q.is_using_item && (q.life_time - v.remington_870_time) >= 0.25 && v.chamber_full && !q.variant == 1002 && !v.reloading) || (!q.is_sneaking && !q.is_using_item && (q.life_time - v.remington_870_time) >= 0.5 && q.is_illager_captain && v.chamber_full) || (q.life_time - v.remington_870_time) >= 1" },
                      { "hold_load": "(q.life_time - v.remington_870_time) >= 0.535 && !q.is_illager_captain && v.reloading" }
                  ],
                  "on_entry": [ "v.remington_870_time = q.life_time;" ],
                  "blend_transition": 0.225,
                  "blend_via_shortest_path": true
              },
              "prime":{
                  "animations": [
                    "clear_blur",
                    { "remington_870.prime.fp": "v.is_first_person" },
                    { "remington_870.prime.tp": "!v.is_first_person" },
                    { "move.legs": "!v.is_first_person" }
                ], 
                  "transitions": [
                    { "default": "!v.remington_870 || !q.is_alive || q.is_sleeping || q.health <= 0 || q.is_swimming" },
                    { "draw":"v.draw_weapon" },
                    { "pre_hipfire": "q.is_using_item && (q.life_time - v.remington_870_time) >= 0.85" },
                    { "ads": "q.is_sneaking && (q.life_time - v.remington_870_time) >= 0.9" },
                    { "hold": "!q.is_using_item && !q.is_sneaking && (q.life_time - v.remington_870_time) >= 0.95" }
                  ],
                  "on_entry": [ "v.remington_870_time = q.life_time;" ],
                  "blend_transition": 0.25,
                  "blend_via_shortest_path": true
              },

              "leave_ads":{
                  "animations": [
                    "clear_blur",
                    "gun.aim_bob2",
                    { "remington_870.ads.fp": "v.is_first_person" },
                    { "remington_870.ads.tp": "!v.is_first_person" },

                    { "remington_870.red_dot.ads.fp": "v.is_first_person && v.red_dot" },
                    { "remington_870.acog.ads.fp": "v.is_first_person && v.any_acog" }
                ], 
                  "transitions": [
                      { "default": "!v.remington_870 || !q.is_alive || q.is_sleeping || q.health <= 0 || q.is_swimming" },
                      { "pullback_hip": "v.pullback" },
                      { "draw":"v.draw_weapon" },
                      { "pre_load": "v.reloading && !q.is_illager_captain" },
                      //{ "pre_hipfire": "q.is_using_item && !q.is_sneaking" },
                      { "hold": "!q.is_sneaking && !q.is_using_item && (q.life_time - v.remington_870_time) >= 0.2" }
                  ],
                  "on_entry": [ "v.remington_870_time = q.life_time;" ],
                  "blend_transition": 0.215,
                  "blend_via_shortest_path": true
              },
              "ads":{
                  "animations": [
                    "gun.aim_bob2",
                    { "remington_870.ads.fp": "v.is_first_person" },
                    { "remington_870.ads.tp": "!v.is_first_person" },

                    { "remington_870.red_dot.ads.fp": "v.is_first_person && v.red_dot" },
                    { "remington_870.acog.ads.fp": "v.is_first_person && v.any_acog" }
                ], 
                  "transitions": [
                      { "default": "!v.remington_870 || !q.is_alive || q.is_sleeping || q.health <= 0 || q.is_swimming" },
                      { "pullback": "v.pullback" },
                      { "draw":"v.draw_weapon" },
                      { "shoot_ads": "v.shoot" },
                      { "pre_load": "v.reloading && !q.is_illager_captain && (q.life_time - v.remington_870_time) >= 0.2" },
                      { "pre_hipfire": "q.is_using_item && !q.is_sneaking" },
                      { "leave_ads": "!q.is_sneaking && !q.is_using_item && !v.reloading_empty && (q.life_time - v.remington_870_time) >= 0.1" }
                  ],
                  "on_entry": [ "v.remington_870_time = q.life_time;" ],
                  "blend_transition": 0.2,
                  "blend_via_shortest_path": true
              },
              "shoot_ads":{
                  "animations": [
                    "gun.aim_bob2",
                    { "remington_870.ads.fp": "v.is_first_person" },
                    { "remington_870.ads.tp": "!v.is_first_person" },

                    { "remington_870.red_dot.ads.fp": "v.is_first_person && v.red_dot" },
                    { "remington_870.acog.ads.fp": "v.is_first_person && v.any_acog" }
                ], 
                  "transitions": [
                      { "default": "!v.remington_870 || !q.is_alive || q.is_sleeping || q.health <= 0 || q.is_swimming" },
                      { "pullback": "v.pullback" },
                      { "draw":"v.draw_weapon" },
                      { "pre_load": "v.reloading && !q.is_illager_captain" },
                      { "pullback": "v.pullback" }
                  ],
                  "on_entry": [ "v.remington_870_time = q.life_time;" ],
                  "blend_transition": 0.2,
                  "blend_via_shortest_path": true
              },

              "pullback":{
                  "animations": [
                    "clear_blur",
                    { "remington_870.pullback.fp": "v.is_first_person" },
                    { "remington_870.pullback.tp": "!v.is_first_person" },
                    { "move.legs": "!v.is_first_person" }
                ], 
                  "transitions": [
                      { "default": "!v.remington_870 || !q.is_alive || q.is_sleeping || q.health <= 0 || q.is_swimming" },
                      { "draw":"v.draw_weapon" },
                      { "pre_load": "!v.pullback && v.reloading && !q.is_illager_captain" },
                      { "leave_ads": "!v.pullback && !v.reloading && !q.is_sprinting && !q.is_using_item && (q.life_time - v.remington_870_time) >= 0.9" },
                      { "hold": "!v.pullback && !v.reloading && q.is_sprinting && (q.life_time - v.remington_870_time) >= 0.9" },
                      { "ads": "!v.pullback && !v.reloading && q.is_sneaking && (q.life_time - v.remington_870_time) >= 0.85" },
                      { "pre_hipfire": "!v.pullback && q.is_using_item && (q.life_time - v.remington_870_time) >= 0.85" }
                  ],
                  "on_entry": [ "v.remington_870_time = q.life_time;" ],
                  "blend_transition": 0.2,
                  "blend_via_shortest_path": true
              },
              "pullback_hip":{
                  "animations": [
                    "clear_blur",
                    { "remington_870.pullback_hip.fp": "v.is_first_person" },
                    { "remington_870.pullback_hip.tp": "!v.is_first_person" },
                    { "move.legs": "!v.is_first_person" }
                ], 
                  "transitions": [
                      { "default": "!v.remington_870 || !q.is_alive || q.is_sleeping || q.health <= 0 || q.is_swimming" },
                      { "draw":"v.draw_weapon" },
                      { "pre_load": "!v.pullback && v.reloading" },
                      { "pre_hipfire": "!v.pullback && q.is_using_item && (q.life_time - v.remington_870_time) >= 0.85" },
                      { "ads": "!v.pullback && !v.reloading && q.is_sneaking && (q.life_time - v.remington_870_time) >= 0.85" },
                      { "leave_hipfire": "!v.pullback && !v.reloading && !q.is_sprinting && !q.is_using_item && (q.life_time - v.remington_870_time) >= 0.9" },
                      { "hold": "!v.pullback && !v.reloading && q.is_sprinting && (q.life_time - v.remington_870_time) >= 0.9" }
                  ],
                  "on_entry": [ "v.remington_870_time = q.life_time;" ],
                  "blend_transition": 0.225,
                  "blend_via_shortest_path": true
              },

              "leave_hipfire":{
                  "animations": [
                    "clear_blur",
                    "gun.aim_bob2",
                    { "remington_870.pre_hipfire.fp": "v.is_first_person" },
                    { "remington_870.pre_hipfire.tp": "!v.is_first_person" },
                    { "move.legs": "!v.is_first_person" }
                ], 
                  "transitions": [
                      { "default": "!v.remington_870 || !q.is_alive || q.is_sleeping || q.health <= 0 || q.is_swimming" },
                      { "pullback_hip": "v.pullback" },
                      { "draw":"v.draw_weapon" },
                      { "pre_load": "v.reloading && !q.is_illager_captain" },
                      { "hold": "(!v.pre_hipfire && !v.reloading && !q.is_using_item && (q.life_time - v.remington_870_time) >= 0.3) || q.is_sprinting" },
                      { "ads": "!v.reloading && q.is_sneaking && (q.life_time - v.remington_870_time) >= 0.2" },
                      { "pre_hipfire": "q.is_using_item && (q.life_time - v.remington_870_time) >= 0.225" },
                      { "hipfire": "v.shoot && (q.life_time - v.remington_870_time) >= 0.2" }
                  ],
                  "on_entry": [ "v.remington_870_time = q.life_time;" ],
                  "blend_transition": 0.3,
                  "blend_via_shortest_path": true
              },
              "pre_hipfire":{
                  "animations": [
                    "clear_blur",
                    "gun.aim_bob2",
                    { "remington_870.pre_hipfire.fp": "v.is_first_person" },
                    { "remington_870.pre_hipfire.tp": "!v.is_first_person" },
                    { "move.legs": "!v.is_first_person" }
                ], 
                  "transitions": [
                      { "default": "!v.remington_870 || !q.is_alive || q.is_sleeping || q.health <= 0 || q.is_swimming" },
                      { "pullback_hip": "v.pullback" },
                      { "hipfire": "v.shoot" },
                      { "draw":"v.draw_weapon" },
                      { "pre_load": "v.reloading && !q.is_illager_captain && (q.life_time - v.remington_870_time) >= 0.25" },
                      { "leave_hipfire": "(!v.reloading && !q.is_using_item && (q.life_time - v.remington_870_time) >= 0.5) || (q.is_sprinting && (q.life_time - v.remington_870_time) >= 0.5)" },
                      { "ads": "!v.reloading && q.is_sneaking && (q.life_time - v.remington_870_time) >= 0.2" }
                  ],
                  "on_entry": [ "v.remington_870_time = q.life_time;" ],
                  "blend_transition": 0.25,
                  "blend_via_shortest_path": true
              },
              "hipfire":{
                  "animations": [
                    "clear_blur",
                    "gun.aim_bob2",
                    { "remington_870.pre_hipfire.fp": "v.is_first_person" },
                    { "remington_870.pre_hipfire.tp": "!v.is_first_person" }
                ], 
                  "transitions": [
                      { "default": "!v.remington_870 || !q.is_alive || q.is_sleeping || q.health <= 0 || q.is_swimming" },
                      { "draw":"v.draw_weapon" },
                      { "pre_load": "v.reloading && !q.is_illager_captain" },
                      { "pullback_hip": "v.pullback" }
                  ],
                  "on_entry": [ "v.remington_870_time = q.life_time;" ],
                  "blend_transition": 0.25,
                  "blend_via_shortest_path": true
              }
          }
      }
   }
}