{
    "format_version": "1.12",
    "minecraft:recipe_shaped": {
      "description": {
      "identifier": "ra:detonator"
      },
      "tags": [ "crafting_table" ],
      "pattern": [
        "CXT",
        "XAX",
        "XXX"
      ],
      "key": {
        "T": {
          "item": "minecraft:redstone_torch"
        },
        "A": {
          "item": "minecraft:redstone"
        },
        "X": {
          "item": "minecraft:iron_nugget"
        },
        "C": {
          "item": "minecraft:calibrated_sculk_sensor"
        }
      },
      "result": {
        "item": "ra:button_spawn_egg"
      }
    }
  }
  