{
    "format_version": "1.12",
    "minecraft:recipe_shaped": {
      "description": {
      "identifier": "ra:target"
      },
      "tags": [ "crafting_table" ],
      "pattern": [
        " x ",
        "xAx",
        "XXX"
      ],
      "key": {
        "A": {
          "item": "minecraft:red_dye"
        },
        "X": {
          "item": "minecraft:iron_ingot"
        },
        "x": {
          "item": "minecraft:iron_nugget"
        }
      },
      "result": {
        "item": "ra:target_spawn_egg"
      }
    }
  }
  