{
  "format_version": "1.10.0",
  "animation_controllers": {
    "controller.animation.ra.limb_jar": {
      "initial_state": "pre_spawn",
      "states": {
        "pre_spawn": {
          "transitions": [ 
            { "default": "q.property('ra:spawned')" },
            { "spawn": "!q.property('ra:spawned')" }
          ]
        },
        "spawn": {
          "transitions": [ 
            { "break.blue": "q.variant == 1 && q.property('ra:liquid_color') == 1" },
            { "break.brown": "q.variant == 1 && q.property('ra:liquid_color') == 2" },
            { "break.cyan": "q.variant == 1 && q.property('ra:liquid_color') == 3" },
            { "break.gray": "q.variant == 1 && q.property('ra:liquid_color') == 4" },
            { "break.green": "q.variant == 1 && q.property('ra:liquid_color') == 5" },
            { "break.light_blue": "q.variant == 1 && q.property('ra:liquid_color') == 6" },
            { "break.light_gray": "q.variant == 1 && q.property('ra:liquid_color') == 7" },
            { "break.lime": "q.variant == 1 && q.property('ra:liquid_color') == 8" },
            { "break.magenta": "q.variant == 1 && q.property('ra:liquid_color') == 9" },
            { "break.orange": "q.variant == 1 && q.property('ra:liquid_color') == 10" },
            { "break.pink": "q.variant == 1 && q.property('ra:liquid_color') == 11" },
            { "break.purple": "q.variant == 1 && q.property('ra:liquid_color') == 12" },
            { "break.red": "q.variant == 1 && q.property('ra:liquid_color') == 13" },
            { "break.white": "q.variant == 1 && q.property('ra:liquid_color') == 14" },
            { "break.yellow": "q.variant == 1 && q.property('ra:liquid_color') == 15" },
            { "break.black": "q.variant == 1 && q.property('ra:liquid_color') == 16" },
            { "default": "0.25" }
          ],
          "on_entry": [
            "/execute at @s[type=ra:limb_jar.empty] run setblock ~~~ ra:limb_jar.empty.b",
            "/execute at @s[type=ra:limb_jar] run setblock ~~~ ra:limb_jar.b",
            "/execute at @s[type=ra:limb_jar.1] run setblock ~~~ ra:limb_jar.1.b",
            "/execute at @s[type=ra:limb_jar.dead] run setblock ~~~ ra:limb_jar.dead.b",
            "/execute at @s[type=ra:limb_jar.dead.1] run setblock ~~~ ra:limb_jar.dead.1.b",
            "/execute at @s[type=ra:limb_jar.limb] run setblock ~~~ ra:limb_jar.limb.b",
            "/execute at @s[type=ra:limb_jar.spine] run setblock ~~~ ra:limb_jar.spine.b",
            "/execute at @s[type=ra:limb_jar.gib] run setblock ~~~ ra:limb_jar.gib.b",
            "/execute at @s[type=ra:limb_jar.gib.1] run setblock ~~~ ra:limb_jar.gib.1.b",
            "/execute at @s[type=ra:limb_jar.gib.2] run setblock ~~~ ra:limb_jar.gib.2.b",
            "/execute at @s[type=ra:limb_jar.gib_head] run setblock ~~~ ra:limb_jar.gib_head.b",
            "/execute at @s[type=ra:limb_jar.gib_head.1] run setblock ~~~ ra:limb_jar.gib_head.1.b",
            "/execute at @s[type=ra:limb_jar.gib_head_h] run setblock ~~~ ra:limb_jar.gib_head_h.b",
            "/execute at @s[type=ra:limb_jar.gib_head_h.1] run setblock ~~~ ra:limb_jar.gib_head_h.1.b",
            "/playsound place.copper @a[r=16] ~~0.5~ 1 1.1 0.01",
            "/playsound ra.bubble.up @a[r=16] ~~0.5~ 1 0.8 0.01"
          ],
          "on_exit": [ "@s ra:spawned" ]
        },
        "default": {
          "transitions": [ 
            { "break.blue": "q.variant == 1 && q.property('ra:liquid_color') == 1" },
            { "break.brown": "q.variant == 1 && q.property('ra:liquid_color') == 2" },
            { "break.cyan": "q.variant == 1 && q.property('ra:liquid_color') == 3" },
            { "break.gray": "q.variant == 1 && q.property('ra:liquid_color') == 4" },
            { "break.green": "q.variant == 1 && q.property('ra:liquid_color') == 5" },
            { "break.light_blue": "q.variant == 1 && q.property('ra:liquid_color') == 6" },
            { "break.light_gray": "q.variant == 1 && q.property('ra:liquid_color') == 7" },
            { "break.lime": "q.variant == 1 && q.property('ra:liquid_color') == 8" },
            { "break.magenta": "q.variant == 1 && q.property('ra:liquid_color') == 9" },
            { "break.orange": "q.variant == 1 && q.property('ra:liquid_color') == 10" },
            { "break.pink": "q.variant == 1 && q.property('ra:liquid_color') == 11" },
            { "break.purple": "q.variant == 1 && q.property('ra:liquid_color') == 12" },
            { "break.red": "q.variant == 1 && q.property('ra:liquid_color') == 13" },
            { "break.white": "q.variant == 1 && q.property('ra:liquid_color') == 14" },
            { "break.yellow": "q.variant == 1 && q.property('ra:liquid_color') == 15" },
            { "break.black": "q.variant == 1 && q.property('ra:liquid_color') == 16" },
            { "change_liquid_color": "q.property('ra:misc') == 'change_liquid_color'" },
            { "liquid_has_color": "q.property('ra:misc') == 'liquid_has_color'" }
          ]
        },
        "change_liquid_color": {
          "transitions": [ 
            { "break.blue": "q.variant == 1 && q.property('ra:liquid_color') == 1" },
            { "break.brown": "q.variant == 1 && q.property('ra:liquid_color') == 2" },
            { "break.cyan": "q.variant == 1 && q.property('ra:liquid_color') == 3" },
            { "break.gray": "q.variant == 1 && q.property('ra:liquid_color') == 4" },
            { "break.green": "q.variant == 1 && q.property('ra:liquid_color') == 5" },
            { "break.light_blue": "q.variant == 1 && q.property('ra:liquid_color') == 6" },
            { "break.light_gray": "q.variant == 1 && q.property('ra:liquid_color') == 7" },
            { "break.lime": "q.variant == 1 && q.property('ra:liquid_color') == 8" },
            { "break.magenta": "q.variant == 1 && q.property('ra:liquid_color') == 9" },
            { "break.orange": "q.variant == 1 && q.property('ra:liquid_color') == 10" },
            { "break.pink": "q.variant == 1 && q.property('ra:liquid_color') == 11" },
            { "break.purple": "q.variant == 1 && q.property('ra:liquid_color') == 12" },
            { "break.red": "q.variant == 1 && q.property('ra:liquid_color') == 13" },
            { "break.white": "q.variant == 1 && q.property('ra:liquid_color') == 14" },
            { "break.yellow": "q.variant == 1 && q.property('ra:liquid_color') == 15" },
            { "break.black": "q.variant == 1 && q.property('ra:liquid_color') == 16" },
            { "default": "0.25" }
          ],
          "on_entry": [
            "/playsound dig.honey_block @a[r=16] ~~0.5~ 1 1.1 0.01",
            "/playsound ra.bubble.up @a[r=16] ~~0.4~ 1 1 0.01"
          ],
          "on_exit": [ "@s ra:misc.none" ]
        },
        "liquid_has_color": {
          "transitions": [ 
            { "break.lime": "q.variant == 1 && q.property('ra:liquid_color') == 8" },
            { "default": "0.25" }
          ],
          "on_entry": [
            "/tellraw @a[r=8] {\"rawtext\":[{\"text\":\"§cJar already has this color.\"}]}"
          ],
          "on_exit": [ "@s ra:misc.none" ]
        },
        "break.blue": {
          "on_entry": [
            "/particle ra:limb_jar.break.blue",
            "/fill ~~~ ~~~ air destroy",
            "@s ra:despawn"
          ]
        },
        "break.brown": {
          "on_entry": [
            "/particle ra:limb_jar.break.brown",
            "/fill ~~~ ~~~ air destroy",
            "@s ra:despawn"
          ]
        },
        "break.cyan": {
          "on_entry": [
            "/particle ra:limb_jar.break.cyan",
            "/fill ~~~ ~~~ air destroy",
            "@s ra:despawn"
          ]
        },
        "break.gray": {
          "on_entry": [
            "/particle ra:limb_jar.break.gray",
            "/fill ~~~ ~~~ air destroy",
            "@s ra:despawn"
          ]
        },
        "break.green": {
          "on_entry": [
            "/particle ra:limb_jar.break.green",
            "/fill ~~~ ~~~ air destroy",
            "@s ra:despawn"
          ]
        },
        "break.light_blue": {
          "on_entry": [
            "/particle ra:limb_jar.break.light_blue",
            "/fill ~~~ ~~~ air destroy",
            "@s ra:despawn"
          ]
        },
        "break.light_gray": {
          "on_entry": [
            "/particle ra:limb_jar.break.light_gray",
            "/fill ~~~ ~~~ air destroy",
            "@s ra:despawn"
          ]
        },
        "break.lime": {
          "on_entry": [
            "/particle ra:limb_jar.break.lime",
            "/fill ~~~ ~~~ air destroy",
            "@s ra:despawn"
          ]
        },
        "break.magenta": {
          "on_entry": [
            "/particle ra:limb_jar.break.magenta",
            "/fill ~~~ ~~~ air destroy",
            "@s ra:despawn"
          ]
        },
        "break.orange": {
          "on_entry": [
            "/particle ra:limb_jar.break.orange",
            "/fill ~~~ ~~~ air destroy",
            "@s ra:despawn"
          ]
        },
        "break.pink": {
          "on_entry": [
            "/particle ra:limb_jar.break.pink",
            "/fill ~~~ ~~~ air destroy",
            "@s ra:despawn"
          ]
        },
        "break.purple": {
          "on_entry": [
            "/particle ra:limb_jar.break.purple",
            "/fill ~~~ ~~~ air destroy",
            "@s ra:despawn"
          ]
        },
        "break.red": {
          "on_entry": [
            "/particle ra:limb_jar.break.red",
            "/fill ~~~ ~~~ air destroy",
            "@s ra:despawn"
          ]
        },
        "break.white": {
          "on_entry": [
            "/particle ra:limb_jar.break.white",
            "/fill ~~~ ~~~ air destroy",
            "@s ra:despawn"
          ]
        },
        "break.yellow": {
          "on_entry": [
            "/particle ra:limb_jar.break.yellow",
            "/fill ~~~ ~~~ air destroy",
            "@s ra:despawn"
          ]
        },
        "break.black": {
          "on_entry": [
            "/particle ra:limb_jar.break.black",
            "/fill ~~~ ~~~ air destroy",
            "@s ra:despawn"
          ]
        }
      }
    }
  }
}