{
  "format_version": "1.10.0",
  "animation_controllers": {
    "controller.animation.target": {
      "initial_state": "default",
      "states": {
        "default": {
          "transitions": [
            { "vfx": "q.is_tamed" }
          ]
        },
        "vfx": {
          "transitions": [
            { "default": "!q.is_tamed" }
          ],
          "on_entry": [
            "/particle ra:barrel_poof ~~~",
            "/particle ra:barrel_sparks ~~~",
            "/camerashake add @a[r=5] 0.1 0.25"
          ]
        }
      }
    },
    "controller.animation.target.break": {
      "initial_state": "default",
      "states": {
        "default": {
          "transitions": [
            { "break": "q.is_baby && (q.variant == 0 || q.variant == 2)" },
            { "break_1": "q.is_baby && q.variant == 1" }
          ]
        },
        "break": {
          "on_entry": [
            "/loot spawn ^0.25^0.75^ loot \"props/target\"",
						"/playsound target.break @a[r=16] ~~~ 0.5 0.75 0.025",
						"/playsound gun.hit.tp @a[r=16] ~~~ 1 1.75 0.025",
						"/playsound block.lantern.break @a[r=16] ~~~ 0.5 1.5 0.025",
            "/particle ra:barrel_poof ~~~",
            "/camerashake add @a[r=5] 0.075 0.25",
            "@s ra:despawn"
          ]
        },
        "break_1": {
          "on_entry": [
            "/loot spawn ^0.25^0.5^-1 loot \"props/target\"",
						"/playsound target.break @a[r=16] ~~~ 0.5 0.75 0.025",
						"/playsound gun.hit.tp @a[r=16] ~~~ 1 1.75 0.025",
						"/playsound block.lantern.break @a[r=16] ~~~ 0.5 1.5 0.025",
            "/particle ra:barrel_poof_1 ^^^-1",
            "/camerashake add @a[r=5] 0.075 0.25",
            "@s ra:despawn"
          ]
        }
      }
    },
    "controller.animation.target.hit": {
      "initial_state": "default",
      "states": {
        "default": {
          "transitions": [
            { "hit": "q.variant == 1" }
          ],
          "on_exit": [
            "/fill ~12~5~12 ~-12~-10~-12 minecraft:air 0 replace minecraft:light_block",
            "/event entity @e[type=ra:bullet.projectile,r=20000,c=1] ra:impact"
          ]
        },
        "hit": {
          "transitions": [
            { "default": "q.variant == 0 || q.variant == 2" }
          ]
        }
      }
    }
  }
}