{
  "format_version": "1.10.0",
  "animation_controllers": {
    "controller.animation.weapon_display.break": {
      "initial_state": "default",
      "states": {
        "default": {
          "transitions": [
            { "idle": "q.mark_variant == 1" },
            { "place": "q.life_time > 0.01 && q.mark_variant == 0" },
            { "break": "q.is_baby || q.health <= 1" }
          ]
        },
        "place": {
          "transitions": [
            { "idle": "q.life_time > 0.01" },
            { "break": "q.is_baby || q.health <= 1" }
          ],
          "on_entry": [
            "/playsound dig.lodestone @a[r=25] ~~~ 0.5 2 0.01",
            "/playsound block.mangrove_roots.break @a[r=25] ~~~ 0.1 1.0 0.01",
            "/playsound block.mangrove_roots.break @a[r=25] ~~~ 0.15 0.75 0.01",
            "/playsound hit.chain @a[r=20] ~~~ 0.75 0.75 0.01",
            "/playsound hit.chain @a[r=20] ~~~ 0.75 1 0.01",
            "/playsound jump.chain @a[r=20] ~~~ 0.75 2.75 0.01",
            "/playsound jump.chain @a[r=20] ~~~ 0.75 1 0.01"
          ]
        },
        "idle": {
          "transitions": [
            { "break": "q.is_baby || q.health <= 1" }
          ]
        },
        "break": {
          "on_entry": [
            "/function weapon_display_loot",
            // "/loot spawn ^^0.75^ loot \"props/weapon_display/wood/oak\"",
            "/playsound dig.lodestone @a[r=25] ~~~ 0.5 2 0.01",
            "/playsound block.mangrove_roots.break @a[r=25] ~~~ 0.1 1.45 0.01",
            "/playsound block.mangrove_roots.break @a[r=25] ~~~ 0.15 0.45 0.01",
            "/playsound hit.chain @a[r=20] ~~~ 0.75 0.75 0.01",
            "/playsound hit.chain @a[r=20] ~~~ 0.75 1 0.01",
            "/playsound jump.chain @a[r=20] ~~~ 0.75 0.75 0.01",
            "/playsound jump.chain @a[r=20] ~~~ 0.75 1 0.01",
            "/particle ra:barrel_poof ~~~",
            "/camerashake add @a[r=5] 0.075 0.25",
            "@s ra:despawn"
          ]
        }
      }
    },
    "controller.animation.weapon_display.break.glowstone": {
      "initial_state": "default",
      "states": {
        "default": {
          "transitions": [
            { "idle": "q.mark_variant == 1" },
            { "place": "q.life_time > 0.01 && q.mark_variant == 0" },
            { "break": "q.is_baby || q.health <= 1" }
          ]
        },
        "place": {
          "transitions": [
            { "idle": "q.life_time > 0.01" },
            { "break": "q.is_baby || q.health <= 1" }
          ],
          "on_entry": [
            "/setblock ~~~ ra:air_light",
            "/playsound dig.lodestone @a[r=25] ~~~ 0.5 2 0.01",
            "/playsound block.mangrove_roots.break @a[r=25] ~~~ 0.1 1.0 0.01",
            "/playsound block.mangrove_roots.break @a[r=25] ~~~ 0.15 0.75 0.01",
            "/playsound hit.chain @a[r=20] ~~~ 0.75 0.75 0.01",
            "/playsound hit.chain @a[r=20] ~~~ 0.75 1 0.01",
            "/playsound jump.chain @a[r=20] ~~~ 0.75 2.75 0.01",
            "/playsound jump.chain @a[r=20] ~~~ 0.75 1 0.01"
          ]
        },
        "idle": {
          "transitions": [
            { "break": "q.is_baby || q.health <= 1" }
          ]
        },
        "break": {
          "on_entry": [
            "/loot spawn ^^0.75^ loot \"props/weapon_display/glowstone\"",
            "/setblock ~~~ air",
            "/playsound dig.lodestone @a[r=25] ~~~ 0.5 2 0.01",
            "/playsound block.mangrove_roots.break @a[r=25] ~~~ 0.1 1.45 0.01",
            "/playsound block.mangrove_roots.break @a[r=25] ~~~ 0.15 0.45 0.01",
            "/playsound random.glass @a[r=25] ~~~ 0.8 1.0 0.01",
            "/playsound random.glass @a[r=25] ~~~ 0.5 0.75 0.01",
            "/playsound hit.chain @a[r=20] ~~~ 0.75 0.75 0.01",
            "/playsound hit.chain @a[r=20] ~~~ 0.75 1 0.01",
            "/playsound jump.chain @a[r=20] ~~~ 0.75 0.75 0.01",
            "/playsound jump.chain @a[r=20] ~~~ 0.75 1 0.01",
            "/particle ra:barrel_poof ~~~",
            "/camerashake add @a[r=5] 0.075 0.25",
            "@s ra:despawn"
          ]
        }
      }
    },
    "controller.animation.weapon_display": {
      "initial_state": "default",
      "states": {
        "default": {
          "transitions": [
            { "thunder_gun": "q.skin_id == 1" },
            { "mx115": "q.skin_id == 2" },
            { "awm": "q.skin_id == 3" },
            { "ak_47": "q.skin_id == 4" },
            { "ak_47_golden": "q.skin_id == 5" },
            { "citori_725": "q.skin_id == 6" },
            { "mini_gun": "q.skin_id == 7" },
            { "m4": "q.skin_id == 8" },
            { "m79": "q.skin_id == 9" },
            { "p250": "q.skin_id == 10" },
            { "p90": "q.skin_id == 11" },
            { "remington_870": "q.skin_id == 12" },
            { "mp5": "q.skin_id == 13" },
            { "desert_eagle": "q.skin_id == 14" },
            { "desert_eagle_golden": "q.skin_id == 15" },
            { "m1_garand": "q.skin_id == 16" },
            { "mosin_nagant": "q.skin_id == 17" },
            { "mp40": "q.skin_id == 18" },
            { "mp40_golden": "q.skin_id == 19" },
            { "mp40_netherite": "q.skin_id == 20" },
            { "desert_eagle_netherite": "q.skin_id == 21" },
            { "mx115_netherite": "q.skin_id == 22" },
            { "m16a4": "q.skin_id == 23" },
            { "rpk": "q.skin_id == 24" },
            { "rpk_polymer": "q.skin_id == 25" },
            { "ak_47_polymer": "q.skin_id == 26" },
            { "ak_47_polymer_golden": "q.skin_id == 27" },
            { "sp88": "q.skin_id == 28" },
            { "ppsh_41": "q.skin_id == 29" },
            { "ppsh_41_golden": "q.skin_id == 30" },
            { "rpg": "q.skin_id == 31" },
            { "magnum": "q.skin_id == 32" },
            { "magnum_midnight": "q.skin_id == 33" },
            { "scar": "q.skin_id == 34" },
            { "scar_midnight": "q.skin_id == 35" },
            { "scar_golden": "q.skin_id == 36" }
          ]
        },

        "thunder_gun": {
          "transitions": [
            { "default": "q.skin_id != 1 || q.health <= 1" }
          ],
          "on_entry": [
            "/clear @p[r=12,c=1,tag=!just_spawned,tag=thunder_gun] ra:thunder_gun -1 1"
          ],
          "on_exit": [
            "/particle ra:weapon_display.poof ^^0.25^-0.25",
            "/loot spawn ~~0.25~ loot \"weapon_display/thunder_gun\""
          ]
        },
        "mx115": {
          "transitions": [
            { "default": "q.skin_id != 2 || q.health <= 1" }
          ],
          "on_entry": [
            "/clear @p[r=12,c=1,tag=!just_spawned,tag=mx115] ra:mx115 -1 1"
          ],
          "on_exit": [
            "/particle ra:weapon_display.poof ^^0.25^-0.25",
            "/loot spawn ~~0.25~ loot \"weapon_display/mx115\""
          ]
        },
        "awm": {
          "transitions": [
            { "default": "q.skin_id != 3 || q.health <= 1" }
          ],
          "on_entry": [
            "/clear @p[r=12,c=1,tag=!just_spawned,tag=awm] ra:awm -1 1"
          ],
          "on_exit": [
            "/particle ra:weapon_display.poof ^^0.25^-0.25",
            "/loot spawn ~~0.25~ loot \"weapon_display/awm\""
          ]
        },
        "ak_47": {
          "transitions": [
            { "default": "q.skin_id != 4 || q.health <= 1" }
          ],
          "on_entry": [
            "/clear @p[r=12,c=1,tag=!just_spawned,tag=ak_47] ra:ak_47 -1 1"
          ],
          "on_exit": [
            "/particle ra:weapon_display.poof ^^0.25^-0.25",
            "/loot spawn ~~0.25~ loot \"weapon_display/ak_47\""
          ]
        },
        "ak_47_golden": {
          "transitions": [
            { "default": "q.skin_id != 5 || q.health <= 1" }
          ],
          "on_entry": [
            "/clear @p[r=12,c=1,tag=!just_spawned,tag=ak_47_golden] ra:ak_47_golden -1 1"
          ],
          "on_exit": [
            "/particle ra:weapon_display.poof ^^0.25^-0.25",
            "/loot spawn ~~0.25~ loot \"weapon_display/ak_47_golden\""
          ]
        },
        "citori_725": {
          "transitions": [
            { "default": "q.skin_id != 6 || q.health <= 1" }
          ],
          "on_entry": [
            "/clear @p[r=12,c=1,tag=!just_spawned,tag=citori_725] ra:citori_725 -1 1"
          ],
          "on_exit": [
            "/particle ra:weapon_display.poof ^^0.25^-0.25",
            "/loot spawn ~~0.25~ loot \"weapon_display/citori_725\""
          ]
        },
        "mini_gun": {
          "transitions": [
            { "default": "q.skin_id != 7 || q.health <= 1" }
          ],
          "on_entry": [
            "/clear @p[r=12,c=1,tag=!just_spawned,tag=mini_gun] ra:mini_gun -1 1"
          ],
          "on_exit": [
            "/particle ra:weapon_display.poof ^^0.25^-0.25",
            "/loot spawn ~~0.25~ loot \"weapon_display/mini_gun\""
          ]
        },
        "m4": {
          "transitions": [
            { "default": "q.skin_id != 8 || q.health <= 1" }
          ],
          "on_entry": [
            "/clear @p[r=12,c=1,tag=!just_spawned,tag=m4] ra:m4 -1 1"
          ],
          "on_exit": [
            "/particle ra:weapon_display.poof ^^0.25^-0.25",
            "/loot spawn ~~0.25~ loot \"weapon_display/m4\""
          ]
        },
        "m79": {
          "transitions": [
            { "default": "q.skin_id != 9 || q.health <= 1" }
          ],
          "on_entry": [
            "/clear @p[r=12,c=1,tag=!just_spawned,tag=m79] ra:m79 -1 1"
          ],
          "on_exit": [
            "/particle ra:weapon_display.poof ^^0.25^-0.25",
            "/loot spawn ~~0.25~ loot \"weapon_display/m79\""
          ]
        },
        "p250": {
          "transitions": [
            { "default": "q.skin_id != 10 || q.health <= 1" }
          ],
          "on_entry": [
            "/clear @p[r=12,c=1,tag=!just_spawned,tag=p250] ra:p250 -1 1"
          ],
          "on_exit": [
            "/particle ra:weapon_display.poof ^^0.25^-0.25",
            "/loot spawn ~~0.25~ loot \"weapon_display/p250\""
          ]
        },
        "p90": {
          "transitions": [
            { "default": "q.skin_id != 11 || q.health <= 1" }
          ],
          "on_entry": [
            "/clear @p[r=12,c=1,tag=!just_spawned,tag=p90] ra:p90 -1 1"
          ],
          "on_exit": [
            "/particle ra:weapon_display.poof ^^0.25^-0.25",
            "/loot spawn ~~0.25~ loot \"weapon_display/p90\""
          ]
        },
        "remington_870": {
          "transitions": [
            { "default": "q.skin_id != 12 || q.health <= 1" }
          ],
          "on_entry": [
            "/clear @p[r=12,c=1,tag=!just_spawned,tag=remington_870] ra:remington_870 -1 1"
          ],
          "on_exit": [
            "/particle ra:weapon_display.poof ^^0.25^-0.25",
            "/loot spawn ~~0.25~ loot \"weapon_display/remington_870\""
          ]
        },
        "mp5": {
          "transitions": [
            { "default": "q.skin_id != 13 || q.health <= 1" }
          ],
          "on_entry": [
            "/clear @p[r=12,c=1,tag=!just_spawned,tag=mp5] ra:mp5 -1 1"
          ],
          "on_exit": [
            "/particle ra:weapon_display.poof ^^0.25^-0.25",
            "/loot spawn ~~0.25~ loot \"weapon_display/mp5\""
          ]
        },
        "desert_eagle": {
          "transitions": [
            { "default": "q.skin_id != 14 || q.health <= 1" }
          ],
          "on_entry": [
            "/clear @p[r=12,c=1,tag=!just_spawned,tag=desert_eagle] ra:desert_eagle -1 1"
          ],
          "on_exit": [
            "/particle ra:weapon_display.poof ^^0.25^-0.25",
            "/loot spawn ~~0.25~ loot \"weapon_display/desert_eagle\""
          ]
        },
        "desert_eagle_golden": {
          "transitions": [
            { "default": "q.skin_id != 15 || q.health <= 1" }
          ],
          "on_entry": [
            "/clear @p[r=12,c=1,tag=!just_spawned,tag=desert_eagle_golden] ra:desert_eagle_golden -1 1"
          ],
          "on_exit": [
            "/particle ra:weapon_display.poof ^^0.25^-0.25",
            "/loot spawn ~~0.25~ loot \"weapon_display/desert_eagle_golden\""
          ]
        },
        "m1_garand": {
          "transitions": [
            { "default": "q.skin_id != 16 || q.health <= 1" }
          ],
          "on_entry": [
            "/clear @p[r=12,c=1,tag=!just_spawned,tag=m1_garand] ra:m1_garand -1 1"
          ],
          "on_exit": [
            "/particle ra:weapon_display.poof ^^0.25^-0.25",
            "/loot spawn ~~0.25~ loot \"weapon_display/m1_garand\""
          ]
        },
        "mosin_nagant": {
          "transitions": [
            { "default": "q.skin_id != 17 || q.health <= 1" }
          ],
          "on_entry": [
            "/clear @p[r=12,c=1,tag=!just_spawned,tag=mosin_nagant] ra:mosin_nagant -1 1"
          ],
          "on_exit": [
            "/particle ra:weapon_display.poof ^^0.25^-0.25",
            "/loot spawn ~~0.25~ loot \"weapon_display/mosin_nagant\""
          ]
        },
        "mp40": {
          "transitions": [
            { "default": "q.skin_id != 18 || q.health <= 1" }
          ],
          "on_entry": [
            "/clear @p[r=12,c=1,tag=!just_spawned,tag=mp40] ra:mp40 -1 1"
          ],
          "on_exit": [
            "/particle ra:weapon_display.poof ^^0.25^-0.25",
            "/loot spawn ~~0.25~ loot \"weapon_display/mp40\""
          ]
        },
        "mp40_golden": {
          "transitions": [
            { "default": "q.skin_id != 19 || q.health <= 1" }
          ],
          "on_entry": [
            "/clear @p[r=12,c=1,tag=!just_spawned,tag=mp40_golden] ra:mp40_golden -1 1"
          ],
          "on_exit": [
            "/particle ra:weapon_display.poof ^^0.25^-0.25",
            "/loot spawn ~~0.25~ loot \"weapon_display/mp40_golden\""
          ]
        },
        "mp40_netherite": {
          "transitions": [
            { "default": "q.skin_id != 20 || q.health <= 1" }
          ],
          "on_entry": [
            "/clear @p[r=12,c=1,tag=!just_spawned,tag=mp40_netherite] ra:mp40_netherite -1 1"
          ],
          "on_exit": [
            "/particle ra:weapon_display.poof ^^0.25^-0.25",
            "/loot spawn ~~0.25~ loot \"weapon_display/mp40_netherite\""
          ]
        },
        "desert_eagle_netherite": {
          "transitions": [
            { "default": "q.skin_id != 21 || q.health <= 1" }
          ],
          "on_entry": [
            "/clear @p[r=12,c=1,tag=!just_spawned,tag=desert_eagle_netherite] ra:desert_eagle_netherite -1 1"
          ],
          "on_exit": [
            "/particle ra:weapon_display.poof ^^0.25^-0.25",
            "/loot spawn ~~0.25~ loot \"weapon_display/desert_eagle_netherite\""
          ]
        },
        "mx115_netherite": {
          "transitions": [
            { "default": "q.skin_id != 22 || q.health <= 1" }
          ],
          "on_entry": [
            "/clear @p[r=12,c=1,tag=!just_spawned,tag=mx115_neth] ra:mx115_netherite -1 1"
          ],
          "on_exit": [
            "/particle ra:weapon_display.poof ^^0.25^-0.25",
            "/loot spawn ~~0.25~ loot \"weapon_display/mx115_netherite\""
          ]
        },
        "m16a4": {
          "transitions": [
            { "default": "q.skin_id != 23 || q.health <= 1" }
          ],
          "on_entry": [
            "/clear @p[r=12,c=1,tag=!just_spawned,tag=m16a4] ra:m16a4 -1 1"
          ],
          "on_exit": [
            "/particle ra:weapon_display.poof ^^0.25^-0.25",
            "/loot spawn ~~0.25~ loot \"weapon_display/m16a4\""
          ]
        },
        "rpk": {
          "transitions": [
            { "default": "q.skin_id != 24 || q.health <= 1" }
          ],
          "on_entry": [
            "/clear @p[r=12,c=1,tag=!just_spawned,tag=rpk] ra:rpk -1 1"
          ],
          "on_exit": [
            "/particle ra:weapon_display.poof ^^0.25^-0.25",
            "/loot spawn ~~0.25~ loot \"weapon_display/rpk\""
          ]
        },
        "rpk_polymer": {
          "transitions": [
            { "default": "q.skin_id != 25 || q.health <= 1" }
          ],
          "on_entry": [
            "/clear @p[r=12,c=1,tag=!just_spawned,tag=rpk_p] ra:rpk -1 1"
          ],
          "on_exit": [
            "/particle ra:weapon_display.poof ^^0.25^-0.25",
            "/loot spawn ~~0.25~ loot \"weapon_display/rpk_polymer\""
          ]
        },
        "ak_47_polymer": {
          "transitions": [
            { "default": "q.skin_id != 26 || q.health <= 1" }
          ],
          "on_entry": [
            "/clear @p[r=12,c=1,tag=!just_spawned,tag=ak_47_polymer] ra:ak_47_polymer -1 1"
          ],
          "on_exit": [
            "/particle ra:weapon_display.poof ^^0.25^-0.25",
            "/loot spawn ~~0.25~ loot \"weapon_display/ak_47_polymer\""
          ]
        },
        "ak_47_polymer_golden": {
          "transitions": [
            { "default": "q.skin_id != 27 || q.health <= 1" }
          ],
          "on_entry": [
            "/clear @p[r=12,c=1,tag=!just_spawned,tag=ak_47_polymer_golden] ra:ak_47_polymer_golden -1 1"
          ],
          "on_exit": [
            "/particle ra:weapon_display.poof ^^0.25^-0.25",
            "/loot spawn ~~0.25~ loot \"weapon_display/ak_47_polymer_golden\""
          ]
        },
        "sp88": {
          "transitions": [
            { "default": "q.skin_id != 28 || q.health <= 1" }
          ],
          "on_entry": [
            "/clear @p[r=12,c=1,tag=!just_spawned,tag=sp88] ra:sp88 -1 1"
          ],
          "on_exit": [
            "/particle ra:weapon_display.poof ^^0.25^-0.25",
            "/loot spawn ~~0.25~ loot \"weapon_display/sp88\""
          ]
        },
        "ppsh_41": {
          "transitions": [
            { "default": "q.skin_id != 29 || q.health <= 1" }
          ],
          "on_entry": [
            "/clear @p[r=12,c=1,tag=!just_spawned,tag=ppsh_41] ra:ppsh_41 -1 1"
          ],
          "on_exit": [
            "/particle ra:weapon_display.poof ^^0.25^-0.25",
            "/loot spawn ~~0.25~ loot \"weapon_display/ppsh_41\""
          ]
        },
        "ppsh_41_golden": {
          "transitions": [
            { "default": "q.skin_id != 30 || q.health <= 1" }
          ],
          "on_entry": [
            "/clear @p[r=12,c=1,tag=!just_spawned,tag=ppsh_41_golden] ra:ppsh_41_golden -1 1"
          ],
          "on_exit": [
            "/particle ra:weapon_display.poof ^^0.25^-0.25",
            "/loot spawn ~~0.25~ loot \"weapon_display/ppsh_41_golden\""
          ]
        },
        "rpg": {
          "transitions": [
            { "default": "q.skin_id != 31 || q.health <= 1" }
          ],
          "on_entry": [
            "/clear @p[r=12,c=1,tag=!just_spawned,tag=rpg] ra:rpg -1 1"
          ],
          "on_exit": [
            "/particle ra:weapon_display.poof ^^0.25^-0.25",
            "/loot spawn ~~0.25~ loot \"weapon_display/rpg\""
          ]
        },
        "magnum": {
          "transitions": [
            { "default": "q.skin_id != 32 || q.health <= 1" }
          ],
          "on_entry": [
            "/clear @p[r=12,c=1,tag=!just_spawned,tag=magnum] ra:magnum -1 1"
          ],
          "on_exit": [
            "/particle ra:weapon_display.poof ^^0.25^-0.25",
            "/loot spawn ~~0.25~ loot \"weapon_display/magnum\""
          ]
        },
        "magnum_midnight": {
          "transitions": [
            { "default": "q.skin_id != 33 || q.health <= 1" }
          ],
          "on_entry": [
            "/clear @p[r=12,c=1,tag=!just_spawned,tag=magnum_midnight] ra:magnum_midnight -1 1"
          ],
          "on_exit": [
            "/particle ra:weapon_display.poof ^^0.25^-0.25",
            "/loot spawn ~~0.25~ loot \"weapon_display/magnum_midnight\""
          ]
        },
        "scar": {
          "transitions": [
            { "default": "q.skin_id != 34 || q.health <= 1" }
          ],
          "on_entry": [
            "/clear @p[r=12,c=1,tag=!just_spawned,tag=scar] ra:scar -1 1"
          ],
          "on_exit": [
            "/particle ra:weapon_display.poof ^^0.25^-0.25",
            "/loot spawn ~~0.25~ loot \"weapon_display/scar\""
          ]
        },
        "scar_midnight": {
          "transitions": [
            { "default": "q.skin_id != 35 || q.health <= 1" }
          ],
          "on_entry": [
            "/clear @p[r=12,c=1,tag=!just_spawned,tag=scar_midnight] ra:scar_midnight -1 1"
          ],
          "on_exit": [
            "/particle ra:weapon_display.poof ^^0.25^-0.25",
            "/loot spawn ~~0.25~ loot \"weapon_display/scar_midnight\""
          ]
        },
        "scar_golden": {
          "transitions": [
            { "default": "q.skin_id != 36 || q.health <= 1" }
          ],
          "on_entry": [
            "/clear @p[r=12,c=1,tag=!just_spawned,tag=scar_golden] ra:scar_golden -1 1"
          ],
          "on_exit": [
            "/particle ra:weapon_display.poof ^^0.25^-0.25",
            "/loot spawn ~~0.25~ loot \"weapon_display/scar_golden\""
          ]
        }
      }
    }
  }
}