{
	"pools": [
		{
			"rolls": 1,
			"entries": [
				{
					"type": "item",
                    "name": "ra:netherite_nugget",
					"weight": 5,
					"functions": [
						{
							"function": "set_count",
							"count": {
								"min": 1,
								"max": 1
							}
						}
					]
				},
				{
					"type": "item",
                    "name": "minecraft:gold_nugget",
					"weight": 95,
					"functions": [
						{
							"function": "set_count",
							"count": {
								"min": 1,
								"max": 1
							}
						}
					]
				}
			]
		},
		{
			"rolls": 1,
			"entries": [
				{
					"type": "item",
                    "name": "ra:netherite_nugget",
					"weight": 3,
					"functions": [
						{
							"function": "set_count",
							"count": {
								"min": 0,
								"max": 1
							}
						}
					]
				},
				{
					"type": "item",
                    "name": "minecraft:gold_nugget",
					"weight": 97,
					"functions": [
						{
							"function": "set_count",
							"count": {
								"min": 1,
								"max": 1
							}
						}
					]
				}
			]
		}
	]
}