{
	"pools": [
		{
			"rolls": 1,
			"entries": [
				{
					"type": "item",
                    "name": "minecraft:rotten_flesh",
					"weight": 80,
					"functions": [
						{
							"function": "set_count",
							"count": {
								"min": 0,
								"max": 1
							}
						}
					]
				},
				{
					"type": "item",
                    "name": "ra:copper_nugget",
					"weight": 5,
					"functions": [
						{
							"function": "set_count",
							"count": {
								"min": 0,
								"max": 1
							}
						}
					]
				},
				{
					"type": "item",
                    "name": "minecraft:iron_nugget",
					"weight": 5,
					"functions": [
						{
							"function": "set_count",
							"count": {
								"min": 0,
								"max": 1
							}
						}
					]
				},
				{
					"type": "item",
                    "name": "minecraft:bone",
					"weight": 12,
					"functions": [
						{
							"function": "set_count",
							"count": {
								"min": 0,
								"max": 1
							}
						}
					]
				}
			]
		},
		{
			"rolls": 1,
			"entries": [
				{
					"type": "item",
                    "name": "ra:raw_radium",
					"weight": 1,
					"functions": [
						{
							"function": "set_count",
							"count": {
								"min": 0,
								"max": 1
							}
						}
					]
				},
				{
					"type": "item",
                    "name": "minecraft:rotten_flesh",
					"weight": 80,
					"functions": [
						{
							"function": "set_count",
							"count": {
								"min": 1,
								"max": 1
							}
						}
					]
				},
				{
					"type": "item",
                    "name": "ra:copper_nugget",
					"weight": 12,
					"functions": [
						{
							"function": "set_count",
							"count": {
								"min": 0,
								"max": 1
							}
						}
					]
				},
				{
					"type": "item",
                    "name": "minecraft:iron_nugget",
					"weight": 12,
					"functions": [
						{
							"function": "set_count",
							"count": {
								"min": 0,
								"max": 1
							}
						}
					]
				}
			]
		}
	]
}