{
  "format_version": "1.10.0",
  "minecraft:client_entity": {
    "description": {
      "identifier": "ra:ak_47_clip",
      "materials": { "default": "spider", "fade": "entity_alphablend" },
      "textures": { 
        "default": "textures/guns/rpk/clip/0",
        "fade_0": "textures/guns/rpk/clip/1",
        "fade_1": "textures/guns/rpk/clip/2",
        "fade_2": "textures/guns/rpk/clip/3",
        "fade_3": "textures/guns/rpk/clip/4",
        "fade_4": "textures/guns/rpk/clip/5",
        "fade_5": "textures/guns/rpk/clip/6",
        "fade_6": "textures/guns/rpk/clip/7",
        "fade_7": "textures/guns/rpk/clip/8",
        "fade_8": "textures/guns/rpk/clip/9",
        "fade_9": "textures/entity/nothing"
      },
      "geometry": { "default": "geometry.ak_47_clip" },
      "scripts": {
        "should_update_bones_and_effects_offscreen": true,
        "scale": "0.2",
        "animate": [
          "rpk_clip.scale",
          "fade_timer",
          "spin", 
          { "cancel_spin": "q.is_on_ground || q.is_in_water" },
          { "float_in_water": "q.is_in_water" },
          "zombie_head.move.root"
        ]
      },
      "animations": {
        "zombie_head.move.root": "controller.animation.zombie_head.move",
        "zombie_head.move": "animation.zombie_head.move",
        "spin": "animation.m79_casing.spin",
        "cancel_spin": "animation.m79_casing.cancel_spin",
        "float_in_water": "animation.zombie_head.float_in_water",
        "fade_timer": "controller.animation.fade_timer",
        "rpk_clip.scale": "animation.rpk_clip.scale"
      },
      "render_controllers": [ 
        { "controller.render.ra_default": "!q.is_baby" },
        { "controller.render.ra_fade": "q.is_baby" }
      ]
    }
  }
}