{
  "format_version": "1.10.0",
  "minecraft:client_entity": {
    "description": {
      "identifier": "ra:desert_eagle_clip",
      "materials": { "default": "spider", "fade": "entity_alphablend" },
      "textures": { 
        "default": "textures/guns/desert_eagle/clip/0",
        "fade_0": "textures/guns/desert_eagle/clip/1",
        "fade_1": "textures/guns/desert_eagle/clip/2",
        "fade_2": "textures/guns/desert_eagle/clip/3",
        "fade_3": "textures/guns/desert_eagle/clip/4",
        "fade_4": "textures/guns/desert_eagle/clip/5",
        "fade_5": "textures/guns/desert_eagle/clip/6",
        "fade_6": "textures/guns/desert_eagle/clip/7",
        "fade_7": "textures/guns/desert_eagle/clip/8",
        "fade_8": "textures/guns/desert_eagle/clip/9",
        "fade_9": "textures/entity/nothing"
      },
      "geometry": { "default": "geometry.desert_eagle_clip" },
      "scripts": {
        "should_update_bones_and_effects_offscreen": true,
        "scale": "0.165",
        "animate": [
          { "no_bullets": "q.skin_id == 0" },
          "fade_timer",
          "root"
        ]
      },
      "animations": {
        "zombie_head.move.root": "controller.animation.zombie_head.move",
        "root": "controller.animation.desert_eagle_clip",
        "zombie_head.move": "animation.zombie_head.move",
        "spin": "animation.m79_casing.spin",
        "upright": "animation.clip.upright",
        "no_bullets": "animation.m79_casing.no_bullets",
        "cancel_spin": "animation.m79_casing.cancel_spin",
        "float_in_water": "animation.zombie_head.float_in_water",
        "fade_timer": "controller.animation.fade_timer"
      },
      "render_controllers": [ 
        { "controller.render.ra_default": "!q.is_baby" },
        { "controller.render.ra_fade": "q.is_baby" }
      ]
    }
  }
}