{
  "format_version": "1.8.0",
  "minecraft:spawn_rules": {
    "description": {
      "identifier": "ra:zombie",
      "population_control": "monster"
    },
    "conditions": [
      {
        "minecraft:distance_filter": {
          "min": 24,
          "max": 64
        },
        "minecraft:density_limit": {"surface": 0, "underground": 0},
        "minecraft:spawns_on_surface": {},
        "minecraft:spawns_underground": {},
        "minecraft:brightness_filter": {
          "min": 0,
          "max": 0,
          "adjust_for_weather": true
        },
        "minecraft:difficulty_filter": {
          "min": "easy",
          "max": "hard"
        },
        "minecraft:weight": {
          "default": 0
        },
        "minecraft:herd": {
          "min_size": 0,
          "max_size": 0
        },
        "minecraft:biome_filter": {
          "test": "has_biome_tag", "operator": "==", "value": "monster"
        }
      }
    ]
  }
}