{
	"format_version": "1.19.80",
  "minecraft:block": {
    "description": {
      "identifier": "ra:radium_block_orange",
      "is_experimental": false,
			"menu_category": {
				"category": "construction",
				"group": "itemGroup.name.element"
			}
    },
    "components": {
      "minecraft:map_color": "#cf7244",
			"minecraft:destructible_by_mining": { "seconds_to_destroy": 0.75 },
			"minecraft:destructible_by_explosion": { "explosion_resistance": 80 },
			"minecraft:flammable": {
				"destroy_chance_modifier": 0,
				"catch_chance_modifier": 0
			},
      "minecraft:light_emission": 15,
      "minecraft:light_dampening": 15
    }
  }
}