{
    "format_version": "1.12",
    "minecraft:recipe_shaped": {
      "description": {
      "identifier": "ra:gold_desert_eagle"
      },
      "tags": [ "crafting_table" ],
      "pattern": [
        "XxX",
        "xAx",
        "XxX"
      ],
      "key": {
        "A": {
          "item": "ra:desert_eagle"
        },
        "X": {
          "item": "minecraft:gold_ingot"
        },
        "x": {
          "item": "minecraft:gold_block"
        }
      },
      "result": {
        "item": "ra:desert_eagle_golden"
      }
    }
  }
  