{
    "format_version": "1.12",
    "minecraft:recipe_shaped": {
      "description": {
      "identifier": "ra:stand"
      },
      "tags": [ "crafting_table" ],
      "pattern": [
        "KXK",
        "L L",
        "   "
      ],
      "key": {
        "K": {
          "item": "minecraft:iron_nugget"
        },
        "X": {
          "item": "minecraft:wooden_slab"
        },
        "L": {
          "item": "minecraft:stick"
        }
      },
      "result": {
        "item": "ra:stand"
      }
    }
  }
  