{
    "format_version": "1.12",
    "minecraft:recipe_shaped": {
      "description": {
      "identifier": "ra:shotgun_shell_12_gage_copper_gold"
      },
      "tags": [ "crafting_table" ],
      "pattern": [
        "xX ",
        "Xx ",
        "AA "
      ],
      "key": {
        "A": { "item": "ra:bullet_powder" },
        "X": { "item": "ra:copper_nugget" },
        "x": { "item": "minecraft:gold_nugget" }
      },
      "result": {
        "item": "ra:shotgun_shell_12_gage",
        "count": 4
      }
    }
  }
  