{
  "format_version": "1.10.0",
  "animation_controllers": {
    "controller.animation.ak_47_polymer.remove_first_user": {
      "initial_state": "no_weapon",
      "states": {
        "no_weapon": {
          "transitions": [
            { "has_weapon": "q.is_item_name_any('slot.weapon.mainhand', 0, 'ra:ak_47_polymer') && !q.is_stackable && !q.is_sleeping && q.is_alive && !q.is_swimming" }
          ]
        },
        "has_weapon": {
          "on_entry": [
            "/scoreboard objectives add ak_47_polymer_ammo_count dummy ak_47_polymer_ammo_count",
            "/scoreboard players set @s ak_47_polymer_ammo_count 30",
            "v.ak_47_polymer_ammo_count = 30;"
          ]
        }
      }
    },
    "controller.animation.ak_47_polymer": {
      "initial_state": "default",
      "states": {
        "default": {
          "transitions": [
            { "pre_draw": "q.is_item_name_any('slot.weapon.mainhand', 0, 'ra:ak_47_polymer') && !q.is_stackable && !q.is_sleeping && !q.is_swimming" }
          ],
          "on_entry": [
            "@s ra:remove_has_ak_47_polymer_ammo",
            "/playsound gun_unholster  @s ~~~ 0.7 1 0.1",
            "/playsound gun_unholster.tp @a[r=12,rm=0.25] ~~~ 0.6 1 0.0075",
            "/stopsound @s ak_47_polymer_pullback",
            "/tag @s remove from_ads",
            "/tag @s remove ak_47_polymer",
            "@s ra:attack_value_1",
            "@s ra:clear_id",
            "/title @s title ra_hud.leave_ads"
           ],
          "on_exit": [
            "/playsound gun_holster @s ~~~ 0.8 1 0.1",
            "/playsound gun_holster.tp @a[r=12,rm=0.25] ~~~ 0.75 1 0.0075",
            "@s ra:attack_value_0",
            "/title @s title ra_hud.enter_ads"
          ]
        },
        "pre_draw": {
          "animations": [
            { "ak_47_polymer.check_ammo": "t.i = 0; loop(27, {(q.is_item_name_any('slot.inventory', t.i, 'ra:ak47_clip') || q.is_item_name_any('slot.hotbar', t.i, 'ra:ak47_clip')) ? {return true;}; t.i = t.i+1;});" }
          ],
          "transitions": [
            { "default": "!q.is_item_name_any('slot.weapon.mainhand', 0, 'ra:ak_47_polymer') || q.is_stackable || q.is_sleeping || q.health <= 0 || q.is_swimming" },
            { "draw": "q.is_item_name_any('slot.weapon.mainhand', 0, 'ra:ak_47_polymer') && !q.is_stackable && !q.is_sleeping" }
          ],
          "on_entry": [
            "v.ak_47_polymer_time = q.life_time;",
            "v.has_ak_47_polymer_ammo = q.variant == 1019;",
            "/title @s title ra_hud.enter_ads",
            "@s ra:attack_value_0"
           ]
        },

        "draw": {
          "animations": [
            "ak_47.draw",
            { "ak_47_polymer.check_ammo": "t.i = 0; loop(27, {(q.is_item_name_any('slot.inventory', t.i, 'ra:ak47_clip') || q.is_item_name_any('slot.hotbar', t.i, 'ra:ak47_clip')) ? {return true;}; t.i = t.i+1;});" }
          ],
          "transitions": [ 
            { "default": "!q.is_item_name_any('slot.weapon.mainhand', 0, 'ra:ak_47_polymer') || q.is_stackable || q.is_sleeping || q.health <= 0 || q.is_swimming" } ,
            { "reload": "(q.life_time - v.ak_47_polymer_time) >= 0.7 && v.ak_47_polymer_ammo_count <= 0 && v.has_ak_47_polymer_ammo" },
            { "ads": "q.is_sneaking && (q.life_time - v.ak_47_polymer_time) >= 0.75" },
            { "pre_hipfire": "q.is_using_item && (q.life_time - v.ak_47_polymer_time) >= 0.75" },
            { "hold": "(q.life_time - v.ak_47_polymer_time) >= 0.75" }
          ],
          "on_entry": [ 
            "v.ak_47_polymer_time = q.life_time;",
            "v.has_ak_47_polymer_ammo = q.variant == 1019;",
            "v.random_ak = math.random_integer(1, 2);",
            "@s ra:remove_has_ak_47_polymer_ammo",
            "/title @s title ra_hud.enter_ads",
            "/tag @s add ak_47_polymer",
            "@s ra:attack_value_0"
           ]
        },

        "hold": {
          "animations": [
            { "ak_47_polymer.check_ammo": "t.i = 0; loop(27, {(q.is_item_name_any('slot.inventory', t.i, 'ra:ak47_clip') || q.is_item_name_any('slot.hotbar', t.i, 'ra:ak47_clip')) ? {return true;}; t.i = t.i+1;});" }
          ],
          "transitions": [ 
            { "default": "!q.is_item_name_any('slot.weapon.mainhand', 0, 'ra:ak_47_polymer') || q.is_stackable || q.is_sleeping || q.health <= 0 || q.is_swimming" },
            { "sprint": "q.is_sprinting && (q.life_time - v.ak_47_polymer_time) >= 0.2" },
            { "ads": "q.is_sneaking" },
            { "pre_hipfire": "q.is_using_item" },
            { "reload_empty.flick": "v.random_ak == 2 && ((q.life_time - v.ak_47_polymer_time) >= 0.15 && v.ak_47_polymer_ammo_count <= 0 && v.has_ak_47_polymer_ammo)" },
            { "reload_empty": "((q.life_time - v.ak_47_polymer_time) >= 0.15 && v.ak_47_polymer_ammo_count <= 0 && v.has_ak_47_polymer_ammo)" },
            { "reload": "v.attack_time >= 0.12 && v.ak_47_polymer_ammo_count < 30 && v.has_ak_47_polymer_ammo" },
            { "inspect": "(v.attack_time >= 0.12 && !q.is_sprinting && !q.is_sleeping && (q.life_time - v.ak_47_polymer_time) >= 0.15 && (v.ak_47_polymer_ammo_count >= 30 || v.ak_47_polymer_ammo_count <= 0 || (v.ak_47_polymer_ammo_count >= 0 && !v.has_ak_47_polymer_ammo))) || ((q.life_time - v.ak_47_polymer_time) >= 25)" }
          ],
          "on_entry": [
            "v.ak_47_polymer_time = q.life_time;",
            "v.has_ak_47_polymer_ammo = q.variant == 1019;",
            "v.random_ak = math.random_integer(1, 2);",
            "/effect @s[tag=from_ads] slowness 0 0",
            "/playsound gun_unholster @s[tag=from_ads] ~~~ 0.4 1.4 0.1",
            "/tag @s remove from_ads",
            "@s ra:shell_type.none",
            "@s ra:anim_trigger_1.none",
            "@s ra:anim_trigger.none",
            "@s ra:remove_reloading",
            "@s ra:remove_has_ak_47_polymer_ammo",
            "/tag @s add ak_47_polymer",
            "/title @s title ra_hud.enter_ads",
            "@s ra:attack_value_0"
           ]
        },

        "inspect": {
          "animations": [
            "m16a4.inspect",
            { "ak_47_polymer.check_ammo": "t.i = 0; loop(27, {(q.is_item_name_any('slot.inventory', t.i, 'ra:ak47_clip') || q.is_item_name_any('slot.hotbar', t.i, 'ra:ak47_clip')) ? {return true;}; t.i = t.i+1;});" }
          ],
          "transitions": [ 
            { "default": "!q.is_item_name_any('slot.weapon.mainhand', 0, 'ra:ak_47_polymer') || q.is_stackable || q.is_sleeping || q.health <= 0 || q.is_swimming" },
            { "ads": "q.is_sneaking" },
            { "pre_hipfire": "q.is_using_item" },
            { "reload_empty": "((q.life_time - v.ak_47_polymer_time) >= 0.15 && v.ak_47_polymer_ammo_count <= 0 && v.has_ak_47_polymer_ammo)" },
            { "reload": "v.attack_time >= 0.12 &&  v.ak_47_polymer_ammo_count < 30 && v.has_ak_47_polymer_ammo" },
            { "hold": "(!q.is_sneaking && !q.is_using_item && (q.life_time - v.ak_47_polymer_time) > 4.55) || q.is_sprinting" }
          ],
          "on_entry": [ 
            "v.ak_47_polymer_time = q.life_time;",
            "v.has_ak_47_polymer_ammo = q.variant == 1019;",
            "v.random_ak = math.random_integer(1, 2);",
            "@s ra:inspect.1",
            "/title @s title ra_hud.enter_ads"
           ],
           "on_exit": [
            "@s ra:inspect.0"
          ]
        },

        "sprint": {
          "animations": [
            { "ak_47_polymer.check_ammo": "t.i = 0; loop(27, {(q.is_item_name_any('slot.inventory', t.i, 'ra:ak47_clip') || q.is_item_name_any('slot.hotbar', t.i, 'ra:ak47_clip')) ? {return true;}; t.i = t.i+1;});" }
          ],
          "transitions": [ 
            { "default": "!q.is_item_name_any('slot.weapon.mainhand', 0, 'ra:ak_47_polymer') || q.is_stackable || q.is_sleeping || q.health <= 0 || q.is_swimming" },
            { "ads": "q.is_sneaking" },
            { "pre_hipfire": "q.is_using_item" },
            { "reload_empty": "((q.life_time - v.ak_47_polymer_time) >= 0.15 && v.ak_47_polymer_ammo_count <= 0 && v.has_ak_47_polymer_ammo)" },
            { "reload": "v.attack_time >= 0.12 &&  v.ak_47_polymer_ammo_count < 30 && v.has_ak_47_polymer_ammo" },
            { "hold": "!q.is_sprinting" }
          ],
          "on_entry": [ 
            "v.ak_47_polymer_time = q.life_time;",
            "v.random_ak = math.random_integer(1, 2);",
            "v.has_ak_47_polymer_ammo = q.variant == 1019;",
            "@s ra:shell_type.none",
            "@s ra:remove_has_ak_47_polymer_ammo"
           ],
           "on_exit": ["v.ak_47_polymer_time = q.life_time;"]
        },

        "reload_empty": {
          "animations": [
            "ak_47_polymer.reload.empty"
          ],
          "transitions": [ 
            { "default": "!q.is_item_name_any('slot.weapon.mainhand', 0, 'ra:ak_47_polymer') || q.is_stackable || q.is_sleeping || q.health <= 0 || q.is_swimming" },
            { "hold": "(q.life_time - v.ak_47_polymer_time) >= 3.2" },
            { "ads": "(q.life_time - v.ak_47_polymer_time) >= 2.9 && q.is_sneaking" },
            { "pre_hipfire": "(q.life_time - v.ak_47_polymer_time) >= 3.075 && q.is_using_item" }
          ],
          "on_entry": [ 
            "v.ak_47_polymer_time = q.life_time;",
            "v.random_ak = math.random_integer(1, 2);",
            "v.has_ak_47_polymer_ammo = q.variant == 1019;",
            "/tag @s remove from_ads",
            "/tag @s add from_rel",
            "@s ra:reloading_empty.1",
            "@s ra:remove_has_ak_47_polymer_ammo",
            "/playsound gun_holster @s ~~~ 0.8 1 0.1",
            "/playsound gun_holster.tp @a[r=12,rm=0.25] ~~~ 0.75 1 0.0075",
            "/title @s title ra_hud.enter_ads"
           ],
           "on_exit": [
            "@s ra:reloading_empty.0"
          ]
        },
        "reload_empty.flick": {
          "animations": [
            "ak_47_polymer.reload.empty_flick"
          ],
          "transitions": [ 
            { "default": "!q.is_item_name_any('slot.weapon.mainhand', 0, 'ra:ak_47_polymer') || q.is_stackable || q.is_sleeping || q.health <= 0 || q.is_swimming" },
            { "hold": "(q.life_time - v.ak_47_polymer_time) >= 3.1" },
            { "ads": "(q.life_time - v.ak_47_polymer_time) >= 2.7575 && q.is_sneaking" },
            { "pre_hipfire": "(q.life_time - v.ak_47_polymer_time) >= 3.0 && q.is_using_item" }
          ],
          "on_entry": [ 
            "v.ak_47_polymer_time = q.life_time;",
            "v.random_ak = math.random_integer(1, 2);",
            "v.has_ak_47_polymer_ammo = q.variant == 1019;",
            "/tag @s remove from_ads",
            "/tag @s add from_rel",
            "@s ra:anim_trigger_1.reload_empty",
            "@s ra:remove_has_ak_47_polymer_ammo",
            "/playsound gun_holster @s ~~~ 0.8 1 0.1",
            "/playsound gun_holster.tp @a[r=12,rm=0.25] ~~~ 0.75 1 0.0075",
            "/title @s title ra_hud.enter_ads"
           ],
           "on_exit": [
            "@s ra:anim_trigger_1.none"
          ]
        },

        "reload": {
          "animations": [
            "ak_47_polymer.reload"
          ],
          "transitions": [ 
            { "default": "!q.is_item_name_any('slot.weapon.mainhand', 0, 'ra:ak_47_polymer') || q.is_stackable || q.is_sleeping || q.health <= 0 || q.is_swimming" },
            { "hold": "(q.life_time - v.ak_47_polymer_time) >= 2.125" },
            { "ads": "(q.life_time - v.ak_47_polymer_time) >= 2 && q.is_sneaking" },
            { "pre_hipfire": "(q.life_time - v.ak_47_polymer_time) >= 2 && q.is_using_item" }
          ],
          "on_entry": [ 
            "v.ak_47_polymer_time = q.life_time;",
            "v.random_ak = math.random_integer(1, 2);",
            "v.has_ak_47_polymer_ammo = q.variant == 1019;",
            "/tag @s remove from_ads",
            "@s ra:reloading",
            "@s ra:remove_has_ak_47_polymer_ammo",
            "/playsound gun_holster @s ~~~ 0.8 1 0.1",
            "/playsound gun_holster.tp @a[r=12,rm=0.25] ~~~ 0.75 1 0.0075",
            "/title @s title ra_hud.enter_ads"
           ],
           "on_exit": [
            "@s ra:remove_reloading"
          ]
        },
        
        "ads": {
          "animations": [
            { "ak_47_polymer.check_ammo": "t.i = 0; loop(27, {(q.is_item_name_any('slot.inventory', t.i, 'ra:ak47_clip') || q.is_item_name_any('slot.hotbar', t.i, 'ra:ak47_clip')) ? {return true;}; t.i = t.i+1;});" },
            { "ak_47_polymer.out_of_ammo": "q.is_using_item && v.ak_47_polymer_ammo_count <= 0 && (q.life_time - v.ak_47_polymer_time) >= 0.1" }
          ],
          "transitions": [  
            { "default": "!q.is_item_name_any('slot.weapon.mainhand', 0, 'ra:ak_47_polymer') || q.is_stackable || q.is_sleeping || q.health <= 0 || q.is_swimming" },
            { "reload_empty.flick": "(!q.is_sneaking && v.ak_47_polymer_ammo_count <= 0 && v.has_ak_47_polymer_ammo) || (v.attack_time > 0.5 && v.ak_47_polymer_ammo_count <= 0 && v.has_ak_47_polymer_ammo)" },
            { "reload_empty": "(!q.is_sneaking && v.ak_47_polymer_ammo_count <= 0 && v.has_ak_47_polymer_ammo) || (v.attack_time > 0.5 && v.ak_47_polymer_ammo_count <= 0 && v.has_ak_47_polymer_ammo)" },
            { "reload": "v.attack_time > 0.5 && v.ak_47_polymer_ammo_count < 30 && v.has_ak_47_polymer_ammo" },
            { "hold": "!q.is_sneaking" },
            { "shoot_ads": "q.is_sneaking && q.is_using_item && (q.life_time - v.ak_47_polymer_time) >= 0.125 && v.ak_47_polymer_ammo_count > 0" },
            { "hipfire": "q.is_using_item && !q.is_sneaking" }
          ],
          "on_entry": [ 
            "v.ak_47_polymer_time = q.life_time;",
            "v.has_ak_47_polymer_ammo = q.variant == 1019;",
            "v.random_ak = math.random_integer(1, 2);",
            "@s ra:remove_has_ak_47_polymer_ammo",
            "/playsound cloth_high @s[tag=!from_ads] ~~~ 0.75 1.15 1",
            "/playsound cloth_high.tp @a[tag=!from_ads,r=12,rm=0.25] ~~~ 0.5 1.15 0.0075",
            "/event entity @s[tag=acog_n] ra:anim_trigger_1.ads",
            "/effect @s[tag=!acog,tag=!red_dot] slowness 99999 1 true",
            "/effect @s[tag=red_dot] slowness 99999 1 true",
            "/effect @s[tag=acog] slowness 99999 5 true",
            "/playsound gun_ads @s[tag=acog] ~~~ 0.5 1 0.1",
            "/tag @s add from_ads",
            "/title @s title ra_hud.enter_ads"
           ],
           "on_exit": [ 
             "/playsound gun_unholster @s ~~~ 0.5 1.4 0.1",
             "/effect @s slowness 0 0"
            ]
        },
        
        "shoot_ads": {
          "animations": [
            { "ak_47_polymer.check_ammo": "t.i = 0; loop(27, {(q.is_item_name_any('slot.inventory', t.i, 'ra:ak47_clip') || q.is_item_name_any('slot.hotbar', t.i, 'ra:ak47_clip')) ? {return true;}; t.i = t.i+1;});" },
            "ak_47_polymer.shoot",
            { "gun.clear_light_flash": "q.is_using_item && v.ak_47_polymer_ammo_count <= 0" }
            // { "ak_47_polymer.out_of_ammo": "q.is_using_item && v.ak_47_polymer_ammo_count <= 0" }
          ],
          "transitions": [  
            { "default": "!q.is_item_name_any('slot.weapon.mainhand', 0, 'ra:ak_47_polymer') || q.is_stackable || q.is_sleeping || q.health <= 0 || q.is_swimming" },
            { "ads": "(!q.is_using_item && (q.life_time - v.ak_47_polymer_time) >= 0.08) || (v.ak_47_polymer_ammo_count <= 0)" },
            { "hipfire": "q.is_using_item && !q.is_sneaking" } 
          ],
          "on_entry": [ 
            "v.ak_47_polymer_time = q.life_time;",
            "v.has_ak_47_polymer_ammo = q.variant == 1019;",
            "v.random_ak = math.random_integer(1, 2);",
            "@s ra:anim_trigger.shoot",
            "@s ra:remove_has_ak_47_polymer_ammo",
            "/effect @s[tag=!acog,tag=!red_dot] slowness 99999 1 true",
            "/effect @s[tag=red_dot] slowness 99999 1 true",
            "/effect @s[tag=acog] slowness 99999 5 true",
            "/title @s title ra_hud.enter_ads"
          ],
          "on_exit": [  
            "v.ak_47_polymer_time = q.life_time;",
            "@s ra:anim_trigger.none",
            "/fill ~5~5~5 ~-5~-5~-5 minecraft:air [] replace minecraft:light_block",
            "/fill ~5~5~5 ~-5~~-5 minecraft:air [] replace minecraft:light_block",
            "/playsound casing @a[r=12] ~~~ 0.85 1 0.01",
            "/effect @s slowness 0 0",
            "/camerashake stop @s"
          ]
        },
        
        "pre_hipfire": {
          "animations": [
            { "ak_47_polymer.check_ammo": "t.i = 0; loop(27, {(q.is_item_name_any('slot.inventory', t.i, 'ra:ak47_clip') || q.is_item_name_any('slot.hotbar', t.i, 'ra:ak47_clip')) ? {return true;}; t.i = t.i+1;});" },
            { "ak_47_polymer.out_of_ammo": "q.is_using_item && v.ak_47_polymer_ammo_count <= 0 && (q.life_time - v.ak_47_polymer_time) >= 0.1" }
          ],
          "transitions": [  
            { "default": "!q.is_item_name_any('slot.weapon.mainhand', 0, 'ra:ak_47_polymer') || q.is_stackable || q.is_sleeping || q.health <= 0 || q.is_swimming" },
            { "reload_empty.flick": "(!q.is_using_item && v.ak_47_polymer_ammo_count <= 0 && v.has_ak_47_polymer_ammo) || (v.attack_time > 0.5 && v.ak_47_polymer_ammo_count <= 0 && v.has_ak_47_polymer_ammo)" },
            { "reload_empty": "(!q.is_using_item && v.ak_47_polymer_ammo_count <= 0 && v.has_ak_47_polymer_ammo) || (v.attack_time > 0.5 && v.ak_47_polymer_ammo_count <= 0 && v.has_ak_47_polymer_ammo)" },
            { "reload": "v.attack_time > 0.5 && v.ak_47_polymer_ammo_count < 30 && v.has_ak_47_polymer_ammo" },
            { "ads": "!q.is_using_item && v.ak_47_polymer_ammo_count >= 1 && q.is_sneaking" },
            { "hold": "!q.is_using_item && (q.life_time - v.ak_47_polymer_time) >= 0.8" },
            { "shoot_ads": "q.is_sneaking && v.ak_47_polymer_ammo_count > 0 && q.is_using_item && (q.life_time - v.ak_47_polymer_time) >= 0.115" },
            { "hipfire": "q.is_using_item && v.ak_47_polymer_ammo_count > 0 && (q.life_time - v.ak_47_polymer_time) >= 0.165" }
          ],
          "on_entry": [ 
            "v.ak_47_polymer_time = q.life_time;",
            "v.has_ak_47_polymer_ammo = q.variant == 1019;",
            "v.random_ak = math.random_integer(1, 2);",
            "/tag @s remove from_ads",
            "@s ra:remove_has_ak_47_polymer_ammo",
            "/title @s title ra_hud.enter_ads"
          ]
        },
        
        "hipfire": {
          "animations": [
            { "ak_47_polymer.check_ammo": "t.i = 0; loop(27, {(q.is_item_name_any('slot.inventory', t.i, 'ra:ak47_clip') || q.is_item_name_any('slot.hotbar', t.i, 'ra:ak47_clip')) ? {return true;}; t.i = t.i+1;});" },
            "ak_47_polymer.hipfire_shoot",
            { "gun.clear_light_flash": "q.is_using_item && v.ak_47_polymer_ammo_count <= 0" }
            // { "ak_47_polymer.out_of_ammo": "q.is_using_item && v.ak_47_polymer_ammo_count <= 0" }
          ],
          "transitions": [  
            { "default": "!q.is_item_name_any('slot.weapon.mainhand', 0, 'ra:ak_47_polymer') || q.is_stackable || q.is_sleeping || q.health <= 0 || q.is_swimming" } ,
            { "pre_hipfire": "(!q.is_using_item && (q.life_time - v.ak_47_polymer_time) >= 0.08) || (v.ak_47_polymer_ammo_count <= 0)" },
            { "shoot_ads": "q.is_sneaking && q.is_using_item && v.ak_47_polymer_ammo_count > 0" },
            { "ads": "!q.is_using_item && q.is_sneaking && (q.life_time - v.ak_47_polymer_time) >= 0.12" },
            { "reload_empty.flick": "(!q.is_using_item && v.ak_47_polymer_ammo_count <= 0 && v.has_ak_47_polymer_ammo) || (v.attack_time > 0.5 && v.ak_47_polymer_ammo_count <= 0 && v.has_ak_47_polymer_ammo)" },
            { "reload_empty": "(!q.is_using_item && v.ak_47_polymer_ammo_count <= 0 && v.has_ak_47_polymer_ammo) || (v.attack_time > 0.5 && v.ak_47_polymer_ammo_count <= 0 && v.has_ak_47_polymer_ammo)" },
            { "reload": "v.attack_time > 0.5 && v.ak_47_polymer_ammo_count < 30 && v.has_ak_47_polymer_ammo" }
          ],
          "on_entry": [ 
            "v.ak_47_polymer_time = q.life_time;",
            "v.has_ak_47_polymer_ammo = q.variant == 1019;",
            "v.random_ak = math.random_integer(1, 2);",
            "/tag @s remove from_ads",
            "@s ra:anim_trigger.shoot",
            "@s ra:remove_has_ak_47_polymer_ammo",
            "/title @s title ra_hud.enter_ads"
           ],
          "on_exit": [ 
            "@s ra:anim_trigger.none",
            "/fill ~5~5~5 ~-5~-5~-5 minecraft:air [] replace minecraft:light_block",
            "/fill ~5~5~5 ~-5~~-5 minecraft:air [] replace minecraft:light_block",
            "/playsound casing @a[r=12] ~~~ 0.85 1 0.01",
            "/effect @s slowness 0 0",
            "/camerashake stop @s"
          ]
        }
      }
    },
    "controller.animation.ak_47_polymer.ammo_full": {
      "initial_state": "default",
      "states": {
        "default": {
          "transitions": [ 
            { "activate": "q.is_item_name_any('slot.weapon.mainhand', 0, 'ra:ak_47_polymer') && !q.is_stackable && !q.is_sleeping && v.ak_47_polymer_ammo_count <= 30" }
          ]
        },
        "activate": {
          "transitions": [ 
            { "default": "!q.is_item_name_any('slot.weapon.mainhand', 0, 'ra:ak_47_polymer') || q.is_stackable || q.is_sleeping || q.health <= 0 || q.is_swimming || v.ak_47_polymer_ammo_count > 30" }
          ],
          "on_entry": ["@s ra:ak_47_polymer_ammo_full"],
          "on_exit": ["@s ra:remove_ak_47_polymer_ammo_full"]
        }
      }
    },
    "controller.animation.ak_47_polymer.ammo_display": {
      "initial_state": "default",
      "states": {
        "default": {
          "transitions": [ 
            { "activate": "q.is_item_name_any('slot.weapon.mainhand', 0, 'ra:ak_47_polymer') && !q.is_stackable && !q.is_sleeping" }
          ]
        },
        "activate": {
          "animations": [
            "ak_47_polymer.ammo_display"
          ],
          "transitions": [ 
            { "default": "!q.is_item_name_any('slot.weapon.mainhand', 0, 'ra:ak_47_polymer') || q.is_stackable || q.is_sleeping || q.health <= 0 || q.is_swimming" }
          ]
        }
      }
    },
		"controller.animation.ak_47_polymer_clip": {
			"initial_state": "default",
			"states": {
				"default": {
					"transitions": [
						{ "hurt": "q.variant == 1" },
						{ "air_hit": "!q.is_on_ground" },
						{ "drag": "q.is_on_ground && q.modified_move_speed > 0.1" }
					],
					"on_entry": [ "v.ak_time = q.life_time;" ]
				},
				"drag": {
					"transitions": [
						{ "hurt": "q.variant == 1" },
						{ "default": "q.variant == 0 || (q.is_on_ground && q.modified_move_speed < 0.1)" }
					],
					"on_entry": [
						"/playsound random.fizz @a[r=25] ~~~ 0.025 1.5 0.025",
						"/playsound grenade_ting @a[r=25] ~~~ 0.05 1.35 0.025",
						"/playsound shotgun_shell.ting @a[r=25] ~~~ 0.05 1.5 0.025",
						"/playsound gun.hit.tp @a[r=25] ~~~ 0.2 1.75 0.025"
					]
				},
				"hurt": {
					"transitions": [
						{ "default": "q.variant == 0 || (q.life_time - v.ak_time) >= 0.25" }
					],
					"on_entry": [
            "v.ak_time = q.life_time;",
						"/playsound block.lantern.break @a[r=25] ~~~ 0.05 1.5 0.025",
						"/playsound grenade_ting @a[r=25] ~~~ 0.035 1.1 0.025",
						"/playsound shotgun_shell.ting @a[r=25] ~~~ 0.1 1.0 0.025",
						"/playsound gun.hit.tp @a[r=25] ~~~ 0.9 1.25 0.025"
					],
					"on_exit": [
            "v.ak_time = q.life_time;",
            "@s ra:default"
					]
				},
				"air_hit": {
					"transitions": [
						{ "default": "q.is_on_ground" }
					],
					"on_exit": [
						"/playsound grenade_ting @a[r=25] ~~~ 0.035 1 0.025",
						"/playsound block.lantern.break @a[r=25] ~~~ 0.05 0.75 0.025",
						"/playsound shotgun_shell.ting @a[r=25] ~~~ 0.1 1.0 0.025",
						"/playsound gun.hit.tp @a[r=25] ~~~ 0.9 1.5 0.025"
					]
				}
			}
		}
  }
}