{
  "format_version": "1.10.0",
  "animation_controllers": {
    "controller.animation.awm": {
      "initial_state": "default",
      "states": {
        "default": {
          "transitions": [
            { "draw": "q.is_item_name_any('slot.weapon.mainhand', 0, 'ra:awm') && !q.is_stackable && !q.is_sleeping && q.is_alive && !q.is_swimming" }
          ],
          "on_entry": [
            "/playsound gun_unholster  @s ~~~ 0.7 1 0.1",
            "/playsound gun_unholster.tp @a[r=12,rm=0.25] ~~~ 0.6 1 0.0075",
            "/camera @s clear",
            "@s ra:remove_pre_hipfire",
            "@s ra:remove_awm.ads",
            "@s ra:anim_trigger.none",
            "/tag @s remove awm",
            "/tag @s remove awm_shoot",
            "@s ra:attack_value_1",
            "@s ra:clear_id",
            "/title @s title ra_hud.leave_ads"
           ],
          "on_exit": [ 
            "@s ra:items.5",
            "v.has_awm_ammo = q.variant == 1003;",
            "/playsound gun_holster @s ~~~ 0.8 1 0.1",
            "/playsound gun_holster.tp @a[r=12,rm=0.25] ~~~ 0.75 1 0.0075",
            "@s ra:attack_value_0",
            "/title @s title ra_hud.enter_ads"
          ]
        },

        "draw": {
          "animations": [
            "awm.draw",
            "hide_curser",
            { "awm.check_ammo": "t.i = 0; loop(27, {(q.is_item_name_any('slot.inventory', t.i, 'ra:awm_clip') || q.is_item_name_any('slot.hotbar', t.i, 'ra:awm_clip')) ? {return true;}; t.i = t.i+1;});" }
          ],
          "transitions": [ 
            { "default": "!q.is_item_name_any('slot.weapon.mainhand', 0, 'ra:awm') || q.is_stackable || q.is_sleeping || q.health <= 0 || q.is_swimming" },
            { "reload_empty": "(q.life_time - v.awm_time) >= 0.75 && v.awm_ammo_count <= 0 && v.has_awm_ammo" },
            { "ads": "q.is_sneaking && (q.life_time - v.awm_time) >= 1.5" },
            { "pre_hipfire": "q.is_using_item && (q.life_time - v.awm_time) >= 1.5" },
            { "hold": "(q.life_time - v.awm_time) >= 1.6" }
          ],
          "on_entry": [ 
            "@s ra:items.5",
            "v.awm_time = q.life_time;",
            "v.has_awm_ammo = q.variant == 1003;",
            "/tag @s add awm",
            "@s ra:attack_value_0",
            "/title @s title ra_hud.enter_ads"
           ],
           "on_exit": [ 
             "@s ra:items.5",
             "v.has_awm_ammo = q.variant == 1003;",
             "@s ra:attack_value_0"
           ]
        },

        "hold": {
          "animations": [
            "hide_curser",
            { "awm.check_ammo": "t.i = 0; loop(27, {(q.is_item_name_any('slot.inventory', t.i, 'ra:awm_clip') || q.is_item_name_any('slot.hotbar', t.i, 'ra:awm_clip')) ? {return true;}; t.i = t.i+1;});" }
          ],
          "transitions": [ 
            { "default": "!q.is_item_name_any('slot.weapon.mainhand', 0, 'ra:awm') || q.is_stackable || q.is_sleeping || q.health <= 0 || q.is_swimming" },
            { "ads": "q.is_sneaking && (q.life_time - v.awm_time) >= 0.4" },
            { "reload_empty": "((q.life_time - v.awm_time) >= 0.35 && v.awm_ammo_count <= 0 && v.has_awm_ammo)" },
            { "reload": "v.attack_time >= 0.1 && !q.is_sleeping && v.awm_ammo_count >= 1 && v.awm_ammo_count <= 4 && v.has_awm_ammo" },
            { "inspect": "v.attack_time >= 0.1 && !q.is_sprinting && !q.is_sleeping && (v.awm_ammo_count >= 5 || v.awm_ammo_count <= 0 || !v.has_awm_ammo)" },
            { "pre_hipfire": "q.is_using_item" },
            { "sprinting": "q.is_sprinting" }
          ],
          "on_entry": [ 
            "@s ra:items.5",
            "v.awm_time = q.life_time;",
            "/camera @s clear",
            "@s ra:remove_has_ammo",
            "@s ra:remove_has_awm_ammo",
            "v.has_awm_ammo = q.variant == 1003;",
            "@s ra:remove_awm.ads",
            "@s ra:anim_trigger.none",
            "/tag @s add awm",
            "/effect @s slowness 0 0",
            "@s ra:attack_value_0",
            "/title @s title ra_hud.enter_ads"
           ],
           "on_exit": [
            "v.awm_time = q.life_time;"
          ]
        },
        "inspect": {
          "animations": [ "awm.inspect" ],
          "transitions": [ 
            { "default": "!q.is_item_name_any('slot.weapon.mainhand', 0, 'ra:awm') || q.is_stackable || q.is_sleeping || q.health <= 0 || q.is_swimming" },
            { "ads": "q.is_sneaking && (q.life_time - v.awm_time) >= 0.4" },
            { "reload_empty": "((q.life_time - v.awm_time) >= 0.35 && v.awm_ammo_count <= 0 && v.has_awm_ammo)" },
            { "reload": "v.attack_time >= 0.1 && v.awm_ammo_count >= 1 && v.awm_ammo_count <= 4 && v.has_awm_ammo" },
            { "pre_hipfire": "q.is_using_item" },
            { "sprinting": "q.is_sprinting" },
            { "hold": "(q.life_time - v.awm_time) >= 4.15 || q.is_sleeping || q.health <= 0" }
          ],
          "on_entry": [ 
            "v.awm_time = q.life_time;",
            "@s ra:remove_has_ammo",
            "@s ra:inspect.1",
            "@s ra:remove_has_awm_ammo"
           ],
           "on_exit": [
            "v.awm_time = q.life_time;",
            "@s ra:inspect.0"
          ]
        },

        "sprinting": {
          "animations": [
            { "awm.check_ammo": "t.i = 0; loop(27, {(q.is_item_name_any('slot.inventory', t.i, 'ra:awm_clip') || q.is_item_name_any('slot.hotbar', t.i, 'ra:awm_clip')) ? {return true;}; t.i = t.i+1;});" }
          ],
          "transitions": [ 
            { "default": "!q.is_item_name_any('slot.weapon.mainhand', 0, 'ra:awm') || q.is_stackable || q.is_sleeping || q.health <= 0 || q.is_swimming" },
            { "ads": "q.is_sneaking" },
            { "reload_empty": "(q.life_time - v.awm_time) >= 0.15 && v.awm_ammo_count <= 0 && v.has_awm_ammo" },
            { "reload": "v.attack_time >= 0.5 && v.awm_ammo_count >= 1 && v.awm_ammo_count <= 4 && v.has_awm_ammo" },
            { "pre_hipfire": "q.is_using_item && (q.life_time - v.awm_time) >= 0.15" },
            { "hold": "!q.is_sprinting" }
          ],
          "on_entry": [ 
            "v.awm_time = q.life_time;",
            "v.has_awm_ammo = q.variant == 1003;",
            "@s ra:remove_awm.ads",
            "/tag @s add awm",
            "/effect @s slowness 0 0"
           ]
        },

        "reload": {
          "animations": [ "awm.reload" ],
          "transitions": [ 
            { "default": "!q.is_item_name_any('slot.weapon.mainhand', 0, 'ra:awm') || q.is_stackable || q.is_sleeping || q.health <= 0" },
            { "hold": "(q.life_time - v.awm_time) >= 2.0 && !q.is_sneaking && !q.is_using_item" },
            { "ads": "(q.life_time - v.awm_time) >= 1.75 && q.is_sneaking" },
            { "pre_hipfire": "(q.life_time - v.awm_time) >= 1.75 && !q.is_sneaking && q.is_using_item" }
          ],
          "on_entry": [ 
            "v.awm_time = q.life_time;",
            "/effect @s slowness 0 0",
            "@s ra:remove_awm.ads",
            "@s ra:reloading"
           ],
           "on_exit": [ 
            "@s ra:remove_reloading"
            ]
        },
        "reload_empty": {
          "animations": [ "awm.reload_empty" ],
          "transitions": [ 
            { "default": "!q.is_item_name_any('slot.weapon.mainhand', 0, 'ra:awm') || q.is_stackable || q.is_sleeping || q.health <= 0" },
            { "hold": "(q.life_time - v.awm_time) >= 3 && !q.is_sneaking && !q.is_using_item" },
            { "ads": "(q.life_time - v.awm_time) >= 2.7 && q.is_sneaking" },
            { "pre_hipfire": "(q.life_time - v.awm_time) >= 2.7 && !q.is_sneaking && q.is_using_item" }
          ],
          "on_entry": [ 
            "v.awm_time = q.life_time;",
            "/effect @s slowness 0 0",
            "@s ra:remove_awm.ads",
            "@s ra:reloading_empty"
           ],
           "on_exit": [ 
            "@s ra:remove_reloading_empty"
            ]
        },

        "leave_ads": {
          "animations": [
            { "awm.check_ammo": "t.i = 0; loop(27, {(q.is_item_name_any('slot.inventory', t.i, 'ra:awm_clip') || q.is_item_name_any('slot.hotbar', t.i, 'ra:awm_clip')) ? {return true;}; t.i = t.i+1;});" }
          ],
          "transitions": [ 
            { "default": "!q.is_item_name_any('slot.weapon.mainhand', 0, 'ra:awm') || q.is_stackable || q.is_sleeping || q.health <= 0 || q.is_swimming" },
            { "hold": "(q.life_time - v.awm_time) >= 0.25" },
            { "reload_empty": "((q.life_time - v.awm_time) >= 0.15 && v.awm_ammo_count <= 0 && v.has_awm_ammo)" },
            { "reload": "v.attack_time >= 0.1 && v.awm_ammo_count >= 1 && v.awm_ammo_count <= 4 && v.has_awm_ammo" },
            { "sprinting": "q.is_sprinting" }
          ],
          "on_entry": [ 
            "v.awm_time = q.life_time;",
            "/camera @s clear",
            "/playsound gun_unholster @s ~~~ 0.5 1.4 0.1",
            "/tag @s remove awm_shoot",
            "@s ra:remove_has_ammo",
            "@s ra:remove_has_awm_ammo",
            "/title @s title ra_hud.awm_leave_ads",
            "@s ra:remove_awm.ads",
            "/effect @s slowness 0 0"
           ]
        },
        
        "ads": {
          "animations": [
            "awm.ads",
            // { "m16a4.out_of_ammo": "q.is_using_item && v.awm_ammo_count <= 0" },
            { "awm.check_ammo": "t.i = 0; loop(27, {(q.is_item_name_any('slot.inventory', t.i, 'ra:awm_clip') || q.is_item_name_any('slot.hotbar', t.i, 'ra:awm_clip')) ? {return true;}; t.i = t.i+1;});" }
          ],
          "transitions": [  
            //{ "default": "!q.is_item_name_any('slot.weapon.mainhand', 0, 'ra:awm') || q.is_stackable || q.is_sleeping || q.health <= 0" },
            { "reload_empty": "(v.any_acog || v.red_dot) && v.attack_time >= 0.1 && (q.life_time - v.awm_time) >= 0.25 && v.awm_ammo_count <= 0 && v.has_awm_ammo" },
            { "reload": "(v.any_acog || v.red_dot) && v.attack_time >= 0.1 && (q.life_time - v.awm_time) >= 0.25 && v.awm_ammo_count <= 4 && v.has_awm_ammo" },
            { "leave_ads": "!q.is_sneaking || !q.is_item_name_any('slot.weapon.mainhand', 0, 'ra:awm') || q.is_stackable || q.is_sleeping || q.health <= 0" },
            { "shoot_ads": "q.is_using_item && q.is_sneaking && v.awm_ammo_count > 0 && (q.life_time - v.awm_time) >= 0.1" },
            { "pre_hipfire": "q.is_using_item && !q.is_sneaking" }
          ],
          "on_entry": [ 
            "v.awm_time = q.life_time;",
            "v.has_awm_ammo = q.variant == 1003;",
            "@s ra:remove_has_ammo",
            "@s ra:remove_has_awm_ammo",
            "/playsound cloth_high @s ~~~ 0.75 1.15 1",
            "/playsound cloth_high.tp @a ~~~ 0.5 1.15 0.0075",
            "/playsound gun_ads.tp @a[r=12,rm=0.25] ~~~ 0.75 1 0.0075",
            "/playsound gun_unholster @s ~~~ 0.85 1.65 0.1"
           ]
        },

        "pullback": {
          "animations": [
            "awm.pullback",
            { "awm.check_ammo": "t.i = 0; loop(27, {(q.is_item_name_any('slot.inventory', t.i, 'ra:awm_clip') || q.is_item_name_any('slot.hotbar', t.i, 'ra:awm_clip')) ? {return true;}; t.i = t.i+1;});" }
          ],
          "transitions": [ 
            { "default": "!q.is_item_name_any('slot.weapon.mainhand', 0, 'ra:awm') || q.is_stackable || q.is_sleeping || q.health <= 0 || q.is_swimming" },
            { "hold": "!q.is_sneaking && (q.life_time - v.awm_time) >= 1.65" },
            { "ads": "(q.is_sneaking && (q.life_time - v.awm_time) >= 1.3) || ((v.any_acog || v.red_dot) && q.is_sneaking && (q.life_time - v.awm_time) >= 1.115)" },
            { "reload_empty": "(q.life_time - v.awm_time) >= 1.35 && v.awm_ammo_count <= 0 && v.has_awm_ammo" },
            { "reload": "v.attack_time >= 0.1 && (q.life_time - v.awm_time) >= 1.35 && v.awm_ammo_count >= 1 && v.awm_ammo_count <= 4 && v.has_awm_ammo" },
            { "pre_hipfire": "(!q.is_sneaking && q.is_using_item && (q.life_time - v.awm_time) >= 1.3 && v.awm_ammo_count > 0) || ((v.any_acog || v.red_dot) && q.is_sneaking && (q.life_time - v.awm_time) >= 1.25 && v.awm_ammo_count > 0)" },
            { "sprinting": "q.is_sprinting && (q.life_time - v.awm_time) >= 1.5" }
          ],
          "on_entry": [ 
            "v.awm_time = q.life_time;",
            "/tag @s remove awm_shoot",
            "/title @s title ra_hud.awm_leave_ads",
            "@s ra:remove_has_ammo",
            "@s ra:remove_has_awm_ammo",
            "@s ra:awm.pullback",
            "@s ra:remove_awm.ads",
            "/camera @s clear",
            "@s ra:anim_trigger.pullback",
            "/effect @s slowness 0 0"
           ],
           "on_exit": [
            "@s ra:clear_id",
            "@s ra:anim_trigger.none",
            "@s ra:remove_awm.pullback"
           ]
        },
        "pullback_hip": {
          "animations": [
            "awm.pullback_hip",
            { "awm.check_ammo": "t.i = 0; loop(27, {(q.is_item_name_any('slot.inventory', t.i, 'ra:awm_clip') || q.is_item_name_any('slot.hotbar', t.i, 'ra:awm_clip')) ? {return true;}; t.i = t.i+1;});" }
          ],
          "transitions": [ 
            { "default": "!q.is_item_name_any('slot.weapon.mainhand', 0, 'ra:awm') || q.is_stackable || q.is_sleeping || q.health <= 0 || q.is_swimming" },
            { "hold": "!q.is_sneaking && (q.life_time - v.awm_time) >= 1.65" },
            { "ads": "q.is_sneaking && (q.life_time - v.awm_time) >= 1.3" },
            { "reload_empty": "(q.life_time - v.awm_time) >= 1.375 && v.awm_ammo_count <= 0 && v.has_awm_ammo" },
            { "reload": "v.attack_time >= 0.1 && v.awm_ammo_count >= 1.375 && v.awm_ammo_count <= 4 && v.has_awm_ammo" },
            { "pre_hipfire": "(!(v.any_acog || v.red_dot) && q.is_using_item && (q.life_time - v.awm_time) >= 1.375) || ((v.any_acog || v.red_dot) && q.is_using_item && (q.life_time - v.awm_time) >= 1.25)" },
            { "sprinting": "q.is_sprinting && (q.life_time - v.awm_time) >= 1.45" }
          ],
          "on_entry": [ 
            "v.awm_time = q.life_time;",
            "/tag @s remove awm_shoot",
            "/camera @s clear",
            "@s ra:remove_has_ammo",
            "@s ra:remove_has_awm_ammo",
            "@s ra:awm.pullback",
            "/effect @s slowness 0 0"
           ],
           "on_exit": [
            "@s ra:clear_id",
            "@s ra:remove_awm.pullback"
           ]
        },
        
        "shoot_ads": {
          "animations": [ "awm.shoot" ],
          "transitions": [  
            { "default": "!q.is_item_name_any('slot.weapon.mainhand', 0, 'ra:awm') || q.is_stackable || q.is_sleeping || q.health <= 0" },
            { "pullback": "(!q.is_using_item && !q.is_sneaking && (q.life_time - v.awm_time) >= 0.1)" }
          ],
          "on_entry": [ 
            "v.awm_time = q.life_time;",
            "v.has_awm_ammo = q.variant == 1003;",
            "@s ra:remove_has_ammo",
            "@s ra:remove_has_awm_ammo",
            "@s ra:shooting",
            "/tag @s add awm_shoot"
           ],
           "on_exit": [
             "@s ra:remove_shooting",
             "/playanimation @s[tag=has_left_shoot] animation.awm.after_burn",
             "/fill ~5~5~5 ~-5~-5~-5 minecraft:air [] replace minecraft:light_block",
             "/fill ~5~5~5 ~-5~~-5 minecraft:air [] replace minecraft:light_block",
             "/tag @s remove has_left_shoot"
            ]
        },
        
        "leave_hipfire": {
          // "animations": [ { "m16a4.out_of_ammo": "q.is_using_item && v.awm_ammo_count <= 0" } ],
          "transitions": [  
            { "default": "!q.is_item_name_any('slot.weapon.mainhand', 0, 'ra:awm') || q.is_stackable || q.is_sleeping || q.health <= 0" },
            { "hold": "!q.is_using_item && (q.life_time - v.awm_time) >= 0.75" },
            { "reload_empty": "(q.life_time - v.awm_time) >= 0.15 && v.awm_ammo_count <= 0 && v.has_awm_ammo" },
            { "ads": "!q.is_using_item && v.awm_ammo_count >= 1 && q.is_sneaking" },
            { "hipfire": "q.is_using_item && v.awm_ammo_count >= 1" }
          ],
          "on_entry": [ 
            "v.awm_time = q.life_time;",
            "@s ra:remove_has_ammo",
            "@s ra:remove_has_awm_ammo",
            "@s ra:pre_hipfire",
            "/effect @s slowness 0 0"
           ],
           "on_exit": [
            "@s ra:remove_pre_hipfire"
           ]
        },
        
        "pre_hipfire": {
          // "animations": [ { "m16a4.out_of_ammo": "q.is_using_item && v.awm_ammo_count <= 0" } ],
          "transitions": [  
            { "default": "!q.is_item_name_any('slot.weapon.mainhand', 0, 'ra:awm') || q.is_stackable || q.is_sleeping || q.health <= 0" },
            { "leave_hipfire": "!q.is_using_item" },
            { "reload_empty": "(q.life_time - v.awm_time) >= 0.15 && v.awm_ammo_count <= 0 && v.has_awm_ammo" },
            { "ads": "!q.is_using_item && v.awm_ammo_count >= 1 && q.is_sneaking" },
            { "hipfire": "q.is_using_item && v.awm_ammo_count >= 1 && (q.life_time - v.awm_time) >= 0.35" }
          ],
          "on_entry": [ 
            "v.awm_time = q.life_time;",
            "@s ra:remove_has_ammo",
            "@s ra:remove_has_awm_ammo",
            "@s ra:pre_hipfire",
            "/effect @s slowness 0 0"
           ],
           "on_exit": [
            "@s ra:remove_pre_hipfire"
           ]
        },
        
        "hipfire": {
          "animations": [ "awm.hipfire" ],
          "transitions": [  
            { "default": "!q.is_item_name_any('slot.weapon.mainhand', 0, 'ra:awm') || q.is_stackable || q.is_sleeping || q.health <= 0" },
            { "pullback_hip": "!q.is_using_item && (q.life_time - v.awm_time) >= 0.1" }
          ],
          "on_entry": [ 
            "v.awm_time = q.life_time;",
            "@s ra:remove_has_ammo",
            "@s ra:remove_has_awm_ammo",
            "@s ra:shooting",
            "/effect @s slowness 0 0"
           ],
           "on_exit": [ 
             "/playanimation @s[tag=has_left_shoot] animation.awm.after_burn",
             "/fill ~5~5~5 ~-5~-5~-5 minecraft:air [] replace minecraft:light_block",
             "/fill ~5~5~5 ~-5~~-5 minecraft:air [] replace minecraft:light_block",
             "@s ra:remove_shooting",
             "@s ra:remove_awm_shoot",
             "/effect @s slowness 0 0",
             "/tag @s remove has_left_shoot"
            ]
        }
      }
    },
    "controller.animation.awm_ammo": {
      "initial_state": "default",
      "states": {
        "default": {
          "transitions": [ 
            { "activate": "v.awm_ammo_count >= 1 && q.is_item_name_any('slot.weapon.mainhand', 0, 'ra:awm') && !q.is_stackable && !q.is_sleeping" }
          ],
          "on_entry": [ 
            "@s ra:bullets.0",
            "@s ra:remove_has_ammo"
          ]
        },
        "activate": {
          "transitions": [ 
            { "default": "v.awm_ammo_count <= 0 || !q.is_item_name_any('slot.weapon.mainhand', 0, 'ra:awm') || q.is_stackable || q.is_sleeping || q.health <= 0" }
          ],
          "on_entry": [ 
            "@s ra:bullets.2",
            "@s ra:has_ammo"
           ]
        }
      }
    },
    "controller.animation.awm_ammo_full": {
      "initial_state": "default",
      "states": {
        "default": {
          "transitions": [ 
            { "full": "v.awm_ammo_count >= 5 && q.is_item_name_any('slot.weapon.mainhand', 0, 'ra:awm') && !q.is_stackable && !q.is_sleeping" }
          ],
          "on_entry": [ 
            "@s ra:remove_ammo_full"
          ]
        },
        "full": {
          "transitions": [ 
            { "default": "v.awm_ammo_count <= 0 || !q.is_item_name_any('slot.weapon.mainhand', 0, 'ra:awm') || q.is_stackable || q.is_sleeping || q.health <= 0" }
          ],
          "on_entry": [ 
            "@s ra:ammo_full"
           ]
        }
      }
    },
    "controller.animation.awm_ammo_display": {
      "initial_state": "default",
      "states": {
        "default": {
          "transitions": [ 
            { "activate": "q.is_item_name_any('slot.weapon.mainhand', 0, 'ra:awm') && !q.is_stackable && !q.is_sleeping" },
            { "awm_ammo_0": "v.awm_ammo_count == 0 && q.is_item_name_any('slot.weapon.mainhand', 0, 'ra:awm') && !q.is_stackable && !q.is_sleeping" },
            { "awm_ammo_1": "v.awm_ammo_count == 1 && q.is_item_name_any('slot.weapon.mainhand', 0, 'ra:awm') && !q.is_stackable && !q.is_sleeping" },
            { "awm_ammo_2": "v.awm_ammo_count == 2 && q.is_item_name_any('slot.weapon.mainhand', 0, 'ra:awm') && !q.is_stackable && !q.is_sleeping" },
            { "awm_ammo_3": "v.awm_ammo_count == 3 && q.is_item_name_any('slot.weapon.mainhand', 0, 'ra:awm') && !q.is_stackable && !q.is_sleeping" },
            { "awm_ammo_4": "v.awm_ammo_count == 4 && q.is_item_name_any('slot.weapon.mainhand', 0, 'ra:awm') && !q.is_stackable && !q.is_sleeping" },
            { "awm_ammo_5": "v.awm_ammo_count == 5 && q.is_item_name_any('slot.weapon.mainhand', 0, 'ra:awm') && !q.is_stackable && !q.is_sleeping" },
            { "awm_ammo_6": "v.awm_ammo_count == 6 && q.is_item_name_any('slot.weapon.mainhand', 0, 'ra:awm') && !q.is_stackable && !q.is_sleeping" }
          ],
          "on_entry": [ 
            "/title @s reset"
          ],
          "on_exit": [ 
            "/title @s times 2 99999 2"
          ]
        },
        "activate": {
          "transitions": [ 
            { "default": "!q.is_item_name_any('slot.weapon.mainhand', 0, 'ra:awm') || q.is_stackable || q.is_sleeping || q.health <= 0" },
            { "awm_ammo_0": "v.awm_ammo_count == 0 && q.is_item_name_any('slot.weapon.mainhand', 0, 'ra:awm') && !q.is_stackable && !q.is_sleeping" },
            { "awm_ammo_1": "v.awm_ammo_count == 1 && q.is_item_name_any('slot.weapon.mainhand', 0, 'ra:awm') && !q.is_stackable && !q.is_sleeping" },
            { "awm_ammo_2": "v.awm_ammo_count == 2 && q.is_item_name_any('slot.weapon.mainhand', 0, 'ra:awm') && !q.is_stackable && !q.is_sleeping" },
            { "awm_ammo_3": "v.awm_ammo_count == 3 && q.is_item_name_any('slot.weapon.mainhand', 0, 'ra:awm') && !q.is_stackable && !q.is_sleeping" },
            { "awm_ammo_4": "v.awm_ammo_count == 4 && q.is_item_name_any('slot.weapon.mainhand', 0, 'ra:awm') && !q.is_stackable && !q.is_sleeping" },
            { "awm_ammo_5": "v.awm_ammo_count == 5 && q.is_item_name_any('slot.weapon.mainhand', 0, 'ra:awm') && !q.is_stackable && !q.is_sleeping" },
            { "awm_ammo_6": "v.awm_ammo_count == 6 && q.is_item_name_any('slot.weapon.mainhand', 0, 'ra:awm') && !q.is_stackable && !q.is_sleeping" }
          ]
        },
        "awm_ammo_6": {
          "transitions": [ { "awm_ammo_5": "v.awm_ammo_count == 5" }, { "activate": "v.awm_ammo_count >= 6" }, { "default": "!q.is_item_name_any('slot.weapon.mainhand', 0, 'ra:awm') || q.is_stackable || q.is_sleeping || q.health <= 0" } ],
          "on_entry": [ "/title @s actionbar §f6§f/5", "@s ra:bullets.6" ]
        },
        "awm_ammo_5": {
          "transitions": [ { "awm_ammo_4": "v.awm_ammo_count == 4" }, { "activate": "v.awm_ammo_count >= 5" }, { "default": "!q.is_item_name_any('slot.weapon.mainhand', 0, 'ra:awm') || q.is_stackable || q.is_sleeping || q.health <= 0" } ],
          "on_entry": [ "/title @s actionbar §f5§f/5", "@s ra:bullets.5" ]
        },
        "awm_ammo_4": {
          "transitions": [ { "awm_ammo_3": "v.awm_ammo_count == 3" }, { "activate": "v.awm_ammo_count >= 4" }, { "default": "!q.is_item_name_any('slot.weapon.mainhand', 0, 'ra:awm') || q.is_stackable || q.is_sleeping || q.health <= 0" } ],
          "on_entry": [ "/title @s actionbar §f4§f/5", "@s ra:bullets.4" ]
        },
        "awm_ammo_3": {
          "transitions": [ { "awm_ammo_2": "v.awm_ammo_count == 2" }, { "activate": "v.awm_ammo_count >= 3" }, { "default": "!q.is_item_name_any('slot.weapon.mainhand', 0, 'ra:awm') || q.is_stackable || q.is_sleeping || q.health <= 0" } ],
          "on_entry": [ "/title @s actionbar §f3§f/5", "@s ra:bullets.3" ]
        },
        "awm_ammo_2": {
          "transitions": [ { "awm_ammo_1": "v.awm_ammo_count == 1" }, { "activate": "v.awm_ammo_count >= 2" }, { "default": "!q.is_item_name_any('slot.weapon.mainhand', 0, 'ra:awm') || q.is_stackable || q.is_sleeping || q.health <= 0" } ],
          "on_entry": [ "/title @s actionbar §c2§f/5", "@s ra:bullets.2" ]
        },
        "awm_ammo_1": {
          "transitions": [ { "awm_ammo_0": "v.awm_ammo_count <= 0" }, { "activate": "v.awm_ammo_count >= 1" }, { "default": "!q.is_item_name_any('slot.weapon.mainhand', 0, 'ra:awm') || q.is_stackable || q.is_sleeping || q.health <= 0" } ],
          "on_entry": [ "/title @s actionbar §41§f/5", "@s ra:bullets.1" ]
        },
        "awm_ammo_0": {
          "transitions": [ { "activate": "v.awm_ammo_count != 0" }, { "activate": "v.awm_ammo_count >= 0" }, { "default": "!q.is_item_name_any('slot.weapon.mainhand', 0, 'ra:awm') || q.is_stackable || q.is_sleeping || q.health <= 0" } ],
          "on_entry": [ "/title @s actionbar §40§f/5", "@s ra:bullets.0" ]
        }
      }
    },
		"controller.animation.sniper_casing": {
			"initial_state": "default",
			"states": {
				"default": {
					"transitions": [
						{ "hurt": "q.variant == 1" },
						{ "air_hit": "!q.is_on_ground" },
						{ "drag": "q.is_on_ground && q.modified_move_speed > 0.1" }
					],
					"on_entry": [ "v.awm_time = q.life_time;" ]
				},
				"drag": {
					"transitions": [
						{ "hurt": "q.variant == 1" },
						{ "default": "q.variant == 0 || (q.is_on_ground && q.modified_move_speed < 0.1)" }
					],
					"on_entry": [
						"/playsound random.fizz @a[r=25] ~~~ 0.025 1.5 0.025",
						"/playsound grenade_ting @a[r=25] ~~~ 0.035 0.9 0.025",
						"/playsound shotgun_shell.ting @a[r=25] ~~~ 0.15 1.0 0.025",
						"/playsound casing @a[r=25] ~~~ 0.35 1 0.025"
					]
				},
				"hurt": {
					"transitions": [
						{ "default": "q.variant == 0 || (q.life_time - v.awm_time) >= 0.25" }
					],
					"on_entry": [
            "v.awm_time = q.life_time;",
						"/playsound block.lantern.break @a[r=25] ~~~ 0.05 1.5 0.025",
						"/playsound grenade_ting @a[r=25] ~~~ 0.035 1.1 0.025",
						"/playsound shotgun_shell.ting @a[r=25] ~~~ 0.75 1.0 0.025",
						"/playsound casing @a[r=25] ~~~ 0.9 1 0.025"
					],
					"on_exit": [
            "v.awm_time = q.life_time;",
            "@s ra:default"
					]
				},
				"air_hit": {
					"transitions": [
						{ "default": "q.is_on_ground" }
					],
					"on_exit": [
						"/playsound grenade_ting @a[r=25] ~~~ 0.035 1 0.025",
						"/playsound block.lantern.break @a[r=25] ~~~ 0.05 0.75 0.025",
						"/playsound shotgun_shell.ting @a[r=25] ~~~ 0.75 1.0 0.025",
						"/playsound casing @a[r=25] ~~~ 0.9 1.1 0.025"
					]
				}
			}
		}
  }
}