{
  "format_version": "1.10.0",
  "animation_controllers": {
    "controller.animation.bullet.projectile": {
      "initial_state": "in_water",
      "states": {
        "in_water": {
          "animations": ["water.despawn"],
          "transitions": [ 
            { "hit": "(q.is_on_ground || q.variant == 1) && q.skin_id != 3 && !q.is_sheared && q.skin_id != 5 && q.skin_id != 6 && q.skin_id != 7" },
            { "sp88.hit": "(q.is_on_ground || q.variant == 1) && q.skin_id == 10" },
            { "gold.hit": "(q.is_on_ground || q.variant == 1) && q.skin_id == 5" },
            { "red.hit": "(q.is_on_ground || q.variant == 1) && (q.skin_id == 6 || q.skin_id == 7)" },
            { "mx115.hit": "(q.is_on_ground || q.variant == 1) && q.is_sheared && q.skin_id != 8" },
            { "mx115_netherite.hit": "(q.is_on_ground || q.variant == 1) && q.is_sheared && q.skin_id == 8" },
            { "mini_gun.hit": "(q.is_on_ground || q.variant == 1) && q.skin_id == 3" },
            { "in_air": "!q.is_in_water" }
          ]
        },
        "in_air": {
          "transitions": [ 
            { "hit": "(q.is_on_ground || q.variant == 1) && q.skin_id != 3 && !q.is_sheared && q.skin_id != 5 && q.skin_id != 6 && q.skin_id != 7 && q.skin_id != 10" },
            { "sp88.hit": "(q.is_on_ground || q.variant == 1) && q.skin_id == 10" },
            { "gold.hit": "(q.is_on_ground || q.variant == 1) && q.skin_id == 5" },
            { "red.hit": "(q.is_on_ground || q.variant == 1) && (q.skin_id == 6 || q.skin_id == 7)" },
            { "mx115.hit": "(q.is_on_ground || q.variant == 1) && q.is_sheared && q.skin_id != 8" },
            { "mx115_netherite.hit": "(q.is_on_ground || q.variant == 1) && q.is_sheared && q.skin_id == 8" },
            { "mini_gun.hit": "(q.is_on_ground || q.variant == 1) && q.skin_id == 3" },
            { "hit_water": "q.is_in_water && q.skin_id != 9" },
            { "hit_water.small": "q.is_in_water && q.skin_id == 9" },
            { "hit_water.small.1": "q.is_in_water && q.skin_id == 2" },
            { "hit_zombie": "q.skin_id == 1" }
          ]
        },
        "mx115.hit": {
          "on_entry": [
            "/playsound mx115.impact @a[r=20] ~~~ 2 1.7 0.0025",
            "/playsound bullet_impact @a[r=20] ~~~ 2 1.75 0.005",
            "/playsound fall.netherrack @a[r=20] ~~~ 2 0.75 0.0025",
            "/particle ra:mx115.impact_flare ~~~",
            "/particle ra:m4_rad.muzzle.glow ~~~",
            "/particle ra:mx115.impact_smoke ~~~",
            "/particle ra:mx115.muzzle_flash ~~~",
            "/particle ra:mx115.muzzle_flash_1 ~~~",
            "/particle ra:mx115.impact.burst ~~~",
            "/particle ra:mx115.impact.burst ^0.75^^",
            "/particle ra:mx115.impact.burst ^-0.75^^",
            "/particle ra:mx115.impact.impact_flare ^0.75^^",
            "/particle ra:mx115.impact.impact_flare ^-0.75^^",
            "/particle ra:mx115.impact.muzzle_flash ^0.75^^",
            "/particle ra:mx115.impact.muzzle_flash ^-0.75^^",
            "/particle ra:mx115.impact_smoke2 ^0.75^^",
            "/particle ra:mx115.impact_smoke2 ^-0.75^^",
            "@s ra:despawn"
           ]
        },
        "mx115_netherite.hit": {
          "on_entry": [
            "/playsound mx115.impact @a[r=20] ~~~ 2 1.7 0.0025",
            "/playsound bullet_impact @a[r=20] ~~~ 2 1.75 0.005",
            "/playsound fall.netherrack @a[r=20] ~~~ 2 0.75 0.0025",
            "/particle ra:mx115_netherite.impact_flare ~~~",
            "/particle ra:mx115_netherite.muzzle.glow ~~~",
            "/particle ra:mx115_netherite.impact_smoke ~~~",
            "/particle ra:mx115_netherite.muzzle_flash ~~~",
            "/particle ra:mx115_netherite.muzzle_flash_1 ~~~",
            "/particle ra:mx115_netherite.impact.burst ~~~",
            "/particle ra:mx115_netherite.impact.burst ^0.75^^",
            "/particle ra:mx115_netherite.impact.burst ^-0.75^^",
            "/particle ra:mx115_netherite.impact.impact_flare ^0.75^^",
            "/particle ra:mx115_netherite.impact.impact_flare ^-0.75^^",
            "/particle ra:mx115_netherite.impact.muzzle_flash ^0.75^^",
            "/particle ra:mx115_netherite.impact.muzzle_flash ^-0.75^^",
            "/particle ra:mx115_netherite.impact_smoke2 ^0.75^^",
            "/particle ra:mx115_netherite.impact_smoke2 ^-0.75^^",
            "@s ra:despawn"
           ]
        },
        "sp88.hit": {
          "on_entry": [
            "/effect @e[family=!player,family=!dummy,family=!ra_prop,r=1.5] poison 4 1 false",
            "/effect @e[family=z_head,r=1.5] poison 4 1 false",
            "/effect @e[family=!dummy,family=!ra_prop,r=1.5] nausea 7 1 true",
            "/playsound sp88.impact @a[r=64] ~~~ 4 1 0.001",
            "@s ra:despawn"
           ]
        },
        "mini_gun.hit": {
          "on_entry": [
            "@s ra:despawn"
           ]
        },
        "hit": {
          "on_entry": [ 
            "@s ra:despawn"
           ]
        },
        "gold.hit": {
          "on_entry": [ 
            "@s ra:despawn"
           ]
        },
        "red.hit": {
          "on_entry": [ 
            "/particle ra:red.impact.burst ~~~",
            "/particle ra:bullet.impact_1 ~~~",
            "@s ra:despawn"
           ]
        },
        "hit_water": {
          "animations": ["water.despawn"],
          "transitions": [{"in_air": "q.is_on_ground"}],
          "on_entry": [
            "/execute at @s run playsound mob.axolotl.splash @a[r=30] ~~~ 2 1 0.01",
            "/particle ra:bullet.impact_water.mist ~~~",
            "/particle ra:bullet.impact_water_ring ~~~",
            "/particle ra:bullet.impact_water ~~~",
            "@s ra:despawn"
           ],
           "on_exit": ["@s ra:despawn"]
        },
        "hit_water.small": {
          "animations": ["water.despawn"],
          "transitions": [{"in_air": "q.is_on_ground"}],
          "on_entry": [ 
            "/particle ra:bullet.impact_water_ring.small ~~~",
            "/particle ra:bullet.impact_water.small ~~~",
            "/execute at @s run playsound mob.axolotl.splash @a[r=30] ~~~ 2 1.1 0.01",
            "@s ra:despawn"
           ],
           "on_exit": ["@s ra:despawn"]
        },
        "hit_water.small.1": {
          "animations": ["water.despawn"],
          "transitions": [{"in_air": "q.is_on_ground"}],
          "on_entry": [ 
            "/execute at @s run playsound mob.axolotl.splash @a[r=20] ~~~ 1 1.0 0.01",
            "/particle ra:bullet.impact_water_ring ~~~",
            "/particle ra:bullet.impact_water ~~~",
            "@s ra:despawn"
           ],
           "on_exit": ["@s ra:despawn"]
        },
        "hit_zombie": {
          "on_entry": [ 
            "/execute at @s run playsound dig.nether_gold_ore @a[r=20] ~~~ 0.75 0.85 0.01",
            "/execute at @s run playsound dig.nether_gold_ore @a[r=20] ~~~ 0.85 1 0.01",
            "/particle ra:bullet.impact_zombie ~~~",
            "@s ra:despawn"
           ]
        }
      }
    }
  }
}