{
  "format_version": "1.10.0",
  "animation_controllers": {
    "controller.animation.citori_725": {
      "initial_state": "default",
      "states": {
        "default": {
          "transitions": [
            { "draw": "q.is_item_name_any('slot.weapon.mainhand', 0, 'ra:citori_725') && !q.is_stackable && !q.is_sleeping && q.is_alive && !q.is_swimming" }
          ],
          "on_entry": [ 
            "@s ra:anim_trigger_1.none",
            "/playsound gun_unholster  @s ~~~ 0.7 1 0.1",
            "/playsound gun_unholster.tp @a[r=12,rm=0.25] ~~~ 0.6 1 0.0075",
            "/effect @s[tag=from_ads] slowness 0 0",
            "/tag @s remove from_ads",
            "/tag @s remove citori_725",
            "@s ra:remove_reloading",
            "@s ra:remove_reloading_empty",
            "@s ra:attack_value_1",
            "@s ra:clear_id",
            "/title @s title ra_hud.leave_ads"
           ],
          "on_exit": [ 
            "@s ra:items.6",
            "/playsound gun_holster @s ~~~ 0.8 1 0.1",
            "/playsound gun_holster.tp @a[r=12,rm=0.25] ~~~ 0.75 1 0.0075",
            "@s ra:attack_value_0",
            "/title @s title ra_hud.enter_ads"
          ]
        },

        "draw": {
          "animations": [ "citori_725.set_id" ],
          "transitions": [ 
            { "default": "!q.is_item_name_any('slot.weapon.mainhand', 0, 'ra:citori_725') || q.is_stackable || q.is_sleeping || q.health <= 0 || q.is_swimming" } ,
            { "reload": "q.is_item_name_any('slot.weapon.mainhand', 0, 'ra:citori_725') && !q.is_stackable && !q.is_sleeping && (q.life_time - v.citori_time) >= 0.7 && v.citori_725_ammo_count <= 0 && v.has_shotgun_ammo" },
            { "ads": "q.is_sneaking && (q.life_time - v.citori_time) >= 0.75" },
            { "pre_hipfire": "q.is_using_item && (q.life_time - v.citori_time) >= 0.75 && v.citori_725_ammo_count >= 1" },
            { "hold": "q.is_item_name_any('slot.weapon.mainhand', 0, 'ra:citori_725') && !q.is_stackable && !q.is_sleeping && (q.life_time - v.citori_time) >= 0.75" }
          ],
          "on_entry": [ 
            "@s ra:items.6",
            "v.citori_time = q.life_time;",
            "/tag @s add citori_725",
            "@s ra:attack_value_0",
            "/title @s title ra_hud.enter_ads"
           ],
           "on_exit": [ 
             "@s ra:items.6",
             "v.has_shotgun_ammo = q.variant == 1002;",
             "/playsound gun_holster @s ~~~ 0.8 1 0.1",
             "@s ra:attack_value_0"
           ]
        },

        "hold": {
          "animations": [
            { "citori_725.check_ammo": "t.i = 0; loop(27, {(q.is_item_name_any('slot.inventory', t.i, 'ra:shotgun_shell_12_gage') || q.is_item_name_any('slot.hotbar', t.i, 'ra:shotgun_shell_12_gage')) ? {return true;}; t.i = t.i+1;});" }
          ],
          "transitions": [ 
            { "default": "!q.is_item_name_any('slot.weapon.mainhand', 0, 'ra:citori_725') || q.is_stackable || q.is_sleeping || q.health <= 0 || q.is_swimming" } ,
            { "ads": "q.is_sneaking" },
            { "reload": "((q.life_time - v.citori_time) >= 0.15 && v.citori_725_ammo_count <= 0 && v.has_shotgun_ammo)" },
            { "reload_1": "v.attack_time >= 0.1 && v.citori_725_ammo_count == 1 && v.has_shotgun_ammo" },
            { "pre_hipfire": "q.is_using_item" },
            { "sprinting": "q.is_sprinting" }
          ],
          "on_entry": [ 
            "@s ra:items.6",
            "v.citori_time = q.life_time;",
            "@s ra:anim_trigger_1.none",
            "@s ra:clear_id",
            "v.has_shotgun_ammo = q.variant == 1002;",
            "@s ra:remove_reloading",
            "@s ra:remove_reloading_empty",
            "/tag @s add citori_725",
            "/effect @s[tag=from_ads] slowness 0 0",
            "/tag @s remove from_ads",
            "/title @s title ra_hud.enter_ads",
            "@s ra:attack_value_0"
           ]
        },

        "sprinting": {
          "animations": [
            { "citori_725.check_ammo": "t.i = 0; loop(27, {(q.is_item_name_any('slot.inventory', t.i, 'ra:shotgun_shell_12_gage') || q.is_item_name_any('slot.hotbar', t.i, 'ra:shotgun_shell_12_gage')) ? {return true;}; t.i = t.i+1;});" }
          ],
          "transitions": [ 
            { "default": "!q.is_item_name_any('slot.weapon.mainhand', 0, 'ra:citori_725') || q.is_stackable || q.is_sleeping || q.health <= 0 || q.is_swimming" } ,
            { "ads": "q.is_sneaking" },
            { "reload": "(q.life_time - v.citori_time) >= 0.15 && v.citori_725_ammo_count <= 0 && v.has_shotgun_ammo" },
            { "reload_1": "v.attack_time >= 0.1 && v.citori_725_ammo_count == 1 && v.has_shotgun_ammo" },
            { "pre_hipfire": "q.is_using_item && (q.life_time - v.citori_time) >= 0.15" },
            { "hold": "!q.is_sprinting" }
          ],
          "on_entry": [ 
            "v.citori_time = q.life_time;"
           ]
        },

        "reload": {
          "animations": [ "citori_725.reload" ],
          "transitions": [ 
            { "default": "!q.is_item_name_any('slot.weapon.mainhand', 0, 'ra:citori_725') || q.is_stackable || q.is_sleeping || q.health <= 0 || q.is_swimming" },
            { "hold": "(q.life_time - v.citori_time) >= 2.5 && !q.is_sneaking && !q.is_using_item" },
            { "ads": "(q.life_time - v.citori_time) >= 2.3 && q.is_sneaking" },
            { "pre_hipfire": "(q.life_time - v.citori_time) >= 2.45 && !q.is_sneaking && q.is_using_item" }
          ],
          "on_entry": [ 
            "v.citori_time = q.life_time;",
            "v.has_shotgun_ammo = q.variant == 1002;",
            "/effect @s[tag=from_ads] slowness 0 0",
            "@s ra:reloading",
            "/title @s title ra_hud.enter_ads"
           ],
           "on_exit": [ 
            "@s ra:remove_reloading",
            "@s ra:remove_reloading_empty"
            ]
        },
        "reload_1": {
          "animations": [ "citori_725.reload_1" ],
          "transitions": [ 
            { "default": "!q.is_item_name_any('slot.weapon.mainhand', 0, 'ra:citori_725') || q.is_stackable || q.is_sleeping || q.health <= 0 || q.is_swimming" },
            { "hold": "(q.life_time - v.citori_time) >= 2.5 && !q.is_sneaking && !q.is_using_item" },
            { "ads": "(q.life_time - v.citori_time) >= 2.3 && q.is_sneaking" },
            { "pre_hipfire": "(q.life_time - v.citori_time) >= 2.45 && !q.is_sneaking && q.is_using_item" }
          ],
          "on_entry": [ 
            "v.citori_time = q.life_time;",
            "v.has_shotgun_ammo = q.variant == 1002;",
            "/effect @s[tag=from_ads] slowness 0 0",
            "/tag @s remove from_ads",
            "@s ra:reloading_empty",
            "/title @s title ra_hud.enter_ads"
           ],
           "on_exit": [ 
            "@s ra:remove_reloading",
            "@s ra:remove_reloading_empty"
            ]
        },
        
        "ads": {
          "animations": [
            { "citori_725.check_ammo": "t.i = 0; loop(27, {(q.is_item_name_any('slot.inventory', t.i, 'ra:shotgun_shell_12_gage') || q.is_item_name_any('slot.hotbar', t.i, 'ra:shotgun_shell_12_gage')) ? {return true;}; t.i = t.i+1;});" }
          ],
          "transitions": [  
            { "default": "!q.is_item_name_any('slot.weapon.mainhand', 0, 'ra:citori_725') || q.is_stackable || q.is_sleeping || q.health <= 0 || q.is_swimming" },
            { "reload": "(!q.is_sneaking || v.attack_time > 0.5) && v.citori_725_ammo_count <= 0 && v.has_shotgun_ammo" },
            { "reload_1": "v.attack_time > 0.5 && v.citori_725_ammo_count < 2 && v.citori_725_ammo_count > 0 && v.has_shotgun_ammo" },
            { "hold": "!q.is_sneaking" },
            { "shoot_ads": "q.is_using_item && q.is_sneaking && v.citori_725_ammo_count == 2 && (q.life_time - v.citori_time) >= 0.1" },
            { "shoot_ads_1": "q.is_using_item && q.is_sneaking && v.citori_725_ammo_count == 1 && (q.life_time - v.citori_time) >= 0.1" },
            { "pre_hipfire": "q.is_using_item && !q.is_sneaking" }
          ],
          "on_entry": [ 
            "v.citori_time = q.life_time;",
            "@s ra:anim_trigger_1.none",
            "v.has_shotgun_ammo = q.variant == 1002;",
            "@s ra:remove_reloading",
            "@s ra:remove_reloading_empty",
            "/tag @s add from_ads",
            "/effect @s slowness 99999 1 true",
            "/playsound gun_unholster @s ~~~ 0.85 1.65 0.1",
            "/title @s title ra_hud.enter_ads"
           ],
           "on_exit": [
             "/playsound gun_unholster @s ~~~ 0.5 1.4 0.1"
            ]
        },
        
        "shoot_ads": {
          "animations": [ "citori_725.shoot" ],
          "transitions": [  
            { "default": "!q.is_item_name_any('slot.weapon.mainhand', 0, 'ra:citori_725') || q.is_stackable || q.is_sleeping || q.health <= 0 || q.is_swimming" },
            { "ads": "!q.is_using_item && (q.life_time - v.citori_time) >= 0.1" }
          ],
          "on_entry": [ 
            "v.citori_time = q.life_time;",
            "@s ra:anim_trigger_1.none"
           ],
           "on_exit": [
             "/playanimation @s[tag=has_left_shoot,tag=1_left] animation.citori_725.after_burn",
             "/fill ~5~5~5 ~-5~-5~-5 minecraft:air [] replace minecraft:light_block",
             "/fill ~5~5~5 ~-5~~-5 minecraft:air [] replace minecraft:light_block",
             "@s ra:remove_citori_725_shoot",
             "/tag @s remove has_left_shoot",
             "/tag @s remove 1_left"
            ]
        },
        "shoot_ads_1": {
          "animations": [ "citori_725.shoot_1" ],
          "transitions": [  
            { "default": "!q.is_item_name_any('slot.weapon.mainhand', 0, 'ra:citori_725') || q.is_stackable || q.is_sleeping || q.health <= 0 || q.is_swimming" },
            { "ads": "!q.is_using_item && (q.life_time - v.citori_time) >= 0.1" }
          ],
          "on_entry": [ 
            "v.citori_time = q.life_time;",
            "@s ra:anim_trigger_1.none"
           ],
           "on_exit": [
             "/playanimation @s[tag=has_left_shoot,tag=0_left] animation.citori_725.after_burn",
             "/fill ~5~5~5 ~-5~-5~-5 minecraft:air [] replace minecraft:light_block",
             "/fill ~5~5~5 ~-5~~-5 minecraft:air [] replace minecraft:light_block",
             "@s ra:remove_citori_725_shoot",
             "/tag @s remove has_left_shoot",
             "/tag @s remove 0_left"
            ]
        },
        
        "pre_hipfire": {
          "animations": [
            { "citori_725.check_ammo": "t.i = 0; loop(27, {(q.is_item_name_any('slot.inventory', t.i, 'ra:shotgun_shell_12_gage') || q.is_item_name_any('slot.hotbar', t.i, 'ra:shotgun_shell_12_gage')) ? {return true;}; t.i = t.i+1;});" }
          ],
          "transitions": [  
            { "default": "!q.is_item_name_any('slot.weapon.mainhand', 0, 'ra:citori_725') || q.is_stackable || q.is_sleeping || q.health <= 0 || q.is_swimming" },
            { "hold": "!q.is_using_item && (q.life_time - v.citori_time) >= 0.8" },
            { "reload": "(q.life_time - v.citori_time) >= 0.15 && v.citori_725_ammo_count <= 0 && v.has_shotgun_ammo" },
            { "ads": "!q.is_using_item && v.citori_725_ammo_count >= 1 && q.is_sneaking" },
            { "hipfire": "q.is_using_item && v.citori_725_ammo_count == 2 && (q.life_time - v.citori_time) >= 0.1" },
            { "hipfire_1": "q.is_using_item && v.citori_725_ammo_count == 1 && (q.life_time - v.citori_time) >= 0.1" }
          ],
          "on_entry": [ 
            "v.citori_time = q.life_time;",
            "v.has_shotgun_ammo = q.variant == 1002;",
            "@s ra:anim_trigger_1.pre_hipfire",
            "@s ra:remove_reloading",
            "@s ra:remove_reloading_empty",
            "/effect @s[tag=from_ads] slowness 0 0",
            "/tag @s remove from_ads",
            "/title @s title ra_hud.enter_ads"
           ]
        },
        
        "hipfire": {
          "animations": [ "citori_725.hipfire_shoot" ],
          "transitions": [  
            { "default": "!q.is_item_name_any('slot.weapon.mainhand', 0, 'ra:citori_725') || q.is_stackable || q.is_sleeping || q.health <= 0 || q.is_swimming" },
            { "reload": "!q.is_using_item && v.citori_725_ammo_count <= 0 && v.has_shotgun_ammo" },
            { "pre_hipfire": "!q.is_using_item && (q.life_time - v.citori_time) >= 0.1" }
          ],
          "on_entry": [ 
            "v.citori_time = q.life_time;",
            "@s ra:anim_trigger_1.pre_hipfire",
            "v.has_shotgun_ammo = q.variant == 1002;",
            "/effect @s[tag=from_ads] slowness 0 0",
            "/tag @s remove from_ads"
           ],
           "on_exit": [ 
             "v.has_shotgun_ammo = q.variant == 1002;",
             "/playanimation @s[tag=has_left_shoot,tag=1_left] animation.citori_725.after_burn",
             "/fill ~5~5~5 ~-5~-5~-5 minecraft:air [] replace minecraft:light_block",
             "/fill ~5~5~5 ~-5~~-5 minecraft:air [] replace minecraft:light_block",
             "@s ra:remove_shooting",
             "@s ra:remove_citori_725_shoot",
             "/effect @s[tag=from_ads] slowness 0 0",
             "/tag @s remove from_ads",
             "/tag @s remove has_left_shoot",
             "/tag @s remove 1_left"
            ]
        },
        "hipfire_1": {
          "animations": [ "citori_725.hipfire_shoot_1" ],
          "transitions": [  
            { "default": "!q.is_item_name_any('slot.weapon.mainhand', 0, 'ra:citori_725') || q.is_stackable || q.is_sleeping || q.health <= 0 || q.is_swimming" },
            { "reload": "!q.is_using_item && v.citori_725_ammo_count <= 0 && v.has_shotgun_ammo" },
            { "pre_hipfire": "!q.is_using_item && (q.life_time - v.citori_time) >= 0.1" }
          ],
          "on_entry": [ 
            "v.citori_time = q.life_time;",
            "@s ra:anim_trigger_1.pre_hipfire",
            "v.has_shotgun_ammo = q.variant == 1002;",
            "/effect @s[tag=from_ads] slowness 0 0",
            "/tag @s remove from_ads"
           ],
           "on_exit": [ 
             "v.has_shotgun_ammo = q.variant == 1002;",
             "/playanimation @s[tag=has_left_shoot,tag=0_left] animation.citori_725.after_burn",
             "/fill ~5~5~5 ~-5~-5~-5 minecraft:air [] replace minecraft:light_block",
             "/fill ~5~5~5 ~-5~~-5 minecraft:air [] replace minecraft:light_block",
             "@s ra:remove_shooting",
             "@s ra:remove_citori_725_shoot",
             "/effect @s[tag=from_ads] slowness 0 0",
             "/tag @s remove from_ads",
             "/tag @s remove has_left_shoot",
             "/tag @s remove 0_left"
            ]
        }
      }
    },
    "controller.animation.citori_725_ammo": {
      "initial_state": "default",
      "states": {
        "default": {
          "transitions": [ 
            { "activate": "v.citori_725_ammo_count >= 1 && q.is_item_name_any('slot.weapon.mainhand', 0, 'ra:citori_725') && !q.is_stackable && !q.is_sleeping" }
          ],
          "on_entry": [ 
            "@s ra:remove_has_ammo"
          ]
        },
        "activate": {
          "transitions": [ 
            { "default": "v.citori_725_ammo_count <= 0 || !q.is_item_name_any('slot.weapon.mainhand', 0, 'ra:citori_725') || q.is_stackable || q.is_sleeping || q.health <= 0 || q.is_swimming" }
          ],
          "on_entry": [ 
            "@s ra:has_ammo"
           ]
        }
      }
    },
    "controller.animation.citori_725_ammo_full": {
      "initial_state": "default",
      "states": {
        "default": {
          "transitions": [ 
            { "full": "v.citori_725_ammo_count >= 2 && q.is_item_name_any('slot.weapon.mainhand', 0, 'ra:citori_725') && !q.is_stackable && !q.is_sleeping" }
          ],
          "on_entry": [ 
            "@s ra:remove_ammo_full"
          ]
        },
        "full": {
          "transitions": [ 
            { "default": "v.citori_725_ammo_count <= 1 || !q.is_item_name_any('slot.weapon.mainhand', 0, 'ra:citori_725') || q.is_stackable || q.is_sleeping || q.health <= 0 || q.is_swimming" }
          ],
          "on_entry": [ 
            "@s ra:ammo_full"
           ]
        }
      }
    },
    "controller.animation.citori_725_ammo_display": {
      "initial_state": "default",
      "states": {
        "default": {
          "transitions": [ 
            { "activate": "q.is_item_name_any('slot.weapon.mainhand', 0, 'ra:citori_725') && !q.is_stackable && !q.is_sleeping" },
            { "citori_725_ammo_0": "v.citori_725_ammo_count == 0 && q.is_item_name_any('slot.weapon.mainhand', 0, 'ra:citori_725') && !q.is_stackable && !q.is_sleeping" },
            { "citori_725_ammo_1": "v.citori_725_ammo_count == 1 && q.is_item_name_any('slot.weapon.mainhand', 0, 'ra:citori_725') && !q.is_stackable && !q.is_sleeping" },
            { "citori_725_ammo_2": "v.citori_725_ammo_count == 2 && q.is_item_name_any('slot.weapon.mainhand', 0, 'ra:citori_725') && !q.is_stackable && !q.is_sleeping" }
          ],
          "on_entry": [ 
            "/title @s reset"
          ],
          "on_exit": [ 
            "/title @s times 2 99999 2"
          ]
        },
        "activate": {
          "transitions": [ 
            { "default": "!q.is_item_name_any('slot.weapon.mainhand', 0, 'ra:citori_725') || q.is_stackable || q.is_sleeping || q.health <= 0" },
            { "citori_725_ammo_0": "v.citori_725_ammo_count == 0 && q.is_item_name_any('slot.weapon.mainhand', 0, 'ra:citori_725') && !q.is_stackable && !q.is_sleeping" },
            { "citori_725_ammo_1": "v.citori_725_ammo_count == 1 && q.is_item_name_any('slot.weapon.mainhand', 0, 'ra:citori_725') && !q.is_stackable && !q.is_sleeping" },
            { "citori_725_ammo_2": "v.citori_725_ammo_count == 2 && q.is_item_name_any('slot.weapon.mainhand', 0, 'ra:citori_725') && !q.is_stackable && !q.is_sleeping" }
          ]
        },
        "citori_725_ammo_2": {
          "transitions": [ { "citori_725_ammo_1": "v.citori_725_ammo_count <= 1" }, { "activate": "v.citori_725_ammo_count >= 2" }, { "default": "!q.is_item_name_any('slot.weapon.mainhand', 0, 'ra:citori_725') || q.is_stackable || q.is_sleeping || q.health <= 0" } ],
          "on_entry": [ "/title @s actionbar §f2§f/2" ]
        },
        "citori_725_ammo_1": {
          "transitions": [ { "citori_725_ammo_0": "v.citori_725_ammo_count <= 0" }, { "activate": "v.citori_725_ammo_count >= 1" }, { "default": "!q.is_item_name_any('slot.weapon.mainhand', 0, 'ra:citori_725') || q.is_stackable || q.is_sleeping || q.health <= 0" } ],
          "on_entry": [ "/title @s actionbar §41§f/2" ]
        },
        "citori_725_ammo_0": {
          "transitions": [ { "activate": "v.citori_725_ammo_count != 0" }, { "default": "!q.is_item_name_any('slot.weapon.mainhand', 0, 'ra:citori_725') || q.is_stackable || q.is_sleeping || q.health <= 0" } ],
          "on_entry": [ "/title @s actionbar §40§f/2" ]
        }
      }
    },
		"controller.animation.shotgun_shell": {
			"initial_state": "default",
			"states": {
				"default": {
					"transitions": [
						{ "hurt": "q.variant == 1" },
						{ "air_hit": "!q.is_on_ground" },
						{ "drag": "q.is_on_ground && q.modified_move_speed > 0.1" }
					],
					"on_entry": [ "v.citori_time = q.life_time;" ]
				},
				"drag": {
					"transitions": [
						{ "hurt": "q.variant == 1" },
						{ "default": "q.variant == 0 || (q.is_on_ground && q.modified_move_speed < 0.1)" }
					],
					"on_entry": [
						"/playsound random.fizz @a[r=25] ~~~ 0.01 1.5 0.01",
						"/playsound grenade_ting @a[r=25] ~~~ 0.01 0.9 0.025",
						"/playsound shotgun_shell.ting @a[r=25] ~~~ 0.075 1 0.025",
						"/playsound shotgun_shell.impact_2 @a[r=25] ~~~ 0.15 1 0.025"
					]
				},
				"hurt": {
					"transitions": [
						{ "default": "q.variant == 0 || (q.life_time - v.citori_time) >= 0.25" }
					],
					"on_entry": [
            "v.citori_time = q.life_time;",
						"/playsound block.lantern.break @a[r=25] ~~~ 0.065 1.5 0.025",
						"/playsound grenade_ting @a[r=25] ~~~ 0.035 1.1 0.025",
						"/playsound shotgun_shell.ting @a[r=25] ~~~ 0.5 1.0 0.025",
						"/playsound shotgun_shell.impact_1 @a[r=25] ~~~ 0.7 1 0.025"
					],
					"on_exit": [
            "v.citori_time = q.life_time;",
            "@s ra:default"
					]
				},
				"air_hit": {
					"transitions": [
						{ "default": "q.is_on_ground" }
					],
					"on_exit": [
						"/playsound grenade_ting @a[r=25] ~~~ 0.035 1 0.025",
						"/playsound block.lantern.break @a[r=25] ~~~ 0.05 0.75 0.025",
						"/playsound shotgun_shell.ting @a[r=25] ~~~ 0.5 1.0 0.025",
						"/playsound shotgun_shell.impact @a[r=25] ~~~ 0.7 1.1 0.025"
					]
				}
			}
		}
  }
}