{
  "format_version": "1.10.0",
  "animation_controllers": {
    "controller.animation.desert_eagle_golden": {
      "initial_state": "default",
      "states": {
        "default": {
          "transitions": [
            { "pre_draw": "q.is_item_name_any('slot.weapon.mainhand', 0, 'ra:desert_eagle_golden') && !q.is_stackable && !q.is_sleeping && q.is_alive && !q.is_swimming" }
          ],
          "on_entry": [ 
            "/playsound gun_unholster  @s ~~~ 0.7 1 0.1",
            "/playsound gun_unholster.tp @a[r=12,rm=0.25] ~~~ 0.6 1 0.0075",
            "/stopsound @s desert_eagle_pullback",
            "/tag @s remove desert_eagle_golden",
            "/effect @s[tag=from_ads] slowness 0 0",
            "/tag @s remove from_ads",
            "@s ra:attack_value_1",
            "@s ra:clear_id",
            "@s ra:inspect.0",
            "/title @s title ra_hud.leave_ads"
           ],
          "on_exit": [ 
            "@s ra:items.8",
            "/playsound gun_holster @s ~~~ 0.8 1 0.1",
            "/playsound gun_holster.tp @a[r=12,rm=0.25] ~~~ 0.75 1 0.0075",
            "@s ra:attack_value_0"
          ]
        },

        "pre_draw": {
            "transitions": [
                { "default": "!q.is_item_name_any('slot.weapon.mainhand', 0, 'ra:desert_eagle_golden') || q.is_stackable || q.is_sleeping || q.health <= 0 || q.is_swimming" },
                { "draw": "v.desert_eagle_golden && !q.is_using_item && (q.life_time - v.desert_eagle_golden_bp_time) >= 0.15" },
                { "draw_1": "v.desert_eagle_golden && q.is_using_item && (q.life_time - v.desert_eagle_golden_bp_time) >= 0.1" }
            ],
            "on_entry": [ 
              "@s ra:items.8",
              "v.desert_eagle_golden_bp_time = q.life_time;",
              "/tag @s add desert_eagle_golden",
              "/title @s title ra_hud.enter_ads"
             ],
             "on_exit": [
              "@s ra:items.8",
              "v.desert_eagle_golden_bp_time = q.life_time;"
            ]
        },

        "draw": {
          "animations": [
            { "desert_eagle.draw": "v.desert_eagle_golden_ammo_count > 0" },
            { "desert_eagle_golden.check_ammo": "t.i = 0; loop(27, {(q.is_item_name_any('slot.inventory', t.i, 'ra:desert_eagle_clip') || q.is_item_name_any('slot.hotbar', t.i, 'ra:desert_eagle_clip')) ? {return true;}; t.i = t.i+1;});" }
          ],
          "transitions": [ 
            { "default": "!q.is_item_name_any('slot.weapon.mainhand', 0, 'ra:desert_eagle_golden') || q.is_stackable || q.is_sleeping || q.health <= 0 || q.is_swimming" },
            { "reload_empty": "(q.life_time - v.desert_eagle_golden_bp_time) >= 0.7 && v.desert_eagle_golden_ammo_count <= 0 && v.has_desert_eagle_golden_ammo" },
            { "ads": "q.is_sneaking && (q.life_time - v.desert_eagle_golden_bp_time) >= 1.2" },
            { "pre_hipfire": "!q.is_sneaking && q.is_using_item && (q.life_time - v.desert_eagle_golden_bp_time) >= 1.3 && v.desert_eagle_golden_ammo_count >= 1" },
            { "hold": "(q.life_time - v.desert_eagle_golden_bp_time) >= 1.5" }
          ],
          "on_entry": [ 
            "@s ra:items.8",
            "v.desert_eagle_golden_bp_time = q.life_time;",
            "v.has_desert_eagle_golden_ammo = q.variant == 1008;",
            "@s ra:draw",
            "/tag @s add desert_eagle_golden",
            "@s ra:attack_value_0",
            "/title @s title ra_hud.enter_ads"
           ],
           "on_exit": [ 
             "@s ra:items.8",
             "v.desert_eagle_golden_bp_time = q.life_time;",
             "v.has_desert_eagle_golden_ammo = q.variant == 1008;",
             "@s ra:remove_draw",
             "@s ra:attack_value_0"
            ]
        },

        "draw_1": {
          "animations": [
            { "desert_eagle.draw_1": "v.desert_eagle_golden_ammo_count > 0" },
            { "desert_eagle_golden.check_ammo": "t.i = 0; loop(27, {(q.is_item_name_any('slot.inventory', t.i, 'ra:desert_eagle_clip') || q.is_item_name_any('slot.hotbar', t.i, 'ra:desert_eagle_clip')) ? {return true;}; t.i = t.i+1;});" }
          ],
          "transitions": [ 
            { "default": "!q.is_item_name_any('slot.weapon.mainhand', 0, 'ra:desert_eagle_golden') || q.is_stackable || q.is_sleeping || q.health <= 0 || q.is_swimming" },
            { "reload_empty": "(q.life_time - v.desert_eagle_golden_bp_time) >= 0.5 && v.desert_eagle_golden_ammo_count <= 0 && v.has_desert_eagle_golden_ammo" },
            { "ads": "q.is_sneaking && (q.life_time - v.desert_eagle_golden_bp_time) >= 0.55" },
            { "pre_hipfire": "!q.is_sneaking && q.is_using_item && (q.life_time - v.desert_eagle_golden_bp_time) >= 0.7 && v.desert_eagle_golden_ammo_count >= 1" },
            { "hold": "(q.life_time - v.desert_eagle_golden_bp_time) >= 0.85" }
          ],
          "on_entry": [ 
            "@s ra:items.8",
            "v.desert_eagle_golden_bp_time = q.life_time;",
            "v.has_desert_eagle_golden_ammo = q.variant == 1008;",
            "/tag @s add desert_eagle_golden",
            "@s ra:attack_value_0",
            "/title @s title ra_hud.enter_ads"
           ],
           "on_exit": [ 
             "v.desert_eagle_golden_bp_time = q.life_time;",
             "v.has_desert_eagle_golden_ammo = q.variant == 1008;",
             "@s ra:attack_value_0"
            ]
        },

        "hold": {
          "animations": [
            { "desert_eagle_golden.check_ammo": "t.i = 0; loop(27, {(q.is_item_name_any('slot.inventory', t.i, 'ra:desert_eagle_clip') || q.is_item_name_any('slot.hotbar', t.i, 'ra:desert_eagle_clip')) ? {return true;}; t.i = t.i+1;});" }
          ],
          "transitions": [ 
            { "default": "!q.is_item_name_any('slot.weapon.mainhand', 0, 'ra:desert_eagle_golden') || q.is_stackable || q.is_sleeping || q.health <= 0 || q.is_swimming" } ,
            { "ads": "q.is_sneaking" },
            { "reload_empty": "v.desert_eagle_golden_ammo_count <= 0 && v.has_desert_eagle_golden_ammo" },
            { "reload": "v.attack_time >= 0.2 && (q.life_time - v.desert_eagle_golden_bp_time) >= 0.15 && v.desert_eagle_golden_ammo_count < 7 && v.has_desert_eagle_golden_ammo" },
            { "inspect": "v.attack_time >= 0.3 && !q.property('ra:slide_back_gold') && !q.is_sprinting && !q.is_sleeping && (q.life_time - v.desert_eagle_golden_bp_time) >= 0.15 && (v.desert_eagle_golden_ammo_count > 0)" },
            { "inspect_empty": "v.attack_time >= 0.3 && q.property('ra:slide_back_gold') && !q.is_sprinting && !q.is_sleeping && (q.life_time - v.desert_eagle_golden_bp_time) >= 0.15 && (v.desert_eagle_golden_ammo_count <= 0)" },
            { "pre_hipfire": "q.is_using_item" }
          ],
          "on_entry": [
            "v.desert_eagle_golden_bp_time = q.life_time;",
            "@s ra:inspect.0",
            "v.random_deagle = math.random_integer(1, 2);",
            "v.has_desert_eagle_golden_ammo = q.variant == 1008;",
            "@s ra:remove_has_desert_eagle_golden_ammo",
            "/effect @s[tag=from_ads] slowness 0 0",
            "/tag @s remove from_ads",
            "/tag @s add desert_eagle_golden",
            "/title @s title ra_hud.enter_ads",
            "@s ra:attack_value_0"
           ]
        },

        "inspect": {
          "animations": [
            { "desert_eagle.inspect": "v.desert_eagle_golden_ammo_count > 0" },
            { "desert_eagle_golden.check_ammo": "t.i = 0; loop(27, {(q.is_item_name_any('slot.inventory', t.i, 'ra:desert_eagle_clip') || q.is_item_name_any('slot.hotbar', t.i, 'ra:desert_eagle_clip')) ? {return true;}; t.i = t.i+1;});" }
          ],
          "transitions": [ 
            { "default": "!q.is_item_name_any('slot.weapon.mainhand', 0, 'ra:desert_eagle_golden') || q.is_stackable || q.is_sleeping || q.health <= 0 || q.is_swimming" },
            { "ads": "(q.life_time - v.desert_eagle_golden_bp_time) < 3.1 && q.is_sneaking && (q.life_time - v.desert_eagle_golden_bp_time) >= 0.555" },
            { "leave_inspect":"((q.life_time - v.desert_eagle_golden_bp_time) < 6 && (q.life_time - v.desert_eagle_golden_bp_time) > 3.1 && (q.is_sneaking || q.is_using_item)) || (q.is_sprinting && (q.life_time - v.desert_eagle_golden_bp_time) < 6 && (q.life_time - v.desert_eagle_golden_bp_time) > 3.1)" },
            { "pre_hipfire": "q.is_using_item && (q.life_time - v.desert_eagle_golden_bp_time) < 3.5 && (q.life_time - v.desert_eagle_golden_bp_time) >= 0.555" },
            { "hold": "(q.life_time - v.desert_eagle_golden_bp_time) > 6.55 || (q.is_sprinting && (q.life_time - v.desert_eagle_golden_bp_time) > 0.6 && (q.life_time - v.desert_eagle_golden_bp_time) < 3.1)" }
          ],
          "on_entry": [ 
            "v.desert_eagle_golden_bp_time = q.life_time;",
            "v.has_desert_eagle_golden_ammo = q.variant == 1008;",
            "@s ra:inspect.1",
            "@s ra:remove_has_desert_eagle_golden_ammo",
            "/effect @s[tag=from_ads] slowness 0 0",
            "/tag @s remove from_ads",
            "/title @s title ra_hud.enter_ads"
           ],
           "on_exit": [
            "@s ra:inspect.0"
           ]
        },
        "leave_inspect": {
          "animations": [
            { "desert_eagle.leave_inspect": "v.desert_eagle_golden_ammo_count > 0" },
            { "desert_eagle_golden.check_ammo": "t.i = 0; loop(27, {(q.is_item_name_any('slot.inventory', t.i, 'ra:desert_eagle_clip') || q.is_item_name_any('slot.hotbar', t.i, 'ra:desert_eagle_clip')) ? {return true;}; t.i = t.i+1;});" }
          ],
          "transitions": [ 
            { "default": "!q.is_item_name_any('slot.weapon.mainhand', 0, 'ra:desert_eagle_golden') || q.is_stackable || q.is_sleeping || q.health <= 0 || q.is_swimming" },
            { "ads": "q.is_sneaking && (q.life_time - v.desert_eagle_golden_bp_time) >= 0.6" },
            { "pre_hipfire": "q.is_using_item && (q.life_time - v.desert_eagle_golden_bp_time) >= 0.6" },
            { "hold": "!q.is_sneaking && !q.is_using_item && (q.life_time - v.desert_eagle_golden_bp_time) > 0.7" }
          ],
          "on_entry": [ 
            "v.desert_eagle_golden_bp_time = q.life_time;",
            "v.has_desert_eagle_golden_ammo = q.variant == 1008;",
            "@s ra:inspect.0",
            "@s ra:remove_has_desert_eagle_golden_ammo",
            "/title @s title ra_hud.enter_ads"
           ],
           "on_exit": [
            "@s ra:inspect.0"
           ]
        },
        "inspect_empty": {
          "animations": [
            { "desert_eagle.inspect_empty": "v.desert_eagle_golden_ammo_count <= 0" },
            { "desert_eagle.check_ammo": "t.i = 0; loop(27, {(q.is_item_name_any('slot.inventory', t.i, 'ra:desert_eagle_clip') || q.is_item_name_any('slot.hotbar', t.i, 'ra:desert_eagle_clip')) ? {return true;}; t.i = t.i+1;});" }
          ],
          "transitions": [ 
            { "default": "!q.is_item_name_any('slot.weapon.mainhand', 0, 'ra:desert_eagle_golden') || q.is_stackable || q.is_sleeping || q.health <= 0 || q.is_swimming" },
            { "ads": "q.is_sneaking" },
            { "reload_empty": "v.desert_eagle_golden_ammo_count <= 0 && v.has_desert_eagle_golden_ammo" },
            { "reload": "v.attack_time >= 0.2 && (q.life_time - v.desert_eagle_golden_bp_time) >= 0.15 && v.desert_eagle_golden_ammo_count < 7 && v.has_desert_eagle_golden_ammo" },
            { "pre_hipfire": "q.is_using_item && (q.life_time - v.desert_eagle_golden_bp_time) >= 0.15" },
            { "hold": "(!q.is_sneaking && !q.is_using_item && (q.life_time - v.desert_eagle_golden_bp_time) > 4.55) || q.is_sprinting" }
          ],
          "on_entry": [ 
            "v.desert_eagle_golden_bp_time = q.life_time;",
            "v.has_desert_eagle_golden_ammo = q.variant == 1008;",
            "@s ra:inspect.1",
            "@s ra:remove_has_desert_eagle_golden_ammo",
            "/title @s title ra_hud.enter_ads"
           ],
           "on_exit": [
            "@s ra:inspect.0"
           ]
        },

        "reload_empty": {
          "animations": [ "desert_eagle_golden.reload2" ],
          "transitions": [ 
            { "default": "!q.is_item_name_any('slot.weapon.mainhand', 0, 'ra:desert_eagle_golden') || q.is_stackable || q.is_sleeping || q.health <= 0 || q.is_swimming" },
            { "ads": "(q.life_time - v.desert_eagle_golden_bp_time) >= 1.975 && v.desert_eagle_golden_ammo_count >= 7 && q.is_sneaking" },
            { "hold": "(q.life_time - v.desert_eagle_golden_bp_time) >= 2.075 && v.desert_eagle_golden_ammo_count >= 7" }
          ],
          "on_entry": [
            "v.desert_eagle_golden_bp_time = q.life_time;",
            "@s ra:reloading_empty.1",
            "/playsound gun_holster @s ~~~ 0.8 1 0.1",
            "/playsound gun_holster.tp @a[r=12,rm=0.25] ~~~ 0.75 1 0.0075",
            "/effect @s[tag=from_ads] slowness 0 0",
            "/tag @s remove from_ads",
            "/title @s title ra_hud.enter_ads"
           ],
           "on_exit": [
            "@s ra:reloading_empty.0"
           ]
        },
        "reload": {
          "animations": [ "desert_eagle_golden.reload" ],
          "transitions": [ 
            { "default": "!q.is_item_name_any('slot.weapon.mainhand', 0, 'ra:desert_eagle_golden') || q.is_stackable || q.is_sleeping || q.health <= 0 || q.is_swimming" },
            { "hold": "(q.life_time - v.desert_eagle_golden_bp_time) >= 1.63 && v.desert_eagle_golden_ammo_count >= 7" },
            { "ads": "(q.life_time - v.desert_eagle_golden_bp_time) >= 1.55 && v.desert_eagle_golden_ammo_count >= 7 && q.is_sneaking" }
          ],
          "on_entry": [
            "v.desert_eagle_golden_bp_time = q.life_time;",
            "@s ra:reloading",
            "/playsound gun_holster @s ~~~ 0.8 1 0.1",
            "/playsound gun_holster.tp @a[r=12,rm=0.25] ~~~ 0.75 1 0.0075",
            "/effect @s[tag=from_ads] slowness 0 0",
            "/tag @s remove from_ads",
            "/title @s title ra_hud.enter_ads"
           ],
           "on_exit": [
            "@s ra:remove_reloading"
           ]
        },
        
        "ads": {
          "animations": [
            { "desert_eagle.out_of_ammo": "q.is_using_item && v.desert_eagle_golden_ammo_count <= 0" },
            { "desert_eagle_golden.check_ammo": "t.i = 0; loop(27, {(q.is_item_name_any('slot.inventory', t.i, 'ra:desert_eagle_clip') || q.is_item_name_any('slot.hotbar', t.i, 'ra:desert_eagle_clip')) ? {return true;}; t.i = t.i+1;});" }
          ],
          "transitions": [  
            { "default": "!q.is_item_name_any('slot.weapon.mainhand', 0, 'ra:desert_eagle_golden') || q.is_stackable || q.is_sleeping || q.health <= 0 || q.is_swimming" },
            { "reload_empty": "((!q.is_sneaking || v.attack_time >= 0.2 ) && v.desert_eagle_golden_ammo_count <= 0 && v.has_desert_eagle_golden_ammo)" },
            { "reload": "v.attack_time >= 0.2 && (q.life_time - v.desert_eagle_golden_bp_time) >= 0.15 && v.desert_eagle_golden_ammo_count > 0 && v.desert_eagle_golden_ammo_count < 7 && v.has_desert_eagle_golden_ammo" },
            { "hold": "!q.is_sneaking" },
            { "shoot_ads": "q.is_sneaking && q.is_using_item && (q.life_time - v.desert_eagle_golden_bp_time) >= 0.05 && v.desert_eagle_golden_ammo_count > 0" }
          ],
          "on_entry": [ 
            "v.desert_eagle_golden_bp_time = q.life_time;",
            "v.random_deagle = math.random_integer(1, 2);",
            "v.has_desert_eagle_golden_ammo = q.variant == 1008;",
            "@s ra:remove_has_desert_eagle_golden_ammo",
            "/effect @s[tag=red_dot] slowness 99999 1 true",
            "/playsound cloth_high @s ~~~ 0.75 1.15 1",
            "/playsound cloth_high.tp @a[r=12,rm=0.25] ~~~ 0.5 1.15 0.0075",
            "/tag @s add from_ads",
            "/title @s title ra_hud.enter_ads"
           ],
           "on_exit": [ 
            "/playsound cloth_high @s ~~~ 0.5 1 1",
            "/playsound cloth_high.tp @a[r=12,rm=0.25] ~~~ 0.5 1 0.0075"
            ]
        },
        
        "shoot_ads": {
          "animations": [
            { "desert_eagle_golden.ads_fire": "v.random_deagle == 1" },
            { "desert_eagle_golden.ads_fire.1": "v.random_deagle == 2" },
            "desert_eagle.casing"
          ],
          "transitions": [  
            { "default": "!q.is_item_name_any('slot.weapon.mainhand', 0, 'ra:desert_eagle_golden') || q.is_stackable || q.is_sleeping || q.health <= 0 || q.is_swimming" },
            { "ads": "(!q.is_using_item || v.desert_eagle_golden_ammo_count <= 0) && (q.life_time - v.desert_eagle_golden_bp_time) >= 0.1" }
          ],
          "on_entry": [ 
            "v.desert_eagle_golden_bp_time = q.life_time;",
            "v.random_deagle = math.random_integer(1, 2);",
            "v.has_desert_eagle_golden_ammo = q.variant == 1008;",
            "v.desert_eagle_golden_ammo_count = v.desert_eagle_golden_ammo_count - 1;",
            "/playsound desert_eagle.pull @s ~~~ 0.5 1.3 1",
            "/playsound desert_eagle.pull.tp @a[r=16,rm=0.25] ~~~ 0.35 1.3 0.0075",
            "/playsound desert_eagle.shoot @a[r=20] ^^^1 1.25 1 0.1",
            "/playsound desert_eagle.shoot @a[r=50,rm=20] ^^^1 2.5 1 0.05",
            "/playsound desert_eagle.shoot @a[r=100,rm=50] ^^^1 5 1 0.005",
            "/event entity @s[tag=!red_dot] ra:desert_eagle_golden.ads_shoot",
            "/event entity @s[tag=red_dot] ra:desert_eagle_golden.red_dot.ads_shoot",
            "/camerashake add @s 0.075 0.15 rotational",
            "/title @s title ra_hud.enter_ads",
            "/fill ~1~1~1 ~-1~1~-1 minecraft:light_block [\"block_light_level\":11] replace minecraft:air"
           ],
           "on_exit": [
            "/fill ~5~5~5 ~-5~-5~-5 minecraft:air [] replace minecraft:light_block",
            "/fill ~5~5~5 ~-5~~-5 minecraft:air [] replace minecraft:light_block"
            ]
        },
        
        "pre_hipfire": {
          "animations": [
            { "desert_eagle.out_of_ammo": "q.is_using_item && v.desert_eagle_golden_ammo_count <= 0" }
          ],
          "transitions": [  
            { "default": "!q.is_item_name_any('slot.weapon.mainhand', 0, 'ra:desert_eagle_golden') || q.is_stackable || q.is_sleeping || q.health <= 0 || q.is_swimming" },
            { "reload_empty": "v.desert_eagle_golden_ammo_count <= 0 && v.has_desert_eagle_golden_ammo" },
            { "hold": "!q.is_using_item && (q.life_time - v.desert_eagle_golden_bp_time) >= 0.15" },
            { "ads": "q.is_sneaking && v.desert_eagle_golden_ammo_count > 0" },
            { "hipfire": "q.is_using_item && v.desert_eagle_golden_ammo_count > 0 && (q.life_time - v.desert_eagle_golden_bp_time) >= 0.065" }
          ],
          "on_entry": [ 
            "v.desert_eagle_golden_bp_time = q.life_time;",
            "@s ra:remove_has_desert_eagle_golden_ammo",
            "/effect @s[tag=from_ads] slowness 0 0",
            "/tag @s remove from_ads",
            "/title @s title ra_hud.enter_ads"
           ]
        },
        
        "pre_hipfire2": {
          "animations": [
            { "desert_eagle.out_of_ammo": "q.is_using_item && v.desert_eagle_golden_ammo_count <= 0" }
          ],
          "transitions": [  
            { "default": "!q.is_item_name_any('slot.weapon.mainhand', 0, 'ra:desert_eagle_golden') || q.is_stackable || q.is_sleeping || q.health <= 0 || q.is_swimming" },
            { "reload_empty": "v.desert_eagle_golden_ammo_count <= 0 && v.has_desert_eagle_golden_ammo" },
            { "hold": "!q.is_using_item && (q.life_time - v.desert_eagle_golden_bp_time) >= 0.75" },
            { "ads": "q.is_sneaking && v.desert_eagle_golden_ammo_count > 0" },
            { "hipfire": "q.is_using_item && v.desert_eagle_golden_ammo_count > 0" }
          ],
          "on_entry": [ 
            "v.desert_eagle_golden_bp_time = q.life_time;",
            "@s ra:remove_has_desert_eagle_golden_ammo",
            "/effect @s[tag=from_ads] slowness 0 0",
            "/tag @s remove from_ads",
            "/title @s title ra_hud.enter_ads"
           ]
        },
        
        "hipfire": {
          "animations": [ "desert_eagle.hipfire" ],
          "transitions": [  
            { "default": "!q.is_item_name_any('slot.weapon.mainhand', 0, 'ra:desert_eagle_golden') || q.is_stackable || q.is_sleeping || q.health <= 0 || q.is_swimming" },
            { "pre_hipfire2": "!q.is_using_item" }
          ],
          "on_entry": [
            "v.desert_eagle_golden_bp_time = q.life_time;",
            "v.has_desert_eagle_golden_ammo = q.variant == 1008;",
            "/effect @s[tag=from_ads] slowness 0 0",
            "/tag @s remove from_ads",
            "/playanimation @s animation.desert_eagle_golden.hipfire.fp",
            "/playsound desert_eagle.pull @s ~~~ 0.5 1.3 1",
            "/playsound desert_eagle.pull.tp @a[r=16,rm=0.25] ~~~ 0.35 1.3 0.0075",
            "/playsound desert_eagle.shoot @a[r=20] ^^^1.5 1.25 1 0.1",
            "/playsound desert_eagle.shoot @a[r=50,rm=20] ^^^1.5 2.5 1 0.05",
            "/playsound desert_eagle.shoot @a[r=100,rm=50] ^^^1.5 5 1 0.005",
            "v.desert_eagle_golden_ammo_count = v.desert_eagle_golden_ammo_count - 1;",
            "@s ra:desert_eagle_golden.hipfire",
            "/camerashake add @s 0.09 0.15 rotational",
            "/title @s title ra_hud.enter_ads",
            "/fill ~1~1~1 ~-1~1~-1 minecraft:light_block [\"block_light_level\":11] replace minecraft:air"
           ],
           "on_exit": [
            "/fill ~5~5~5 ~-5~-5~-5 minecraft:air [] replace minecraft:light_block",
            "/fill ~5~5~5 ~-5~~-5 minecraft:air [] replace minecraft:light_block",
            "@s ra:remove_desert_eagle_golden.hipfire"
           ]
        }
      }
    },
    "controller.animation.desert_eagle_golden.empty": {
      "initial_state": "default",
      "states": {
        "default": {
          "animations": [
            { "desert_eagle.red_dot_tf": "q.is_item_name_any('slot.weapon.mainhand', 0, 'ra:desert_eagle_golden')" }
          ],
          "transitions": [ 
            { "activate": "v.desert_eagle_golden_ammo_count <= 0 && q.is_item_name_any('slot.weapon.mainhand', 0, 'ra:desert_eagle_golden') && !q.is_stackable && !q.is_sleeping" }
          ],
          "on_entry": [ 
            "@s ra:slide_back_gold.0"
          ]
        },
        "activate": {
          "animations": [
            { "desert_eagle.red_dot_tf": "q.is_item_name_any('slot.weapon.mainhand', 0, 'ra:desert_eagle_golden')" }
          ],
          "transitions": [ 
            { "default": "v.desert_eagle_golden_ammo_count > 0 || !q.is_item_name_any('slot.weapon.mainhand', 0, 'ra:desert_eagle_golden') || q.is_stackable || q.is_sleeping || q.health <= 0" }
          ],
          "on_entry": [ 
            "@s ra:slide_back_gold.1"
           ]
        }
      }
    },
    "controller.animation.desert_eagle_golden.ammo": {
      "initial_state": "default",
      "states": {
        "default": {
          "transitions": [ 
            { "activate": "v.desert_eagle_golden_ammo_count >= 1 && q.is_item_name_any('slot.weapon.mainhand', 0, 'ra:desert_eagle_golden') && !q.is_stackable && !q.is_sleeping" }
          ],
          "on_entry": [ 
            "@s ra:remove_has_ammo"
          ]
        },
        "activate": {
          "transitions": [ 
            { "default": "v.desert_eagle_golden_ammo_count <= 0 || !q.is_item_name_any('slot.weapon.mainhand', 0, 'ra:desert_eagle_golden') || q.is_stackable || q.is_sleeping || q.health <= 0" }
          ],
          "on_entry": [ 
            "@s ra:has_ammo"
           ]
        }
      }
    },
    "controller.animation.desert_eagle_golden.ammo_full": {
      "initial_state": "default",
      "states": {
        "default": {
          "transitions": [ 
            { "full": "v.desert_eagle_golden_ammo_count >= 7 && q.is_item_name_any('slot.weapon.mainhand', 0, 'ra:desert_eagle_golden') && !q.is_stackable && !q.is_sleeping" }
          ],
          "on_entry": [ 
            "@s ra:remove_ammo_full"
          ]
        },
        "full": {
          "transitions": [ 
            { "default": "v.desert_eagle_golden_ammo_count <= 7 || !q.is_item_name_any('slot.weapon.mainhand', 0, 'ra:desert_eagle_golden') || q.is_stackable || q.is_sleeping || q.health <= 0" }
          ],
          "on_entry": [ 
            "@s ra:ammo_full"
           ]
        }
      }
    },
    "controller.animation.desert_eagle_golden.ammo_display": {
      "initial_state": "default",
      "states": {
        "default": {
          "transitions": [ 
            { "activate": "q.is_item_name_any('slot.weapon.mainhand', 0, 'ra:desert_eagle_golden') && !q.is_stackable && !q.is_sleeping" },
            { "desert_eagle_golden_ammo_0": "v.desert_eagle_golden_ammo_count <= 0 && q.is_item_name_any('slot.weapon.mainhand', 0, 'ra:desert_eagle_golden') && !q.is_stackable && !q.is_sleeping" },
            { "desert_eagle_golden_ammo_1": "v.desert_eagle_golden_ammo_count == 1 && q.is_item_name_any('slot.weapon.mainhand', 0, 'ra:desert_eagle_golden') && !q.is_stackable && !q.is_sleeping" },
            { "desert_eagle_golden_ammo_2": "v.desert_eagle_golden_ammo_count == 2 && q.is_item_name_any('slot.weapon.mainhand', 0, 'ra:desert_eagle_golden') && !q.is_stackable && !q.is_sleeping" },
            { "desert_eagle_golden_ammo_3": "v.desert_eagle_golden_ammo_count == 3 && q.is_item_name_any('slot.weapon.mainhand', 0, 'ra:desert_eagle_golden') && !q.is_stackable && !q.is_sleeping" },
            { "desert_eagle_golden_ammo_4": "v.desert_eagle_golden_ammo_count == 4 && q.is_item_name_any('slot.weapon.mainhand', 0, 'ra:desert_eagle_golden') && !q.is_stackable && !q.is_sleeping" },
            { "desert_eagle_golden_ammo_5": "v.desert_eagle_golden_ammo_count == 5 && q.is_item_name_any('slot.weapon.mainhand', 0, 'ra:desert_eagle_golden') && !q.is_stackable && !q.is_sleeping" },
            { "desert_eagle_golden_ammo_6": "v.desert_eagle_golden_ammo_count == 6 && q.is_item_name_any('slot.weapon.mainhand', 0, 'ra:desert_eagle_golden') && !q.is_stackable && !q.is_sleeping" },
            { "desert_eagle_golden_ammo_7": "v.desert_eagle_golden_ammo_count == 7 && q.is_item_name_any('slot.weapon.mainhand', 0, 'ra:desert_eagle_golden') && !q.is_stackable && !q.is_sleeping" },
            { "desert_eagle_golden_ammo_8": "v.desert_eagle_golden_ammo_count == 8 && q.is_item_name_any('slot.weapon.mainhand', 0, 'ra:desert_eagle_golden') && !q.is_stackable && !q.is_sleeping" },
            { "desert_eagle_golden_ammo_9": "v.desert_eagle_golden_ammo_count == 9 && q.is_item_name_any('slot.weapon.mainhand', 0, 'ra:desert_eagle_golden') && !q.is_stackable && !q.is_sleeping" },
            { "desert_eagle_golden_ammo_10": "v.desert_eagle_golden_ammo_count == 10 && q.is_item_name_any('slot.weapon.mainhand', 0, 'ra:desert_eagle_golden') && !q.is_stackable && !q.is_sleeping" },
            { "desert_eagle_golden_ammo_11": "v.desert_eagle_golden_ammo_count == 11 && q.is_item_name_any('slot.weapon.mainhand', 0, 'ra:desert_eagle_golden') && !q.is_stackable && !q.is_sleeping" },
            { "desert_eagle_golden_ammo_12": "v.desert_eagle_golden_ammo_count == 12 && q.is_item_name_any('slot.weapon.mainhand', 0, 'ra:desert_eagle_golden') && !q.is_stackable && !q.is_sleeping" },
            { "desert_eagle_golden_ammo_13": "v.desert_eagle_golden_ammo_count == 13 && q.is_item_name_any('slot.weapon.mainhand', 0, 'ra:desert_eagle_golden') && !q.is_stackable && !q.is_sleeping" }
          ],
          "on_entry": [ 
            "/title @s reset"
          ],
          "on_exit": [ 
            "/title @s times 2 99999 2"
          ]
        },
        "activate": {
          "transitions": [ 
            { "default": "!q.is_item_name_any('slot.weapon.mainhand', 0, 'ra:desert_eagle_golden') || q.is_stackable || q.is_sleeping || q.health <= 0 || q.is_swimming" },
            { "desert_eagle_golden_ammo_0": "v.desert_eagle_golden_ammo_count <= 0 && q.is_item_name_any('slot.weapon.mainhand', 0, 'ra:desert_eagle_golden') && !q.is_stackable && !q.is_sleeping" },
            { "desert_eagle_golden_ammo_1": "v.desert_eagle_golden_ammo_count == 1 && q.is_item_name_any('slot.weapon.mainhand', 0, 'ra:desert_eagle_golden') && !q.is_stackable && !q.is_sleeping" },
            { "desert_eagle_golden_ammo_2": "v.desert_eagle_golden_ammo_count == 2 && q.is_item_name_any('slot.weapon.mainhand', 0, 'ra:desert_eagle_golden') && !q.is_stackable && !q.is_sleeping" },
            { "desert_eagle_golden_ammo_3": "v.desert_eagle_golden_ammo_count == 3 && q.is_item_name_any('slot.weapon.mainhand', 0, 'ra:desert_eagle_golden') && !q.is_stackable && !q.is_sleeping" },
            { "desert_eagle_golden_ammo_4": "v.desert_eagle_golden_ammo_count == 4 && q.is_item_name_any('slot.weapon.mainhand', 0, 'ra:desert_eagle_golden') && !q.is_stackable && !q.is_sleeping" },
            { "desert_eagle_golden_ammo_5": "v.desert_eagle_golden_ammo_count == 5 && q.is_item_name_any('slot.weapon.mainhand', 0, 'ra:desert_eagle_golden') && !q.is_stackable && !q.is_sleeping" },
            { "desert_eagle_golden_ammo_6": "v.desert_eagle_golden_ammo_count == 6 && q.is_item_name_any('slot.weapon.mainhand', 0, 'ra:desert_eagle_golden') && !q.is_stackable && !q.is_sleeping" },
            { "desert_eagle_golden_ammo_7": "v.desert_eagle_golden_ammo_count == 7 && q.is_item_name_any('slot.weapon.mainhand', 0, 'ra:desert_eagle_golden') && !q.is_stackable && !q.is_sleeping" },
            { "desert_eagle_golden_ammo_8": "v.desert_eagle_golden_ammo_count == 8 && q.is_item_name_any('slot.weapon.mainhand', 0, 'ra:desert_eagle_golden') && !q.is_stackable && !q.is_sleeping" },
            { "desert_eagle_golden_ammo_9": "v.desert_eagle_golden_ammo_count == 9 && q.is_item_name_any('slot.weapon.mainhand', 0, 'ra:desert_eagle_golden') && !q.is_stackable && !q.is_sleeping" },
            { "desert_eagle_golden_ammo_10": "v.desert_eagle_golden_ammo_count == 10 && q.is_item_name_any('slot.weapon.mainhand', 0, 'ra:desert_eagle_golden') && !q.is_stackable && !q.is_sleeping" },
            { "desert_eagle_golden_ammo_11": "v.desert_eagle_golden_ammo_count == 11 && q.is_item_name_any('slot.weapon.mainhand', 0, 'ra:desert_eagle_golden') && !q.is_stackable && !q.is_sleeping" },
            { "desert_eagle_golden_ammo_12": "v.desert_eagle_golden_ammo_count == 12 && q.is_item_name_any('slot.weapon.mainhand', 0, 'ra:desert_eagle_golden') && !q.is_stackable && !q.is_sleeping" },
            { "desert_eagle_golden_ammo_13": "v.desert_eagle_golden_ammo_count == 13 && q.is_item_name_any('slot.weapon.mainhand', 0, 'ra:desert_eagle_golden') && !q.is_stackable && !q.is_sleeping" }
          ]
        },
        "desert_eagle_golden_ammo_13": {
          "transitions": [ { "desert_eagle_golden_ammo_12": "v.desert_eagle_golden_ammo_count <= 12" }, { "activate": "v.desert_eagle_golden_ammo_count >= 13" }, { "default": "!q.is_item_name_any('slot.weapon.mainhand', 0, 'ra:desert_eagle_golden') || q.is_stackable || q.is_sleeping || q.health <= 0" } ],
          "on_entry": [ "/title @s actionbar 13/7" ]
        },
        "desert_eagle_golden_ammo_12": {
          "transitions": [ { "desert_eagle_golden_ammo_11": "v.desert_eagle_golden_ammo_count <= 11" }, { "activate": "v.desert_eagle_golden_ammo_count >= 12" }, { "default": "!q.is_item_name_any('slot.weapon.mainhand', 0, 'ra:desert_eagle_golden') || q.is_stackable || q.is_sleeping || q.health <= 0" } ],
          "on_entry": [ "/title @s actionbar 12/7" ]
        },
        "desert_eagle_golden_ammo_11": {
          "transitions": [ { "desert_eagle_golden_ammo_10": "v.desert_eagle_golden_ammo_count <= 10" }, { "activate": "v.desert_eagle_golden_ammo_count >= 11" }, { "default": "!q.is_item_name_any('slot.weapon.mainhand', 0, 'ra:desert_eagle_golden') || q.is_stackable || q.is_sleeping || q.health <= 0" } ],
          "on_entry": [ "/title @s actionbar 11/10" ]
        },
        "desert_eagle_golden_ammo_10": {
          "transitions": [ { "desert_eagle_golden_ammo_9": "v.desert_eagle_golden_ammo_count <= 9" }, { "activate": "v.desert_eagle_golden_ammo_count >= 10" }, { "default": "!q.is_item_name_any('slot.weapon.mainhand', 0, 'ra:desert_eagle_golden') || q.is_stackable || q.is_sleeping || q.health <= 0" } ],
          "on_entry": [ "/title @s actionbar 10/10" ]
        },

        "desert_eagle_golden_ammo_9": {
          "transitions": [ { "desert_eagle_golden_ammo_8": "v.desert_eagle_golden_ammo_count <= 8" }, { "activate": "v.desert_eagle_golden_ammo_count >= 9" }, { "default": "!q.is_item_name_any('slot.weapon.mainhand', 0, 'ra:desert_eagle_golden') || q.is_stackable || q.is_sleeping || q.health <= 0" } ],
          "on_entry": [ "/title @s actionbar 9/10" ]
        },
        "desert_eagle_golden_ammo_8": {
          "transitions": [ { "desert_eagle_golden_ammo_7": "v.desert_eagle_golden_ammo_count <= 7" }, { "activate": "v.desert_eagle_golden_ammo_count >= 8" }, { "default": "!q.is_item_name_any('slot.weapon.mainhand', 0, 'ra:desert_eagle_golden') || q.is_stackable || q.is_sleeping || q.health <= 0" } ],
          "on_entry": [ "/title @s actionbar 8§f/10" ]
        },
        "desert_eagle_golden_ammo_7": {
          "transitions": [ { "desert_eagle_golden_ammo_6": "v.desert_eagle_golden_ammo_count <= 6" }, { "activate": "v.desert_eagle_golden_ammo_count >= 7" }, { "default": "!q.is_item_name_any('slot.weapon.mainhand', 0, 'ra:desert_eagle_golden') || q.is_stackable || q.is_sleeping || q.health <= 0" } ],
          "on_entry": [ "/title @s actionbar 7§f/10" ]
        },
        "desert_eagle_golden_ammo_6": {
          "transitions": [ { "desert_eagle_golden_ammo_5": "v.desert_eagle_golden_ammo_count <= 5" }, { "activate": "v.desert_eagle_golden_ammo_count >= 6" }, { "default": "!q.is_item_name_any('slot.weapon.mainhand', 0, 'ra:desert_eagle_golden') || q.is_stackable || q.is_sleeping || q.health <= 0" } ],
          "on_entry": [ "/title @s actionbar 6§f/10" ]
        },
        "desert_eagle_golden_ammo_5": {
          "transitions": [ { "desert_eagle_golden_ammo_4": "v.desert_eagle_golden_ammo_count <= 4" }, { "activate": "v.desert_eagle_golden_ammo_count >= 5" }, { "default": "!q.is_item_name_any('slot.weapon.mainhand', 0, 'ra:desert_eagle_golden') || q.is_stackable || q.is_sleeping || q.health <= 0" } ],
          "on_entry": [ "/title @s actionbar 5§f/10" ]
        },
        "desert_eagle_golden_ammo_4": {
          "transitions": [ { "desert_eagle_golden_ammo_3": "v.desert_eagle_golden_ammo_count <= 3" }, { "activate": "v.desert_eagle_golden_ammo_count >= 4" }, { "default": "!q.is_item_name_any('slot.weapon.mainhand', 0, 'ra:desert_eagle_golden') || q.is_stackable || q.is_sleeping || q.health <= 0" } ],
          "on_entry": [ "/title @s actionbar §c4§f/10" ]
        },
        "desert_eagle_golden_ammo_3": {
          "transitions": [ { "desert_eagle_golden_ammo_2": "v.desert_eagle_golden_ammo_count <= 2" }, { "activate": "v.desert_eagle_golden_ammo_count >= 3" }, { "default": "!q.is_item_name_any('slot.weapon.mainhand', 0, 'ra:desert_eagle_golden') || q.is_stackable || q.is_sleeping || q.health <= 0" } ],
          "on_entry": [ "/title @s actionbar §c3§f/10" ]
        },
        "desert_eagle_golden_ammo_2": {
          "transitions": [ { "desert_eagle_golden_ammo_1": "v.desert_eagle_golden_ammo_count <= 1" }, { "activate": "v.desert_eagle_golden_ammo_count >= 2" }, { "default": "!q.is_item_name_any('slot.weapon.mainhand', 0, 'ra:desert_eagle_golden') || q.is_stackable || q.is_sleeping || q.health <= 0" } ],
          "on_entry": [ "/title @s actionbar §42§f/10" ]
        },
        "desert_eagle_golden_ammo_1": {
          "transitions": [ { "desert_eagle_golden_ammo_0": "v.desert_eagle_golden_ammo_count <= 0" }, { "activate": "v.desert_eagle_golden_ammo_count >= 1" }, { "default": "!q.is_item_name_any('slot.weapon.mainhand', 0, 'ra:desert_eagle_golden') || q.is_stackable || q.is_sleeping || q.health <= 0" } ],
          "on_entry": [ "/title @s actionbar §41§f/10" ]
        },
        "desert_eagle_golden_ammo_0": {
          "transitions": [ { "activate": "v.desert_eagle_golden_ammo_count <= 0" }, { "activate": "v.desert_eagle_golden_ammo_count >= 0" }, { "default": "!q.is_item_name_any('slot.weapon.mainhand', 0, 'ra:desert_eagle_golden') || q.is_stackable || q.is_sleeping || q.health <= 0" } ],
          "on_entry": [ "/title @s actionbar §40§f/10" ]
        }
      }
    }
  }
}