{
  "format_version": "1.10.0",
  "animation_controllers": {
    "controller.animation.grenade": {
      "initial_state": "default",
      "states": {
        "default": {
          "transitions": [
            { "draw": "q.is_item_name_any('slot.weapon.mainhand', 0, 'ra:grenade') && !q.is_stackable && !q.is_sleeping && q.is_alive && !q.is_swimming" }
          ],
          "on_entry": [
            "/scoreboard players set @s grenade_timer 0",
            "/scoreboard objectives remove grenade_timer",
            "/tag @s remove grenade_active",
            "@s ra:remove_grenade.throw_trigger",
            "@s ra:remove_grenade.pull_pin",
            "@s ra:attack_value_1",
            "@s ra:clear_id",
            "@s ra:remove_explode",
            "/title @s title ra_hud.leave_ads"
          ],
          "on_exit": [
            "@s ra:items.12"
          ]
        },

        "draw": {
          "animations": ["grenade.set_id"],
          "transitions": [ 
            { "default": "!q.is_item_name_any('slot.weapon.mainhand', 0, 'ra:grenade') || q.is_stackable || q.is_sleeping || q.health <= 0 || q.is_swimming" },
            { "holding": "!q.is_using_item && (q.life_time - v.grenade_tic_time) >= 0.66" },
            { "charge": "(q.is_using_item || q.is_using_item) && (q.life_time - v.grenade_tic_time) >= 0.475" }
          ],
          "on_entry": [ 
            "@s ra:items.12",
            "v.grenade_tic_time = q.life_time;",
            "@s ra:attack_value_0",
            "@s ra:clear_id",
            "@s ra:remove_explode",
            "/title @s title ra_hud.enter_ads"
           ]
        },

        "holding": {
          "transitions": [
            { "default": "!q.is_item_name_any('slot.weapon.mainhand', 0, 'ra:grenade') || q.is_stackable || q.is_sleeping || q.health <= 0 || q.is_swimming" },
            { "charge": "q.is_using_item || q.is_sneaking" }
          ],
          "on_entry": [
            "@s ra:items.12",
            "v.grenade_tic_time = q.life_time;",
            "@s ra:attack_value_0",
            "@s ra:clear_id",
            "@s ra:remove_explode",
            "/title @s title ra_hud.enter_ads"
          ],
          "on_exit": [ "@s ra:clear_id" ]
        },

        "charge": {
          "transitions": [
            { "default": "!q.is_item_name_any('slot.weapon.mainhand', 0, 'ra:grenade') || q.is_stackable || q.is_sleeping || q.health <= 0 || q.is_swimming" },
            { "holding": "!q.is_sneaking && !q.is_using_item" },
            { "pull_pin": "q.is_using_item && (q.life_time - v.grenade_tic_time) >= 0.35" }
          ],
          "on_entry": [
            "v.grenade_tic_time = q.life_time;",
            "@s ra:clear_id",
            "@s ra:remove_explode",
            "/title @s title ra_hud.enter_ads"
          ],
          "on_exit": [ "@s ra:clear_id" ]
        },

        "pull_pin": {
          "animations": ["grenade.pull_pin"],
          "transitions": [
            { "default": "!q.is_item_name_any('slot.weapon.mainhand', 0, 'ra:grenade') || q.is_stackable || q.is_sleeping || q.health <= 0 || q.is_swimming" },
            { "pre_throw": "(q.life_time - v.grenade_tic_time) >= 0.84" }
          ],
          "on_entry": [
            "v.grenade_tic_time = q.life_time;",
            "@s ra:grenade.pull_pin",
            "/scoreboard objectives add grenade_timer dummy grenade_timer"
          ],
          "on_exit": [ "@s ra:clear_id" ]
        },

        "pre_throw": {
          "animations": [ "grenade_countdown" ],
          "transitions": [
            { "default": "!q.is_item_name_any('slot.weapon.mainhand', 0, 'ra:grenade') || q.is_stackable || q.is_sleeping || q.health <= 0 || q.is_swimming" },
            { "throw": "!q.is_using_item && (q.life_time - v.grenade_tic_time) >= 0.1" },
            { "explode": "(q.life_time - v.grenade_tic_time) >= 4.75" }
          ],
          "on_entry": [
            "/tag @s add grenade_active"
          ],
          "on_exit": [
            "@s ra:remove_grenade.pull_pin"
          ]
        },

        "explode": {
          "transitions": [
            { "default": "((!q.is_item_name_any('slot.weapon.mainhand', 0, 'ra:grenade') || q.is_stackable || q.is_sleeping || q.health <= 0 || q.is_swimming && (q.life_time - v.grenade_tic_time) >= 0.5) || (q.is_alive && (q.life_time - v.grenade_tic_time) >= 0.5) || ((q.life_time - v.grenade_tic_time) >= 1.25))" }
          ],
          "on_entry": [
            "v.grenade_tic_time = q.life_time;",
            "/event entity @e[r=2] ra:explode",
            "/tag @s remove grenade_active",
            "/scoreboard players set @s grenade_timer 0",
            "/summon ra:grenade.projectile_landed ~~~ 0 0 ra:grenade_explode",
            "/playsound explosion_ringing @a[r=5] ~~~ 0.9 1 0.15",
            "/playsound explosion_ringing_1 @a[r=10,rm=5] ~~~ 0.9 1 0.15",
            "/playsound ra:explode @a[r=100] ~~~ 0.8 0.65 0.1",
            "/playsound ra:explode @a[r=100] ~~~ 0.9 1 0.1",
            "/playsound ra:explode1 @a[r=100] ~~~ 0.9 1 0.1",
            "/particle ra:explosion.fire_burst ^^^",
            "/particle ra:explosion.flash ^^^",
            "/particle ra:explosion.smoke_0 ^^0.75^",
            "/particle ra:explosion.smoke_1 ^^0.5^",
            "/particle ra:explosion.sparks ^^0.25^",
            "/particle ra:explosion.sparks_1 ^^^",
            "/clear @s ra:grenade 0 1",
            "/camerashake add @a[r=5] 0.3 0.25 rotational",
            "/camerashake add @a[r=10] 0.2 0.25 rotational",
            "/camerashake add @a[r=15] 0.1 0.25 rotational",
            "/summon ra:explode_knockback ~~~"
          ],
          "on_exit": [
            "v.grenade_tic_time = q.life_time;",
            "@s ra:clear_id"
          ]
        },

        "throw": {
          "transitions": [
            { "default": "!q.is_item_name_any('slot.weapon.mainhand', 0, 'ra:grenade') || q.is_stackable || q.is_sleeping || q.health <= 0 || q.is_swimming" },
            { "holding": "!q.is_using_item && (q.life_time - v.grenade_tic_time) >= 0.75" },
            { "charge": "q.is_using_item && (q.life_time - v.grenade_tic_time) >= 0.55" }
          ],
          "on_entry": [
            "v.grenade_tic_time = q.life_time;",
            "/playsound throw @s ~~~ 0.9 1 0.1",
            "@s ra:grenade.throw_trigger",
            "/function grenade_throw",
            "/camerashake add @s 0.015 0.1 rotational"
          ],
          "on_exit": [
            "/tag @s remove grenade_active",
            "@s ra:remove_grenade.throw_trigger",
            "/scoreboard players set @s grenade_timer 0",
            "/clear @s ra:grenade 0 1"
          ]
        }
      }
    },
    "controller.animation.grenade_projectile": {
      "initial_state": "in_air",
      "states": {
        "in_air": {
          "transitions": [
            { "explode": "q.life_time >= 4.01 || q.health == 1" },
            { "explode": "q.life_time >= 4.0 && q.skin_id == 1" },
            { "explode": "q.life_time >= 3.9 && q.skin_id == 2" },
            { "explode": "q.life_time >= 3.8 && q.skin_id == 3" },
            { "explode": "q.life_time >= 3.7 && q.skin_id == 4" },
            { "explode": "q.life_time >= 3.6 && q.skin_id == 5" },
            { "explode": "q.life_time >= 3.5 && q.skin_id == 6" },
            { "explode": "q.life_time >= 3.4 && q.skin_id == 7" },
            { "explode": "q.life_time >= 3.3 && q.skin_id == 8" },
            { "explode": "q.life_time >= 3.2 && q.skin_id == 9" },
            { "explode": "q.life_time >= 3.1 && q.skin_id == 10" },
            { "explode": "q.life_time >= 3.0 && q.skin_id == 11" },
            { "explode": "q.life_time >= 2.9 && q.skin_id == 12" },
            { "explode": "q.life_time >= 2.8 && q.skin_id == 13" },
            { "explode": "q.life_time >= 2.7 && q.skin_id == 14" },
            { "explode": "q.life_time >= 2.6 && q.skin_id == 15" },
            { "explode": "q.life_time >= 2.5 && q.skin_id == 16" },
            { "explode": "q.life_time >= 2.4 && q.skin_id == 17" },
            { "explode": "q.life_time >= 2.3 && q.skin_id == 18" },
            { "explode": "q.life_time >= 2.2 && q.skin_id == 19" },
            { "explode": "q.life_time >= 2.1 && q.skin_id == 20" },
            { "explode": "q.life_time >= 2.0 && q.skin_id == 21" },
            { "explode": "q.life_time >= 1.9 && q.skin_id == 22" },
            { "explode": "q.life_time >= 1.8 && q.skin_id == 23" },
            { "explode": "q.life_time >= 1.7 && q.skin_id == 24" },
            { "explode": "q.life_time >= 1.6 && q.skin_id == 25" },
            { "explode": "q.life_time >= 1.5 && q.skin_id == 26" },
            { "explode": "q.life_time >= 1.4 && q.skin_id == 27" },
            { "explode": "q.life_time >= 1.3 && q.skin_id == 28" },
            { "explode": "q.life_time >= 1.2 && q.skin_id == 29" },
            { "explode": "q.life_time >= 1.1 && q.skin_id == 30" },
            { "explode": "q.life_time >= 1.0 && q.skin_id == 31" },
            { "explode": "q.life_time >= 0.9 && q.skin_id == 32" },
            { "explode": "q.life_time >= 0.8 && q.skin_id == 33" },
            { "explode": "q.life_time >= 0.7 && q.skin_id == 34" },
            { "explode": "q.life_time >= 0.6 && q.skin_id == 35" },
            { "explode": "q.life_time >= 0.5 && q.skin_id == 36" },
            { "explode": "q.life_time >= 0.4 && q.skin_id == 37" },
            { "explode": "q.life_time >= 0.3 && q.skin_id == 38" },
            { "explode": "q.life_time >= 0.2 && q.skin_id == 39" },
            { "explode": "q.life_time >= 0.1 && q.skin_id == 40" },
            
            { "water_explode": "q.is_in_water && q.life_time >= 4.0 && q.skin_id == 1" },
            { "water_explode": "q.is_in_water && q.life_time >= 3.9 && q.skin_id == 2" },
            { "water_explode": "q.is_in_water && q.life_time >= 3.8 && q.skin_id == 3" },
            { "water_explode": "q.is_in_water && q.life_time >= 3.7 && q.skin_id == 4" },
            { "water_explode": "q.is_in_water && q.life_time >= 3.6 && q.skin_id == 5" },
            { "water_explode": "q.is_in_water && q.life_time >= 3.5 && q.skin_id == 6" },
            { "water_explode": "q.is_in_water && q.life_time >= 3.4 && q.skin_id == 7" },
            { "water_explode": "q.is_in_water && q.life_time >= 3.3 && q.skin_id == 8" },
            { "water_explode": "q.is_in_water && q.life_time >= 3.2 && q.skin_id == 9" },
            { "water_explode": "q.is_in_water && q.life_time >= 3.1 && q.skin_id == 10" },
            { "water_explode": "q.is_in_water && q.life_time >= 3.0 && q.skin_id == 11" },
            { "water_explode": "q.is_in_water && q.life_time >= 2.9 && q.skin_id == 12" },
            { "water_explode": "q.is_in_water && q.life_time >= 2.8 && q.skin_id == 13" },
            { "water_explode": "q.is_in_water && q.life_time >= 2.7 && q.skin_id == 14" },
            { "water_explode": "q.is_in_water && q.life_time >= 2.6 && q.skin_id == 15" },
            { "water_explode": "q.is_in_water && q.life_time >= 2.5 && q.skin_id == 16" },
            { "water_explode": "q.is_in_water && q.life_time >= 2.4 && q.skin_id == 17" },
            { "water_explode": "q.is_in_water && q.life_time >= 2.3 && q.skin_id == 18" },
            { "water_explode": "q.is_in_water && q.life_time >= 2.2 && q.skin_id == 19" },
            { "water_explode": "q.is_in_water && q.life_time >= 2.1 && q.skin_id == 20" },
            { "water_explode": "q.is_in_water && q.life_time >= 2.0 && q.skin_id == 21" },
            { "water_explode": "q.is_in_water && q.life_time >= 1.9 && q.skin_id == 22" },
            { "water_explode": "q.is_in_water && q.life_time >= 1.8 && q.skin_id == 23" },
            { "water_explode": "q.is_in_water && q.life_time >= 1.7 && q.skin_id == 24" },
            { "water_explode": "q.is_in_water && q.life_time >= 1.6 && q.skin_id == 25" },
            { "water_explode": "q.is_in_water && q.life_time >= 1.5 && q.skin_id == 26" },
            { "water_explode": "q.is_in_water && q.life_time >= 1.4 && q.skin_id == 27" },
            { "water_explode": "q.is_in_water && q.life_time >= 1.3 && q.skin_id == 28" },
            { "water_explode": "q.is_in_water && q.life_time >= 1.2 && q.skin_id == 29" },
            { "water_explode": "q.is_in_water && q.life_time >= 1.1 && q.skin_id == 30" },
            { "water_explode": "q.is_in_water && q.life_time >= 1.0 && q.skin_id == 31" },
            { "water_explode": "q.is_in_water && q.life_time >= 0.9 && q.skin_id == 32" },
            { "water_explode": "q.is_in_water && q.life_time >= 0.8 && q.skin_id == 33" },
            { "water_explode": "q.is_in_water && q.life_time >= 0.7 && q.skin_id == 34" },
            { "water_explode": "q.is_in_water && q.life_time >= 0.6 && q.skin_id == 35" },
            { "water_explode": "q.is_in_water && q.life_time >= 0.5 && q.skin_id == 36" },
            { "water_explode": "q.is_in_water && q.life_time >= 0.4 && q.skin_id == 37" },
            { "water_explode": "q.is_in_water && q.life_time >= 0.3 && q.skin_id == 38" },
            { "water_explode": "q.is_in_water && q.life_time >= 0.2 && q.skin_id == 39" },
            { "water_explode": "q.is_in_water &&  q.life_time >= 0.1 && q.skin_id == 40" },

            { "on_ground_1": "(q.is_on_ground || q.is_in_water) && q.life_time == 4" },
            { "on_ground_2": "(q.is_on_ground || q.is_in_water) && q.life_time == 3.9" },
            { "on_ground_3": "(q.is_on_ground || q.is_in_water) && q.life_time == 3.8" },
            { "on_ground_4": "(q.is_on_ground || q.is_in_water) && q.life_time == 3.7" },
            { "on_ground_5": "(q.is_on_ground || q.is_in_water) && q.life_time == 3.6" },
            { "on_ground_6": "(q.is_on_ground || q.is_in_water) && q.life_time == 3.5" },
            { "on_ground_7": "(q.is_on_ground || q.is_in_water) && q.life_time == 3.4" },
            { "on_ground_8": "(q.is_on_ground || q.is_in_water) && q.life_time == 3.3" },
            { "on_ground_9": "(q.is_on_ground || q.is_in_water) && q.life_time == 3.2" },
            { "on_ground_10": "(q.is_on_ground || q.is_in_water) && q.life_time == 3.1" },
            { "on_ground_11": "(q.is_on_ground || q.is_in_water) && q.life_time == 3.0" },
            { "on_ground_12": "(q.is_on_ground || q.is_in_water) && q.life_time == 2.9" },
            { "on_ground_13": "(q.is_on_ground || q.is_in_water) && q.life_time == 2.8" },
            { "on_ground_14": "(q.is_on_ground || q.is_in_water) && q.life_time == 2.7" },
            { "on_ground_15": "(q.is_on_ground || q.is_in_water) && q.life_time == 2.6" },
            { "on_ground_16": "(q.is_on_ground || q.is_in_water) && q.life_time == 2.5" },
            { "on_ground_17": "(q.is_on_ground || q.is_in_water) && q.life_time == 2.4" },
            { "on_ground_18": "(q.is_on_ground || q.is_in_water) && q.life_time == 2.3" },
            { "on_ground_19": "(q.is_on_ground || q.is_in_water) && q.life_time == 2.2" },
            { "on_ground_20": "(q.is_on_ground || q.is_in_water) && q.life_time == 2.1" },
            { "on_ground_21": "(q.is_on_ground || q.is_in_water) && q.life_time == 2.0" },
            { "on_ground_22": "(q.is_on_ground || q.is_in_water) && q.life_time == 1.9" },
            { "on_ground_23": "(q.is_on_ground || q.is_in_water) && q.life_time == 1.8" },
            { "on_ground_24": "(q.is_on_ground || q.is_in_water) && q.life_time == 1.7" },
            { "on_ground_25": "(q.is_on_ground || q.is_in_water) && q.life_time == 1.6" },
            { "on_ground_26": "(q.is_on_ground || q.is_in_water) && q.life_time == 1.5" },
            { "on_ground_27": "(q.is_on_ground || q.is_in_water) && q.life_time == 1.4" },
            { "on_ground_28": "(q.is_on_ground || q.is_in_water) && q.life_time == 1.3" },
            { "on_ground_29": "(q.is_on_ground || q.is_in_water) && q.life_time == 1.2" },
            { "on_ground_30": "(q.is_on_ground || q.is_in_water) && q.life_time == 1.1" },
            { "on_ground_31": "(q.is_on_ground || q.is_in_water) && q.life_time == 1.0" },
            { "on_ground_32": "(q.is_on_ground || q.is_in_water) && q.life_time == 0.9" },
            { "on_ground_33": "(q.is_on_ground || q.is_in_water) && q.life_time == 0.8" },
            { "on_ground_34": "(q.is_on_ground || q.is_in_water) && q.life_time == 0.7" },
            { "on_ground_35": "(q.is_on_ground || q.is_in_water) && q.life_time == 0.6" },
            { "on_ground_36": "(q.is_on_ground || q.is_in_water) && q.life_time == 0.5" },
            { "on_ground_37": "(q.is_on_ground || q.is_in_water) && q.life_time == 0.4" },
            { "on_ground_38": "(q.is_on_ground || q.is_in_water) && q.life_time == 0.3" },
            { "on_ground_39": "(q.is_on_ground || q.is_in_water) && q.life_time == 0.2" },
            { "on_ground_40": "(q.is_on_ground || q.is_in_water) && q.life_time == 0.1" }
          ],
          "on_entry": [
          ]
        },

        "on_ground_1": {
          "on_entry": [
            "/playsound grenade_ting @a[r=15] ~~~ 0.85 1.1 0.05",
            "/summon ra:grenade.projectile_landed ~~~ 0 0 ra:grenade_1",
            "@s ra:despawn"
          ]
        },
        "on_ground_2": {
          "on_entry": [
            "/playsound grenade_ting @a[r=15] ~~~ 0.85 1.1 0.05",
            "/summon ra:grenade.projectile_landed ~~~ 0 0 ra:grenade_2",
            "@s ra:despawn"
          ]
        },
        "on_ground_3": {
          "on_entry": [
            "/playsound grenade_ting @a[r=15] ~~~ 0.85 1.1 0.05",
            "/summon ra:grenade.projectile_landed ~~~ 0 0 ra:grenade_3",
            "@s ra:despawn"
          ]
        },
        "on_ground_4": {
          "on_entry": [
            "/playsound grenade_ting @a[r=15] ~~~ 0.85 1.1 0.05",
            "/summon ra:grenade.projectile_landed ~~~ 0 0 ra:grenade_4",
            "@s ra:despawn"
          ]
        },
        "on_ground_5": {
          "on_entry": [
            "/playsound grenade_ting @a[r=15] ~~~ 0.85 1.1 0.05",
            "/summon ra:grenade.projectile_landed ~~~ 0 0 ra:grenade_5",
            "@s ra:despawn"
          ]
        },
        "on_ground_6": {
          "on_entry": [
            "/playsound grenade_ting @a[r=15] ~~~ 0.85 1.1 0.05",
            "/summon ra:grenade.projectile_landed ~~~ 0 0 ra:grenade_6",
            "@s ra:despawn"
          ]
        },
        "on_ground_7": {
          "on_entry": [
            "/playsound grenade_ting @a[r=15] ~~~ 0.85 1.1 0.05",
            "/summon ra:grenade.projectile_landed ~~~ 0 0 ra:grenade_7",
            "@s ra:despawn"
          ]
        },
        "on_ground_8": {
          "on_entry": [
            "/playsound grenade_ting @a[r=15] ~~~ 0.85 1.1 0.05",
            "/summon ra:grenade.projectile_landed ~~~ 0 0 ra:grenade_8",
            "@s ra:despawn"
          ]
        },
        "on_ground_9": {
          "on_entry": [
            "/playsound grenade_ting @a[r=15] ~~~ 0.85 1.1 0.05",
            "/summon ra:grenade.projectile_landed ~~~ 0 0 ra:grenade_9",
            "@s ra:despawn"
          ]
        },
        "on_ground_10": {
          "on_entry": [
            "/playsound grenade_ting @a[r=15] ~~~ 0.85 1.1 0.05",
            "/summon ra:grenade.projectile_landed ~~~ 0 0 ra:grenade_10",
            "@s ra:despawn"
          ]
        },
        "on_ground_11": {
          "on_entry": [
            "/playsound grenade_ting @a[r=15] ~~~ 0.85 1.1 0.05",
            "/summon ra:grenade.projectile_landed ~~~ 0 0 ra:grenade_11",
            "@s ra:despawn"
          ]
        },
        "on_ground_12": {
          "on_entry": [
            "/playsound grenade_ting @a[r=15] ~~~ 0.85 1.1 0.05",
            "/summon ra:grenade.projectile_landed ~~~ 0 0 ra:grenade_12",
            "@s ra:despawn"
          ]
        },
        "on_ground_13": {
          "on_entry": [
            "/playsound grenade_ting @a[r=15] ~~~ 0.85 1.1 0.05",
            "/summon ra:grenade.projectile_landed ~~~ 0 0 ra:grenade_13",
            "@s ra:despawn"
          ]
        },
        "on_ground_14": {
          "on_entry": [
            "/playsound grenade_ting @a[r=15] ~~~ 0.85 1.1 0.05",
            "/summon ra:grenade.projectile_landed ~~~ 0 0 ra:grenade_14",
            "@s ra:despawn"
          ]
        },
        "on_ground_15": {
          "on_entry": [
            "/playsound grenade_ting @a[r=15] ~~~ 0.85 1.1 0.05",
            "/summon ra:grenade.projectile_landed ~~~ 0 0 ra:grenade_15",
            "@s ra:despawn"
          ]
        },
        "on_ground_16": {
          "on_entry": [
            "/playsound grenade_ting @a[r=15] ~~~ 0.85 1.1 0.05",
            "/summon ra:grenade.projectile_landed ~~~ 0 0 ra:grenade_16",
            "@s ra:despawn"
          ]
        },
        "on_ground_17": {
          "on_entry": [
            "/playsound grenade_ting @a[r=15] ~~~ 0.85 1.1 0.05",
            "/summon ra:grenade.projectile_landed ~~~ 0 0 ra:grenade_17",
            "@s ra:despawn"
          ]
        },
        "on_ground_18": {
          "on_entry": [
            "/playsound grenade_ting @a[r=15] ~~~ 0.85 1.1 0.05",
            "/summon ra:grenade.projectile_landed ~~~ 0 0 ra:grenade_18",
            "@s ra:despawn"
          ]
        },
        "on_ground_19": {
          "on_entry": [
            "/playsound grenade_ting @a[r=15] ~~~ 0.85 1.1 0.05",
            "/summon ra:grenade.projectile_landed ~~~ 0 0 ra:grenade_19",
            "@s ra:despawn"
          ]
        },
        "on_ground_20": {
          "on_entry": [
            "/playsound grenade_ting @a[r=15] ~~~ 0.85 1.1 0.05",
            "/summon ra:grenade.projectile_landed ~~~ 0 0 ra:grenade_20",
            "@s ra:despawn"
          ]
        },
        "on_ground_21": {
          "on_entry": [
            "/playsound grenade_ting @a[r=15] ~~~ 0.85 1.1 0.05",
            "/summon ra:grenade.projectile_landed ~~~ 0 0 ra:grenade_21",
            "@s ra:despawn"
          ]
        },
        "on_ground_22": {
          "on_entry": [
            "/playsound grenade_ting @a[r=15] ~~~ 0.85 1.1 0.05",
            "/summon ra:grenade.projectile_landed ~~~ 0 0 ra:grenade_22",
            "@s ra:despawn"
          ]
        },
        "on_ground_23": {
          "on_entry": [
            "/playsound grenade_ting @a[r=15] ~~~ 0.85 1.1 0.05",
            "/summon ra:grenade.projectile_landed ~~~ 0 0 ra:grenade_23",
            "@s ra:despawn"
          ]
        },
        "on_ground_24": {
          "on_entry": [
            "/playsound grenade_ting @a[r=15] ~~~ 0.85 1.1 0.05",
            "/summon ra:grenade.projectile_landed ~~~ 0 0 ra:grenade_24",
            "@s ra:despawn"
          ]
        },
        "on_ground_25": {
          "on_entry": [
            "/playsound grenade_ting @a[r=15] ~~~ 0.85 1.1 0.05",
            "/summon ra:grenade.projectile_landed ~~~ 0 0 ra:grenade_25",
            "@s ra:despawn"
          ]
        },
        "on_ground_26": {
          "on_entry": [
            "/playsound grenade_ting @a[r=15] ~~~ 0.85 1.1 0.05",
            "/summon ra:grenade.projectile_landed ~~~ 0 0 ra:grenade_26",
            "@s ra:despawn"
          ]
        },
        "on_ground_27": {
          "on_entry": [
            "/playsound grenade_ting @a[r=15] ~~~ 0.85 1.1 0.05",
            "/summon ra:grenade.projectile_landed ~~~ 0 0 ra:grenade_27",
            "@s ra:despawn"
          ]
        },
        "on_ground_28": {
          "on_entry": [
            "/playsound grenade_ting @a[r=15] ~~~ 0.85 1.1 0.05",
            "/summon ra:grenade.projectile_landed ~~~ 0 0 ra:grenade_28",
            "@s ra:despawn"
          ]
        },
        "on_ground_29": {
          "on_entry": [
            "/playsound grenade_ting @a[r=15] ~~~ 0.85 1.1 0.05",
            "/summon ra:grenade.projectile_landed ~~~ 0 0 ra:grenade_29",
            "@s ra:despawn"
          ]
        },
        "on_ground_30": {
          "on_entry": [
            "/playsound grenade_ting @a[r=15] ~~~ 0.85 1.1 0.05",
            "/summon ra:grenade.projectile_landed ~~~ 0 0 ra:grenade_30",
            "@s ra:despawn"
          ]
        },
        "on_ground_31": {
          "on_entry": [
            "/playsound grenade_ting @a[r=15] ~~~ 0.85 1.1 0.05",
            "/summon ra:grenade.projectile_landed ~~~ 0 0 ra:grenade_31",
            "@s ra:despawn"
          ]
        },
        "on_ground_32": {
          "on_entry": [
            "/playsound grenade_ting @a[r=15] ~~~ 0.85 1.1 0.05",
            "/summon ra:grenade.projectile_landed ~~~ 0 0 ra:grenade_32",
            "@s ra:despawn"
          ]
        },
        "on_ground_33": {
          "on_entry": [
            "/playsound grenade_ting @a[r=15] ~~~ 0.85 1.1 0.05",
            "/summon ra:grenade.projectile_landed ~~~ 0 0 ra:grenade_33",
            "@s ra:despawn"
          ]
        },
        "on_ground_34": {
          "on_entry": [
            "/playsound grenade_ting @a[r=15] ~~~ 0.85 1.1 0.05",
            "/summon ra:grenade.projectile_landed ~~~ 0 0 ra:grenade_34",
            "@s ra:despawn"
          ]
        },
        "on_ground_35": {
          "on_entry": [
            "/playsound grenade_ting @a[r=15] ~~~ 0.85 1.1 0.05",
            "/summon ra:grenade.projectile_landed ~~~ 0 0 ra:grenade_35",
            "@s ra:despawn"
          ]
        },
        "on_ground_36": {
          "on_entry": [
            "/playsound grenade_ting @a[r=15] ~~~ 0.85 1.1 0.05",
            "/summon ra:grenade.projectile_landed ~~~ 0 0 ra:grenade_36",
            "@s ra:despawn"
          ]
        },
        "on_ground_37": {
          "on_entry": [
            "/playsound grenade_ting @a[r=15] ~~~ 0.85 1.1 0.05",
            "/summon ra:grenade.projectile_landed ~~~ 0 0 ra:grenade_37",
            "@s ra:despawn"
          ]
        },
        "on_ground_38": {
          "on_entry": [
            "/playsound grenade_ting @a[r=15] ~~~ 0.85 1.1 0.05",
            "/summon ra:grenade.projectile_landed ~~~ 0 0 ra:grenade_38",
            "@s ra:despawn"
          ]
        },
        "on_ground_39": {
          "on_entry": [
            "/playsound grenade_ting @a[r=15] ~~~ 0.85 1.1 0.05",
            "/summon ra:grenade.projectile_landed ~~~ 0 0 ra:grenade_39",
            "@s ra:despawn"
          ]
        },
        "on_ground_40": {
          "on_entry": [
            "/playsound grenade_ting @a[r=15] ~~~ 0.85 1.1 0.05",
            "/summon ra:grenade.projectile_landed ~~~ 0 0 ra:grenade_40",
            "@s ra:despawn"
          ]
        },

        "explode": {
          "on_entry": [
            //"/scoreboard players set @a[r=5] image 1",
            //"/titleraw @s title {\"rawtext\":[{\"text\":\"ra_hud.gun:\"},{\"score\":{\"name\":\"@s\",\"objective\":\"cursor\"}}]}",
            //"/scoreboard players set @a[r=15] image 0",

            "/playsound ra:explode @a[r=100] ~~~ 0.8 0.65 0.1",
            "/playsound ra:explode @a[r=100] ~~~ 0.9 1 0.1",
            "/playsound ra:explode1 @a[r=100] ~~~ 0.9 1 0.1",
            "/playsound explosion_ringing @a[r=5] ~~~ 0.9 1 0.15",
            "/playsound explosion_ringing_1 @a[r=10,rm=5] ~~~ 0.9 1 0.15",
            "/particle ra:explosion.fire_burst ^^^",
            "/particle ra:explosion.flash ^^^",
            "/particle ra:explosion.smoke_0 ^^0.75^",
            "/particle ra:explosion.smoke_1 ^^0.5^",
            "/particle ra:explosion.sparks ^^0.25^",
            "/particle ra:explosion.sparks_1 ^^^",
            "@s ra:grenade_explode"
          ]
        },

        "water_explode": {
          "on_entry": [
            "/playsound ra:explode @a[r=100] ~~~ 0.3 1.75 0.1",
            "/playsound ra:explode @a[r=100] ~~~ 0.4 1.4 0.1",
            "/playsound ra:explode1 @a[r=100] ~~~ 0.5 1.25 0.1",
            "/particle ra:grenade.impact_water_ring ^^^",
            "/particle ra:grenade.impact_water_ring1 ^^^",
            "/particle ra:grenade_explode_bubbles ^^-0.15^",
            "/particle ra:grenade_explode_water ^^-0.1^",
            "/particle ra:ring_smoke.water ^^^",
            "/particle ra:grenade_flash.water_y ^^^",
            "/particle ra:grenade_flash.water ^^^",
            "/particle ra:grenade.water_explode.sprout ^^^",
            "/particle ra:explosion.water_ripple_droplet.1 ~~~",
            "@s ra:grenade_explode"
          ]
        }
      }
    },
    "controller.animation.grenade_projectile_landed": {
      "initial_state": "on_ground",
      "states": {
        "on_ground": {
          "transitions": [
            { "explode": "q.health == 1" },
            { "charge_1": "q.skin_id == 1" },
            { "charge_2": "q.skin_id == 2" },
            { "charge_3": "q.skin_id == 3" },
            { "charge_4": "q.skin_id == 4" },
            { "charge_5": "q.skin_id == 5" },
            { "charge_6": "q.skin_id == 6" },
            { "charge_7": "q.skin_id == 7" },
            { "charge_8": "q.skin_id == 8" },
            { "charge_9": "q.skin_id == 9" },
            { "charge_10": "q.skin_id == 10" },
            { "charge_11": "q.skin_id == 11" },
            { "charge_12": "q.skin_id == 12" },
            { "charge_13": "q.skin_id == 13" },
            { "charge_14": "q.skin_id == 14" },
            { "charge_15": "q.skin_id == 15" },
            { "charge_16": "q.skin_id == 16" },
            { "charge_17": "q.skin_id == 17" },
            { "charge_18": "q.skin_id == 18" },
            { "charge_19": "q.skin_id == 19" },
            { "charge_20": "q.skin_id == 20" },
            { "charge_21": "q.skin_id == 21" },
            { "charge_22": "q.skin_id == 22" },
            { "charge_23": "q.skin_id == 23" },
            { "charge_24": "q.skin_id == 24" },
            { "charge_25": "q.skin_id == 25" },
            { "charge_26": "q.skin_id == 26" },
            { "charge_27": "q.skin_id == 27" },
            { "charge_28": "q.skin_id == 28" },
            { "charge_29": "q.skin_id == 29" },
            { "charge_30": "q.skin_id == 30" },
            { "charge_31": "q.skin_id == 31" },
            { "charge_32": "q.skin_id == 32" },
            { "charge_33": "q.skin_id == 33" },
            { "charge_34": "q.skin_id == 34" },
            { "charge_35": "q.skin_id == 35" },
            { "charge_36": "q.skin_id == 36" },
            { "charge_37": "q.skin_id == 37" },
            { "charge_38": "q.skin_id == 38" },
            { "charge_39": "q.skin_id == 39" },
            { "charge_40": "q.skin_id == 40" }
          ],
          "on_entry": [
            "v.grenade_tic_time = q.life_time;",
            "/playsound grenade_ting @a[r=15] ~~~ 0.65 1 0.05"
          ],
          "on_exit": [
            "/playsound grenade_ting @a[r=15] ~~~ 0.75 1.1 0.05"
          ]
        },

        "charge_1": {
          "transitions": [
            { "water_explode": "((q.life_time - v.grenade_tic_time) >= 0.1 && q.is_in_water) || (q.health == 1 && q.is_in_water)" },
            { "explode": "(q.life_time - v.grenade_tic_time) >= 0.1 || q.health == 1" }
          ],
          "on_entry": [
            "v.grenade_tic_time = q.life_time;",
            "/playsound grenade_ting @a[r=15] ~~~ 0.35 0.9 0.05"
          ]
        },
        "charge_2": {
          "transitions": [
            { "water_explode": "((q.life_time - v.grenade_tic_time) >= 0.2 && q.is_in_water) || (q.health == 1 && q.is_in_water)" },
            { "explode": "(q.life_time - v.grenade_tic_time) >= 0.2 || q.health == 1" }
          ],
          "on_entry": [
            "v.grenade_tic_time = q.life_time;",
            "/playsound grenade_ting @a[r=15] ~~~ 0.35 0.9 0.05"
          ]
        },
        "charge_3": {
          "transitions": [
            { "water_explode": "((q.life_time - v.grenade_tic_time) >= 0.3 && q.is_in_water) || (q.health == 1 && q.is_in_water)" },
            { "explode": "(q.life_time - v.grenade_tic_time) >= 0.3 || q.health == 1" }
          ],
          "on_entry": [
            "v.grenade_tic_time = q.life_time;",
            "/playsound grenade_ting @a[r=15] ~~~ 0.35 0.9 0.05"
          ]
        },
        "charge_4": {
          "transitions": [
            { "water_explode": "((q.life_time - v.grenade_tic_time) >= 0.4 && q.is_in_water) || (q.health == 1 && q.is_in_water)" },
            { "explode": "(q.life_time - v.grenade_tic_time) >= 0.4 || q.health == 1" }
          ],
          "on_entry": [
            "v.grenade_tic_time = q.life_time;",
            "/playsound grenade_ting @a[r=15] ~~~ 0.35 0.9 0.05"
          ]
        },
        "charge_5": {
          "transitions": [
            { "water_explode": "((q.life_time - v.grenade_tic_time) >= 0.5 && q.is_in_water) || (q.health == 1 && q.is_in_water)" },
            { "explode": "(q.life_time - v.grenade_tic_time) >= 0.5 || q.health == 1" }
          ],
          "on_entry": [
            "v.grenade_tic_time = q.life_time;",
            "/playsound grenade_ting @a[r=15] ~~~ 0.35 0.9 0.05"
          ]
        },
        "charge_6": {
          "transitions": [
            { "water_explode": "((q.life_time - v.grenade_tic_time) >= 0.6 && q.is_in_water) || (q.health == 1 && q.is_in_water)" },
            { "explode": "(q.life_time - v.grenade_tic_time) >= 0.6 || q.health == 1" }
          ],
          "on_entry": [
            "v.grenade_tic_time = q.life_time;",
            "/playsound grenade_ting @a[r=15] ~~~ 0.35 0.9 0.05"
          ]
        },
        "charge_7": {
          "transitions": [
            { "water_explode": "((q.life_time - v.grenade_tic_time) >= 0.7 && q.is_in_water) || (q.health == 1 && q.is_in_water)" },
            { "explode": "(q.life_time - v.grenade_tic_time) >= 0.7 || q.health == 1" }
          ],
          "on_entry": [
            "v.grenade_tic_time = q.life_time;",
            "/playsound grenade_ting @a[r=15] ~~~ 0.35 0.9 0.05"
          ]
        },
        "charge_8": {
          "transitions": [
            { "water_explode": "((q.life_time - v.grenade_tic_time) >= 0.8 && q.is_in_water) || (q.health == 1 && q.is_in_water)" },
            { "explode": "(q.life_time - v.grenade_tic_time) >= 0.8 || q.health == 1" }
          ],
          "on_entry": [
            "v.grenade_tic_time = q.life_time;",
            "/playsound grenade_ting @a[r=15] ~~~ 0.35 0.9 0.05"
          ]
        },
        "charge_9": {
          "transitions": [
            { "water_explode": "((q.life_time - v.grenade_tic_time) >= 0.8 && q.is_in_water) || (q.health == 1 && q.is_in_water)" },
            { "explode": "(q.life_time - v.grenade_tic_time) >= 0.8 || q.health == 1" }
          ],
          "on_entry": [
            "v.grenade_tic_time = q.life_time;",
            "/playsound grenade_ting @a[r=15] ~~~ 0.35 0.9 0.05"
          ]
        },
        "charge_10": {
          "transitions": [
            { "water_explode": "((q.life_time - v.grenade_tic_time) >= 0.9 && q.is_in_water) || (q.health == 1 && q.is_in_water)" },
            { "explode": "(q.life_time - v.grenade_tic_time) >= 0.9 || q.health == 1" }
          ],
          "on_entry": [
            "v.grenade_tic_time = q.life_time;",
            "/playsound grenade_ting @a[r=15] ~~~ 0.35 0.9 0.05"
          ]
        },
        "charge_11": {
          "transitions": [
            { "water_explode": "((q.life_time - v.grenade_tic_time) >= 1.0 && q.is_in_water) || (q.health == 1 && q.is_in_water)" },
            { "explode": "(q.life_time - v.grenade_tic_time) >= 1.0 || q.health == 1" }
          ],
          "on_entry": [
            "v.grenade_tic_time = q.life_time;",
            "/playsound grenade_ting @a[r=15] ~~~ 0.35 0.9 0.05"
          ]
        },
        "charge_12": {
          "transitions": [
            { "water_explode": "((q.life_time - v.grenade_tic_time) >= 1.1 && q.is_in_water) || (q.health == 1 && q.is_in_water)" },
            { "explode": "(q.life_time - v.grenade_tic_time) >= 1.1 || q.health == 1" }
          ],
          "on_entry": [
            "v.grenade_tic_time = q.life_time;",
            "/playsound grenade_ting @a[r=15] ~~~ 0.35 0.9 0.05"
          ]
        },
        "charge_13": {
          "transitions": [
            { "water_explode": "((q.life_time - v.grenade_tic_time) >= 1.2 && q.is_in_water) || (q.health == 1 && q.is_in_water)" },
            { "explode": "(q.life_time - v.grenade_tic_time) >= 1.2 || q.health == 1" }
          ],
          "on_entry": [
            "v.grenade_tic_time = q.life_time;",
            "/playsound grenade_ting @a[r=15] ~~~ 0.35 0.9 0.05"
          ]
        },
        "charge_14": {
          "transitions": [
            { "water_explode": "((q.life_time - v.grenade_tic_time) >= 1.3 && q.is_in_water) || (q.health == 1 && q.is_in_water)" },
            { "explode": "(q.life_time - v.grenade_tic_time) >= 1.3 || q.health == 1" }
          ],
          "on_entry": [
            "v.grenade_tic_time = q.life_time;",
            "/playsound grenade_ting @a[r=15] ~~~ 0.35 0.9 0.05"
          ]
        },
        "charge_15": {
          "transitions": [
            { "water_explode": "((q.life_time - v.grenade_tic_time) >= 1.4 && q.is_in_water) || (q.health == 1 && q.is_in_water)" },
            { "explode": "(q.life_time - v.grenade_tic_time) >= 1.4 || q.health == 1" }
          ],
          "on_entry": [
            "v.grenade_tic_time = q.life_time;",
            "/playsound grenade_ting @a[r=15] ~~~ 0.35 0.9 0.05"
          ]
        },
        "charge_16": {
          "transitions": [
            { "water_explode": "((q.life_time - v.grenade_tic_time) >= 1.5 && q.is_in_water) || (q.health == 1 && q.is_in_water)" },
            { "explode": "(q.life_time - v.grenade_tic_time) >= 1.5 || q.health == 1" }
          ],
          "on_entry": [
            "v.grenade_tic_time = q.life_time;",
            "/playsound grenade_ting @a[r=15] ~~~ 0.35 0.9 0.05"
          ]
        },
        "charge_17": {
          "transitions": [
            { "water_explode": "((q.life_time - v.grenade_tic_time) >= 1.6 && q.is_in_water) || (q.health == 1 && q.is_in_water)" },
            { "explode": "(q.life_time - v.grenade_tic_time) >= 1.6 || q.health == 1" }
          ],
          "on_entry": [
            "v.grenade_tic_time = q.life_time;",
            "/playsound grenade_ting @a[r=15] ~~~ 0.35 0.9 0.05"
          ]
        },
        "charge_18": {
          "transitions": [
            { "water_explode": "((q.life_time - v.grenade_tic_time) >= 1.7 && q.is_in_water) || (q.health == 1 && q.is_in_water)" },
            { "explode": "(q.life_time - v.grenade_tic_time) >= 1.7 || q.health == 1" }
          ],
          "on_entry": [
            "v.grenade_tic_time = q.life_time;",
            "/playsound grenade_ting @a[r=15] ~~~ 0.35 0.9 0.05"
          ]
        },
        "charge_19": {
          "transitions": [
            { "water_explode": "((q.life_time - v.grenade_tic_time) >= 1.8 && q.is_in_water) || (q.health == 1 && q.is_in_water)" },
            { "explode": "(q.life_time - v.grenade_tic_time) >= 1.8 || q.health == 1" }
          ],
          "on_entry": [
            "v.grenade_tic_time = q.life_time;",
            "/playsound grenade_ting @a[r=15] ~~~ 0.35 0.9 0.05"
          ]
        },
        "charge_20": {
          "transitions": [
            { "water_explode": "((q.life_time - v.grenade_tic_time) >= 1.9 && q.is_in_water) || (q.health == 1 && q.is_in_water)" },
            { "explode": "(q.life_time - v.grenade_tic_time) >= 1.9 || q.health == 1" }
          ],
          "on_entry": [
            "v.grenade_tic_time = q.life_time;",
            "/playsound grenade_ting @a[r=15] ~~~ 0.35 0.9 0.05"
          ]
        },
        "charge_21": {
          "transitions": [
            { "water_explode": "((q.life_time - v.grenade_tic_time) >= 2.0 && q.is_in_water) || (q.health == 1 && q.is_in_water)" },
            { "explode": "(q.life_time - v.grenade_tic_time) >= 2.0 || q.health == 1" }
          ],
          "on_entry": [
            "v.grenade_tic_time = q.life_time;",
            "/playsound grenade_ting @a[r=15] ~~~ 0.35 0.9 0.05"
          ]
        },
        "charge_22": {
          "transitions": [
            { "water_explode": "((q.life_time - v.grenade_tic_time) >= 2.1 && q.is_in_water) || (q.health == 1 && q.is_in_water)" },
            { "explode": "(q.life_time - v.grenade_tic_time) >= 2.1 || q.health == 1" }
          ],
          "on_entry": [
            "v.grenade_tic_time = q.life_time;",
            "/playsound grenade_ting @a[r=15] ~~~ 0.35 0.9 0.05"
          ]
        },
        "charge_23": {
          "transitions": [
            { "water_explode": "((q.life_time - v.grenade_tic_time) >= 2.2 && q.is_in_water) || (q.health == 1 && q.is_in_water)" },
            { "explode": "(q.life_time - v.grenade_tic_time) >= 2.2 || q.health == 1" }
          ],
          "on_entry": [
            "v.grenade_tic_time = q.life_time;",
            "/playsound grenade_ting @a[r=15] ~~~ 0.35 0.9 0.05"
          ]
        },
        "charge_24": {
          "transitions": [
            { "water_explode": "((q.life_time - v.grenade_tic_time) >= 2.3 && q.is_in_water) || (q.health == 1 && q.is_in_water)" },
            { "explode": "(q.life_time - v.grenade_tic_time) >= 2.3 || q.health == 1" }
          ],
          "on_entry": [
            "v.grenade_tic_time = q.life_time;",
            "/playsound grenade_ting @a[r=15] ~~~ 0.35 0.9 0.05"
          ]
        },
        "charge_25": {
          "transitions": [
            { "water_explode": "((q.life_time - v.grenade_tic_time) >= 2.4 && q.is_in_water) || (q.health == 1 && q.is_in_water)" },
            { "explode": "(q.life_time - v.grenade_tic_time) >= 2.4 || q.health == 1" }
          ],
          "on_entry": [
            "v.grenade_tic_time = q.life_time;",
            "/playsound grenade_ting @a[r=15] ~~~ 0.35 0.9 0.05"
          ]
        },
        "charge_26": {
          "transitions": [
            { "water_explode": "((q.life_time - v.grenade_tic_time) >= 2.5 && q.is_in_water) || (q.health == 1 && q.is_in_water)" },
            { "explode": "(q.life_time - v.grenade_tic_time) >= 2.5 || q.health == 1" }
          ],
          "on_entry": [
            "v.grenade_tic_time = q.life_time;",
            "/playsound grenade_ting @a[r=15] ~~~ 0.35 0.9 0.05"
          ]
        },
        "charge_27": {
          "transitions": [
            { "water_explode": "((q.life_time - v.grenade_tic_time) >= 2.6 && q.is_in_water) || (q.health == 1 && q.is_in_water)" },
            { "explode": "(q.life_time - v.grenade_tic_time) >= 2.6 || q.health == 1" }
          ],
          "on_entry": [
            "v.grenade_tic_time = q.life_time;",
            "/playsound grenade_ting @a[r=15] ~~~ 0.35 0.9 0.05"
          ]
        },
        "charge_28": {
          "transitions": [
            { "water_explode": "((q.life_time - v.grenade_tic_time) >= 2.7 && q.is_in_water) || (q.health == 1 && q.is_in_water)" },
            { "explode": "(q.life_time - v.grenade_tic_time) >= 2.7 || q.health == 1" }
          ],
          "on_entry": [
            "v.grenade_tic_time = q.life_time;",
            "/playsound grenade_ting @a[r=15] ~~~ 0.35 0.9 0.05"
          ]
        },
        "charge_29": {
          "transitions": [
            { "water_explode": "((q.life_time - v.grenade_tic_time) >= 2.8 && q.is_in_water) || (q.health == 1 && q.is_in_water)" },
            { "explode": "(q.life_time - v.grenade_tic_time) >= 2.8 || q.health == 1" }
          ],
          "on_entry": [
            "v.grenade_tic_time = q.life_time;",
            "/playsound grenade_ting @a[r=15] ~~~ 0.35 0.9 0.05"
          ]
        },
        "charge_30": {
          "transitions": [
            { "water_explode": "((q.life_time - v.grenade_tic_time) >= 2.9 && q.is_in_water) || (q.health == 1 && q.is_in_water)" },
            { "explode": "(q.life_time - v.grenade_tic_time) >= 2.9 || q.health == 1" }
          ],
          "on_entry": [
            "v.grenade_tic_time = q.life_time;",
            "/playsound grenade_ting @a[r=15] ~~~ 0.35 0.9 0.05"
          ]
        },
        "charge_31": {
          "transitions": [
            { "water_explode": "((q.life_time - v.grenade_tic_time) >= 3.0 && q.is_in_water) || (q.health == 1 && q.is_in_water)" },
            { "explode": "(q.life_time - v.grenade_tic_time) >= 3.0 || q.health == 1" }
          ],
          "on_entry": [
            "v.grenade_tic_time = q.life_time;",
            "/playsound grenade_ting @a[r=15] ~~~ 0.35 0.9 0.05"
          ]
        },
        "charge_32": {
          "transitions": [
            { "water_explode": "((q.life_time - v.grenade_tic_time) >= 3.1 && q.is_in_water) || (q.health == 1 && q.is_in_water)" },
            { "explode": "(q.life_time - v.grenade_tic_time) >= 3.1 || q.health == 1" }
          ],
          "on_entry": [
            "v.grenade_tic_time = q.life_time;",
            "/playsound grenade_ting @a[r=15] ~~~ 0.35 0.9 0.05"
          ]
        },
        "charge_33": {
          "transitions": [
            { "water_explode": "((q.life_time - v.grenade_tic_time) >= 3.2 && q.is_in_water) || (q.health == 1 && q.is_in_water)" },
            { "explode": "(q.life_time - v.grenade_tic_time) >= 3.2 || q.health == 1" }
          ],
          "on_entry": [
            "v.grenade_tic_time = q.life_time;",
            "/playsound grenade_ting @a[r=15] ~~~ 0.35 0.9 0.05"
          ]
        },
        "charge_34": {
          "transitions": [
            { "water_explode": "((q.life_time - v.grenade_tic_time) >= 3.3 && q.is_in_water) || (q.health == 1 && q.is_in_water)" },
            { "explode": "(q.life_time - v.grenade_tic_time) >= 3.3 || q.health == 1" }
          ],
          "on_entry": [
            "v.grenade_tic_time = q.life_time;",
            "/playsound grenade_ting @a[r=15] ~~~ 0.35 0.9 0.05"
          ]
        },
        "charge_35": {
          "transitions": [
            { "water_explode": "((q.life_time - v.grenade_tic_time) >= 3.4 && q.is_in_water) || (q.health == 1 && q.is_in_water)" },
            { "explode": "(q.life_time - v.grenade_tic_time) >= 3.4 || q.health == 1" }
          ],
          "on_entry": [
            "v.grenade_tic_time = q.life_time;",
            "/playsound grenade_ting @a[r=15] ~~~ 0.35 0.9 0.05"
          ]
        },
        "charge_36": {
          "transitions": [
            { "water_explode": "((q.life_time - v.grenade_tic_time) >= 3.5 && q.is_in_water) || (q.health == 1 && q.is_in_water)" },
            { "explode": "(q.life_time - v.grenade_tic_time) >= 3.5 || q.health == 1" }
          ],
          "on_entry": [
            "v.grenade_tic_time = q.life_time;",
            "/playsound grenade_ting @a[r=15] ~~~ 0.35 0.9 0.05"
          ]
        },
        "charge_37": {
          "transitions": [
            { "water_explode": "((q.life_time - v.grenade_tic_time) >= 3.6 && q.is_in_water) || (q.health == 1 && q.is_in_water)" },
            { "explode": "(q.life_time - v.grenade_tic_time) >= 3.6 || q.health == 1" }
          ],
          "on_entry": [
            "v.grenade_tic_time = q.life_time;",
            "/playsound grenade_ting @a[r=15] ~~~ 0.35 0.9 0.05"
          ]
        },
        "charge_38": {
          "transitions": [
            { "water_explode": "((q.life_time - v.grenade_tic_time) >= 3.7 && q.is_in_water) || (q.health == 1 && q.is_in_water)" },
            { "explode": "(q.life_time - v.grenade_tic_time) >= 3.7 || q.health == 1" }
          ],
          "on_entry": [
            "v.grenade_tic_time = q.life_time;",
            "/playsound grenade_ting @a[r=15] ~~~ 0.35 0.9 0.05"
          ]
        },
        "charge_39": {
          "transitions": [
            { "water_explode": "((q.life_time - v.grenade_tic_time) >= 3.8 && q.is_in_water) || (q.health == 1 && q.is_in_water)" },
            { "explode": "(q.life_time - v.grenade_tic_time) >= 3.8 || q.health == 1" }
          ],
          "on_entry": [
            "v.grenade_tic_time = q.life_time;",
            "/playsound grenade_ting @a[r=15] ~~~ 0.35 0.9 0.05"
          ]
        },
        "charge_40": {
          "transitions": [
            { "water_explode": "((q.life_time - v.grenade_tic_time) >= 3.9 && q.is_in_water) || (q.health == 1 && q.is_in_water)" },
            { "explode": "(q.life_time - v.grenade_tic_time) >= 3.9 || q.health == 1" }
          ],
          "on_entry": [
            "v.grenade_tic_time = q.life_time;",
            "/playsound grenade_ting @a[r=15] ~~~ 0.35 0.9 0.05"
          ]
        },

        "explode": {
          "animations": ["grenade.explode_flash"],
          "on_entry": [
            "/event entity @e[r=2] ra:explode",
            // "/event entity @e[r=3,rm=2,type=ra:zombie] ra:zombie.crawler",
            "/playsound ra:explode @a[r=100] ~~~ 0.8 0.65 0.1",
            "/playsound ra:explode @a[r=100] ~~~ 0.9 1 0.1",
            "/playsound ra:explode1 @a[r=100] ~~~ 0.9 1 0.1",
            "/playsound explosion_ringing @a[r=5] ~~~ 0.9 1 0.15",
            "/playsound explosion_ringing_1 @a[r=10,rm=5] ~~~ 0.9 1 0.15",
            "/particle ra:explosion.fire_burst ^^^",
            "/particle ra:explosion.flash ^^^",
            "/particle ra:explosion.smoke_0 ^^0.75^",
            "/particle ra:explosion.smoke_1 ^^0.5^",
            "/particle ra:explosion.sparks ^^0.25^",
            "/particle ra:explosion.sparks_1 ^^^",
            "/camerashake add @a[r=5] 0.3 0.25 rotational",
            "/camerashake add @a[r=10] 0.2 0.25 rotational",
            "/camerashake add @a[r=15] 0.1 0.25 rotational",
            "/summon ra:explode_knockback ~~~",
            "@s ra:grenade_explode"
          ]
        },

        "water_explode": {
          "animations": ["grenade.explode_flash_water"],
          "on_entry": [
            "/event entity @e[r=3] ra:explode",
            "/playsound ra:explode @a[r=100] ~~~ 0.3 1.75 0.1",
            "/playsound ra:explode @a[r=100] ~~~ 0.4 1.4 0.1",
            "/playsound ra:explode1 @a[r=100] ~~~ 0.5 1.25 0.1",
            "/playsound mob.axolotl.splash @a[r=70] ~~~ 0.95 0.5 0.1",
            "/playsound mob.dolphin.splash @a[r=70] ~~~ 0.95 0.5 0.1",
            "/particle ra:grenade.water_ripple ^^^",
            "/particle ra:grenade.impact_water_ring ^^^",
            "/particle ra:grenade.impact_water_ring1 ^^^",
            "/particle ra:grenade_explode_bubbles ^^-0.15^",
            "/particle ra:grenade_explode_water ^^-0.1^",
            "/particle ra:ring_smoke.water ^^^",
            "/particle ra:grenade_flash.water_y ^^^",
            "/particle ra:grenade_flash.water ^^^",
            "/particle ra:grenade.water_explode.sprout ^^^",
            "/particle ra:grenade.water_explode.sprout_white ^^^",
            "/particle ra:explosion.water_ripple_droplet.1 ~~~",
            "/camerashake add @a[r=5] 0.3 0.25 rotational",
            "/camerashake add @a[r=10] 0.2 0.25 rotational",
            "/camerashake add @a[r=15] 0.1 0.25 rotational",
            "/summon ra:explode_knockback ~~~",
            "@s ra:grenade_explode"
          ]
        }
      }
    }
  }
}