{
  "format_version": "1.10.0",
  "animation_controllers": {
    "controller.animation.m1_garand.remove_first_user": {
      "initial_state": "no_weapon",
      "states": {
        "no_weapon": {
          "transitions": [
            { "has_weapon": "q.is_item_name_any('slot.weapon.mainhand', 0, 'ra:m1_garand') && !q.is_stackable && !q.is_sleeping && q.is_alive && !q.is_swimming" }
          ]
        },
        "has_weapon": {
          "on_entry": [
            "v.m1_garand_ammo_count = 8;",
            "/scoreboard objectives add m1_garand_ammo_count dummy m1_garand_ammo_count",
            "/scoreboard players set @s m1_garand_ammo_count 8"
          ]
        }
      }
    },
    "controller.animation.m1_garand": {
      "initial_state": "default",
      "states": {
        "default": {
          "transitions": [
            { "draw": "q.is_item_name_any('slot.weapon.mainhand', 0, 'ra:m1_garand') && !q.is_stackable && !q.is_sleeping && q.is_alive && !q.is_swimming" }
          ],
          "on_entry": [
            "/playsound gun_unholster  @s ~~~ 0.7 1 0.1",
            "/playsound gun_unholster.tp @a[r=12,rm=0.25] ~~~ 0.6 1 0.0075",
            "/stopsound @s m1_garand_pullback",
            "/tag @s remove m1_garand",
            "@s ra:attack_value_1",
            "@s ra:clear_id",
            "@s ra:inspect.0",
            "/effect @s[tag=from_ads] slowness 0 0",
            "/tag @s remove from_ads",
            "/title @s title ra_hud.leave_ads"
           ],
          "on_exit": [ 
            "@s ra:items.13",
            "/playsound gun_holster @s ~~~ 0.8 1 0.1",
            "/playsound gun_holster.tp @a[r=12,rm=0.25] ~~~ 0.75 1 0.0075",
            "@s ra:attack_value_0"
          ]
        },

        "pre_draw": {
            "transitions": [
                { "default": "!q.is_item_name_any('slot.weapon.mainhand', 0, 'ra:m1_garand') || q.is_stackable || q.is_sleeping || q.health <= 0 || q.is_swimming" },
                { "draw": "v.m1_garand && (q.life_time - v.m1_garand_time) >= 0.15" }
            ],
            "on_entry": [ 
              "@s ra:items.13",
              "v.m1_garand_time = q.life_time;",
              "/tag @s add m1_garand",
              "/title @s title ra_hud.enter_ads"
             ],
             "on_exit": [
              "@s ra:items.13",
              "v.m1_garand_time = q.life_time;"
            ]
        },

        "draw": {
          "animations": [
            { "m1_garand.draw": "v.m1_garand_ammo_count > 0" },
            { "m1_garand.check_ammo": "t.i = 0; loop(27, {(q.is_item_name_any('slot.inventory', t.i, 'ra:m1_garand_clip') || q.is_item_name_any('slot.hotbar', t.i, 'ra:m1_garand_clip')) ? {return true;}; t.i = t.i+1;});" }
          ],
          "transitions": [ 
            { "default": "!q.is_item_name_any('slot.weapon.mainhand', 0, 'ra:m1_garand') || q.is_stackable || q.is_sleeping || q.health <= 0 || q.is_swimming" },
            { "reload_empty": "(q.life_time - v.m1_garand_time) >= 0.7 && v.m1_garand_ammo_count <= 0 && v.has_m1_garand_ammo" },
            { "ads": "q.is_sneaking && (q.life_time - v.m1_garand_time) >= 1.2" },
            { "pre_hipfire": "!q.is_sneaking && q.is_using_item && (q.life_time - v.m1_garand_time) >= 1.3 && v.m1_garand_ammo_count >= 1" },
            { "hold": "(q.life_time - v.m1_garand_time) >= 1.5" }
          ],
          "on_entry": [ 
            "@s ra:items.13",
            "v.m1_garand_time = q.life_time;",
            "v.has_m1_garand_ammo = q.variant == 1009;",
            "@s ra:draw",
            "/tag @s add m1_garand",
            "@s ra:attack_value_0",
            "/title @s title ra_hud.enter_ads"
           ],
           "on_exit": [ 
            "@s ra:items.13",
             "v.m1_garand_time = q.life_time;",
             "v.has_m1_garand_ammo = q.variant == 1009;",
             "@s ra:remove_draw",
             "@s ra:attack_value_0"
            ]
        },

        "hold": {
          "animations": [
            { "m1_garand.check_ammo": "t.i = 0; loop(27, {(q.is_item_name_any('slot.inventory', t.i, 'ra:m1_garand_clip') || q.is_item_name_any('slot.hotbar', t.i, 'ra:m1_garand_clip')) ? {return true;}; t.i = t.i+1;});" }
          ],
          "transitions": [ 
            { "default": "!q.is_item_name_any('slot.weapon.mainhand', 0, 'ra:m1_garand') || q.is_stackable || q.is_sleeping || q.health <= 0 || q.is_swimming" } ,
            { "ads": "q.is_sneaking" },
            { "reload_empty": "v.m1_garand_ammo_count <= 0 && v.has_m1_garand_ammo" },
            { "reload": "v.attack_time >= 0.2 && (q.life_time - v.m1_garand_time) >= 0.15 && v.m1_garand_ammo_count < 7 && v.has_m1_garand_ammo" },
            { "inspect": "v.attack_time >= 0.3 && !q.is_sprinting && !q.is_sleeping && (q.life_time - v.m1_garand_time) >= 0.15" },
            // { "inspect": "v.attack_time >= 0.3 && !q.property('ra:slide_back') && !q.is_sprinting && !q.is_sleeping && (q.life_time - v.m1_garand_time) >= 0.15 && (v.m1_garand_ammo_count > 0)" },
            // { "inspect_empty": "v.attack_time >= 0.3 && q.property('ra:slide_back') && !q.is_sprinting && !q.is_sleeping && (q.life_time - v.m1_garand_time) >= 0.15 && (v.m1_garand_ammo_count <= 0)" },
            { "pre_hipfire": "q.is_using_item" }
          ],
          "on_entry": [
            "@s ra:items.13",
            "v.m1_garand_time = q.life_time;",
            "@s ra:inspect.0",
            "v.random_garand = math.random_integer(1, 2);",
            "v.has_m1_garand_ammo = q.variant == 1009;",
            "@s ra:remove_has_m1_garand_ammo",
            "/tag @s add m1_garand",
            "/title @s title ra_hud.enter_ads",
            "@s ra:attack_value_0",
            "/effect @s[tag=from_ads] slowness 0 0",
            "/tag @s remove from_ads"
           ]
        },

        "inspect": {
          "animations": [
            { "m1_garand.inspect": "v.m1_garand_ammo_count > 0" },
            { "m1_garand.check_ammo": "t.i = 0; loop(27, {(q.is_item_name_any('slot.inventory', t.i, 'ra:m1_garand_clip') || q.is_item_name_any('slot.hotbar', t.i, 'ra:m1_garand_clip')) ? {return true;}; t.i = t.i+1;});" }
          ],
          "transitions": [ 
            { "default": "!q.is_item_name_any('slot.weapon.mainhand', 0, 'ra:m1_garand') || q.is_stackable || q.is_sleeping || q.health <= 0 || q.is_swimming" } ,
            { "ads": "(q.life_time - v.m1_garand_time) < 3.1 && q.is_sneaking && (q.life_time - v.m1_garand_time) >= 0.555" },
            // { "leave_inspect":"((q.life_time - v.m1_garand_time) < 6 && (q.life_time - v.m1_garand_time) > 3.1 && (q.is_sneaking || q.is_using_item)) || (q.is_sprinting && (q.life_time - v.m1_garand_time) < 6 && (q.life_time - v.m1_garand_time) > 3.1)" },
            { "pre_hipfire": "q.is_using_item && (q.life_time - v.m1_garand_time) < 3.5 && (q.life_time - v.m1_garand_time) >= 0.555" },
            { "hold": "(q.life_time - v.m1_garand_time) > 4.75 || q.is_sprinting" }
          ],
          "on_entry": [ 
            "v.m1_garand_time = q.life_time;",
            "v.has_m1_garand_ammo = q.variant == 1009;",
            "@s ra:inspect.1",
            "@s ra:remove_has_m1_garand_ammo",
            "/title @s title ra_hud.enter_ads"
           ],
           "on_exit": [
            "@s ra:inspect.0"
           ]
        },
        // "leave_inspect": {
        //   "animations": [
        //     { "m1_garand.leave_inspect": "v.m1_garand_ammo_count > 0" },
        //     { "m1_garand.check_ammo": "t.i = 0; loop(27, {(q.is_item_name_any('slot.inventory', t.i, 'ra:m1_garand_clip') || q.is_item_name_any('slot.hotbar', t.i, 'ra:m1_garand_clip')) ? {return true;}; t.i = t.i+1;});" }
        //   ],
        //   "transitions": [ 
        //     { "default": "!q.is_item_name_any('slot.weapon.mainhand', 0, 'ra:m1_garand') || q.is_stackable || q.is_sleeping || q.health <= 0 || q.is_swimming" } ,
        //     { "ads": "q.is_sneaking && (q.life_time - v.m1_garand_time) >= 0.6" },
        //     { "pre_hipfire": "q.is_using_item && (q.life_time - v.m1_garand_time) >= 0.6" },
        //     { "hold": "!q.is_sneaking && !q.is_using_item && (q.life_time - v.m1_garand_time) > 0.7" }
        //   ],
        //   "on_entry": [ 
        //     "v.m1_garand_time = q.life_time;",
        //     "v.has_m1_garand_ammo = q.variant == 1009;",
        //     "@s ra:inspect.0",
        //     "@s ra:remove_has_m1_garand_ammo",
        //     "/title @s title ra_hud.enter_ads"
        //    ],
        //    "on_exit": [
        //     "@s ra:inspect.0"
        //    ]
        // },
        // "inspect_empty": {
        //   "animations": [
        //     { "m1_garand.inspect_empty": "v.m1_garand_ammo_count <= 0" },
        //     { "m1_garand.check_ammo": "t.i = 0; loop(27, {(q.is_item_name_any('slot.inventory', t.i, 'ra:m1_garand_clip') || q.is_item_name_any('slot.hotbar', t.i, 'ra:m1_garand_clip')) ? {return true;}; t.i = t.i+1;});" }
        //   ],
        //   "transitions": [ 
        //     { "default": "!q.is_item_name_any('slot.weapon.mainhand', 0, 'ra:m1_garand') || q.is_stackable || q.is_sleeping || q.health <= 0 || q.is_swimming" } ,
        //     { "ads": "q.is_sneaking" },
        //     { "reload_empty": "v.m1_garand_ammo_count <= 0 && v.has_m1_garand_ammo" },
        //     { "reload": "v.attack_time >= 0.2 && (q.life_time - v.m1_garand_time) >= 0.15 && v.m1_garand_ammo_count < 7 && v.has_m1_garand_ammo" },
        //     { "pre_hipfire": "q.is_using_item && (q.life_time - v.m1_garand_time) >= 0.15" },
        //     { "hold": "(!q.is_sneaking && !q.is_using_item && (q.life_time - v.m1_garand_time) > 4.55) || q.is_sprinting" }
        //   ],
        //   "on_entry": [ 
        //     "v.m1_garand_time = q.life_time;",
        //     "v.has_m1_garand_ammo = q.variant == 1009;",
        //     "@s ra:inspect.1",
        //     "@s ra:remove_has_m1_garand_ammo",
        //     "/title @s title ra_hud.enter_ads"
        //    ],
        //    "on_exit": [
        //     "@s ra:inspect.0"
        //    ]
        // },

        "reload_empty": {
          "animations": [ "m1_garand.reload_empty" ],
          "transitions": [ 
            { "default": "!q.is_item_name_any('slot.weapon.mainhand', 0, 'ra:m1_garand') || q.is_stackable || q.is_sleeping || q.health <= 0 || q.is_swimming" },
            { "ads": "(q.life_time - v.m1_garand_time) >= 2.3 && v.m1_garand_ammo_count >= 7 && q.is_sneaking" },
            { "hold": "(q.life_time - v.m1_garand_time) >= 2.5 && v.m1_garand_ammo_count >= 7" }
          ],
          "on_entry": [
            "v.m1_garand_time = q.life_time;",
            "@s ra:reloading_empty.1",
            "/playsound gun_holster @s ~~~ 0.8 1 0.1",
            "/playsound gun_holster.tp @a[r=12,rm=0.25] ~~~ 0.75 1 0.0075",
            "/title @s title ra_hud.enter_ads",
            "/effect @s[tag=from_ads] slowness 0 0",
            "/tag @s remove from_ads"
           ],
           "on_exit": [
            "@s ra:reloading_empty.0"
           ]
        },
        "reload": {
          "animations": [
            { "m1_garand.reload": "v.m1_garand_ammo_count == 1" },
            { "m1_garand.reload.2": "v.m1_garand_ammo_count == 2" },
            { "m1_garand.reload.3": "v.m1_garand_ammo_count == 3" },
            { "m1_garand.reload.4": "v.m1_garand_ammo_count == 4" },
            { "m1_garand.reload.5": "v.m1_garand_ammo_count == 5" },
            { "m1_garand.reload.6": "v.m1_garand_ammo_count == 6" }
          ],
          "transitions": [ 
            { "default": "!q.is_item_name_any('slot.weapon.mainhand', 0, 'ra:m1_garand') || q.is_stackable || q.is_sleeping || q.health <= 0 || q.is_swimming" },
            { "hold": "(q.life_time - v.m1_garand_time) >= 2.75 && v.m1_garand_ammo_count >= 7" },
            { "ads": "(q.life_time - v.m1_garand_time) >= 2.65 && v.m1_garand_ammo_count >= 7 && q.is_sneaking" }
          ],
          "on_entry": [
            "v.m1_garand_time = q.life_time;",
            "@s ra:reloading",
            "/playsound gun_holster @s ~~~ 0.8 1 0.1",
            "/playsound gun_holster.tp @a[r=12,rm=0.25] ~~~ 0.75 1 0.0075",
            "/title @s title ra_hud.enter_ads",
            "/effect @s[tag=from_ads] slowness 0 0",
            "/tag @s remove from_ads"
           ],
           "on_exit": [
            "@s ra:remove_reloading"
           ]
        },
        
        "ads": {
          "animations": [
            { "m1_garand.out_of_ammo": "q.is_using_item && v.m1_garand_ammo_count <= 0" },
            { "m1_garand.check_ammo": "t.i = 0; loop(27, {(q.is_item_name_any('slot.inventory', t.i, 'ra:m1_garand_clip') || q.is_item_name_any('slot.hotbar', t.i, 'ra:m1_garand_clip')) ? {return true;}; t.i = t.i+1;});" }
          ],
          "transitions": [  
            { "default": "!q.is_item_name_any('slot.weapon.mainhand', 0, 'ra:m1_garand') || q.is_stackable || q.is_sleeping || q.health <= 0 || q.is_swimming" },
            { "reload_empty": "((!q.is_sneaking || v.attack_time >= 0.2 ) && v.m1_garand_ammo_count <= 0 && v.has_m1_garand_ammo)" },
            { "reload": "v.attack_time >= 0.2 && (q.life_time - v.m1_garand_time) >= 0.15 && v.m1_garand_ammo_count > 0 && v.m1_garand_ammo_count < 7 && v.has_m1_garand_ammo" },
            { "hold": "!q.is_sneaking" },
            { "shoot_ads": "q.is_sneaking && q.is_using_item && (q.life_time - v.m1_garand_time) >= 0.05 && v.m1_garand_ammo_count > 0" }
          ],
          "on_entry": [ 
            "v.m1_garand_time = q.life_time;",
            "v.random_garand = math.random_integer(1, 2);",
            "v.has_m1_garand_ammo = q.variant == 1009;",
            "@s ra:remove_has_m1_garand_ammo",
            "/tag @s add from_ads",
            "/effect @s slowness 99999 1 true",
            "/playsound cloth_high @s ~~~ 0.75 1.15 1",
            "/playsound cloth_high.tp @a[r=12,rm=0.25] ~~~ 0.5 1.15 0.0075",
            "/title @s title ra_hud.enter_ads"
           ],
           "on_exit": [ 
            "/playsound cloth_high @s ~~~ 0.5 1 1",
            "/playsound cloth_high.tp @a[r=12,rm=0.25] ~~~ 0.5 1 0.0075"
            ]
        },
        
        "shoot_ads": {
          "animations": [
            // "m1_garand.ads_fire"
            { "m1_garand.ads_fire": "v.random_garand == 1" },
            { "m1_garand.ads_fire.1": "v.random_garand == 2" }
          ],
          "transitions": [  
            { "default": "!q.is_item_name_any('slot.weapon.mainhand', 0, 'ra:m1_garand') || q.is_stackable || q.is_sleeping || q.health <= 0 || q.is_swimming" },
            { "ads": "(!q.is_using_item && v.m1_garand_ammo_count > 0) && (q.life_time - v.m1_garand_time) >= 0.1" },
            { "eject_mag": "v.m1_garand_ammo_count <= 0 && (q.life_time - v.m1_garand_time) >= 0.05" }
          ],
          "on_entry": [ 
            "v.m1_garand_time = q.life_time;",
            "v.random_garand = math.random_integer(1, 2);",
            "v.has_m1_garand_ammo = q.variant == 1009;",
            "/title @s title ra_hud.enter_ads",
            "/fill ~1~1~1 ~-1~1~-1 minecraft:light_block [\"block_light_level\":11] replace minecraft:air"
           ],
           "on_exit": [
            "/fill ~5~5~5 ~-5~-5~-5 minecraft:air [] replace minecraft:light_block",
            "/fill ~5~5~5 ~-5~~-5 minecraft:air [] replace minecraft:light_block"
            ]
        },
        
        "eject_mag": {
          "animations": [
            "m1_garand.eject_mag",
            { "m1_garand.check_ammo": "t.i = 0; loop(27, {(q.is_item_name_any('slot.inventory', t.i, 'ra:m1_garand_clip') || q.is_item_name_any('slot.hotbar', t.i, 'ra:m1_garand_clip')) ? {return true;}; t.i = t.i+1;});" }
          ],
          "transitions": [
            { "default": "!q.is_item_name_any('slot.weapon.mainhand', 0, 'ra:m1_garand') || q.is_stackable || q.is_sleeping || q.health <= 0 || q.is_swimming" },
            { "reload_empty": "((!q.is_sneaking && !q.is_using_item ) || v.attack_time >= 0.3)&& v.m1_garand_ammo_count <= 0 && v.has_m1_garand_ammo && (q.life_time - v.m1_garand_time) >= 0.15" },
            { "hold": "!q.is_using_item && !v.has_m1_garand_ammo && (q.life_time - v.m1_garand_time) >= 0.15" }
          ],
          "on_entry": [ 
            "v.m1_garand_time = q.life_time;",
            "v.has_m1_garand_ammo = q.variant == 1009;",
            "@s ra:m1_garand.slide_back.1",
            "/title @s title ra_hud.enter_ads",

            "/playsound m1_garand.ping @s ~~~ 1 1 1",
            "/playsound m1_garand.ping.tp @a[r=32,rm=0.25] ~~~ 0.75 1 0.0075",
            "/playsound hammer.equip @s ~~~ 1 1 1",
            "/playsound hammer.equip.tp @a[r=32,rm=0.25] ~~~ 0.75 1 0.0075"
           ]
        },
        
        "leave_hipfire": {
          "animations": [
            { "m1_garand.out_of_ammo": "q.is_using_item && v.m1_garand_ammo_count <= 0" }
          ],
          "transitions": [  
            { "default": "!q.is_item_name_any('slot.weapon.mainhand', 0, 'ra:m1_garand') || q.is_stackable || q.is_sleeping || q.health <= 0 || q.is_swimming" },
            { "reload": "v.attack_time >= 0.2 && v.m1_garand_ammo_count < 7 && v.has_m1_garand_ammo" },
            { "reload_empty": "v.m1_garand_ammo_count <= 0 && v.has_m1_garand_ammo" },
            { "hold": "!q.is_using_item && (q.life_time - v.m1_garand_time) >= 0.6" },
            { "ads": "q.is_sneaking && v.m1_garand_ammo_count > 0" },
            { "hipfire": "q.is_using_item && v.m1_garand_ammo_count > 0" }
          ],
          "on_entry": [ 
            "v.m1_garand_time = q.life_time;",
            "@s ra:remove_has_m1_garand_ammo",
            "/title @s title ra_hud.enter_ads",
            "/effect @s[tag=from_ads] slowness 0 0",
            "/tag @s remove from_ads"
           ]
        },
        
        "pre_hipfire": {
          "animations": [
            { "m1_garand.out_of_ammo": "q.is_using_item && v.m1_garand_ammo_count <= 0" }
          ],
          "transitions": [  
            { "default": "!q.is_item_name_any('slot.weapon.mainhand', 0, 'ra:m1_garand') || q.is_stackable || q.is_sleeping || q.health <= 0 || q.is_swimming" },
            { "reload": "v.attack_time >= 0.2 && v.m1_garand_ammo_count < 7 && v.has_m1_garand_ammo" },
            { "reload_empty": "v.m1_garand_ammo_count <= 0 && v.has_m1_garand_ammo" },
            { "leave_hipfire": "!q.is_using_item && (q.life_time - v.m1_garand_time) >= 0.15" },
            { "ads": "q.is_sneaking && v.m1_garand_ammo_count > 0" },
            { "hipfire": "q.is_using_item && v.m1_garand_ammo_count > 0 && (q.life_time - v.m1_garand_time) >= 0.065" }
          ],
          "on_entry": [ 
            "v.m1_garand_time = q.life_time;",
            "@s ra:remove_has_m1_garand_ammo",
            "/title @s title ra_hud.enter_ads",
            "/effect @s[tag=from_ads] slowness 0 0",
            "/tag @s remove from_ads"
           ]
        },
        
        "pre_hipfire2": {
          "animations": [
            { "m1_garand.out_of_ammo": "q.is_using_item && v.m1_garand_ammo_count <= 0" }
          ],
          "transitions": [  
            { "default": "!q.is_item_name_any('slot.weapon.mainhand', 0, 'ra:m1_garand') || q.is_stackable || q.is_sleeping || q.health <= 0 || q.is_swimming" },
            { "reload": "v.attack_time > 0.1 && v.m1_garand_ammo_count < 7 && v.has_m1_garand_ammo" },
            { "reload_empty": "v.m1_garand_ammo_count <= 0 && v.has_m1_garand_ammo" },
            { "hold": "!q.is_using_item && (q.life_time - v.m1_garand_time) >= 0.5" },
            { "ads": "q.is_sneaking && v.m1_garand_ammo_count > 0" },
            { "hipfire": "q.is_using_item && v.m1_garand_ammo_count > 0" }
          ],
          "on_entry": [ 
            "v.m1_garand_time = q.life_time;",
            "@s ra:remove_has_m1_garand_ammo",
            "/title @s title ra_hud.enter_ads",
            "/effect @s[tag=from_ads] slowness 0 0",
            "/tag @s remove from_ads"
           ]
        },
        
        "hipfire": {
          "animations": [ "m1_garand.hipfire" ],
          "transitions": [  
            { "default": "!q.is_item_name_any('slot.weapon.mainhand', 0, 'ra:m1_garand') || q.is_stackable || q.is_sleeping || q.health <= 0 || q.is_swimming" },
            { "eject_mag": "v.m1_garand_ammo_count <= 0 && (q.life_time - v.m1_garand_time) >= 0.05" },
            { "pre_hipfire2": "!q.is_using_item && v.m1_garand_ammo_count > 0" }
          ],
          "on_entry": [
            "v.m1_garand_time = q.life_time;",
            "v.has_m1_garand_ammo = q.variant == 1009;",
            "/title @s title ra_hud.enter_ads",
            "/fill ~1~1~1 ~-1~1~-1 minecraft:light_block [\"block_light_level\":11] replace minecraft:air",
            "/effect @s[tag=from_ads] slowness 0 0",
            "/tag @s remove from_ads"
           ],
           "on_exit": [
            "/fill ~5~5~5 ~-5~-5~-5 minecraft:air [] replace minecraft:light_block",
            "/fill ~5~5~5 ~-5~~-5 minecraft:air [] replace minecraft:light_block",
            "@s ra:remove_m1_garand.hipfire"
           ]
        }
      }
    },
    "controller.animation.m1_garand.empty": {
      "initial_state": "full",
      "states": {
        "full": {
          "transitions": [ 
            { "empty": "v.m1_garand_ammo_count <= 0 && q.is_item_name_any('slot.weapon.mainhand', 0, 'ra:m1_garand') && !q.is_stackable && !q.is_sleeping" }
          ],
          "on_entry": [ 
            "@s ra:m1_garand.slide_back.0"
          ]
        },
        "empty": {
          "transitions": [ 
            { "full": "v.m1_garand_ammo_count > 0 || !q.is_item_name_any('slot.weapon.mainhand', 0, 'ra:m1_garand') || q.is_stackable || q.is_sleeping || q.health <= 0 || q.is_swimming" }
          ],
          "on_entry": [ 
            "@s ra:m1_garand.slide_back.1"
           ]
        }
      }
    },
    "controller.animation.m1_garand.ammo": {
      "initial_state": "default",
      "states": {
        "default": {
          "transitions": [ 
            { "activate": "v.m1_garand_ammo_count >= 1 && q.is_item_name_any('slot.weapon.mainhand', 0, 'ra:m1_garand') && !q.is_stackable && !q.is_sleeping" }
          ],
          "on_entry": [ 
            "@s ra:remove_has_ammo"
          ]
        },
        "activate": {
          "transitions": [ 
            { "default": "v.m1_garand_ammo_count <= 0 || !q.is_item_name_any('slot.weapon.mainhand', 0, 'ra:m1_garand') || q.is_stackable || q.is_sleeping || q.health <= 0 || q.is_swimming" }
          ],
          "on_entry": [ 
            "@s ra:has_ammo"
           ]
        }
      }
    },
    "controller.animation.m1_garand.ammo_full": {
      "initial_state": "default",
      "states": {
        "default": {
          "transitions": [ 
            { "full": "v.m1_garand_ammo_count >= 7 && q.is_item_name_any('slot.weapon.mainhand', 0, 'ra:m1_garand') && !q.is_stackable && !q.is_sleeping" }
          ],
          "on_entry": [ 
            "@s ra:remove_ammo_full"
          ]
        },
        "full": {
          "transitions": [ 
            { "default": "v.m1_garand_ammo_count <= 7 || !q.is_item_name_any('slot.weapon.mainhand', 0, 'ra:m1_garand') || q.is_stackable || q.is_sleeping || q.health <= 0 || q.is_swimming" }
          ],
          "on_entry": [ 
            "@s ra:ammo_full"
           ]
        }
      }
    },
    "controller.animation.m1_garand.ammo_display": {
      "initial_state": "default",
      "states": {
        "default": {
          "transitions": [ 
            { "activate": "q.is_item_name_any('slot.weapon.mainhand', 0, 'ra:m1_garand') && !q.is_stackable && !q.is_sleeping" }
          ]
        },
        "activate": {
          "animations": ["m1_garand.ammo_display"],
          "transitions": [ 
            { "default": "!q.is_item_name_any('slot.weapon.mainhand', 0, 'ra:m1_garand') || q.is_stackable || q.is_sleeping || q.health <= 0 || q.is_swimming" }
          ]
        }
      }
    },
		"controller.animation.garand_clip": {
			"initial_state": "default",
			"states": {
				"default": {
					"transitions": [
						{ "hurt": "q.variant == 1" },
						{ "air_hit": "!q.is_on_ground" },
						{ "drag": "q.is_on_ground && q.modified_move_speed > 0.1" }
					],
					"on_entry": [ "v.m79_time = q.life_time;" ]
				},
				"drag": {
					"transitions": [
						{ "hurt": "q.variant == 1" },
						{ "default": "q.variant == 0 || (q.is_on_ground && q.modified_move_speed < 0.1)" }
					],
					"on_entry": [
						"/playsound random.fizz @a[r=16] ~~~ 0.015 1.5 0.025",
						"/playsound grenade_ting @a[r=16] ~~~ 0.025 0.9 0.025",
						"/playsound garand.clip @a[r=16] ~~~ 0.025 0.9 0.025"
					]
				},
				"hurt": {
					"transitions": [
						{ "default": "q.variant == 0 || (q.life_time - v.m79_time) >= 0.25" }
					],
					"on_entry": [
            "v.m79_time = q.life_time;",
						"/playsound block.lantern.break @a[r=25] ~~~ 0.85 1.5 0.025",
						"/playsound block.lantern.break @a[r=25] ~~~ 0.35 0.5 0.025",
						"/playsound grenade_ting @a[r=25] ~~~ 0.1 1 0.025",
						"/playsound grenade_ting @a[r=25] ~~~ 0.1 0.85 0.025",
						"/playsound garand.clip @a[r=25] ~~~ 0.9 1 0.025"
					],
					"on_exit": [
            "v.m79_time = q.life_time;",
            "@s ra:default"
					]
				},
				"air_hit": {
					"transitions": [
						{ "default": "q.is_on_ground" }
					],
					"on_exit": [
						"/playsound grenade_ting @a[r=25] ~~~ 0.1 1 0.025",
						"/playsound block.lantern.break @a[r=25] ~~~ 0.5 0.75 0.025",
						"/playsound block.lantern.break @a[r=25] ~~~ 0.15 0.25 0.025",
						"/playsound garand.clip @a[r=25] ~~~ 0.9 1 0.025"
					]
				}
			}
		}
  }
}