{
  "format_version": "1.10.0",
  "animation_controllers": {
    "controller.animation.m4.remove_first_user": {
      "initial_state": "no_weapon",
      "states": {
        "no_weapon": {
          "transitions": [
            { "has_weapon": "q.is_item_name_any('slot.weapon.mainhand', 0, 'ra:m4') && !q.is_stackable && !q.is_sleeping && q.is_alive && !q.is_swimming" }
          ]
        },
        "has_weapon": {
          "on_entry": [
            "v.m4_ammo_count = 30;",
            "/scoreboard objectives add m4_ammo_count dummy m4_ammo_count",
            "/scoreboard players set @s m4_ammo_count 30"
          ]
        }
      }
    },
    "controller.animation.m4": {
      "initial_state": "default",
      "states": {
        "default": {
          "transitions": [
            { "pre_draw": "q.is_item_name_any('slot.weapon.mainhand', 0, 'ra:m4') && !q.is_stackable && !q.is_sleeping && !q.is_swimming" }
          ],
          "on_entry": [
            "@s ra:remove_has_m4_ammo",
            "/playsound gun_unholster  @s ~~~ 0.7 1 0.1",
            "/playsound gun_unholster.tp @a[r=12,rm=0.25] ~~~ 0.6 1 0.0075",
            "/stopsound @s m4.pullback",
            "/tag @s remove from_ads",
            "/tag @s remove m4",
            "@s ra:attack_value_1",
            "@s ra:clear_id",
            "/title @s title ra_hud.leave_ads"
           ],
          "on_exit": [ 
            "@s ra:items.14",
            "/playsound gun_holster @s ~~~ 0.8 1 0.1",
            "/playsound gun_holster.tp @a[r=12,rm=0.25] ~~~ 0.75 1 0.0075",
            "@s ra:attack_value_0",
            "/title @s title ra_hud.enter_ads"
          ]
        },
        "pre_draw": {
          "animations": [
            { "m4.check_ammo": "t.i = 0; loop(27, {(q.is_item_name_any('slot.inventory', t.i, 'ra:m4_clip') || q.is_item_name_any('slot.hotbar', t.i, 'ra:m4_clip')) ? {return true;}; t.i = t.i+1;});" }
          ],
          "transitions": [
            { "default": "!q.is_item_name_any('slot.weapon.mainhand', 0, 'ra:m4') || q.is_stackable || q.is_sleeping || q.health <= 0 || q.is_swimming" },
            { "draw": "q.is_item_name_any('slot.weapon.mainhand', 0, 'ra:m4') && !q.is_stackable && !q.is_sleeping" }
          ],
          "on_entry": [ 
            "@s ra:items.14",
            "v.m4_time = q.life_time;",
            "v.has_m4_ammo = q.is_angry;",
            "/title @s title ra_hud.enter_ads",
            "@s ra:attack_value_0"
           ]
        },

        "draw": {
          "animations": [
            "m4.draw_sfx",
            { "m4.check_ammo": "t.i = 0; loop(27, {(q.is_item_name_any('slot.inventory', t.i, 'ra:m4_clip') || q.is_item_name_any('slot.hotbar', t.i, 'ra:m4_clip')) ? {return true;}; t.i = t.i+1;});" }
          ],
          "transitions": [ 
            { "default": "!q.is_item_name_any('slot.weapon.mainhand', 0, 'ra:m4') || q.is_stackable || q.is_sleeping || q.health <= 0 || q.is_swimming" } ,
            { "reload_empty": "(q.life_time - v.m4_time) >= 0.7 && v.m4_ammo_count <= 0 && v.has_m4_ammo" },
            { "ads": "q.is_sneaking && (q.life_time - v.m4_time) >= 0.75" },
            { "pre_hipfire": "q.is_using_item && (q.life_time - v.m4_time) >= 0.75" },
            { "hold": "(q.life_time - v.m4_time) >= 0.75" }
          ],
          "on_entry": [ 
            "@s ra:items.14",
            "v.m4_time = q.life_time;",
            "v.has_m4_ammo = q.is_angry;",
            "@s ra:remove_has_m4_ammo",
            "/title @s title ra_hud.enter_ads",
            "/tag @s add m4",
            "@s ra:attack_value_0"
           ]
        },

        "hold": {
          "animations": [
            { "m4.check_ammo": "t.i = 0; loop(27, {(q.is_item_name_any('slot.inventory', t.i, 'ra:m4_clip') || q.is_item_name_any('slot.hotbar', t.i, 'ra:m4_clip')) ? {return true;}; t.i = t.i+1;});" }
          ],
          "transitions": [ 
            { "default": "!q.is_item_name_any('slot.weapon.mainhand', 0, 'ra:m4') || q.is_stackable || q.is_sleeping || q.health <= 0 || q.is_swimming" },
            { "sprint": "q.is_sprinting && (q.life_time - v.m4_time) >= 0.2" },
            { "ads": "q.is_sneaking" },
            { "pre_hipfire": "q.is_using_item" },
            { "reload_empty": "((q.life_time - v.m4_time) >= 0.15 && v.m4_ammo_count <= 0 && v.has_m4_ammo)" },
            { "reload": "v.attack_time >= 0.12 && v.m4_ammo_count < 30 && v.has_m4_ammo" },
            { "inspect": "(v.attack_time >= 0.12 && !q.is_sprinting && !q.is_sleeping && (q.life_time - v.m4_time) >= 0.15 && (v.m4_ammo_count >= 30 || v.m4_ammo_count <= 0 || (v.m4_ammo_count >= 0 && !v.has_m4_ammo))) || ((q.life_time - v.m4_time) >= 25)" }
          ],
          "on_entry": [ 
            "v.m4_time = q.life_time;",
            "v.has_m4_ammo = q.is_angry;",
            "/effect @s[tag=from_ads] slowness 0 0",
            "/playsound gun_unholster @s[tag=from_ads] ~~~ 0.4 1.4 0.1",
            "/tag @s remove from_ads",
            "@s ra:shell_type.none",
            "@s ra:anim_trigger_1.none",
            "@s ra:anim_trigger.none",
            "@s ra:remove_reloading",
            "@s ra:remove_has_m4_ammo",
            "/tag @s add m4",
            "/title @s title ra_hud.enter_ads",
            "@s ra:attack_value_0"
           ]
        },

        "inspect": {
          "animations": [
            "m16a4.inspect",
            { "m4.check_ammo": "t.i = 0; loop(27, {(q.is_item_name_any('slot.inventory', t.i, 'ra:m4_clip') || q.is_item_name_any('slot.hotbar', t.i, 'ra:m4_clip')) ? {return true;}; t.i = t.i+1;});" }
          ],
          "transitions": [ 
            { "default": "!q.is_item_name_any('slot.weapon.mainhand', 0, 'ra:m4') || q.is_stackable || q.is_sleeping || q.health <= 0 || q.is_swimming" },
            // { "leave_inspect": "(q.is_sprinting || q.is_sneaking || q.is_using_item) && (q.life_time - v.m4_time) < 2.45" },
            { "ads": "q.is_sneaking" },
            { "pre_hipfire": "q.is_using_item" },
            { "reload_empty": "((q.life_time - v.m4_time) >= 0.15 && v.m4_ammo_count <= 0 && v.has_m4_ammo)" },
            { "reload": "v.attack_time >= 0.12 &&  v.m4_ammo_count < 30 && v.has_m4_ammo" },
            { "hold": "(!q.is_sneaking && !q.is_using_item && (q.life_time - v.m4_time) > 4.55) || q.is_sprinting" }
          ],
          "on_entry": [ 
            "v.m4_time = q.life_time;",
            "v.has_m4_ammo = q.is_angry;",
            "@s ra:inspect.1",
            "/title @s title ra_hud.enter_ads"
           ],
           "on_exit": [
            "@s ra:inspect.0"
          ]
        },

        "sprint": {
          "animations": [
            { "m4.check_ammo": "t.i = 0; loop(27, {(q.is_item_name_any('slot.inventory', t.i, 'ra:m4_clip') || q.is_item_name_any('slot.hotbar', t.i, 'ra:m4_clip')) ? {return true;}; t.i = t.i+1;});" }
          ],
          "transitions": [ 
            { "default": "!q.is_item_name_any('slot.weapon.mainhand', 0, 'ra:m4') || q.is_stackable || q.is_sleeping || q.health <= 0 || q.is_swimming" },
            { "ads": "q.is_sneaking" },
            { "pre_hipfire": "q.is_using_item" },
            { "reload_empty": "((q.life_time - v.m4_time) >= 0.15 && v.m4_ammo_count <= 0 && v.has_m4_ammo)" },
            { "reload": "v.attack_time >= 0.12 &&  v.m4_ammo_count < 30 && v.has_m4_ammo" },
            { "hold": "!q.is_sprinting" }
          ],
          "on_entry": [ 
            "v.m4_time = q.life_time;",
            "v.random_m16a4 = math.random_integer(1, 2);",
            "v.has_m4_ammo = q.is_angry;",
            "@s ra:shell_type.none",
            "@s ra:remove_has_m4_ammo"
           ],
           "on_exit": ["v.m4_time = q.life_time;"]
        },

        "reload_empty": {
          "animations": [
            "m4.reload.1"
            // { "m4.reload": "v.any_grip_type" },
            // { "m4.reload.1": "!v.any_grip_type" }
          ],
          "transitions": [ 
            { "default": "!q.is_item_name_any('slot.weapon.mainhand', 0, 'ra:m4') || q.is_stackable || q.is_sleeping || q.health <= 0 || q.is_swimming" },
            { "hold": "(q.life_time - v.m4_time) >= 2.85 && !q.is_sneaking" },
            { "ads": "(q.life_time - v.m4_time) >= 2.7 && q.is_sneaking" },
            { "pre_hipfire": "(q.life_time - v.m4_time) >= 2.7 && q.is_using_item" }
          ],
          "on_entry": [ 
            "v.m4_time = q.life_time;",
            "v.has_m4_ammo = q.is_angry;",
            "/tag @s remove from_ads",
            "@s ra:reloading_empty.1",
            "@s ra:remove_has_m4_ammo",
            "/playsound gun_holster @s ~~~ 0.8 1 0.1",
            "/playsound gun_holster.tp @a[r=12,rm=0.25] ~~~ 0.75 1 0.0075",
            "/title @s title ra_hud.enter_ads"
           ],
           "on_exit": [
            "@s ra:reloading_empty.0"
          ]
        },

        "reload": {
          "animations": [
            "m4.reload2"
          ],
          "transitions": [ 
            { "default": "!q.is_item_name_any('slot.weapon.mainhand', 0, 'ra:m4') || q.is_stackable || q.is_sleeping || q.health <= 0 || q.is_swimming" },
            { "hold": "(q.life_time - v.m4_time) >= 1.625" },
            { "ads": "(q.life_time - v.m4_time) >= 1.6 && q.is_sneaking" },
            { "pre_hipfire": "(q.life_time - v.m4_time) >= 1.6 && q.is_using_item" }
          ],
          "on_entry": [ 
            "v.m4_time = q.life_time;",
            "v.has_m4_ammo = q.is_angry;",
            "/tag @s remove from_ads",
            "@s ra:reloading",
            "@s ra:remove_has_m4_ammo",
            "/playsound gun_holster @s ~~~ 0.8 1 0.1",
            "/playsound gun_holster.tp @a[r=12,rm=0.25] ~~~ 0.75 1 0.0075",
            "/title @s title ra_hud.enter_ads"
           ],
           "on_exit": [
            "@s ra:remove_reloading"
          ]
        },
        
        "ads": {
          "animations": [
            { "m4.check_ammo": "t.i = 0; loop(27, {(q.is_item_name_any('slot.inventory', t.i, 'ra:m4_clip') || q.is_item_name_any('slot.hotbar', t.i, 'ra:m4_clip')) ? {return true;}; t.i = t.i+1;});" },
            { "m4.out_of_ammo": "q.is_using_item && v.m4_ammo_count <= 0 && (q.life_time - v.m4_time) >= 0.1" }
          ],
          "transitions": [  
            { "default": "!q.is_item_name_any('slot.weapon.mainhand', 0, 'ra:m4') || q.is_stackable || q.is_sleeping || q.health <= 0 || q.is_swimming" },
            { "reload_empty": "(!q.is_sneaking && v.m4_ammo_count <= 0 && v.has_m4_ammo) || (v.attack_time > 0.5 && v.m4_ammo_count <= 0 && v.has_m4_ammo)" },
            { "reload": "v.attack_time > 0.5 && v.m4_ammo_count < 30 && v.has_m4_ammo" },
            { "hold": "!q.is_sneaking" },
            { "shoot_ads": "q.is_sneaking && q.is_using_item && (q.life_time - v.m4_time) >= 0.125 && v.m4_ammo_count > 0" },
            { "hipfire": "q.is_using_item && !q.is_sneaking" }
          ],
          "on_entry": [ 
            "v.m4_time = q.life_time;",
            "v.has_m4_ammo = q.is_angry;",
            "@s ra:remove_has_m4_ammo",
            "/playsound cloth_high @s[tag=!from_ads] ~~~ 0.75 1.15 1",
            "/playsound cloth_high.tp @a[tag=!from_ads,r=12,rm=0.25] ~~~ 0.5 1.15 0.0075",
            "/effect @s slowness 99999 1 true",
            "/tag @s add from_ads",
            "/title @s title ra_hud.enter_ads"
           ],
           "on_exit": [ 
             "/playsound gun_unholster @s ~~~ 0.5 1.4 0.1",
             "/effect @s slowness 0 0"
            ]
        },
        
        "shoot_ads": {
          "animations": [
            { "m4.check_ammo": "t.i = 0; loop(27, {(q.is_item_name_any('slot.inventory', t.i, 'ra:m4_clip') || q.is_item_name_any('slot.hotbar', t.i, 'ra:m4_clip')) ? {return true;}; t.i = t.i+1;});" },
            "m4.shoot",
            { "gun.clear_light_flash": "q.is_using_item && v.m4_ammo_count <= 0" }
            // { "m4.out_of_ammo": "q.is_using_item && v.m4_ammo_count <= 0" }
          ],
          "transitions": [  
            { "default": "!q.is_item_name_any('slot.weapon.mainhand', 0, 'ra:m4') || q.is_stackable || q.is_sleeping || q.health <= 0 || q.is_swimming" },
            { "ads": "(!q.is_using_item && (q.life_time - v.m4_time) >= 0.08) || (v.m4_ammo_count <= 0)" },
            { "hipfire": "q.is_using_item && !q.is_sneaking" } 
          ],
          "on_entry": [ 
            "v.m4_time = q.life_time;",
            "v.has_m4_ammo = q.is_angry;",
            "@s ra:remove_has_m4_ammo",
            "/effect @s slowness 99999 1 true",
            "/title @s title ra_hud.enter_ads"
           ],
           "on_exit": [  
            "v.m4_time = q.life_time;",
             "/fill ~5~5~5 ~-5~-5~-5 minecraft:air [] replace minecraft:light_block",
             "/fill ~5~5~5 ~-5~~-5 minecraft:air [] replace minecraft:light_block",
             "/playsound casing @a[r=12] ~~~ 0.85 1 0.01",
             "/effect @s slowness 0 0",
             "/camerashake stop @s"
            ]
        },
        
        "pre_hipfire": {
          "animations": [
            { "m4.check_ammo": "t.i = 0; loop(27, {(q.is_item_name_any('slot.inventory', t.i, 'ra:m4_clip') || q.is_item_name_any('slot.hotbar', t.i, 'ra:m4_clip')) ? {return true;}; t.i = t.i+1;});" },
            { "m4.out_of_ammo": "q.is_using_item && v.m4_ammo_count <= 0 && (q.life_time - v.m4_time) >= 0.1" }
          ],
          "transitions": [  
            { "default": "!q.is_item_name_any('slot.weapon.mainhand', 0, 'ra:m4') || q.is_stackable || q.is_sleeping || q.health <= 0 || q.is_swimming" } ,
            { "reload_empty": "(!q.is_using_item && v.m4_ammo_count <= 0 && v.has_m4_ammo) || (v.attack_time > 0.5 && v.m4_ammo_count <= 0 && v.has_m4_ammo)" },
            { "reload": "v.attack_time > 0.5 && v.m4_ammo_count < 30 && v.has_m4_ammo" },
            { "ads": "!q.is_using_item && v.m4_ammo_count >= 1 && q.is_sneaking" },
            { "hold": "!q.is_using_item && (q.life_time - v.m4_time) >= 0.8" },
            { "shoot_ads": "q.is_sneaking && v.m4_ammo_count > 0 && q.is_using_item && (q.life_time - v.m4_time) >= 0.115" },
            { "hipfire": "q.is_using_item && v.m4_ammo_count > 0 && (q.life_time - v.m4_time) >= 0.165" }
          ],
          "on_entry": [ 
            "v.m4_time = q.life_time;",
            "v.has_m4_ammo = q.is_angry;",
            "/tag @s remove from_ads",
            "@s ra:remove_has_m4_ammo",
            "/title @s title ra_hud.enter_ads"
           ]
        },
        
        "hipfire": {
          "animations": [
            { "m4.check_ammo": "t.i = 0; loop(27, {(q.is_item_name_any('slot.inventory', t.i, 'ra:m4_clip') || q.is_item_name_any('slot.hotbar', t.i, 'ra:m4_clip')) ? {return true;}; t.i = t.i+1;});" },
            "m4.hipfire_shoot",
            { "gun.clear_light_flash": "q.is_using_item && v.m4_ammo_count <= 0" }
            // { "m4.out_of_ammo": "q.is_using_item && v.m4_ammo_count <= 0" }
          ],
          "transitions": [  
            { "default": "!q.is_item_name_any('slot.weapon.mainhand', 0, 'ra:m4') || q.is_stackable || q.is_sleeping || q.health <= 0 || q.is_swimming" } ,
            { "pre_hipfire": "(!q.is_using_item && (q.life_time - v.m4_time) >= 0.08) || (v.m4_ammo_count <= 0)" },
            { "shoot_ads": "q.is_sneaking && q.is_using_item && v.m4_ammo_count > 0" },
            { "ads": "!q.is_using_item && q.is_sneaking && (q.life_time - v.m4_time) >= 0.12" },
            { "reload_empty": "(!q.is_using_item && v.m4_ammo_count <= 0 && v.has_m4_ammo) || (v.attack_time > 0.5 && v.m4_ammo_count <= 0 && v.has_m4_ammo)" },
            { "reload": "v.attack_time > 0.5 && v.m4_ammo_count < 30 && v.has_m4_ammo" }
          ],
          "on_entry": [ 
            "v.m4_time = q.life_time;",
            "v.has_m4_ammo = q.is_angry;",
            "/tag @s remove from_ads",
            "@s ra:remove_has_m4_ammo",
            "/title @s title ra_hud.enter_ads"
           ],
           "on_exit": [ 
             "/fill ~5~5~5 ~-5~-5~-5 minecraft:air [] replace minecraft:light_block",
             "/fill ~5~5~5 ~-5~~-5 minecraft:air [] replace minecraft:light_block",
             "/playsound casing @a[r=12] ~~~ 0.85 1 0.01",
             "/effect @s slowness 0 0",
             "/camerashake stop @s"
            ]
        }
      }
    },
    "controller.animation.m4.ammo_full": {
      "initial_state": "default",
      "states": {
        "default": {
          "transitions": [ 
            { "activate": "q.is_item_name_any('slot.weapon.mainhand', 0, 'ra:m4') && !q.is_stackable && !q.is_sleeping && v.m4_ammo_count <= 30" }
          ]
        },
        "activate": {
          "transitions": [ 
            { "default": "!q.is_item_name_any('slot.weapon.mainhand', 0, 'ra:m4') || q.is_stackable || q.is_sleeping || q.health <= 0 || q.is_swimming || v.m4_ammo_count > 30" }
          ],
          "on_entry": ["@s ra:m4_ammo_full"],
          "on_exit": ["@s ra:remove_m4_ammo_full"]
        }
      }
    },
    "controller.animation.m4.ammo_display": {
      "initial_state": "default",
      "states": {
        "default": {
          "transitions": [ 
            { "activate": "q.is_item_name_any('slot.weapon.mainhand', 0, 'ra:m4') && !q.is_stackable && !q.is_sleeping" }
          ]
        },
        "activate": {
          "animations": [
            "m4.ammo_display"
          ],
          "transitions": [ 
            { "default": "!q.is_item_name_any('slot.weapon.mainhand', 0, 'ra:m4') || q.is_stackable || q.is_sleeping || q.health <= 0 || q.is_swimming" }
          ]
        }
      }
    }
  }
}