{
  "format_version": "1.10.0",
  "animation_controllers": {
    "controller.animation.m79": {
      "initial_state": "default",
      "states": {
        "default": {
          "transitions": [
            { "draw": "q.is_item_name_any('slot.weapon.mainhand', 0, 'ra:m79') && !q.is_stackable && !q.is_sleeping && q.is_alive && !q.is_swimming" }
          ],
          "on_entry": [ 
            "/playsound gun_unholster  @s ~~~ 0.7 1 0.1",
            "/playsound gun_unholster.tp @a[r=12,rm=0.25] ~~~ 0.6 1 0.0075",
            "@s ra:clear_id",
            "/tag @s remove m79",
            "@s ra:attack_value_1",
            "@s ra:clear_id",
            "/effect @s[tag=from_ads] slowness 0 0",
            "/tag @s remove from_ads",
            "/title @s title ra_hud.leave_ads"
           ],
          "on_exit": [ 
            "@s ra:items.15",
            "/playsound gun_holster @s ~~~ 0.8 1 0.1",
            "/playsound gun_holster.tp @a[r=12,rm=0.25] ~~~ 0.75 1 0.0075",
            "@s ra:attack_value_0",
            "/title @s title ra_hud.enter_ads"
          ]
        },

        "draw": {
          "animations": [
            "m79.draw",
            { "m79.check_ammo": "t.i = 0; loop(27, {(q.is_item_name_any('slot.inventory', t.i, 'ra:m79_shell') || q.is_item_name_any('slot.hotbar', t.i, 'ra:m79_shell')) ? {return true;}; t.i = t.i+1;});" }
          ],
          "transitions": [ 
            { "default": "!q.is_item_name_any('slot.weapon.mainhand', 0, 'ra:m79') || q.is_stackable || q.is_sleeping || q.health <= 0 || q.is_swimming" },
            { "reload": "(q.life_time - v.m79_time) >= 0.7 && v.m79_ammo_count <= 0 && v.has_m79_ammo" },
            { "ads": "q.is_sneaking && (q.life_time - v.m79_time) >= 0.75" },
            { "pre_hipfire": "q.is_using_item && (q.life_time - v.m79_time) >= 0.75 && v.m79_ammo_count >= 1" },
            { "hold": "(q.life_time - v.m79_time) >= 0.75" }
          ],
          "on_entry": [ 
            "@s ra:items.15",
            "v.m79_time = q.life_time;",
            "/tag @s add m79",
            "v.has_m79_ammo = q.variant == 1004;",
            "/title @s title ra_hud.enter_ads"
           ]
        },

        "hold": {
          "animations": [
            { "m79.check_ammo": "t.i = 0; loop(27, {(q.is_item_name_any('slot.inventory', t.i, 'ra:m79_shell') || q.is_item_name_any('slot.hotbar', t.i, 'ra:m79_shell')) ? {return true;}; t.i = t.i+1;});" }
          ],
          "transitions": [ 
            { "default": "!q.is_item_name_any('slot.weapon.mainhand', 0, 'ra:m79') || q.is_stackable || q.is_sleeping || q.health <= 0 || q.is_swimming" },
            { "reload": "(q.life_time - v.m79_time) >= 0.15 && v.m79_ammo_count <= 0 && v.has_m79_ammo" },
            { "pre_ads": "q.is_sneaking" },
            { "pre_hipfire": "q.is_using_item" },
            { "inspect": "v.attack_time > 0.5 && !q.is_sprinting && !q.is_sleeping" }
          ],
          "on_entry": [ 
            "v.m79_time = q.life_time;",
            "@s ra:shell_type.none",
            "@s ra:reloading_empty.0",
            "@s ra:remove_reloading",
            "@s ra:remove_has_m79_ammo",
            "@s ra:remove_m79_shoot",
            "/tag @s add m79",
            "v.has_m79_ammo = q.variant == 1004;",
            "/effect @s[tag=from_ads] slowness 0 0",
            "/title @s title ra_hud.enter_ads"
           ]
        },

        "inspect": {
          "animations": [
            "m79_inspect",
            { "m79.check_ammo": "t.i = 0; loop(27, {(q.is_item_name_any('slot.inventory', t.i, 'ra:m79_shell') || q.is_item_name_any('slot.hotbar', t.i, 'ra:m79_shell')) ? {return true;}; t.i = t.i+1;});" }
          ],
          "transitions": [ 
            { "default": "!q.is_item_name_any('slot.weapon.mainhand', 0, 'ra:m79') || q.is_stackable || q.is_sleeping || q.health <= 0 || q.is_swimming" },
            { "reload": "(q.life_time - v.m79_time) >= 0.15 && v.m79_ammo_count <= 0 && v.has_m79_ammo" },
            { "ads": "q.is_sneaking && (q.life_time - v.m79_time) <= 0.45" },
            { "pre_hipfire": "q.is_using_item && (q.life_time - v.m79_time) <= 0.45" },
            { "leave_inspect": "((q.is_sneaking || q.is_using_item || q.is_sprinting) && (q.life_time - v.m79_time) > 0.45)" },
            { "hold": "!q.is_sneaking && !q.is_using_item && (q.life_time - v.m79_time) > 2.6667" }
          ],
          "on_entry": [ 
            "v.m79_time = q.life_time;",
            "@s ra:remove_has_m79_ammo",
            "v.has_m79_ammo = q.variant == 1004;",
            "/title @s title ra_hud.enter_ads"
           ]
        },

        "leave_inspect": {
          "animations": [
            "m79_leave_inspect",
            { "m79.check_ammo": "t.i = 0; loop(27, {(q.is_item_name_any('slot.inventory', t.i, 'ra:m79_shell') || q.is_item_name_any('slot.hotbar', t.i, 'ra:m79_shell')) ? {return true;}; t.i = t.i+1;});" }
          ],
          "transitions": [ 
            { "default": "!q.is_item_name_any('slot.weapon.mainhand', 0, 'ra:m79') || q.is_stackable || q.is_sleeping || q.health <= 0 || q.is_swimming" },
            { "reload": "(q.life_time - v.m79_time) >= 0.15 && v.m79_ammo_count <= 0 && v.has_m79_ammo" },
            { "ads": "q.is_sneaking && (q.life_time - v.m79_time) > 0.6" },
            { "pre_hipfire": "q.is_using_item && (q.life_time - v.m79_time) > 0.6" },
            { "hold": "!q.is_sneaking && !q.is_using_item && (q.life_time - v.m79_time) > 0.6" }
          ],
          "on_entry": [ 
            "v.m79_time = q.life_time;",
            "v.has_m79_ammo = q.variant == 1004;",
            "/title @s title ra_hud.enter_ads"
           ]
        },

        "reload": {
          "animations": [ "m79_reload" ],
          "transitions": [ 
            { "default": "!q.is_item_name_any('slot.weapon.mainhand', 0, 'ra:m79') || q.is_stackable || q.is_sleeping || q.health <= 0 || q.is_swimming" },
            { "hold": "(q.life_time - v.m79_time) > 2 && !q.is_sneaking && !q.is_using_item" },
            { "ads": "(q.life_time - v.m79_time) > 1.6 && q.is_sneaking" },
            { "pre_hipfire": "(q.life_time - v.m79_time) > 1.6 && !q.is_sneaking && q.is_using_item" }
          ],
          "on_entry": [ 
            "v.m79_time = q.life_time;",
            "@s ra:reloading",
            "@s ra:remove_m79_shoot",
            "v.has_m79_ammo = q.variant == 1004;",
            "/effect @s[tag=from_ads] slowness 0 0",
            "/tag @s remove from_ads",
            "/title @s title ra_hud.enter_ads"
           ],
           "on_exit": [
            "@s ra:remove_reloading"
           ]
        },

        "pre_ads": {
          "animations": [
            { "m79.check_ammo": "t.i = 0; loop(27, {(q.is_item_name_any('slot.inventory', t.i, 'ra:m79_shell') || q.is_item_name_any('slot.hotbar', t.i, 'ra:m79_shell')) ? {return true;}; t.i = t.i+1;});" }
          ],
          "transitions": [ 
            { "default": "!q.is_item_name_any('slot.weapon.mainhand', 0, 'ra:m79') || q.is_stackable || q.is_sleeping || q.health <= 0 || q.is_swimming" },
            { "hold": "!q.is_sneaking" },
            { "reload": "(q.life_time - v.m79_time) >= 0.25 && v.m79_ammo_count <= 0 && v.has_m79_ammo" },
            { "ads": "q.is_sneaking && (q.life_time - v.m79_time) > 0.275" }
          ],
          "on_entry": [ 
            "v.m79_time = q.life_time;",
            "/playsound gun_ads @s ~~~ 1 1 0.1",
            "/playsound gun_ads.tp @a[r=12,rm=0.25] ~~~ 0.75 1 0.0075",
            "v.has_m79_ammo = q.variant == 1004;",
            "/title @s title ra_hud.enter_ads"
           ]
        },
        
        "ads": {
          "animations": [
            { "m79.check_ammo": "t.i = 0; loop(27, {(q.is_item_name_any('slot.inventory', t.i, 'ra:m79_shell') || q.is_item_name_any('slot.hotbar', t.i, 'ra:m79_shell')) ? {return true;}; t.i = t.i+1;});" }
          ],
          "transitions": [  
            { "default": "!q.is_item_name_any('slot.weapon.mainhand', 0, 'ra:m79') || q.is_stackable || q.is_sleeping || q.health <= 0 || q.is_swimming" },
            { "reload": "(!q.is_sneaking || v.attack_time > 0.5) && (q.life_time - v.m79_time) >= 0.15 && v.m79_ammo_count <= 0 && v.has_m79_ammo" },
            { "hold": "!q.is_sneaking" },
            { "shoot_ads": "q.is_using_item && q.is_sneaking && (q.life_time - v.m79_time) >= 0.1 && v.m79_ammo_count > 0" },
            { "pre_hipfire": "q.is_using_item && !q.is_sneaking" }
          ],
          "on_entry": [ 
            "v.m79_time = q.life_time;",
            "/effect @s slowness 99999 1 true",
            "/tag @s add from_ads",
            "v.has_m79_ammo = q.variant == 1004;",
            "/title @s title ra_hud.enter_ads"
           ],
           "on_exit": [ 
             "/playsound gun_unholster @s ~~~ 0.5 1.4 0.1",
             "/playsound gun_ads @s ~~~"
            ]
        },
        
        "shoot_ads": {
          "animations": [
            { "m79.check_ammo": "t.i = 0; loop(27, {(q.is_item_name_any('slot.inventory', t.i, 'ra:m79_shell') || q.is_item_name_any('slot.hotbar', t.i, 'ra:m79_shell')) ? {return true;}; t.i = t.i+1;});" }
          ],
          "transitions": [  
            { "default": "!q.is_item_name_any('slot.weapon.mainhand', 0, 'ra:m79') || q.is_stackable || q.is_sleeping || q.health <= 0 || q.is_swimming" },
            { "reload": "(!q.is_sneaking || v.attack_time > 0.5) && (q.life_time - v.m79_time) >= 0.3 && v.m79_ammo_count <= 0 && v.has_m79_ammo" },
            { "ads": "!q.is_sneaking && (q.life_time - v.m79_time) >= 0.3 && !v.has_m79_ammo" }
          ],
          "on_entry": [ 
            "v.m79_time = q.life_time;",
            "/execute as @s[scores={m79_ammo_count=0..}] at @s run scoreboard players add @s m79_ammo_count -1",
            "@s ra:m79_shoot",
            "/playanimation @s animation.m79_grenade_launcher.shoot",
            "/playsound m79_shoot @a[r=20] ^^^1.5 1 1 0.25",
            "/playsound m79_shoot @a[r=50,rm=20] ^^^1.5 0.85 1 0.15",
            "/playsound m79_shoot @a[r=100,rm=50] ^^^1.5 0.75 1 0.075",
            "v.m79_ammo_count = v.m79_ammo_count - 1;",
            "/camerashake add @s 0.15 0.15 rotational",
            "v.has_m79_ammo = q.variant == 1004;",
            "/title @s title ra_hud.enter_ads",
            "/execute at @s run event entity @s ra:m79.ads_shoot"
           ],
           "on_exit": [  
             "@s ra:remove_m79_shoot",
             "@s ra:clear_id",
             "/camerashake stop @s"
            ]
        },
        
        "leave_pre_hipfire": {
          "animations": [
            { "m79.check_ammo": "t.i = 0; loop(27, {(q.is_item_name_any('slot.inventory', t.i, 'ra:m79_shell') || q.is_item_name_any('slot.hotbar', t.i, 'ra:m79_shell')) ? {return true;}; t.i = t.i+1;});" }
          ],
          "transitions": [  
            { "default": "!q.is_item_name_any('slot.weapon.mainhand', 0, 'ra:m79') || q.is_stackable || q.is_sleeping || q.health <= 0 || q.is_swimming" },
            { "ads": "!q.is_using_item && q.is_sneaking" },
            { "hipfire": "q.is_using_item && v.m79_ammo_count >= 1" },
            { "hold": "!q.is_using_item && !q.is_sneaking && (q.life_time - v.m79_time) >= 0.5" }
          ],
          "on_entry": [ 
            "v.m79_time = q.life_time;",
            "v.has_m79_ammo = q.variant == 1004;",
            "/effect @s[tag=from_ads] slowness 0 0",
            "/tag @s remove from_ads",
            "/title @s title ra_hud.enter_ads"
           ]
        },
        
        "pre_hipfire": {
          "animations": [
            { "m79.check_ammo": "t.i = 0; loop(27, {(q.is_item_name_any('slot.inventory', t.i, 'ra:m79_shell') || q.is_item_name_any('slot.hotbar', t.i, 'ra:m79_shell')) ? {return true;}; t.i = t.i+1;});" }
          ],
          "transitions": [  
            { "default": "!q.is_item_name_any('slot.weapon.mainhand', 0, 'ra:m79') || q.is_stackable || q.is_sleeping || q.health <= 0 || q.is_swimming" },
            { "ads": "!q.is_using_item && q.is_sneaking" },
            { "hipfire": "q.is_using_item && v.m79_ammo_count >= 1 && (q.life_time - v.m79_time) >= 0.2" },
            { "leave_pre_hipfire": "!q.is_using_item && !q.is_sneaking && (q.life_time - v.m79_time) >= 0.2" }
          ],
          "on_entry": [ 
            "v.m79_time = q.life_time;",
            "v.has_m79_ammo = q.variant == 1004;",
            "/effect @s[tag=from_ads] slowness 0 0",
            "/tag @s remove from_ads",
            "/title @s title ra_hud.enter_ads"
           ]
        },
        
        "hipfire": {
          "animations": [
            { "m79.check_ammo": "t.i = 0; loop(27, {(q.is_item_name_any('slot.inventory', t.i, 'ra:m79_shell') || q.is_item_name_any('slot.hotbar', t.i, 'ra:m79_shell')) ? {return true;}; t.i = t.i+1;});" }
          ],
          "transitions": [  
            { "default": "!q.is_item_name_any('slot.weapon.mainhand', 0, 'ra:m79') || q.is_stackable || q.is_sleeping || q.health <= 0 || q.is_swimming" },
            { "reload": "!q.is_using_item && (q.life_time - v.m79_time) >= 0.3 && v.m79_ammo_count <= 0 && v.has_m79_ammo" },
            { "pre_hipfire": "!q.is_using_item && (q.life_time - v.m79_time) >= 0.3 && !v.has_m79_ammo" }
          ],
          "on_entry": [ 
            "v.m79_time = q.life_time;",
            "@s ra:m79_shoot",
            "/playanimation @s animation.m79_grenade_launcher.shoot",
            "/execute as @s[scores={m79_ammo_count=0..}] at @s run scoreboard players add @s m79_ammo_count -1",
            "/camerashake add @s 0.1 0.15 rotational",
            "/execute at @s run event entity @s ra:m79.hipfire",
            "/playsound m79_shoot @a[r=20] ^^^1.5 1 1 0.25",
            "/playsound m79_shoot @a[r=50,rm=20] ^^^1.5 0.85 1 0.15",
            "/playsound m79_shoot @a[r=100,rm=50] ^^^1.5 0.75 1 0.075",
            "v.m79_ammo_count = v.m79_ammo_count - 1;",
            "v.has_m79_ammo = q.variant == 1004;",
            "/effect @s[tag=from_ads] slowness 0 0",
            "/tag @s remove from_ads",
            "/title @s title ra_hud.enter_ads"
           ],
           "on_exit": [ 
             "@s ra:remove_m79_shoot",
             "@s ra:clear_id",
             "/effect @s slowness 0 0",
             "/camerashake stop @s"
            ]
        }
      }
    },
    "controller.animation.m79_ammo": {
      "initial_state": "default",
      "states": {
        "default": {
          "transitions": [ 
            { "activate": "v.m79_ammo_count >= 1 && q.is_item_name_any('slot.weapon.mainhand', 0, 'ra:m79') && !q.is_stackable && !q.is_sleeping" }
          ],
          "on_entry": [ 
            "@s ra:remove_has_ammo"
          ]
        },
        "activate": {
          "transitions": [ 
            { "default": "v.m79_ammo_count <= 0 || !q.is_item_name_any('slot.weapon.mainhand', 0, 'ra:m79') || q.is_stackable || q.is_sleeping || q.health <= 0 || q.is_swimming" }
          ],
          "on_entry": [ 
            "@s ra:has_ammo"
           ]
        }
      }
    },
    "controller.animation.m79_ammo_full": {
      "initial_state": "default",
      "states": {
        "default": {
          "transitions": [ 
            { "full": "v.m79_ammo_count >= 1 && q.is_item_name_any('slot.weapon.mainhand', 0, 'ra:m79') && !q.is_stackable && !q.is_sleeping" }
          ],
          "on_entry": [ 
            "@s ra:remove_ammo_full"
          ]
        },
        "full": {
          "transitions": [ 
            { "default": "v.m79_ammo_count <= 0 || !q.is_item_name_any('slot.weapon.mainhand', 0, 'ra:m79') || q.is_stackable || q.is_sleeping || q.health <= 0 || q.is_swimming" }
          ],
          "on_entry": [ 
            "@s ra:ammo_full"
           ]
        }
      }
    },
    "controller.animation.m79_ammo_display": {
      "initial_state": "default",
      "states": {
        "default": {
          "transitions": [ 
            { "activate": "q.is_item_name_any('slot.weapon.mainhand', 0, 'ra:m79') && !q.is_stackable && !q.is_sleeping" }
          ],
          "on_entry": [ 
            "/title @s reset"
          ],
          "on_exit": [ 
            "/title @s times 2 99999 2"
          ]
        },
        "activate": {
          "animations": [
            "m79.ammo_display"
          ],
          "transitions": [ 
            { "default": "!q.is_item_name_any('slot.weapon.mainhand', 0, 'ra:m79') || q.is_stackable || q.is_sleeping || q.health <= 0 || q.is_swimming" }
          ]
        }
      }
    },
    "controller.animation.m79_grenade": {
      "initial_state": "in_air",
      "states": {
        "in_air": {
          "transitions": [
            { "explode": "(q.variant == 1 || q.is_on_ground) && q.skin_id == 1" },
            { "water_explode": "q.is_in_water && q.skin_id == 1" }
          ]
        },
        "despawn": {
          "on_entry": [
            "@s ra:despawn"
          ]
        },

        "explode": {
          "animations": ["m79_impact"],
          "transitions": [  
            { "despawn": "(q.life_time - v.m79_time) >= 0.175" }
          ],
          "on_entry": [
            "v.m79_time = q.life_time;",

            //"/scoreboard players set @a[r=4] image 1",
            //"/titleraw @s title {\"rawtext\":[{\"text\":\":\"},{\"score\":{\"name\":\"@s\",\"objective\":\"image\"}}]}",

            "/event entity @e[r=2] ra:explode",
            // "/event entity @e[r=3,type=ra:zombie] ra:remove_leg",
            // "/event entity @e[r=3,type=ra:zombie] ra:zombie.crawler",
            "/playsound explode_close @a[r=3] ~~~ 1 1 1",
            "/playsound explosion_ringing @a[r=5] ~~~ 0.9 1 0.15",
            "/playsound explosion_ringing_1 @a[r=10,rm=5] ~~~ 0.9 1 0.15",
            "/playsound m79_explode @a[r=10] ~~~ 1 1 1",
            "/playsound m79_explode @a[r=16,rm=10] ~~~ 1 1 0.3",
            "/playsound m79_explode @a[r=32,rm=16] ~~~ 2 1 0.2",
            "/playsound m79_explode @a[r=64,rm=32] ~~~ 4 1 0.1",
            "/playsound m79_explode @a[r=100,rm=64] ~~~ 0.75 1 0.05",
            "/playsound m79_explode_1 @a[r=300,rm=100] ~~~ 0.5 1 0.01",
            "/particle ra:explosion.fire_burst ^^^",
            "/particle ra:impact_1 ^^^",
            "/particle ra:explosion.flash ^^^",
            "/particle ra:explosion.smoke_0 ^^0.75^",
            "/particle ra:explosion.smoke_1 ^^0.5^",
            "/particle ra:explosion.sparks ^^0.25^",
            "/particle ra:explosion.sparks_1 ^^^",
            "/camerashake add @a[r=5] 0.3 0.25 rotational",
            "/camerashake add @a[r=10] 0.2 0.25 rotational",
            "/camerashake add @a[r=15] 0.1 0.25 rotational",
            "/summon ra:explode_knockback ~~~",
            "@s ra:grenade_explode"
          ]
        },
        "water_explode": {
          "on_entry": [
            "/event entity @e[r=2] ra:explode",
            "/playsound ra:explode @a[r=10] ~~~ 1 1.75 1",
            "/playsound ra:explode @a[r=10] ~~~ 1 1.4 1",
            "/playsound ra:explode1 @a[r=10] ~~~ 1 1.25 1",

            "/playsound ra:explode @a[r=16,rm=10] ~~~ 1 1.75 0.3",
            "/playsound ra:explode @a[r=16,rm=10] ~~~ 1 1.4 0.3",
            "/playsound ra:explode1 @a[r=16,rm=10] ~~~ 1 1.25 0.3",

            "/playsound ra:explode @a[r=32,rm=16] ~~~ 2 1.75 0.2",
            "/playsound ra:explode @a[r=32,rm=16] ~~~ 2 1.4 0.2",
            "/playsound ra:explode1 @a[r=32,rm=16] ~~~ 2 1.25 0.2",

            "/playsound ra:explode @a[r=64,rm=32] ~~~ 4 1.75 0.1",
            "/playsound ra:explode @a[r=64,rm=32] ~~~ 4 1.4 0.1",
            "/playsound ra:explode1 @a[r=64,rm=32] ~~~ 4 1.25 0.1",

            "/playsound ra:explode @a[r=100,rm=64] ~~~ 0.2 1.75 0.05",
            "/playsound ra:explode @a[r=100,rm=64] ~~~ 0.25 1.4 0.05",
            "/playsound ra:explode1 @a[r=100,rm=64] ~~~ 0.35 1.25 0.05",

            "/playsound ra:explode @a[r=300,rm=100] ~~~ 0.1 1.75 0.0025",
            "/playsound ra:explode @a[r=300,rm=100] ~~~ 0.15 1.4 0.0025",
            "/playsound ra:explode1 @a[r=300,rm=100] ~~~ 0.2 1.25 0.0025",
            
            "/particle ra:grenade.impact_water_ring1 ^^^",
            "/particle ra:grenade_flash.water_y ^^^",
            "/particle ra:grenade_flash.water ^^^",

            "/particle ra:grenade.impact_water_ring ^^^",
            "/particle ra:grenade.impact_water_ring1 ^^^",
            "/particle ra:grenade_explode_bubbles ^^-0.15^",
            "/particle ra:grenade_explode_water ^^-0.1^",
            "/particle ra:ring_smoke.water ^^^",
            "/particle ra:grenade_flash.water_y ^^^",
            "/particle ra:grenade_flash.water ^^^",
            "/particle ra:grenade.water_explode.sprout ^^^",
            "/particle ra:explosion.water_ripple_droplet.1 ~~~",
            "/camerashake add @a[r=3] 0.3 0.25 rotational",
            "/camerashake add @a[r=5] 0.2 0.25 rotational",
            "/camerashake add @a[r=10] 0.1 0.25 rotational",
            "@s ra:grenade_explode"
          ]
        }
      }
    },
		"controller.animation.m79_casing": {
			"initial_state": "default",
			"states": {
				"default": {
					"transitions": [
						{ "hurt": "q.variant == 1 || q.mark_variant == 1" },
						{ "air_hit": "!q.is_on_ground" },
						{ "drag": "q.is_on_ground && q.modified_move_speed > 0.1" }
					],
					"on_entry": [ "v.m79_time = q.life_time;" ]
				},
				"drag": {
					"transitions": [
						{ "hurt": "q.variant == 1" },
						{ "default": "(q.variant == 0 && q.mark_variant == 0) || (q.is_on_ground && q.modified_move_speed < 0.1)" }
					],
					"on_entry": [
						"/playsound random.fizz @a[r=16] ~~~ 0.025 1.5 0.025",
						"/playsound grenade_ting @a[r=16] ~~~ 0.025 0.9 0.025",
						"/playsound m79_casing_1 @a[r=16] ~~~ 0.05 1 0.025"
					]
				},
				"hurt": {
					"transitions": [
						{ "default": "(q.variant == 0 && q.mark_variant == 0) || (q.life_time - v.m79_time) >= 0.25" }
					],
					"on_entry": [
            "v.m79_time = q.life_time;",
						"/playsound block.lantern.break @a[r=25] ~~~ 0.85 1.5 0.025",
						"/playsound block.lantern.break @a[r=25] ~~~ 0.35 0.5 0.025",
						"/playsound grenade_ting @a[r=25] ~~~ 0.1 1 0.025",
						"/playsound grenade_ting @a[r=25] ~~~ 0.1 0.85 0.025",
						"/playsound m79_casing_1 @a[r=25] ~~~ 0.9 1 0.025"
					],
					"on_exit": [
            "v.m79_time = q.life_time;",
            "@s ra:default"
					]
				},
				"air_hit": {
					"transitions": [
						{ "default": "q.is_on_ground" }
					],
					"on_exit": [
						"/playsound grenade_ting @a[r=25] ~~~ 0.1 1 0.025",
						"/playsound block.lantern.break @a[r=25] ~~~ 0.5 0.75 0.025",
						"/playsound block.lantern.break @a[r=25] ~~~ 0.15 0.25 0.025",
						"/playsound m79_casing_1 @a[r=25] ~~~ 0.9 1 0.025"
					]
				}
			}
		}
  }
}