{
  "format_version": "1.10.0",
  "animation_controllers": {
    "controller.animation.mini_gun.remove_first_user": {
      "initial_state": "no_weapon",
      "states": {
        "no_weapon": {
          "transitions": [
            { "has_weapon": "q.is_item_name_any('slot.weapon.mainhand', 0, 'ra:mini_gun') && !q.is_stackable && !q.is_sleeping && !q.is_swimming" }
          ]
        },
        "has_weapon": {
          "on_entry": [
            "v.mini_gun_ammo_count = 100;",
            "/scoreboard objectives add mini_ammo_count dummy mini_ammo_count",
            "/scoreboard players set @s mini_ammo_count 100"
          ]
        }
      }
    },
    "controller.animation.mini_gun": {
      "initial_state": "default",
      "states": {
        "default": {
          "transitions": [
            { "pre_draw": "q.is_item_name_any('slot.weapon.mainhand', 0, 'ra:mini_gun') && !q.is_stackable && !q.is_sleeping && q.is_alive && !q.is_swimming" }
          ],
          "on_entry": [ 
            "v.has_mini_gun_ammo = q.skin_id == 2;",
            "/playsound gun_unholster  @s ~~~ 0.7 1 0.1",
            "/playsound gun_unholster.tp @a[r=12,rm=0.25] ~~~ 0.6 1 0.0075",
            "/tag @s remove mini_gun",
            "@s ra:attack_value_1",
            "@s ra:clear_id",
            "@s ra:remove_shooting",
            "/stopsound @s mini_gun.charge_stop_2",
            "/stopsound @s mini_gun.charge",
            "/stopsound @s mini_gun.fire_full",
            "/stopsound @s mini_gun.fire_loop",
            "/title @s title ra_hud.leave_ads",
            "/effect @s[tag=from_ads] slowness 0 0",
            "/tag @s remove from_ads"
           ],
          "on_exit": [ 
            "@s ra:items.16",
            "@s ra:attack_value_0",
            "/title @s title ra_hud.enter_ads"
          ]
        },
        "pre_draw": {
          "animations": [
            { "mini_gun.check_ammo": "t.i = 0; loop(27, {(q.is_item_name_any('slot.inventory', t.i, 'ra:mini_gun_clip') || q.is_item_name_any('slot.hotbar', t.i, 'ra:mini_gun_clip')) ? {return true;}; t.i = t.i+1;});" }
          ],
          "transitions": [
            { "default": "!q.is_item_name_any('slot.weapon.mainhand', 0, 'ra:mini_gun') || q.is_stackable || q.is_sleeping || q.health <= 0 || q.is_swimming" },
            { "draw": "q.is_item_name_any('slot.weapon.mainhand', 0, 'ra:mini_gun') && !q.is_stackable && !q.is_sleeping" }
          ],
          "on_entry": [ 
            "@s ra:items.16",
            "v.has_mini_gun_ammo = q.skin_id == 2;",
            "@s ra:attack_value_0"
           ]
        },

        "draw": {
          "animations": [
            "mini_gun.draw",
            { "mini_gun.check_ammo": "t.i = 0; loop(27, {(q.is_item_name_any('slot.inventory', t.i, 'ra:mini_gun_clip') || q.is_item_name_any('slot.hotbar', t.i, 'ra:mini_gun_clip')) ? {return true;}; t.i = t.i+1;});" }
          ],
          "transitions": [ 
            { "default": "!q.is_item_name_any('slot.weapon.mainhand', 0, 'ra:mini_gun') || q.is_stackable || q.is_sleeping || q.health <= 0 || q.is_swimming" },
            { "charge": "q.is_using_item && v.mini_gun_ammo_count > 0 && (q.life_time - v.mini_gun_time) >= 0.75" },
            { "hold": "!q.is_using_item && (q.life_time - v.mini_gun_time) >= 0.75" }
          ],
          "on_entry": [ 
            "@s ra:items.16",
            "v.has_mini_gun_ammo = q.skin_id == 2;",
            "v.mini_gun_time = q.life_time;",
            "/tag @s add mini_gun",
            "@s ra:attack_value_0",
            "/title @s title ra_hud.enter_ads"
           ]
        },

        "hold": {
          "animations": [
            "mini_gun.stop_sfx",
            { "mini_gun.check_ammo": "t.i = 0; loop(27, {(q.is_item_name_any('slot.inventory', t.i, 'ra:mini_gun_clip') || q.is_item_name_any('slot.hotbar', t.i, 'ra:mini_gun_clip')) ? {return true;}; t.i = t.i+1;});" }
          ],
          "transitions": [ 
            { "default": "!q.is_item_name_any('slot.weapon.mainhand', 0, 'ra:mini_gun') || q.is_stackable || q.is_sleeping || q.health <= 0 || q.is_swimming" } ,
            { "charge": "q.is_using_item && (q.life_time - v.mini_gun_time) >= 0.75 && v.mini_gun_ammo_count > 0" },
            { "ads": "q.is_sneaking && (q.life_time - v.mini_gun_time) >= 0.75" },
            { "reload": "(q.life_time - v.mini_gun_time) >= 0.15 && v.mini_gun_ammo_count <= 0 && v.has_mini_gun_ammo" },
            { "reload": "v.attack_time >= 0.1 && v.mini_gun_ammo_count <= 50 && v.has_mini_gun_ammo" },
            { "inspect": "v.attack_time > 0.1 && !q.is_sprinting && !q.is_sleeping && (q.life_time - v.mini_gun_time) >= 0.25 && (v.mini_gun_ammo_count > 50 || v.mini_gun_ammo_count == 0)" }
          ],
          "on_entry": [ 
            "v.has_mini_gun_ammo = q.skin_id == 2;",
            "v.mini_gun_time = q.life_time;",
            "/stopsound @s mini_gun.fire_start",
            "/stopsound @s mini_gun.charge",
            "/stopsound @s mini_gun.fire_full",
            "/stopsound @s mini_gun.fire_loop",
            "/tag @s add mini_gun",
            "/playsound gun_unholster @s[tag=from_ads] ~~~ 0.5 1.6 0.1",
            "/effect @s[tag=from_ads] slowness 0 0",
            "/tag @s remove from_ads",
            "@s ra:attack_value_0",
            "/title @s title ra_hud.enter_ads",
            "/tag @s remove from_ins"
           ]
        },

        "inspect": {
          "animations": [
            "mini_gun.inspect",
            { "mini_gun.check_ammo": "t.i = 0; loop(27, {(q.is_item_name_any('slot.inventory', t.i, 'ra:mini_gun_clip') || q.is_item_name_any('slot.hotbar', t.i, 'ra:mini_gun_clip')) ? {return true;}; t.i = t.i+1;});" }
          ],
          "transitions": [ 
            { "default": "!q.is_item_name_any('slot.weapon.mainhand', 0, 'ra:mini_gun') || q.is_stackable || q.is_sleeping || q.health <= 0 || q.is_swimming" } ,
            { "charge": "q.is_using_item && (q.life_time - v.mini_gun_time) >= 0.75 && v.mini_gun_ammo_count > 0" },
            { "ads": "q.is_sneaking && (q.life_time - v.mini_gun_time) >= 0.75" },
            { "reload": "(q.life_time - v.mini_gun_time) >= 0.15 && v.mini_gun_ammo_count <= 0 && v.has_mini_gun_ammo" },
            { "reload": "v.attack_time >= 0.1 && v.mini_gun_ammo_count <= 50 && v.has_mini_gun_ammo" },
            { "hold": "(q.life_time - v.mini_gun_time) >= 7 || q.is_sprinting" }
          ],
          "on_entry": [ 
            "v.mini_gun_time = q.life_time;",
            "/title @s title ra_hud.enter_ads"
           ]
        },

        "reload": {
          "animations": [
            "mini_gun.stop_sfx",
            "mini_gun.reload"
          ],
          "transitions": [ 
            { "default": "!q.is_item_name_any('slot.weapon.mainhand', 0, 'ra:mini_gun') || q.is_stackable || q.is_sleeping || q.health <= 0 || q.is_swimming" },
            { "hold": "(q.life_time - v.mini_gun_time) >= 3.85" },
            { "charge": "q.is_using_item && (q.life_time - v.mini_gun_time) >= 3.8 && v.mini_gun_ammo_count > 0" }
          ],
          "on_entry": [ 
            "v.mini_gun_time = q.life_time;",
            "@s ra:reloading_empty",
            "/playsound gun_holster @s ~~~ 0.8 1 0.1",
            "/playsound gun_holster.tp @a[r=12,rm=0.25] ~~~ 0.75 1 0.0075",
            "/stopsound @s mini_gun.charge",
            "/stopsound @s mini_gun.fire_full",
            "/stopsound @s mini_gun.fire_loop",
            "/tag @s remove from_ins",
            "/title @s title ra_hud.enter_ads"
           ],
           "on_exit": [
            "@s ra:remove_reloading_empty"
           ]
        },
        
        "ads": {
          "animations": [
            { "mini_gun.check_ammo": "t.i = 0; loop(27, {(q.is_item_name_any('slot.inventory', t.i, 'ra:mini_gun_clip') || q.is_item_name_any('slot.hotbar', t.i, 'ra:mini_gun_clip')) ? {return true;}; t.i = t.i+1;});" }
          ],
          "transitions": [  
            { "default": "!q.is_item_name_any('slot.weapon.mainhand', 0, 'ra:mini_gun') || q.is_stackable || q.is_sleeping || q.health <= 0 || q.is_swimming" } ,
            { "hold": "!q.is_sneaking && (q.life_time - v.mini_gun_time) >= 0.25" },
            { "charge": "q.is_using_item && (q.life_time - v.mini_gun_time) >= 0.75 && v.mini_gun_ammo_count > 0" },
            //{ "reload": "v.attack_time >= 0.1 && (q.life_time - v.mini_gun_time) >= 0.15 && v.mini_gun_ammo_count < 100 && v.mini_gun_ammo_count > 0 && v.has_mini_gun_ammo" },
            { "reload": "v.attack_time >= 0.1 && v.mini_gun_ammo_count <= 99 && v.has_mini_gun_ammo" }
          ],
          "on_entry": [ 
            "v.mini_gun_time = q.life_time;",
            "/effect @s slowness 99999 1 true",
            "/playsound gun_unholster @s ~~~ 0.5 1.4 0.1",
            "/tag @s add from_ads",
            "/execute as @s[tag=from_ins] at @s run playsound gun_tap @a[r=16] ~~~ 0.5 0.65 0.1",
            "/tag @s remove from_ins",
            "/title @s title ra_hud.enter_ads"
           ]
        },

        "charge_stop": {
          "transitions": [ 
            { "default": "!q.is_item_name_any('slot.weapon.mainhand', 0, 'ra:mini_gun') || q.is_stackable || q.is_sleeping || q.health <= 0 || q.is_swimming" } ,
            { "charge": "q.is_using_item && (q.life_time - v.mini_gun_time) >= 0.75" },
            { "ads": "q.is_sneaking && (q.life_time - v.mini_gun_time) >= 0.75" },
            { "hold": "!q.is_sneaking && !q.is_using_item && (q.life_time - v.mini_gun_time) >= 0.15" }
            //{ "reload": "v.attack_time >= 0.1 && (q.life_time - v.mini_gun_time) >= 0.15 && v.mini_gun_ammo_count < 100 && v.mini_gun_ammo_count > 0 && v.has_mini_gun_ammo" }
          ],
          "on_entry": [ 
            "v.has_mini_gun_ammo = q.skin_id == 2;",
            "/playanimation @s animation.mini_gun.fire_stop2",
            "/playsound mini_gun.charge_stop_2 @s ~~~ 1 1 0.1",
            "/playsound mini_gun.charge_stop_2.tp @a[r=16,rm=0.25] ~~~ 1 1 0.0075",
            "v.mini_gun_time = q.life_time;",
            "/stopsound @s mini_gun.charge",
            "/stopsound @s mini_gun.fire_full",
            "/stopsound @s mini_gun.fire_loop"
           ]
        },
        
        "charge": {
          "animations": [
            "mini_gun.charge",
            { "mini_gun.check_ammo": "t.i = 0; loop(27, {(q.is_item_name_any('slot.inventory', t.i, 'ra:mini_gun_clip') || q.is_item_name_any('slot.hotbar', t.i, 'ra:mini_gun_clip')) ? {return true;}; t.i = t.i+1;});" }
          ],
          "transitions": [  
            { "default": "!q.is_item_name_any('slot.weapon.mainhand', 0, 'ra:mini_gun') || q.is_stackable || q.is_sleeping || q.health <= 0 || q.is_swimming" },
            { "hold": "!q.is_sneaking && !q.is_using_item && (q.life_time - v.mini_gun_time) < 0.35" },
            { "ads": "q.is_sneaking && !q.is_using_item && (q.life_time - v.mini_gun_time) < 0.35" },
            { "charge_stop": "!q.is_using_item && (q.life_time - v.mini_gun_time) >= 0.35" },
            { "fire_loop": "q.is_using_item && (q.life_time - v.mini_gun_time) >= 1.2" }
          ],
          "on_entry": [ 
            "v.has_mini_gun_ammo = q.skin_id == 2;",
            "@s ra:charging",
            "v.mini_gun_time = q.life_time;",
            "/camerashake add @s 0.01 99999 rotational",
            "/effect @s slowness 99999 1 true",
            "/tag @s add from_ads",
            "/execute as @s[tag=from_ins] at @s run playsound gun_tap @a[r=16] ~~~ 0.5 0.65 0.1",
            "/tag @s remove from_ins",
            "/title @s title ra_hud.enter_ads"
           ],
           "on_exit": [
             "@s ra:remove_charging",
             "/stopsound @s mini_gun.charge_stop_2",
             "/camerashake stop @s"
            ]
        },
        
        "fire_loop": {
          "animations": [
            "mini_gun.shoot_sfx.tp",
            "mini_gun.shoot_counter",
            { "mini_gun.shoot": "!q.is_sneaking" },
            { "mini_gun.shoot_1": "(q.life_time - v.mini_gun_time) >= 0.025 && !q.is_sneaking" },
            { "mini_gun.shoot_2": "(q.life_time - v.mini_gun_time) >= 0.05 && !q.is_sneaking" },

            { "mini_gun.sneak_shoot": "q.is_sneaking" },
            { "mini_gun.sneak_shoot_1": "(q.life_time - v.mini_gun_time) >= 0.025 && q.is_sneaking" },
            { "mini_gun.sneak_shoot_2": "(q.life_time - v.mini_gun_time) >= 0.05 && q.is_sneaking" }
          ],
          "transitions": [  
            { "default": "!q.is_item_name_any('slot.weapon.mainhand', 0, 'ra:mini_gun') || q.is_stackable || q.is_sleeping || q.health <= 0 || q.is_swimming" },
            { "reload": "(q.life_time - v.mini_gun_time) >= 0.5 && v.mini_gun_ammo_count <= 0 && v.has_mini_gun_ammo" },
            { "ads": "q.is_sneaking && (!q.is_using_item || (q.life_time - v.mini_gun_time) >= 12.75 || v.mini_gun_ammo_count <= 0 )" },
            { "hold": "!q.is_sneaking && (!q.is_using_item || (q.life_time - v.mini_gun_time) >= 12.75 || v.mini_gun_ammo_count <= 0 )" }
          ],
          "on_entry": [ 
            "@s ra:shooting",
            "v.has_mini_gun_ammo = q.skin_id == 2;",
            "/camerashake add @s 0.035 99999 rotational",
            "/playsound mini_gun.fire_full @s ~~~ 1 1 1",
            "/effect @s slowness 99999 1 true",
            "/playsound mini_gun.fire_start @s ~~~ 1 1 0.5",
            "/playsound mini_gun.fire_start.tp @a[r=16,rm=0.25] ^^^1.5 1 1.025 0.5",
            "/playsound mini_gun.fire_start.tp @a[r=32,rm=16] ^^^1.5 2.5 1.025 0.25",
            "/playsound mini_gun.fire_start.tp @a[r=64,rm=32] ^^^1.5 5.5 1.025 0.25",
            "/playsound mini_gun.fire_start.tp @a[r=128,rm=32] ^^^1.5 8.5 1.025 0.01",
            "/playsound mini_gun.fire_start.tp @a[r=256,rm=128] ^^^1.5 16.5 1.025 0.0025"
           ],
           "on_exit": [
             "@s ra:remove_shooting",
             "/fill ~5~5~5 ~-5~-5~-5 minecraft:air [] replace minecraft:light_block",
             "/fill ~5~5~5 ~-5~~-5 minecraft:air [] replace minecraft:light_block",
             "/playanimation @s animation.mini_gun.fire_stop",
             "/playsound mini_gun.charge_stop_2 @s ~~~ 1 1 0.1",
             "/playsound mini_gun.charge_stop_2.tp @a[r=16,rm=0.25] ~~~ 1 1 0.0075",
             "/camerashake stop @s",
             "/stopsound @s mini_gun.charge",
             "/stopsound @s mini_gun.fire_start",
             "/stopsound @s mini_gun.fire_full",
             "/stopsound @s mini_gun.fire_loop",
             "/playsound mini_gun.fire_stop @s ~~~ 1 1 1",
             "/effect @s slowness 0 0",
             "/playsound mini_gun.fire_stop.tp @a[r=16,rm=0.25] ^^^1.5 1 1.025 0.5",
             "/playsound mini_gun.fire_stop.tp @a[r=32,rm=16] ^^^1.5 2.5 1.025 0.25",
             "/playsound mini_gun.fire_stop.tp @a[r=64,rm=32] ^^^1.5 5.5 1.025 0.25",
             "/playsound mini_gun.fire_stop.tp @a[r=128,rm=32] ^^^1.5 8.5 1.025 0.01",
             "/playsound mini_gun.fire_stop.tp @a[r=256,rm=128] ^^^1.5 16.5 1.025 0.0025"
            ]
        }
      }
    },
    "controller.animation.mini_gun_ammo": {
      "initial_state": "default",
      "states": {
        "default": {
          "transitions": [ 
            { "activate": "v.mini_gun_ammo_count >= 1 && q.is_item_name_any('slot.weapon.mainhand', 0, 'ra:mini_gun') && !q.is_stackable && !q.is_sleeping" }
          ]
        },
        "activate": {
          "transitions": [ 
            { "default": "v.mini_gun_ammo_count <= 0 || !q.is_item_name_any('slot.weapon.mainhand', 0, 'ra:mini_gun') || q.is_stackable || q.is_sleeping || q.health <= 0 || q.is_swimming" }
          ],
          "on_entry": [ "@s ra:clear_id" ],
          "on_exit": [ "@s ra:empty" ]
        }
      }
    },
    "controller.animation.mini_gun_ammo_full": {
      "initial_state": "default",
      "states": {
        "default": {
          "transitions": [ 
            { "full": "v.mini_gun_ammo_count >= 100 && q.is_item_name_any('slot.weapon.mainhand', 0, 'ra:mini_gun') && !q.is_stackable && !q.is_sleeping" }
          ],
          "on_entry": [ 
            "@s ra:remove_mini_gun_ammo_full"
          ]
        },
        "full": {
          "transitions": [ 
            { "default": "v.mini_gun_ammo_count < 100 || !q.is_item_name_any('slot.weapon.mainhand', 0, 'ra:mini_gun') || q.is_stackable || q.is_sleeping || q.health <= 0 || q.is_swimming" }
          ],
          "on_entry": [ 
            "@s ra:mini_gun_ammo_full"
           ]
        }
      }
    },
    "controller.animation.mini_gun_ammo_display": {
      "initial_state": "default",
      "states": {
        "default": {
          "transitions": [ 
            { "activate": "q.is_item_name_any('slot.weapon.mainhand', 0, 'ra:mini_gun') && !q.is_stackable && !q.is_sleeping" }
          ]
        },
        "activate": {
          "animations": ["mini_gun_ammo_display"],
          "transitions": [ 
            { "default": "!q.is_item_name_any('slot.weapon.mainhand', 0, 'ra:mini_gun') || q.is_stackable || q.is_sleeping || q.health <= 0 || q.is_swimming" }
          ]
        }
      }
    },
		"controller.animation.mini_gun_clip": {
			"initial_state": "default",
			"states": {
				"default": {
					"transitions": [
						{ "hurt": "q.variant == 1" },
						{ "air_hit": "!q.is_on_ground" },
						{ "drag": "q.is_on_ground && q.modified_move_speed > 0.1" }
					],
					"on_entry": [ "v.mini_gun_time = q.life_time;" ]
				},
				"drag": {
					"transitions": [
						{ "hurt": "q.variant == 1" },
						{ "default": "q.variant == 0 || (q.is_on_ground && q.modified_move_speed < 0.1)" }
					],
					"on_entry": [
						"/playsound random.fizz @a[r=25] ~~~ 0.025 1.5 0.025",
						"/playsound grenade_ting @a[r=25] ~~~ 0.035 0.9 0.025",
						"/playsound shotgun_shell.ting @a[r=25] ~~~ 0.05 1.0 0.025",
						"/playsound gun.hit.tp @a[r=25] ~~~ 0.35 1 0.025"
					]
				},
				"hurt": {
					"transitions": [
						{ "default": "q.variant == 0 || (q.life_time - v.mini_gun_time) >= 0.25" }
					],
					"on_entry": [
            "v.mini_gun_time = q.life_time;",
						"/playsound block.lantern.break @a[r=25] ~~~ 0.05 1.5 0.025",
						"/playsound grenade_ting @a[r=25] ~~~ 0.035 1.1 0.025",
						"/playsound shotgun_shell.ting @a[r=25] ~~~ 0.1 1.0 0.025",
						"/playsound gun.hit.tp @a[r=25] ~~~ 0.9 1 0.025"
					],
					"on_exit": [
            "v.mini_gun_time = q.life_time;",
            "@s ra:default"
					]
				},
				"air_hit": {
					"transitions": [
						{ "default": "q.is_on_ground" }
					],
					"on_exit": [
						"/playsound grenade_ting @a[r=25] ~~~ 0.035 1 0.025",
						"/playsound block.lantern.break @a[r=25] ~~~ 0.05 0.75 0.025",
						"/playsound shotgun_shell.ting @a[r=25] ~~~ 0.1 1.0 0.025",
						"/playsound gun.hit.tp @a[r=25] ~~~ 0.9 1.1 0.025"
					]
				}
			}
		}
  }
}