{
  "format_version": "1.10.0",
  "animation_controllers": {
    "controller.animation.mosin_nagant": {
      "initial_state": "default",
      "states": {
        "default": {
          "transitions": [
            { "draw": "q.is_item_name_any('slot.weapon.mainhand', 0, 'ra:mosin_nagant') && !q.is_stackable && !q.is_sleeping && q.is_alive && !q.is_swimming" }
          ],
          "on_entry": [ 
            "v.random_nagant = math.random_integer(1, 2);",
            "/playsound gun_unholster  @s ~~~ 0.7 1 0.1",
            "/playsound gun_unholster.tp @a[r=12,rm=0.25] ~~~ 0.6 1 0.0075",
            "@s ra:leave_inspect.0",
            "@s ra:remove_pre_hipfire",
            "@s ra:remove_mosin_nagant.ads",
            "/tag @s remove mosin_nagant",
            "/effect @s[tag=from_ads] slowness 0 0",
            "/tag @s remove from_ads",
            "@s ra:attack_value_1",
            "@s ra:clear_id",
            "@s ra:anim_trigger.none",
            "/title @s title ra_hud.leave_ads"
           ],
          "on_exit": [ 
            "@s ra:items.17",
            "v.random_nagant = math.random_integer(1, 2);",
            "v.has_mosin_nagant_ammo = q.variant == 1003;",
					  "v.has_mosin_nagant_ammo_single = q.skin_id == 4;",
            "/playsound gun_holster @s ~~~ 0.8 1 0.1",
            "/playsound gun_holster.tp @a[r=12,rm=0.25] ~~~ 0.75 1 0.0075",
            "@s ra:attack_value_0",
            "/title @s title ra_hud.enter_ads"
          ]
        },

        "draw": {
          "animations": [
            "mosin_nagant.draw",
            { "mosin_nagant.check_ammo": "t.i = 0; loop(27, {(q.is_item_name_any('slot.inventory', t.i, 'ra:mosin_nagant_clip') || q.is_item_name_any('slot.hotbar', t.i, 'ra:mosin_nagant_clip')) ? {return true;}; t.i = t.i+1;});" },
            { "mosin_nagant.check_ammo_single": "t.i = 0; loop(27, {(q.is_item_name_any('slot.inventory', t.i, 'ra:cal_762mm') || q.is_item_name_any('slot.hotbar', t.i, 'ra:cal_762mm')) ? {return true;}; t.i = t.i+1;});" }
          ],
          "transitions": [ 
            { "default": "!q.is_item_name_any('slot.weapon.mainhand', 0, 'ra:mosin_nagant') || q.is_stackable || q.is_sleeping || q.health <= 0 || q.is_swimming" } ,
            { "reload_empty": "(q.life_time - v.mosin_nagant_time) >= 0.25 && v.mosin_nagant_ammo_count <= 0 && v.has_mosin_nagant_ammo && v.random_nagant == 1" },
            { "reload_empty.fast": "(q.life_time - v.mosin_nagant_time) >= 0.25 && v.mosin_nagant_ammo_count <= 0 && v.has_mosin_nagant_ammo && v.random_nagant == 2" },
            { "pre_load": "((q.life_time - v.mosin_nagant_time) >= 0.25 && !q.is_sleeping && v.mosin_nagant_ammo_count <= 0 && v.has_mosin_nagant_ammo_single)" },
            { "ads": "q.is_sneaking && (q.life_time - v.mosin_nagant_time) >= 1.3" },
            { "pre_hipfire": "q.is_using_item && (q.life_time - v.mosin_nagant_time) >= 1.3" },
            { "hold": "(q.life_time - v.mosin_nagant_time) >= 1.6" }
          ],
          "on_entry": [ 
            "@s ra:items.17",
            "v.mosin_nagant_time = q.life_time;",
            "v.random_nagant = math.random_integer(1, 2);",
            "v.has_mosin_nagant_ammo = q.variant == 1003;",
					  "v.has_mosin_nagant_ammo_single = q.skin_id == 4;",
            "/tag @s add mosin_nagant",
            "@s ra:attack_value_0",
            "/title @s title ra_hud.enter_ads"
           ],
           "on_exit": [ 
            "@s ra:items.17",
             "v.has_mosin_nagant_ammo = q.variant == 1003;",
             "@s ra:attack_value_0",
            "/title @s title ra_hud.enter_ads"
           ]
        },

        "hold": {
          "animations": [
            "hide_curser",
            { "mosin_nagant.check_ammo": "t.i = 0; loop(27, {(q.is_item_name_any('slot.inventory', t.i, 'ra:mosin_nagant_clip') || q.is_item_name_any('slot.hotbar', t.i, 'ra:mosin_nagant_clip')) ? {return true;}; t.i = t.i+1;});" },
            { "mosin_nagant.check_ammo_single": "t.i = 0; loop(27, {(q.is_item_name_any('slot.inventory', t.i, 'ra:cal_762mm') || q.is_item_name_any('slot.hotbar', t.i, 'ra:cal_762mm')) ? {return true;}; t.i = t.i+1;});" }
          ],
          "transitions": [ 
            { "default": "!q.is_item_name_any('slot.weapon.mainhand', 0, 'ra:mosin_nagant') || q.is_stackable || q.is_sleeping || q.health <= 0 || q.is_swimming" } ,
            { "reload_empty": "((q.life_time - v.mosin_nagant_time) >= 0.35 && v.mosin_nagant_ammo_count <= 0 && v.has_mosin_nagant_ammo) && v.random_nagant == 1" },
            { "reload_empty.fast": "((q.life_time - v.mosin_nagant_time) >= 0.35 && v.mosin_nagant_ammo_count <= 0 && v.has_mosin_nagant_ammo) && v.random_nagant == 2" },
            { "pre_load": "(v.attack_time >= 0.1 && !q.is_sleeping && v.mosin_nagant_ammo_count <= 4 && v.has_mosin_nagant_ammo_single) || ((q.life_time - v.mosin_nagant_time) >= 0.35 && !q.is_sleeping && v.mosin_nagant_ammo_count <= 0 && v.has_mosin_nagant_ammo_single)" },
            { "inspect": "v.attack_time >= 0.1 && !q.is_sprinting && q.property('ra:bullets') > 0 && !q.is_sleeping && ((v.mosin_nagant_ammo_count >= 1 && !v.has_mosin_nagant_ammo) || v.mosin_nagant_ammo_count >= 5)" },
            { "inspect_empty": "v.attack_time >= 0.1 && !q.is_sprinting && q.property('ra:bullets') <= 0 && !q.is_sleeping && (v.mosin_nagant_ammo_count <= 0 || !v.has_mosin_nagant_ammo)" },
            { "ads": "q.is_sneaking" },
            { "pre_hipfire": "q.is_using_item" }
          ],
          "on_entry": [ 
            "v.mosin_nagant_time = q.life_time;",
            "v.random_nagant = math.random_integer(1, 2);",
            "@s ra:remove_has_ammo",
            "@s ra:remove_has_mosin_nagant_ammo",
            "@s ra:remove_has_mosin_nagant_ammo_single",
            "v.has_mosin_nagant_ammo = q.variant == 1003;",
					  "v.has_mosin_nagant_ammo_single = q.skin_id == 4;",
            "@s ra:remove_mosin_nagant.ads",
            "@s ra:anim_trigger.none",
            "/tag @s add mosin_nagant",
            "/tag @s remove from_ads",
            "/effect @s slowness 0 0",
            "@s ra:attack_value_0",
            "/title @s title ra_hud.enter_ads"
           ],
           "on_exit": [
            "v.mosin_nagant_time = q.life_time;"
          ]
        },
        "leave_inspect": {
          "animations": [ "mosin_nagant.leave_inspect" ],
          "transitions": [ 
            { "default": "!q.is_item_name_any('slot.weapon.mainhand', 0, 'ra:mosin_nagant') || q.is_stackable || q.is_sleeping || q.health <= 0 || q.is_swimming" },
            { "ads": "q.is_sneaking && (q.life_time - v.mosin_nagant_time) >= 0.8" },
            { "reload_empty": "((q.life_time - v.mosin_nagant_time) >= 0.75 && v.mosin_nagant_ammo_count <= 0 && v.has_mosin_nagant_ammo) && v.random_nagant == 1" },
            { "reload_empty.fast": "((q.life_time - v.mosin_nagant_time) >= 0.75 && v.mosin_nagant_ammo_count <= 0 && v.has_mosin_nagant_ammo) && v.random_nagant == 2" },
            { "pre_hipfire": "q.is_using_item && (q.life_time - v.mosin_nagant_time) >= 0.8" },
            { "hold": "(q.life_time - v.mosin_nagant_time) >= 1.25 || q.is_sleeping || q.health <= 0 || q.is_swimming" }
          ],
          "on_entry": [ 
            "v.mosin_nagant_time = q.life_time;",
            "@s ra:leave_inspect.1",
            "@s ra:remove_has_ammo",
            "@s ra:remove_has_mosin_nagant_ammo",
            "@s ra:remove_has_mosin_nagant_ammo_single",
            "/title @s title ra_hud.enter_ads"
           ],
           "on_exit": [
            "@s ra:leave_inspect.0",
            "v.mosin_nagant_time = q.life_time;"
          ]
        },
        "inspect": {
          "animations": [ "mosin_nagant.inspect" ],
          "transitions": [ 
            { "default": "!q.is_item_name_any('slot.weapon.mainhand', 0, 'ra:mosin_nagant') || q.is_stackable || q.is_sleeping || q.health <= 0 || q.is_swimming" },
            { "leave_inspect": "(q.is_sneaking || q.is_using_item || q.is_sprinting) && (q.life_time - v.mosin_nagant_time) >= 0.85 && (q.life_time - v.mosin_nagant_time) < 4.95" },
            { "ads": "q.is_sneaking && (q.life_time - v.mosin_nagant_time) > 4.95" },
            { "reload_empty": "(v.mosin_nagant_ammo_count <= 0 && v.has_mosin_nagant_ammo) && v.random_nagant == 1 && ((q.life_time - v.mosin_nagant_time) < 0.75 || (q.life_time - v.mosin_nagant_time) > 4.95)" },
            { "reload_empty.fast": "(v.mosin_nagant_ammo_count <= 0 && v.has_mosin_nagant_ammo) && v.random_nagant == 2 && ((q.life_time - v.mosin_nagant_time) < 0.75 || (q.life_time - v.mosin_nagant_time) > 4.95)" },
            { "pre_load": "v.attack_time >= 0.1 && v.mosin_nagant_ammo_count >= 1 && v.mosin_nagant_ammo_count <= 4 && v.has_mosin_nagant_ammo" },
            { "pre_hipfire": "q.is_using_item && (q.life_time - v.mosin_nagant_time) > 4.95" },
            { "hold": "(q.life_time - v.mosin_nagant_time) >= 5.45 || q.is_sleeping || q.health <= 0 || q.is_swimming" }
          ],
          "on_entry": [ 
            "v.mosin_nagant_time = q.life_time;",
            "@s ra:inspect.1",
            "@s ra:remove_has_ammo",
            "@s ra:remove_has_mosin_nagant_ammo",
            "@s ra:remove_has_mosin_nagant_ammo_single",
            "/title @s title ra_hud.enter_ads"
           ],
           "on_exit": [
            "@s ra:inspect.0",
            "v.mosin_nagant_time = q.life_time;"
          ]
        },
        "inspect_empty": {
          "animations": [ "mosin_nagant.inspect_empty" ],
          "transitions": [ 
            { "default": "!q.is_item_name_any('slot.weapon.mainhand', 0, 'ra:mosin_nagant') || q.is_stackable || q.is_sleeping || q.health <= 0 || q.is_swimming" },
            { "leave_inspect": "(q.is_sneaking || q.is_using_item || q.is_sprinting) && (q.life_time - v.mosin_nagant_time) >= 0.85 && (q.life_time - v.mosin_nagant_time) < 4.95" },
            { "ads": "q.is_sneaking && ((q.life_time - v.mosin_nagant_time) < 0.85 && (q.life_time - v.mosin_nagant_time) > 4.95)" },
            { "reload_empty": "(v.mosin_nagant_ammo_count <= 0 && v.has_mosin_nagant_ammo) && v.random_nagant == 1 && ((q.life_time - v.mosin_nagant_time) < 0.75 || (q.life_time - v.mosin_nagant_time) > 4.95)" },
            { "reload_empty.fast": "(v.mosin_nagant_ammo_count <= 0 && v.has_mosin_nagant_ammo) && v.random_nagant == 2 && ((q.life_time - v.mosin_nagant_time) < 0.75 || (q.life_time - v.mosin_nagant_time) > 4.95)" },
            { "pre_load": "v.attack_time >= 0.1 && v.mosin_nagant_ammo_count >= 1 && v.mosin_nagant_ammo_count <= 4 && v.has_mosin_nagant_ammo" },
            { "pre_hipfire": "q.is_using_item && ((q.life_time - v.mosin_nagant_time) < 0.75 || (q.life_time - v.mosin_nagant_time) > 4.95)" },
            { "hold": "(q.life_time - v.mosin_nagant_time) >= 5.45 || q.is_sleeping || q.health <= 0 || q.is_swimming" }
          ],
          "on_entry": [ 
            "v.mosin_nagant_time = q.life_time;",
            "@s ra:inspect.1",
            "@s ra:remove_has_ammo",
            "@s ra:remove_has_mosin_nagant_ammo",
            "@s ra:remove_has_mosin_nagant_ammo_single",
            "/title @s title ra_hud.enter_ads"
           ],
           "on_exit": [
            "@s ra:inspect.0",
            "v.mosin_nagant_time = q.life_time;"
          ]
        },

        "pre_load": {
          "animations": [ "mosin_nagant.pre_load" ],
          "transitions": [ 
            { "default": "!q.is_item_name_any('slot.weapon.mainhand', 0, 'ra:mosin_nagant') || q.is_stackable || q.is_sleeping || q.health <= 0 || q.is_swimming" },
            { "hold_load": "(q.life_time - v.mosin_nagant_time) >= 1.15" },
            { "leave_inspect": "(q.life_time - v.mosin_nagant_time) >= 1 && (v.mosin_nagant_ammo_count >= 5 || !v.has_mosin_nagant_ammo_single)" }
          ],
          "on_entry": [ 
            "v.mosin_nagant_time = q.life_time;",
            "/effect @s slowness 0 0",
            "@s ra:remove_mosin_nagant.ads",
            "@s ra:anim_trigger.pre_load",
            "/tag @s remove from_ads",
            "@s ra:remove_awm.ads",
            "/camera @s clear"
           ],
           "on_exit": [
            "@s ra:remove_has_mosin_nagant_ammo_single",
					  "v.has_mosin_nagant_ammo_single = q.skin_id == 4;"
           ]
        },
        "hold_load": {
          "animations": [
            { "mosin_nagant.check_ammo": "t.i = 0; loop(27, {(q.is_item_name_any('slot.inventory', t.i, 'ra:mosin_nagant_clip') || q.is_item_name_any('slot.hotbar', t.i, 'ra:mosin_nagant_clip')) ? {return true;}; t.i = t.i+1;});" },
            { "mosin_nagant.check_ammo_single": "t.i = 0; loop(27, {(q.is_item_name_any('slot.inventory', t.i, 'ra:cal_762mm') || q.is_item_name_any('slot.hotbar', t.i, 'ra:cal_762mm')) ? {return true;}; t.i = t.i+1;});" }
          ],
          "transitions": [ 
            { "default": "!q.is_item_name_any('slot.weapon.mainhand', 0, 'ra:mosin_nagant') || q.is_stackable || q.is_sleeping || q.health <= 0 || q.is_swimming" },
            { "load": "(q.life_time - v.mosin_nagant_time) >= 0.3 && v.mosin_nagant_ammo_count < 5 && v.has_mosin_nagant_ammo_single" },
            { "leave_inspect": "((q.life_time - v.mosin_nagant_time) >= 0.25 && (v.mosin_nagant_ammo_count >= 5 || !v.has_mosin_nagant_ammo_single)) || ((q.life_time - v.mosin_nagant_time) >= 0.25 && (q.is_using_item && v.mosin_nagant_ammo_count > 0))" }
          ],
          "on_entry": [ 
            "v.mosin_nagant_time = q.life_time;",
            "@s ra:anim_trigger.hold_load",
            "@s ra:remove_has_mosin_nagant_ammo",
            "@s ra:remove_has_mosin_nagant_ammo_single",
            "v.has_mosin_nagant_ammo = q.variant == 1003;",
					  "v.has_mosin_nagant_ammo_single = q.skin_id == 4;"
           ],
           "on_exit": [
            "@s ra:remove_has_mosin_nagant_ammo_single",
					  "v.has_mosin_nagant_ammo_single = q.skin_id == 4;"
           ]
        },
        "load": {
          "animations": [
            "mosin_nagant.load",
            { "mosin_nagant.check_ammo": "t.i = 0; loop(27, {(q.is_item_name_any('slot.inventory', t.i, 'ra:mosin_nagant_clip') || q.is_item_name_any('slot.hotbar', t.i, 'ra:mosin_nagant_clip')) ? {return true;}; t.i = t.i+1;});" },
            { "mosin_nagant.check_ammo_single": "t.i = 0; loop(27, {(q.is_item_name_any('slot.inventory', t.i, 'ra:cal_762mm') || q.is_item_name_any('slot.hotbar', t.i, 'ra:cal_762mm')) ? {return true;}; t.i = t.i+1;});" }
          ],
          "transitions": [ 
            { "default": "!q.is_item_name_any('slot.weapon.mainhand', 0, 'ra:mosin_nagant') || q.is_stackable || q.is_sleeping || q.health <= 0 || q.is_swimming" },
            { "hold_load": "(q.life_time - v.mosin_nagant_time) >= 0.9 && v.has_mosin_nagant_ammo_single && v.mosin_nagant_ammo_count < 5" },
            { "leave_inspect": "(q.life_time - v.mosin_nagant_time) >= 0.85 && (v.mosin_nagant_ammo_count >= 5 || !v.has_mosin_nagant_ammo_single)" }
          ],
          "on_entry": [ 
            "v.mosin_nagant_time = q.life_time;",
            "@s ra:anim_trigger.load",
            "@s ra:remove_has_mosin_nagant_ammo",
            "@s ra:remove_has_mosin_nagant_ammo_single",
					  "v.has_mosin_nagant_ammo_single = q.skin_id == 4;"
           ],
           "on_exit": [
            "@s ra:remove_has_mosin_nagant_ammo_single",
					  "v.has_mosin_nagant_ammo_single = q.skin_id == 4;"
           ]
        },
        "reload": {
          "animations": [ "mosin_nagant.reload" ],
          "transitions": [ 
            { "default": "!q.is_item_name_any('slot.weapon.mainhand', 0, 'ra:mosin_nagant') || q.is_stackable || q.is_sleeping || q.health <= 0 || q.is_swimming" },
            { "hold": "(q.life_time - v.mosin_nagant_time) >= 2.0 && !q.is_sneaking && !q.is_using_item" },
            { "ads": "(q.life_time - v.mosin_nagant_time) >= 1.75 && q.is_sneaking" },
            { "pre_hipfire": "(q.life_time - v.mosin_nagant_time) >= 1.75 && !q.is_sneaking && q.is_using_item" }
          ],
          "on_entry": [ 
            "v.mosin_nagant_time = q.life_time;",
            "/effect @s slowness 0 0",
            "@s ra:remove_mosin_nagant.ads",
            "@s ra:reloading"
           ],
           "on_exit": [ 
            "@s ra:remove_reloading"
            ]
        },
        "reload_empty": {
          "animations": [ "mosin_nagant.reload_empty" ],
          "transitions": [ 
            { "default": "!q.is_item_name_any('slot.weapon.mainhand', 0, 'ra:mosin_nagant') || q.is_stackable || q.is_sleeping || q.health <= 0 || q.is_swimming" },
            { "hold": "(q.life_time - v.mosin_nagant_time) >= 4.75 && !q.is_sneaking && !q.is_using_item" },
            { "ads": "(q.life_time - v.mosin_nagant_time) >= 4.35 && q.is_sneaking" },
            { "pre_hipfire": "(q.life_time - v.mosin_nagant_time) >= 4.3875 && !q.is_sneaking && q.is_using_item" }
          ],
          "on_entry": [ 
            "v.mosin_nagant_time = q.life_time;",
            "/effect @s slowness 0 0",
            "@s ra:remove_mosin_nagant.ads",
            "@s ra:reloading_empty"
           ],
           "on_exit": [ 
            "@s ra:remove_reloading_empty"
            ]
        },
        "reload_empty.fast": {
          "animations": [ "mosin_nagant.reload_empty.fast" ],
          "transitions": [ 
            { "default": "!q.is_item_name_any('slot.weapon.mainhand', 0, 'ra:mosin_nagant') || q.is_stackable || q.is_sleeping || q.health <= 0 || q.is_swimming" },
            { "hold": "(q.life_time - v.mosin_nagant_time) >= 4 && !q.is_sneaking && !q.is_using_item" },
            { "ads": "(q.life_time - v.mosin_nagant_time) >= 3.75 && q.is_sneaking" },
            { "pre_hipfire": "(q.life_time - v.mosin_nagant_time) >= 3.7875 && !q.is_sneaking && q.is_using_item" }
          ],
          "on_entry": [ 
            "v.mosin_nagant_time = q.life_time;",
            "/effect @s slowness 0 0",
            "@s ra:inspect.1",
            "@s ra:remove_mosin_nagant.ads",
            "@s ra:reloading_empty"
           ],
           "on_exit": [ 
            "@s ra:inspect.0",
            "@s ra:remove_reloading_empty"
            ]
        },
        
        "ads": {
          "animations": [
            { "mosin_nagant.check_ammo": "t.i = 0; loop(27, {(q.is_item_name_any('slot.inventory', t.i, 'ra:mosin_nagant_clip') || q.is_item_name_any('slot.hotbar', t.i, 'ra:mosin_nagant_clip')) ? {return true;}; t.i = t.i+1;});" },
            { "mosin_nagant.check_ammo_single": "t.i = 0; loop(27, {(q.is_item_name_any('slot.inventory', t.i, 'ra:cal_762mm') || q.is_item_name_any('slot.hotbar', t.i, 'ra:cal_762mm')) ? {return true;}; t.i = t.i+1;});" }
          ],
          "transitions": [  
            { "default": "!q.is_item_name_any('slot.weapon.mainhand', 0, 'ra:mosin_nagant') || q.is_stackable || q.is_sleeping || q.health <= 0 || q.is_swimming" },
            { "reload_empty": "(v.attack_time >= 0.1 || !q.is_sneaking) && (q.life_time - v.mosin_nagant_time) > 0.1 && v.mosin_nagant_ammo_count <= 0 && v.has_mosin_nagant_ammo && v.random_nagant == 1" },
            { "reload_empty.fast": "(v.attack_time >= 0.1 || !q.is_sneaking) && (q.life_time - v.mosin_nagant_time) > 0.1 && v.mosin_nagant_ammo_count <= 0 && v.has_mosin_nagant_ammo && (v.random_nagant == 2 || v.random_nagant == 0)" },
            { "pre_load": "(v.attack_time >= 0.1 && !q.is_sleeping && (q.life_time - v.mosin_nagant_time) > 0.1 && v.mosin_nagant_ammo_count <= 4 && v.has_mosin_nagant_ammo_single) || (!q.is_sneaking && !q.is_sleeping && v.mosin_nagant_ammo_count <= 0 && v.has_mosin_nagant_ammo_single)" },
            { "hold": "!q.is_sneaking || !q.is_item_name_any('slot.weapon.mainhand', 0, 'ra:mosin_nagant') || q.is_stackable || q.is_sleeping || q.health <= 0 || q.is_swimming" },
            { "shoot_ads": "q.is_using_item && q.is_sneaking && v.mosin_nagant_ammo_count > 0 && (q.life_time - v.mosin_nagant_time) >= 0.1" },
            { "empty": "q.is_using_item && q.is_sneaking && v.mosin_nagant_ammo_count <= 0 && (q.life_time - v.mosin_nagant_time) >= 0.1" },
            { "pre_hipfire": "q.is_using_item && !q.is_sneaking && (q.life_time - v.mosin_nagant_time) >= 0.1" }
          ],
          "on_entry": [ 
            "v.random_nagant = math.random_integer(1, 2);",
            "v.mosin_nagant_time = q.life_time;",
            "v.has_mosin_nagant_ammo = q.variant == 1003;",
					  "v.has_mosin_nagant_ammo_single = q.skin_id == 4;",
            "/tag @s add from_ads",
            "/effect @s slowness 99999 1 true",
            "@s ra:remove_has_ammo",
            "@s ra:remove_has_mosin_nagant_ammo",
            "@s ra:remove_has_mosin_nagant_ammo_single",
            "/playsound gun_ads @s ~~~ 1 1 0.1",
            "/playsound gun_ads.tp @a[r=12,rm=0.25] ~~~ 0.75 1 0.0075",
            "/playsound gun_unholster @s ~~~ 0.85 1.65 0.1",
            "/title @s title ra_hud.enter_ads"
           ],
           "on_exit": [ 
             "/playsound gun_unholster @s ~~~ 0.5 1.4 0.1"
            ]
        },
        "ads.1": {
          "animations": [
            { "mosin_nagant.check_ammo": "t.i = 0; loop(27, {(q.is_item_name_any('slot.inventory', t.i, 'ra:mosin_nagant_clip') || q.is_item_name_any('slot.hotbar', t.i, 'ra:mosin_nagant_clip')) ? {return true;}; t.i = t.i+1;});" }
          ],
          "transitions": [  
            { "default": "!q.is_item_name_any('slot.weapon.mainhand', 0, 'ra:mosin_nagant') || q.is_stackable || q.is_sleeping || q.health <= 0 || q.is_swimming" },
            { "reload_empty": "(v.attack_time >= 0.1 || !q.is_sneaking) && (q.life_time - v.mosin_nagant_time) > 0.1 && v.mosin_nagant_ammo_count <= 0 && v.has_mosin_nagant_ammo && v.random_nagant == 1" },
            { "reload_empty.fast": "(v.attack_time >= 0.1 || !q.is_sneaking) && (q.life_time - v.mosin_nagant_time) > 0.1 && v.mosin_nagant_ammo_count <= 0 && v.has_mosin_nagant_ammo && v.random_nagant == 2" },
            { "pre_load": "(v.attack_time >= 0.1 && !q.is_sleeping && (q.life_time - v.mosin_nagant_time) > 0.1 && v.mosin_nagant_ammo_count <= 4 && v.has_mosin_nagant_ammo_single) || (!q.is_sneaking && !q.is_sleeping && (q.life_time - v.mosin_nagant_time) > 0.1 && v.mosin_nagant_ammo_count <= 0 && v.has_mosin_nagant_ammo_single)" },
            { "hold": "!q.is_sneaking || !q.is_item_name_any('slot.weapon.mainhand', 0, 'ra:mosin_nagant') || q.is_stackable || q.is_sleeping || q.health <= 0 || q.is_swimming" },
            { "shoot_ads": "q.is_using_item && q.is_sneaking && v.mosin_nagant_ammo_count > 0 && (q.life_time - v.mosin_nagant_time) >= 0.1" },
            { "empty": "q.is_using_item && q.is_sneaking && v.mosin_nagant_ammo_count <= 0 && (q.life_time - v.mosin_nagant_time) >= 0.1" },
            { "pre_hipfire": "q.is_using_item && !q.is_sneaking && (q.life_time - v.mosin_nagant_time) >= 0.1" }
          ],
          "on_entry": [ 
            "v.random_nagant = math.random_integer(1, 2);",
            "v.mosin_nagant_time = q.life_time;",
            "v.has_mosin_nagant_ammo = q.variant == 1003;",
					  "v.has_mosin_nagant_ammo_single = q.skin_id == 4;",
            "/effect @s slowness 99999 1 true",
            "@s ra:remove_has_ammo",
            "@s ra:remove_has_mosin_nagant_ammo",
            "@s ra:remove_has_mosin_nagant_ammo_single",
            "/title @s title ra_hud.enter_ads"
           ]
        },
        "empty": {
          "animations": [
            "mosin_nagant.out_of_ammo",
            { "mosin_nagant.check_ammo": "t.i = 0; loop(27, {(q.is_item_name_any('slot.inventory', t.i, 'ra:mosin_nagant_clip') || q.is_item_name_any('slot.hotbar', t.i, 'ra:mosin_nagant_clip')) ? {return true;}; t.i = t.i+1;});" },
            { "mosin_nagant.check_ammo_single": "t.i = 0; loop(27, {(q.is_item_name_any('slot.inventory', t.i, 'ra:cal_762mm') || q.is_item_name_any('slot.hotbar', t.i, 'ra:cal_762mm')) ? {return true;}; t.i = t.i+1;});" }
          ],
          "transitions": [  
            { "default": "!q.is_item_name_any('slot.weapon.mainhand', 0, 'ra:mosin_nagant') || q.is_stackable || q.is_sleeping || q.health <= 0 || q.is_swimming" },
            { "reload_empty": "(v.attack_time >= 0.1 || !q.is_sneaking) && (q.life_time - v.mosin_nagant_time) > 0.1 && v.mosin_nagant_ammo_count <= 0 && v.has_mosin_nagant_ammo && v.random_nagant == 1" },
            { "reload_empty.fast": "(v.attack_time >= 0.1 || !q.is_sneaking) && (q.life_time - v.mosin_nagant_time) > 0.1 && v.mosin_nagant_ammo_count <= 0 && v.has_mosin_nagant_ammo && v.random_nagant == 2" },
            { "pre_load": "(v.attack_time >= 0.1 && !q.is_sleeping && (q.life_time - v.mosin_nagant_time) > 0.1 && v.mosin_nagant_ammo_count <= 4 && v.has_mosin_nagant_ammo_single) || (!q.is_sneaking && !q.is_sleeping && (q.life_time - v.mosin_nagant_time) > 0.1 && v.mosin_nagant_ammo_count <= 0 && v.has_mosin_nagant_ammo_single)" },
            { "hold": "!q.is_sneaking && !q.is_using_item && (q.life_time - v.mosin_nagant_time) > 0.1" },
            { "ads.1": "!q.is_using_item && q.is_sneaking && (q.life_time - v.mosin_nagant_time) >= 0.2" }
          ],
          "on_entry": [ 
            "v.random_nagant = math.random_integer(1, 2);",
            "v.mosin_nagant_time = q.life_time;",
            "v.has_mosin_nagant_ammo = q.variant == 1003;",
					  "v.has_mosin_nagant_ammo_single = q.skin_id == 4;",
            "@s ra:remove_has_ammo",
            "@s ra:remove_has_mosin_nagant_ammo",
            "@s ra:remove_has_mosin_nagant_ammo_single",
            "/title @s title ra_hud.enter_ads"
           ]
        },
        
        "shoot_ads": {
          "animations": [
            { "mosin_nagant.shoot": "v.random_nagant == 1" },
            { "mosin_nagant.shoot.1": "v.random_nagant == 2" },
            { "mosin_nagant.check_ammo": "t.i = 0; loop(27, {(q.is_item_name_any('slot.inventory', t.i, 'ra:mosin_nagant_clip') || q.is_item_name_any('slot.hotbar', t.i, 'ra:mosin_nagant_clip')) ? {return true;}; t.i = t.i+1;});" },
            { "mosin_nagant.check_ammo_single": "t.i = 0; loop(27, {(q.is_item_name_any('slot.inventory', t.i, 'ra:cal_762mm') || q.is_item_name_any('slot.hotbar', t.i, 'ra:cal_762mm')) ? {return true;}; t.i = t.i+1;});" }
          ],
          "transitions": [  
            { "default": "!q.is_item_name_any('slot.weapon.mainhand', 0, 'ra:mosin_nagant') || q.is_stackable || q.is_sleeping || q.health <= 0 || q.is_swimming" },
            { "reload_empty": "(v.attack_time >= 0.1 && (q.life_time - v.mosin_nagant_time) > 0.1 && v.mosin_nagant_ammo_count <= 0 && v.has_mosin_nagant_ammo && v.random_nagant == 1) || (!q.is_sneaking && (q.life_time - v.mosin_nagant_time) > 0.1 && v.mosin_nagant_ammo_count <= 0 && v.has_mosin_nagant_ammo && v.random_nagant == 1)" },
            { "reload_empty.fast": "(v.attack_time >= 0.1 && (q.life_time - v.mosin_nagant_time) > 0.1 && v.mosin_nagant_ammo_count <= 0 && v.has_mosin_nagant_ammo && (v.random_nagant == 2 || v.random_nagant == 0)) || (!q.is_sneaking && (q.life_time - v.mosin_nagant_time) > 0.1 && v.mosin_nagant_ammo_count <= 0 && v.has_mosin_nagant_ammo && (v.random_nagant == 2 || v.random_nagant == 0))" },
            { "pre_load": "v.attack_time >= 0.1 && !q.is_sleeping && (q.life_time - v.mosin_nagant_time) > 0.1 && v.mosin_nagant_ammo_count <= 4 && v.has_mosin_nagant_ammo_single" },
            { "pullback": "!q.is_sneaking && (q.life_time - v.mosin_nagant_time) >= 0.1" }
          ],
          "on_entry": [ 
            "v.mosin_nagant_time = q.life_time;",
            "v.random_nagant = math.random_integer(1, 2);",
            "v.has_mosin_nagant_ammo = q.variant == 1003;",
					  "v.has_mosin_nagant_ammo_single = q.skin_id == 4;",
            "@s ra:remove_has_ammo",
            "@s ra:remove_has_mosin_nagant_ammo",
            "@s ra:remove_has_mosin_nagant_ammo_single",
            "@s ra:shooting",
            "/tag @s add mosin_shoot"
           ],
           "on_exit": [
             "@s ra:remove_shooting",
             "/playanimation @s[tag=has_left_shoot] animation.mosin_nagant.after_burn",
             "/fill ~5~5~5 ~-5~-5~-5 minecraft:air [] replace minecraft:light_block",
             "/fill ~5~5~5 ~-5~~-5 minecraft:air [] replace minecraft:light_block",
             "/tag @s remove has_left_shoot"
            ]
        },

        "pullback": {
          "animations": [
            "mosin_nagant.pullback",
            { "mosin_nagant.check_ammo": "t.i = 0; loop(27, {(q.is_item_name_any('slot.inventory', t.i, 'ra:mosin_nagant_clip') || q.is_item_name_any('slot.hotbar', t.i, 'ra:mosin_nagant_clip')) ? {return true;}; t.i = t.i+1;});" },
            { "mosin_nagant.check_ammo_single": "t.i = 0; loop(27, {(q.is_item_name_any('slot.inventory', t.i, 'ra:cal_762mm') || q.is_item_name_any('slot.hotbar', t.i, 'ra:cal_762mm')) ? {return true;}; t.i = t.i+1;});" }
          ],
          "transitions": [ 
            { "default": "!q.is_item_name_any('slot.weapon.mainhand', 0, 'ra:mosin_nagant') || q.is_stackable || q.is_sleeping || q.health <= 0 || q.is_swimming" },
            { "ads": "q.is_sneaking && (q.life_time - v.mosin_nagant_time) >= 1.125" },
            { "reload_empty": "(q.life_time - v.mosin_nagant_time) >= 1.115 && v.mosin_nagant_ammo_count <= 0 && v.has_mosin_nagant_ammo" },
            { "pre_load": "((v.attack_time >= 0.1 && (q.life_time - v.mosin_nagant_time) > 0.1 && v.mosin_nagant_ammo_count <= 4) || ((q.life_time - v.mosin_nagant_time) > 0.1 && v.mosin_nagant_ammo_count <= 0)) && v.has_mosin_nagant_ammo_single" },
            { "pre_hipfire": "q.is_using_item && (q.life_time - v.mosin_nagant_time) >= 1.1 && v.mosin_nagant_ammo_count > 0" },
            { "hold": "!q.is_sneaking && (q.life_time - v.mosin_nagant_time) >= 1.7" }
          ],
          "on_entry": [ 
            "v.random_nagant = math.random_integer(1, 2);",
					  "v.has_mosin_nagant_ammo_single = q.skin_id == 4;",
            "v.mosin_nagant_time = q.life_time;",
            "/title @s title ra_hud.enter_ads",
            "@s ra:remove_has_ammo",
            "@s ra:remove_has_mosin_nagant_ammo",
            "@s ra:remove_has_mosin_nagant_ammo_single",
            "@s ra:mosin_nagant.pullback",
            "@s ra:remove_mosin_nagant.ads",
            "/tag @s remove from_ads",
            "@s ra:remove_awm.ads",
            "/camera @s clear",
            "/effect @s slowness 0 0"
           ],
           "on_exit": [
            "@s ra:clear_id",
            "@s ra:remove_mosin_nagant.pullback"
           ]
        },
        "pullback_hip": {
          "animations": [
            "mosin_nagant.pullback_hip",
            { "mosin_nagant.check_ammo": "t.i = 0; loop(27, {(q.is_item_name_any('slot.inventory', t.i, 'ra:mosin_nagant_clip') || q.is_item_name_any('slot.hotbar', t.i, 'ra:mosin_nagant_clip')) ? {return true;}; t.i = t.i+1;});" },
            { "mosin_nagant.check_ammo_single": "t.i = 0; loop(27, {(q.is_item_name_any('slot.inventory', t.i, 'ra:cal_762mm') || q.is_item_name_any('slot.hotbar', t.i, 'ra:cal_762mm')) ? {return true;}; t.i = t.i+1;});" }
          ],
          "transitions": [ 
            { "default": "!q.is_item_name_any('slot.weapon.mainhand', 0, 'ra:mosin_nagant') || q.is_stackable || q.is_sleeping || q.health <= 0 || q.is_swimming" },
            { "ads": "q.is_sneaking && (q.life_time - v.mosin_nagant_time) >= 1.125" },
            { "reload_empty": "(q.life_time - v.mosin_nagant_time) >= 1.115 && v.mosin_nagant_ammo_count <= 0 && v.has_mosin_nagant_ammo && v.random_nagant == 1" },
            { "reload_empty.fast": "(q.life_time - v.mosin_nagant_time) >= 1.115 && v.mosin_nagant_ammo_count <= 0 && v.has_mosin_nagant_ammo && v.random_nagant == 2" },
            { "pre_load": "(v.attack_time >= 0.1 && !q.is_sleeping && v.mosin_nagant_ammo_count <= 4 && v.has_mosin_nagant_ammo_single) || ((q.life_time - v.mosin_nagant_time) >= 0.1 && !q.is_sleeping && v.mosin_nagant_ammo_count <= 0 && v.has_mosin_nagant_ammo_single)" },
            { "pre_hipfire": "q.is_using_item && !q.is_sneaking && (q.life_time - v.mosin_nagant_time) >= 1.075" },
            { "hold": "!q.is_sneaking && (q.life_time - v.mosin_nagant_time) >= 1.7" }
          ],
          "on_entry": [ 
            "v.random_nagant = math.random_integer(1, 2);",
					  "v.has_mosin_nagant_ammo_single = q.skin_id == 4;",
            "v.mosin_nagant_time = q.life_time;",
            "@s ra:remove_has_ammo",
            "@s ra:remove_has_mosin_nagant_ammo",
            "@s ra:remove_has_mosin_nagant_ammo_single",
            "@s ra:mosin_nagant.pullback",
            "/effect @s slowness 0 0",
            "/title @s title ra_hud.enter_ads"
           ],
           "on_exit": [
            "@s ra:clear_id",
            "@s ra:remove_mosin_nagant.pullback"
           ]
        },
        
        "leave_hipfire": {
          "transitions": [  
            { "default": "!q.is_item_name_any('slot.weapon.mainhand', 0, 'ra:mosin_nagant') || q.is_stackable || q.is_sleeping || q.health <= 0 || q.is_swimming" },
            { "hold": "!q.is_using_item && (q.life_time - v.mosin_nagant_time) >= 0.65" },
            { "reload_empty": "(q.life_time - v.mosin_nagant_time) >= 0.15 && v.mosin_nagant_ammo_count <= 0 && v.has_mosin_nagant_ammo && v.random_nagant == 1" },
            { "reload_empty.fast": "(q.life_time - v.mosin_nagant_time) >= 0.15 && v.mosin_nagant_ammo_count <= 0 && v.has_mosin_nagant_ammo && v.random_nagant == 2" },
            { "pre_load": "(v.attack_time >= 0.1 && !q.is_sleeping && v.mosin_nagant_ammo_count <= 4 && v.has_mosin_nagant_ammo_single) || (!q.is_using_item && (q.life_time - v.mosin_nagant_time) >= 0.1 && !q.is_sleeping && v.mosin_nagant_ammo_count <= 0 && v.has_mosin_nagant_ammo_single)" },
            { "ads": "!q.is_using_item && v.mosin_nagant_ammo_count >= 1 && q.is_sneaking" },
            { "empty": "q.is_using_item && v.mosin_nagant_ammo_count <= 0 && (q.life_time - v.mosin_nagant_time) >= 0.275" },
            { "hipfire": "q.is_using_item && v.mosin_nagant_ammo_count >= 1" }
          ],
          "on_entry": [ 
            "v.random_nagant = math.random_integer(1, 2);",
					  "v.has_mosin_nagant_ammo_single = q.skin_id == 4;",
            "v.mosin_nagant_time = q.life_time;",
            "@s ra:remove_has_ammo",
            "@s ra:remove_has_mosin_nagant_ammo",
            "@s ra:remove_has_mosin_nagant_ammo_single",
            "@s ra:pre_hipfire",
            "/effect @s slowness 0 0"
           ],
           "on_exit": [
            "@s ra:remove_pre_hipfire"
           ]
        },
        
        "pre_hipfire": {
          "transitions": [  
            { "default": "!q.is_item_name_any('slot.weapon.mainhand', 0, 'ra:mosin_nagant') || q.is_stackable || q.is_sleeping || q.health <= 0 || q.is_swimming" },
            { "leave_hipfire": "!q.is_using_item && (q.life_time - v.mosin_nagant_time) >= 0.2" },
            { "reload_empty": "(q.life_time - v.mosin_nagant_time) >= 0.15 && v.mosin_nagant_ammo_count <= 0 && v.has_mosin_nagant_ammo && v.random_nagant == 1" },
            { "reload_empty.fast": "(q.life_time - v.mosin_nagant_time) >= 0.15 && v.mosin_nagant_ammo_count <= 0 && v.has_mosin_nagant_ammo && v.random_nagant == 2" },
            { "pre_load": "(v.attack_time >= 0.1 && !q.is_sleeping && v.mosin_nagant_ammo_count <= 4 && v.has_mosin_nagant_ammo_single) || (!q.is_using_item && (q.life_time - v.mosin_nagant_time) >= 0.1 && !q.is_sleeping && v.mosin_nagant_ammo_count <= 0 && v.has_mosin_nagant_ammo_single)" },
            { "ads": "!q.is_using_item && v.mosin_nagant_ammo_count >= 1 && q.is_sneaking" },
            { "empty": "q.is_using_item && v.mosin_nagant_ammo_count <= 0 && (q.life_time - v.mosin_nagant_time) >= 0.275" },
            { "hipfire": "q.is_using_item && v.mosin_nagant_ammo_count >= 1 && (q.life_time - v.mosin_nagant_time) >= 0.275" }
          ],
          "on_entry": [ 
            "v.random_nagant = math.random_integer(1, 2);",
					  "v.has_mosin_nagant_ammo_single = q.skin_id == 4;",
            "v.mosin_nagant_time = q.life_time;",
            "@s ra:remove_has_ammo",
            "@s ra:remove_has_mosin_nagant_ammo",
            "@s ra:remove_has_mosin_nagant_ammo_single",
            "@s ra:pre_hipfire",
            "/effect @s slowness 0 0"
           ],
           "on_exit": [
            "@s ra:remove_pre_hipfire"
           ]
        },
        
        "hipfire": {
          "animations": [
            "mosin_nagant.hipfire",
            { "mosin_nagant.check_ammo": "t.i = 0; loop(27, {(q.is_item_name_any('slot.inventory', t.i, 'ra:mosin_nagant_clip') || q.is_item_name_any('slot.hotbar', t.i, 'ra:mosin_nagant_clip')) ? {return true;}; t.i = t.i+1;});" },
            { "mosin_nagant.check_ammo_single": "t.i = 0; loop(27, {(q.is_item_name_any('slot.inventory', t.i, 'ra:cal_762mm') || q.is_item_name_any('slot.hotbar', t.i, 'ra:cal_762mm')) ? {return true;}; t.i = t.i+1;});" }
          ],
          "transitions": [  
            { "default": "!q.is_item_name_any('slot.weapon.mainhand', 0, 'ra:mosin_nagant') || q.is_stackable || q.is_sleeping || q.health <= 0 || q.is_swimming" },
            { "reload_empty": "!q.is_using_item && (q.life_time - v.mosin_nagant_time) > 0.1 && v.mosin_nagant_ammo_count <= 0 && v.has_mosin_nagant_ammo && v.random_nagant == 1" },
            { "reload_empty.fast": "!q.is_using_item && (q.life_time - v.mosin_nagant_time) > 0.1 && v.mosin_nagant_ammo_count <= 0 && v.has_mosin_nagant_ammo && v.random_nagant == 2" },
            { "pre_load": "(v.attack_time >= 0.1 && !q.is_sleeping && v.mosin_nagant_ammo_count <= 4 && v.has_mosin_nagant_ammo_single) || (!q.is_using_item && (q.life_time - v.mosin_nagant_time) >= 0.1 && !q.is_sleeping && v.mosin_nagant_ammo_count <= 0 && v.has_mosin_nagant_ammo_single)" },
            { "pullback_hip": "!q.is_using_item && (q.life_time - v.mosin_nagant_time) >= 0.125" }
          ],
          "on_entry": [ 
            "v.random_nagant = math.random_integer(1, 2);",
					  "v.has_mosin_nagant_ammo_single = q.skin_id == 4;",
            "v.mosin_nagant_time = q.life_time;",
            "@s ra:remove_has_ammo",
            "@s ra:remove_has_mosin_nagant_ammo",
            "@s ra:remove_has_mosin_nagant_ammo_single",
            "@s ra:shooting",
            "/effect @s slowness 0 0",
            "/tag @s add mosin_shoot"
           ],
           "on_exit": [ 
             "/playanimation @s[tag=has_left_shoot] animation.mosin_nagant.after_burn",
             "/fill ~5~5~5 ~-5~-5~-5 minecraft:air [] replace minecraft:light_block",
             "/fill ~5~5~5 ~-5~~-5 minecraft:air [] replace minecraft:light_block",
             "@s ra:remove_shooting",
             "@s ra:remove_mosin_shoot",
             "/effect @s slowness 0 0",
             "/tag @s remove has_left_shoot"
            ]
        }
      }
    },
    "controller.animation.mosin_nagant_ammo": {
      "initial_state": "default",
      "states": {
        "default": {
          "transitions": [ 
            { "activate": "v.mosin_nagant_ammo_count >= 1 && q.is_item_name_any('slot.weapon.mainhand', 0, 'ra:mosin_nagant') && !q.is_stackable && !q.is_sleeping" }
          ],
          "on_entry": [ 
            "@s ra:remove_has_ammo",
            "@s ra:mosin_nagant.bullets.0"
          ]
        },
        "activate": {
          "animations": [
            { "mosin_nagant.bullet.1": "v.mosin_nagant_ammo_count == 1" },
            { "mosin_nagant.bullet.2": "v.mosin_nagant_ammo_count == 2" },
            { "mosin_nagant.bullet.3": "v.mosin_nagant_ammo_count == 3" },
            { "mosin_nagant.bullet.4": "v.mosin_nagant_ammo_count == 4" },
            { "mosin_nagant.bullet.5": "v.mosin_nagant_ammo_count == 5" }
          ],
          "transitions": [ 
            { "default": "v.mosin_nagant_ammo_count <= 0 || !q.is_item_name_any('slot.weapon.mainhand', 0, 'ra:mosin_nagant') || q.is_stackable || q.is_sleeping || q.health <= 0 || q.is_swimming" }
          ],
          "on_entry": [ 
            "@s ra:has_ammo"
           ]
        }
      }
    },
    "controller.animation.mosin_nagant_ammo_full": {
      "initial_state": "default",
      "states": {
        "default": {
          "transitions": [ 
            { "full": "v.mosin_nagant_ammo_count >= 5 && q.is_item_name_any('slot.weapon.mainhand', 0, 'ra:mosin_nagant') && !q.is_stackable && !q.is_sleeping" }
          ],
          "on_entry": [ 
            "@s ra:remove_ammo_full"
          ]
        },
        "full": {
          "transitions": [ 
            { "default": "v.mosin_nagant_ammo_count <= 0 || !q.is_item_name_any('slot.weapon.mainhand', 0, 'ra:mosin_nagant') || q.is_stackable || q.is_sleeping || q.health <= 0 || q.is_swimming" }
          ],
          "on_entry": [ 
            "@s ra:ammo_full"
           ]
        }
      }
    },
    "controller.animation.mosin_nagant_ammo_display": {
      "initial_state": "default",
      "states": {
        "default": {
          "transitions": [ 
            { "activate": "q.is_item_name_any('slot.weapon.mainhand', 0, 'ra:mosin_nagant') && !q.is_stackable && !q.is_sleeping" },
            { "mosin_nagant_ammo_0": "v.mosin_nagant_ammo_count == 0 && q.is_item_name_any('slot.weapon.mainhand', 0, 'ra:mosin_nagant') && !q.is_stackable && !q.is_sleeping" },
            { "mosin_nagant_ammo_1": "v.mosin_nagant_ammo_count == 1 && q.is_item_name_any('slot.weapon.mainhand', 0, 'ra:mosin_nagant') && !q.is_stackable && !q.is_sleeping" },
            { "mosin_nagant_ammo_2": "v.mosin_nagant_ammo_count == 2 && q.is_item_name_any('slot.weapon.mainhand', 0, 'ra:mosin_nagant') && !q.is_stackable && !q.is_sleeping" },
            { "mosin_nagant_ammo_3": "v.mosin_nagant_ammo_count == 3 && q.is_item_name_any('slot.weapon.mainhand', 0, 'ra:mosin_nagant') && !q.is_stackable && !q.is_sleeping" },
            { "mosin_nagant_ammo_4": "v.mosin_nagant_ammo_count == 4 && q.is_item_name_any('slot.weapon.mainhand', 0, 'ra:mosin_nagant') && !q.is_stackable && !q.is_sleeping" },
            { "mosin_nagant_ammo_5": "v.mosin_nagant_ammo_count == 5 && q.is_item_name_any('slot.weapon.mainhand', 0, 'ra:mosin_nagant') && !q.is_stackable && !q.is_sleeping" },
            { "mosin_nagant_ammo_6": "v.mosin_nagant_ammo_count == 6 && q.is_item_name_any('slot.weapon.mainhand', 0, 'ra:mosin_nagant') && !q.is_stackable && !q.is_sleeping" }
          ],
          "on_entry": [ 
            "/title @s reset"
          ],
          "on_exit": [ 
            "/title @s times 2 99999 2"
          ]
        },
        "activate": {
          "transitions": [ 
            { "default": "!q.is_item_name_any('slot.weapon.mainhand', 0, 'ra:mosin_nagant') || q.is_stackable || q.is_sleeping || q.health <= 0 || q.is_swimming" },
            { "mosin_nagant_ammo_0": "v.mosin_nagant_ammo_count == 0 && q.is_item_name_any('slot.weapon.mainhand', 0, 'ra:mosin_nagant') && !q.is_stackable && !q.is_sleeping" },
            { "mosin_nagant_ammo_1": "v.mosin_nagant_ammo_count == 1 && q.is_item_name_any('slot.weapon.mainhand', 0, 'ra:mosin_nagant') && !q.is_stackable && !q.is_sleeping" },
            { "mosin_nagant_ammo_2": "v.mosin_nagant_ammo_count == 2 && q.is_item_name_any('slot.weapon.mainhand', 0, 'ra:mosin_nagant') && !q.is_stackable && !q.is_sleeping" },
            { "mosin_nagant_ammo_3": "v.mosin_nagant_ammo_count == 3 && q.is_item_name_any('slot.weapon.mainhand', 0, 'ra:mosin_nagant') && !q.is_stackable && !q.is_sleeping" },
            { "mosin_nagant_ammo_4": "v.mosin_nagant_ammo_count == 4 && q.is_item_name_any('slot.weapon.mainhand', 0, 'ra:mosin_nagant') && !q.is_stackable && !q.is_sleeping" },
            { "mosin_nagant_ammo_5": "v.mosin_nagant_ammo_count == 5 && q.is_item_name_any('slot.weapon.mainhand', 0, 'ra:mosin_nagant') && !q.is_stackable && !q.is_sleeping" },
            { "mosin_nagant_ammo_6": "v.mosin_nagant_ammo_count == 6 && q.is_item_name_any('slot.weapon.mainhand', 0, 'ra:mosin_nagant') && !q.is_stackable && !q.is_sleeping" }
          ]
        },
        "mosin_nagant_ammo_6": {
          "transitions": [ { "mosin_nagant_ammo_5": "v.mosin_nagant_ammo_count == 5" }, { "activate": "v.mosin_nagant_ammo_count >= 6" }, { "default": "!q.is_item_name_any('slot.weapon.mainhand', 0, 'ra:mosin_nagant') || q.is_stackable || q.is_sleeping || q.health <= 0 || q.is_swimming" } ],
          "on_entry": [ "/title @s actionbar §f6§f/5" ]
        },
        "mosin_nagant_ammo_5": {
          "transitions": [ { "mosin_nagant_ammo_4": "v.mosin_nagant_ammo_count == 4" }, { "activate": "v.mosin_nagant_ammo_count >= 5" }, { "default": "!q.is_item_name_any('slot.weapon.mainhand', 0, 'ra:mosin_nagant') || q.is_stackable || q.is_sleeping || q.health <= 0 || q.is_swimming" } ],
          "on_entry": [ "/title @s actionbar §f5§f/5" ]
        },
        "mosin_nagant_ammo_4": {
          "transitions": [ { "mosin_nagant_ammo_3": "v.mosin_nagant_ammo_count == 3" }, { "activate": "v.mosin_nagant_ammo_count >= 4" }, { "default": "!q.is_item_name_any('slot.weapon.mainhand', 0, 'ra:mosin_nagant') || q.is_stackable || q.is_sleeping || q.health <= 0 || q.is_swimming" } ],
          "on_entry": [ "/title @s actionbar §f4§f/5" ]
        },
        "mosin_nagant_ammo_3": {
          "transitions": [ { "mosin_nagant_ammo_2": "v.mosin_nagant_ammo_count == 2" }, { "activate": "v.mosin_nagant_ammo_count >= 3" }, { "default": "!q.is_item_name_any('slot.weapon.mainhand', 0, 'ra:mosin_nagant') || q.is_stackable || q.is_sleeping || q.health <= 0 || q.is_swimming" } ],
          "on_entry": [ "/title @s actionbar §f3§f/5" ]
        },
        "mosin_nagant_ammo_2": {
          "transitions": [ { "mosin_nagant_ammo_1": "v.mosin_nagant_ammo_count == 1" }, { "activate": "v.mosin_nagant_ammo_count >= 2" }, { "default": "!q.is_item_name_any('slot.weapon.mainhand', 0, 'ra:mosin_nagant') || q.is_stackable || q.is_sleeping || q.health <= 0 || q.is_swimming" } ],
          "on_entry": [ "/title @s actionbar §c2§f/5" ]
        },
        "mosin_nagant_ammo_1": {
          "transitions": [ { "mosin_nagant_ammo_0": "v.mosin_nagant_ammo_count <= 0" }, { "activate": "v.mosin_nagant_ammo_count >= 1" }, { "default": "!q.is_item_name_any('slot.weapon.mainhand', 0, 'ra:mosin_nagant') || q.is_stackable || q.is_sleeping || q.health <= 0 || q.is_swimming" } ],
          "on_entry": [ "/title @s actionbar §41§f/5" ]
        },
        "mosin_nagant_ammo_0": {
          "transitions": [ { "activate": "v.mosin_nagant_ammo_count != 0" }, { "activate": "v.mosin_nagant_ammo_count >= 0" }, { "default": "!q.is_item_name_any('slot.weapon.mainhand', 0, 'ra:mosin_nagant') || q.is_stackable || q.is_sleeping || q.health <= 0 || q.is_swimming" } ],
          "on_entry": [ "/title @s actionbar §40§f/5" ]
        }
      }
    },
		"controller.animation.mosin_clip": {
			"initial_state": "default",
			"states": {
				"default": {
					"transitions": [
						{ "hurt": "q.variant == 1" },
						{ "air_hit": "!q.is_on_ground" },
						{ "drag": "q.is_on_ground && q.modified_move_speed > 0.1" }
					],
					"on_entry": [ "v.m79_time = q.life_time;" ]
				},
				"drag": {
					"transitions": [
						{ "hurt": "q.variant == 1" },
						{ "default": "q.variant == 0 || (q.is_on_ground && q.modified_move_speed < 0.1)" }
					],
					"on_entry": [
						"/playsound random.fizz @a[r=16] ~~~ 0.015 1.5 0.025",
						"/playsound grenade_ting @a[r=16] ~~~ 0.025 0.9 0.025",
						"/playsound garand.clip @a[r=16] ~~~ 0.02 1.1 0.025"
					]
				},
				"hurt": {
					"transitions": [
						{ "default": "q.variant == 0 || (q.life_time - v.m79_time) >= 0.25" }
					],
					"on_entry": [
            "v.m79_time = q.life_time;",
						"/playsound block.lantern.break @a[r=25] ~~~ 0.85 1.5 0.025",
						"/playsound block.lantern.break @a[r=25] ~~~ 0.35 0.5 0.025",
						"/playsound grenade_ting @a[r=25] ~~~ 0.1 1 0.025",
						"/playsound grenade_ting @a[r=25] ~~~ 0.1 0.85 0.025",
						"/playsound garand.clip @a[r=25] ~~~ 0.9 1.5 0.025"
					],
					"on_exit": [
            "v.m79_time = q.life_time;",
            "@s ra:default"
					]
				},
				"air_hit": {
					"transitions": [
						{ "default": "q.is_on_ground" }
					],
					"on_exit": [
						"/playsound block.lantern.break @a[r=25] ~~~ 0.85 1.5 0.025",
						"/playsound block.lantern.break @a[r=25] ~~~ 0.35 0.5 0.025",
						"/playsound grenade_ting @a[r=25] ~~~ 0.1 1 0.025",
						"/playsound grenade_ting @a[r=25] ~~~ 0.1 0.85 0.025",
						"/playsound garand.clip @a[r=25] ~~~ 0.9 1.2 0.025"
					]
				}
			}
		}
  }
}