{
  "format_version": "1.10.0",
  "animation_controllers": {
    "controller.animation.mp40_golden.remove_first_user": {
      "initial_state": "no_weapon",
      "states": {
        "no_weapon": {
          "transitions": [
            { "has_weapon": "q.is_item_name_any('slot.weapon.mainhand', 0, 'ra:mp40_golden') && !q.is_stackable && !q.is_sleeping" }
          ]
        },
        "has_weapon": {
          "on_entry": [
            "v.mp40_golden_ammo_count = 30;",
            "/scoreboard objectives add mp40_g_ammo_count dummy mp40_g_ammo_count",
            "/scoreboard players set @s mp40_g_ammo_count 30"
          ]
        }
      }
    },
    "controller.animation.mp40_golden": {
      "initial_state": "default",
      "states": {
        "default": {
          "transitions": [
            { "pre_draw": "q.is_item_name_any('slot.weapon.mainhand', 0, 'ra:mp40_golden') && !q.is_stackable && !q.is_sleeping && q.is_alive && !q.is_swimming" }
          ],
          "on_entry": [
            "@s ra:remove_has_mp40_golden_ammo",
            "@s ra:reloading_empty.0",
            "/playsound gun_unholster  @s ~~~ 0.7 1 0.1",
            "/playsound gun_unholster.tp @a[r=12,rm=0.25] ~~~ 0.6 1 0.0075",
            "/stopsound @s mp40.pullback.1",
            "/stopsound @s mp40.pullback_4",
            "/tag @s remove reloading",
            "/tag @s remove after_burn",
            "/tag @s remove mp40_golden",
            "@s ra:attack_value_1",
            "@s ra:clear_id",
            "/title @s title ra_hud.leave_ads"
           ],
          "on_exit": [ 
            "@s ra:items.20",
            "/playsound gun_holster @s ~~~ 0.8 1 0.1",
            "/playsound gun_holster.tp @a[r=12,rm=0.25] ~~~ 0.75 1 0.0075",
            "@s ra:attack_value_0",
            "/title @s title ra_hud.enter_ads"
          ]
        },
        "pre_draw": {
          "animations": [
            { "mp40_golden.check_ammo": "t.i = 0; loop(27, {(q.is_item_name_any('slot.inventory', t.i, 'ra:mp40_clip_golden') || q.is_item_name_any('slot.hotbar', t.i, 'ra:mp40_clip_golden')) ? {return true;}; t.i = t.i+1;});" }
          ],
          "transitions": [
            { "default": "!q.is_item_name_any('slot.weapon.mainhand', 0, 'ra:mp40_golden') || q.is_stackable || q.is_sleeping || q.health <= 0 || q.is_swimming" },
            { "draw": "q.is_item_name_any('slot.weapon.mainhand', 0, 'ra:mp40_golden') && !q.is_stackable && !q.is_sleeping" }
          ],
          "on_entry": [ 
            "@s ra:items.20",
            "v.mp40_g_time = q.life_time;",
            "v.has_mp40_golden_ammo = q.variant == 1012;",
            "@s ra:attack_value_0",
            "/title @s title ra_hud.enter_ads"
           ]
        },

        "draw": {
          "animations": [
            "mp40.draw",
            { "mp40_golden.check_ammo": "t.i = 0; loop(27, {(q.is_item_name_any('slot.inventory', t.i, 'ra:mp40_clip_golden') || q.is_item_name_any('slot.hotbar', t.i, 'ra:mp40_clip_golden')) ? {return true;}; t.i = t.i+1;});" }
          ],
          "transitions": [ 
            { "default": "!q.is_item_name_any('slot.weapon.mainhand', 0, 'ra:mp40_golden') || q.is_stackable || q.is_sleeping || q.health <= 0 || q.is_swimming" },
            { "reload_empty": "(q.life_time - v.mp40_g_time) >= 0.25 && v.mp40_golden_ammo_count <= 0 && v.has_mp40_golden_ammo" },
            { "ads": "q.is_sneaking && (q.life_time - v.mp40_g_time) >= 0.925" },
            { "pre_hipfire": "q.is_using_item && (q.life_time - v.mp40_g_time) >= 0.925" },
            { "hold": "(q.life_time - v.mp40_g_time) >= 1.1" }
          ],
          "on_entry": [ 
            "@s ra:items.20",
            "v.mp40_g_time = q.life_time;",
            "v.has_mp40_golden_ammo = q.variant == 1012;",
            "@s ra:remove_has_mp40_golden_ammo",
            "/tag @s add mp40_golden",
            "@s ra:attack_value_0",
            "/title @s title ra_hud.enter_ads"
           ],
           "on_exit": ["v.mp40_g_time = q.life_time;"]
        },

        "hold": {
          "animations": [
            { "mp40_golden.check_ammo": "t.i = 0; loop(27, {(q.is_item_name_any('slot.inventory', t.i, 'ra:mp40_clip_golden') || q.is_item_name_any('slot.hotbar', t.i, 'ra:mp40_clip_golden')) ? {return true;}; t.i = t.i+1;});" }
          ],
          "transitions": [ 
            { "default": "!q.is_item_name_any('slot.weapon.mainhand', 0, 'ra:mp40_golden') || q.is_stackable || q.is_sleeping || q.health <= 0 || q.is_swimming" },
            { "ads": "q.is_sneaking" },
            { "pre_hipfire": "q.is_using_item" },
            { "reload_empty": "((q.life_time - v.mp40_g_time) >= 0.15 && v.mp40_golden_ammo_count <= 0 && v.has_mp40_golden_ammo)" },
            { "reload": "v.attack_time >= 0.12 &&  v.mp40_golden_ammo_count < 30 && v.has_mp40_golden_ammo" },
            { "inspect": "(v.attack_time >= 0.12 && !q.is_sprinting && !q.is_sleeping && (q.life_time - v.mp40_g_time) >= 0.15 && (v.mp40_golden_ammo_count >= 30 || v.mp40_golden_ammo_count <= 0 || (v.mp40_golden_ammo_count >= 0 && !v.has_mp40_golden_ammo))) || ((q.life_time - v.mp40_g_time) >= 25)" }
          ],
          "on_entry": [
            "v.mp40_g_time = q.life_time;",
            "v.random_mp40 = math.random_integer(1, 2);",
            "v.has_mp40_golden_ammo = q.variant == 1012;",
            "@s ra:reloading_empty.0",
            "@s ra:remove_reloading",
            "@s ra:remove_has_mp40_golden_ammo",
            "/tag @s add mp40_golden",
            "/tag @s remove reloading",
            "/title @s title ra_hud.enter_ads",
            "@s ra:attack_value_0"
           ],
           "on_exit": ["v.mp40_g_time = q.life_time;"]
        },

        "inspect": {
          "animations": [
            "mp40.inspect",
            { "mp40_golden.check_ammo": "t.i = 0; loop(27, {(q.is_item_name_any('slot.inventory', t.i, 'ra:mp40_clip_golden') || q.is_item_name_any('slot.hotbar', t.i, 'ra:mp40_clip_golden')) ? {return true;}; t.i = t.i+1;});" }
          ],
          "transitions": [ 
            { "default": "!q.is_item_name_any('slot.weapon.mainhand', 0, 'ra:mp40_golden') || q.is_stackable || q.is_sleeping || q.health <= 0 || q.is_swimming" },
            // { "leave_inspect": "(q.is_sprinting || q.is_sneaking || q.is_using_item) && (q.life_time - v.mp40_g_time) < 2.45" },
            { "ads": "q.is_sneaking" },
            { "pre_hipfire": "q.is_using_item" },
            { "reload_empty": "((q.life_time - v.mp40_g_time) >= 0.15 && v.mp40_golden_ammo_count <= 0 && v.has_mp40_golden_ammo)" },
            { "reload": "v.attack_time >= 0.12 &&  v.mp40_golden_ammo_count < 30 && v.has_mp40_golden_ammo" },
            { "hold": "(!q.is_sneaking && !q.is_using_item && (q.life_time - v.mp40_g_time) > 4.5) || q.is_sprinting" }
          ],
          "on_entry": [ 
            "v.mp40_g_time = q.life_time;",
            "v.has_mp40_golden_ammo = q.variant == 1012;",
            "@s ra:inspect.1",
            "/title @s title ra_hud.enter_ads"
           ],
           "on_exit": [
            "@s ra:inspect.0"
          ]
        },

        "reload_empty": {
          "animations": [
            "mp40_golden.reload"
          ],
          "transitions": [ 
            { "default": "!q.is_item_name_any('slot.weapon.mainhand', 0, 'ra:mp40_golden') || q.is_stackable || q.is_sleeping || q.health <= 0 || q.is_swimming" },
            { "hold": "(q.life_time - v.mp40_g_time) >= 3.95" },
            { "ads": "(q.life_time - v.mp40_g_time) >= 3.85 && q.is_sneaking" },
            { "pre_hipfire_1": "(q.life_time - v.mp40_g_time) >= 3.85 && q.is_using_item" }
          ],
          "on_entry": [ 
            "v.mp40_g_time = q.life_time;",
            "v.has_mp40_golden_ammo = q.variant == 1012;",
            "/tag @s add reloading",
            "@s ra:reloading_empty.1",
            "@s ra:remove_has_mp40_golden_ammo",
            "/playsound gun_holster @s ~~~ 0.8 1 0.1",
            "/playsound gun_holster.tp @a[r=12,rm=0.25] ~~~ 0.75 1 0.0075",
            "/title @s title ra_hud.enter_ads"
           ],
           "on_exit": [
            "v.mp40_g_time = q.life_time;",
            "@s ra:mp40_golden.remove_bullet_reload",
            "/tag @s remove reloading",
            "@s ra:reloading_empty.0"
          ]
        },
        "reload": {
          "animations": [
            "mp40_golden.reload2"
          ],
          "transitions": [ 
            { "default": "!q.is_item_name_any('slot.weapon.mainhand', 0, 'ra:mp40_golden') || q.is_stackable || q.is_sleeping || q.health <= 0 || q.is_swimming" },
            { "hold": "(q.life_time - v.mp40_g_time) >= 2" },
            { "ads": "(q.life_time - v.mp40_g_time) >= 1.9 && q.is_sneaking" },
            { "pre_hipfire_1": "(q.life_time - v.mp40_g_time) >= 1.9 && q.is_using_item" }
          ],
          "on_entry": [ 
            "v.mp40_g_time = q.life_time;",
            "v.has_mp40_golden_ammo = q.variant == 1012;",
            "/tag @s add reloading",
            "@s ra:reloading",
            "@s ra:remove_has_mp40_golden_ammo",
            "/playsound gun_holster @s ~~~ 0.8 1 0.1",
            "/playsound gun_holster.tp @a[r=12,rm=0.25] ~~~ 0.75 1 0.0075",
            "/title @s title ra_hud.enter_ads"
           ],
           "on_exit": [
            "v.mp40_g_time = q.life_time;",
            "@s ra:mp40_golden.remove_bullet_reload",
            "/tag @s remove reloading",
            "@s ra:remove_reloading"
          ]
        },
        
        "ads": {
          "animations": [
            { "mp40_golden.check_ammo": "t.i = 0; loop(27, {(q.is_item_name_any('slot.inventory', t.i, 'ra:mp40_clip_golden') || q.is_item_name_any('slot.hotbar', t.i, 'ra:mp40_clip_golden')) ? {return true;}; t.i = t.i+1;});" },
            { "mp40.out_of_ammo": "q.is_using_item && v.mp40_golden_ammo_count <= 0" }
          ],
          "transitions": [  
            { "default": "!q.is_item_name_any('slot.weapon.mainhand', 0, 'ra:mp40_golden') || q.is_stackable || q.is_sleeping || q.health <= 0 || q.is_swimming" },
            { "reload_empty": "(!q.is_sneaking || v.attack_time > 0.1) && (q.life_time - v.mp40_g_time) >= 0.125 && v.mp40_golden_ammo_count <= 0 && v.has_mp40_golden_ammo" },
            { "reload": "v.attack_time >= 0.12 &&  v.mp40_golden_ammo_count < 30 && v.has_mp40_golden_ammo" },
            { "hold": "!q.is_sneaking" },
            { "shoot_ads": "q.is_sneaking && q.is_using_item && (q.life_time - v.mp40_g_time) >= 0.125 && v.mp40_golden_ammo_count > 0" },
            { "hipfire": "q.is_using_item && !q.is_sneaking" }
          ],
          "on_entry": [ 
            "v.mp40_g_time = q.life_time;",
            "v.random_mp40 = math.random_integer(1, 2);",
            "v.has_mp40_golden_ammo = q.variant == 1012;",
            "@s ra:remove_has_mp40_golden_ammo",
            "/playsound cloth_high @s ~~~ 0.75 1.15 1",
            "/playsound cloth_high.tp @a[r=12,rm=0.25] ~~~ 0.5 1.15 0.0075",
            "/effect @s slowness 99999 1 true",
            "/title @s title ra_hud.enter_ads"
           ],
           "on_exit": [ 
             "v.mp40_g_time = q.life_time;",
             "/playsound gun_unholster @s ~~~ 0.4 1.4 0.1",
             "/effect @s slowness 0 0"
            ]
        },
        
        "shoot_ads": {
          "animations": [
            { "mp40_golden.check_ammo": "t.i = 0; loop(27, {(q.is_item_name_any('slot.inventory', t.i, 'ra:mp40_clip_golden') || q.is_item_name_any('slot.hotbar', t.i, 'ra:mp40_clip_golden')) ? {return true;}; t.i = t.i+1;});" },
            { "mp40_golden.shoot": "q.is_using_item && v.mp40_golden_ammo_count > 0" },
            { "gun.clear_light_flash": "q.is_using_item && v.mp40_golden_ammo_count <= 0" },
            { "mp40.out_of_ammo": "q.is_using_item && v.mp40_golden_ammo_count <= 0" },
            "mp40.after_burn_timer"
          ],
          "transitions": [  
            { "default": "!q.is_item_name_any('slot.weapon.mainhand', 0, 'ra:mp40_golden') || q.is_stackable || q.is_sleeping || q.health <= 0 || q.is_swimming" },
            { "reload_empty": "!q.is_using_item && !q.is_sneaking && ((q.life_time - v.mp40_g_time) >= 0.1 && v.mp40_golden_ammo_count <= 0 && v.has_mp40_golden_ammo)" },
            { "hold": "!q.is_using_item && !q.is_sneaking && (q.life_time - v.mp40_g_time) >= 0.1 && v.mp40_golden_ammo_count >= 1" },
            { "ads": "(!q.is_using_item || v.mp40_golden_ammo_count <= 0) && q.is_sneaking && (q.life_time - v.mp40_g_time) >= 0.115" },
            { "hipfire": "q.is_using_item && !q.is_sneaking" } 
          ],
          "on_entry": [ 
            "v.mp40_g_time = q.life_time;",
            "v.random_mp40 = math.random_integer(1, 2);",
            "@s ra:shooting",
            "v.has_mp40_golden_ammo = q.variant == 1012;",
            "@s ra:remove_has_mp40_golden_ammo",
            "/effect @s slowness 99999 1 true",
            "/title @s title ra_hud.enter_ads"
           ],
           "on_exit": [
             "v.mp40_g_time = q.life_time;",
             "@s ra:remove_shooting",
             "/playanimation @s[tag=after_burn] animation.mp40.after_burn",
             "/tag @s remove after_burn",
             "/fill ~5~5~5 ~-5~-5~-5 minecraft:air [] replace minecraft:light_block",
             "/fill ~5~5~5 ~-5~~-5 minecraft:air [] replace minecraft:light_block",
             "/playsound casing @a[r=12] ~~~ 0.85 1 0.01",
             "/effect @s slowness 0 0",
             "/camerashake stop @s"
            ]
        },
        
        "pre_hipfire": {
          "animations": [
            { "mp40_golden.check_ammo": "t.i = 0; loop(27, {(q.is_item_name_any('slot.inventory', t.i, 'ra:mp40_clip_golden') || q.is_item_name_any('slot.hotbar', t.i, 'ra:mp40_clip_golden')) ? {return true;}; t.i = t.i+1;});" },
            { "mp40.out_of_ammo": "q.is_using_item && v.mp40_golden_ammo_count <= 0" }
          ],
          "transitions": [
            { "default": "!q.is_item_name_any('slot.weapon.mainhand', 0, 'ra:mp40_golden') || q.is_stackable || q.is_sleeping || q.health <= 0 || q.is_swimming" },
            { "reload_empty": "!q.is_using_item && v.mp40_golden_ammo_count <= 0 && v.has_mp40_golden_ammo" },
            { "reload": "v.attack_time >= 0.12 &&  v.mp40_golden_ammo_count < 30 && v.has_mp40_golden_ammo" },
            { "hold": "!q.is_using_item && (q.life_time - v.mp40_g_time) >= 0.75" },
            { "ads": "!q.is_using_item && v.mp40_golden_ammo_count >= 1 && q.is_sneaking" },
            { "shoot_ads": "q.is_sneaking && v.mp40_golden_ammo_count > 0 && q.is_using_item && (q.life_time - v.mp40_g_time) >= 0.125" },
            { "hipfire": "q.is_using_item && v.mp40_golden_ammo_count > 0 && (q.life_time - v.mp40_g_time) >= 0.165" }
          ],
          "on_entry": [ 
            "v.mp40_g_time = q.life_time;",
            "v.has_mp40_golden_ammo = q.variant == 1012;",
            "@s ra:remove_has_mp40_golden_ammo",
            "/title @s title ra_hud.enter_ads"
           ],
           "on_exit": ["v.mp40_g_time = q.life_time;"]
        },
        
        "pre_hipfire_1": {
          "animations": [
            { "mp40_golden.check_ammo": "t.i = 0; loop(27, {(q.is_item_name_any('slot.inventory', t.i, 'ra:mp40_clip_golden') || q.is_item_name_any('slot.hotbar', t.i, 'ra:mp40_clip_golden')) ? {return true;}; t.i = t.i+1;});" },
            { "mp40.out_of_ammo": "q.is_using_item && v.mp40_golden_ammo_count <= 0" }
          ],
          "transitions": [
            { "default": "!q.is_item_name_any('slot.weapon.mainhand', 0, 'ra:mp40_golden') || q.is_stackable || q.is_sleeping || q.health <= 0 || q.is_swimming" },
            { "reload_empty": "!q.is_using_item && v.mp40_golden_ammo_count <= 0 && v.has_mp40_golden_ammo" },
            { "reload": "v.attack_time >= 0.12 &&  v.mp40_golden_ammo_count < 30 && v.has_mp40_golden_ammo" },
            { "hold": "!q.is_using_item" },
            { "ads": "!q.is_using_item && v.mp40_golden_ammo_count >= 1 && q.is_sneaking" },
            { "shoot_ads": "q.is_sneaking && v.mp40_golden_ammo_count > 0 && q.is_using_item && (q.life_time - v.mp40_g_time) >= 0.21" },
            { "hipfire": "q.is_using_item && v.mp40_golden_ammo_count > 0 && (q.life_time - v.mp40_g_time) >= 0.215" }
          ],
          "on_entry": [ 
            "v.mp40_g_time = q.life_time;",
            "v.has_mp40_golden_ammo = q.variant == 1012;",
            "@s ra:remove_has_mp40_golden_ammo",
            "/title @s title ra_hud.enter_ads"
           ],
           "on_exit": ["v.mp40_g_time = q.life_time;"]
        },
        
        "hipfire": {
          "animations": [
            { "mp40_golden.check_ammo": "t.i = 0; loop(27, {(q.is_item_name_any('slot.inventory', t.i, 'ra:mp40_clip_golden') || q.is_item_name_any('slot.hotbar', t.i, 'ra:mp40_clip_golden')) ? {return true;}; t.i = t.i+1;});" },
            { "mp40_golden.hipfire_shoot": "q.is_using_item && v.mp40_golden_ammo_count > 0" },
            { "gun.clear_light_flash": "q.is_using_item && v.mp40_golden_ammo_count <= 0" },
            "mp40.after_burn_timer"
          ],
          "transitions": [  
            { "default": "!q.is_item_name_any('slot.weapon.mainhand', 0, 'ra:mp40_golden') || q.is_stackable || q.is_sleeping || q.health <= 0 || q.is_swimming" },
            { "pre_hipfire": "v.mp40_golden_ammo_count <= 0 || !q.is_using_item" },
            { "shoot_ads": "q.is_sneaking && q.is_using_item && v.mp40_golden_ammo_count > 0" },
            { "ads": "!q.is_using_item && q.is_sneaking && (q.life_time - v.mp40_g_time) >= 0.12" },
            { "reload_empty": "v.attack_time >= 0.12 && v.mp40_golden_ammo_count < 30 && v.has_mp40_golden_ammo" }
          ],
          "on_entry": [
            "v.mp40_g_time = q.life_time;",
            "v.has_mp40_golden_ammo = q.variant == 1012;",
            "@s ra:shooting",
            "@s ra:remove_has_mp40_golden_ammo",
            "/title @s title ra_hud.enter_ads"
           ],
           "on_exit": [
             "v.mp40_g_time = q.life_time;",
             "@s ra:remove_shooting",
             "/playanimation @s[tag=after_burn] animation.mp40.after_burn",
             "/tag @s remove after_burn",
             "/fill ~5~5~5 ~-5~-5~-5 minecraft:air [] replace minecraft:light_block",
             "/fill ~5~5~5 ~-5~~-5 minecraft:air [] replace minecraft:light_block",
             "/playsound casing @a[r=12] ~~~ 0.85 1 0.01",
             "/effect @s slowness 0 0",
             "/camerashake stop @s"
            ]
        }
      }
    },
    "controller.animation.mp40_golden.ammo_full": {
      "initial_state": "default",
      "states": {
        "default": {
          "transitions": [ 
            { "activate": "q.is_item_name_any('slot.weapon.mainhand', 0, 'ra:mp40_golden') && !q.is_stackable && !q.is_sleeping && v.mp40_golden_ammo_count >= 30" }
          ]
        },
        "activate": {
          "transitions": [ 
            { "default": "!q.is_item_name_any('slot.weapon.mainhand', 0, 'ra:mp40_golden') || q.is_stackable || q.is_sleeping || q.health <= 0 || q.is_swimming || v.mp40_golden_ammo_count < 30" }
          ],
          "on_entry": ["@s ra:mp40_golden_ammo_full"],
          "on_exit": ["@s ra:remove_mp40_ammo_full"]
        }
      }
    },
    "controller.animation.mp40_golden.ammo_display": {
      "initial_state": "default",
      "states": {
        "default": {
          "transitions": [ 
            { "activate": "q.is_item_name_any('slot.weapon.mainhand', 0, 'ra:mp40_golden') && !q.is_stackable && !q.is_sleeping" }
          ],
          "on_entry": ["@s ra:bullets.2"]
        },
        "activate": {
          "animations": [
            "mp40_golden.ammo_display"
          ],
          "transitions": [ 
            { "default": "!q.is_item_name_any('slot.weapon.mainhand', 0, 'ra:mp40_golden') || q.is_stackable || q.is_sleeping || q.health <= 0 || q.is_swimming" }
          ]
        }
      }
    }
  }
}