{
  "format_version": "1.10.0",
  "animation_controllers": {
    "controller.animation.mp5.remove_first_user": {
      "initial_state": "no_weapon",
      "states": {
        "no_weapon": {
          "transitions": [
            { "has_weapon": "q.is_item_name_any('slot.weapon.mainhand', 0, 'ra:mp5') && !q.is_stackable && !q.is_sleeping" }
          ]
        },
        "has_weapon": {
          "on_entry": [
            "v.mp5_ammo_count = 30;",
            "/scoreboard objectives add mp5_ammo_count dummy mp5_ammo_count",
            "/scoreboard players set @s mp5_ammo_count 30"
          ]
        }
      }
    },
    "controller.animation.mp5": {
      "initial_state": "default",
      "states": {
        "default": {
          "transitions": [
            { "pre_draw": "q.is_item_name_any('slot.weapon.mainhand', 0, 'ra:mp5') && !q.is_stackable && !q.is_sleeping && q.is_alive && !q.is_swimming" }
          ],
          "on_entry": [
            "@s ra:remove_has_mp5_ammo",
            "@s ra:reloading_empty.0",
            "/playsound gun_unholster  @s ~~~ 0.7 1 0.1",
            "/playsound gun_unholster.tp @a[r=12,rm=0.25] ~~~ 0.6 1 0.0075",
            "/stopsound @s mp5.pullback.1",
            "/stopsound @s mp5.pullback_4",
            "/tag @s remove from_ads",
            "/tag @s remove reloading",
            "/tag @s remove after_burn",
            "/tag @s remove mp5",
            "@s ra:attack_value_1",
            "@s ra:clear_id",
            "/title @s title ra_hud.leave_ads"
           ],
          "on_exit": [ 
            "@s ra:items.18",
            "/playsound gun_holster @s ~~~ 0.8 1 0.1",
            "/playsound gun_holster.tp @a[r=12,rm=0.25] ~~~ 0.75 1 0.0075",
            "@s ra:attack_value_0",
            "/title @s title ra_hud.enter_ads"
          ]
        },
        "pre_draw": {
          "animations": [
            { "mp5.check_ammo": "t.i = 0; loop(27, {(q.is_item_name_any('slot.inventory', t.i, 'ra:mp5_clip') || q.is_item_name_any('slot.hotbar', t.i, 'ra:mp5_clip')) ? {return true;}; t.i = t.i+1;});" }
          ],
          "transitions": [
            { "default": "!q.is_item_name_any('slot.weapon.mainhand', 0, 'ra:mp5') || q.is_stackable || q.is_sleeping || q.health <= 0 || q.is_swimming" },
            { "draw": "q.is_item_name_any('slot.weapon.mainhand', 0, 'ra:mp5') && !q.is_stackable && !q.is_sleeping" }
          ],
          "on_entry": [ 
            "@s ra:items.18",
            "v.mp5_time = q.life_time;",
            "v.has_mp5_ammo = q.variant == 1006;",
            "@s ra:attack_value_0",
            "/title @s title ra_hud.enter_ads"
           ]
        },

        "draw": {
          "animations": [
            "mp5.draw",
            { "mp5.check_ammo": "t.i = 0; loop(27, {(q.is_item_name_any('slot.inventory', t.i, 'ra:mp5_clip') || q.is_item_name_any('slot.hotbar', t.i, 'ra:mp5_clip')) ? {return true;}; t.i = t.i+1;});" }
          ],
          "transitions": [ 
            { "default": "!q.is_item_name_any('slot.weapon.mainhand', 0, 'ra:mp5') || q.is_stackable || q.is_sleeping || q.health <= 0 || q.is_swimming" },
            { "reload": "(q.life_time - v.mp5_time) >= 0.7 && v.mp5_ammo_count <= 0 && v.has_mp5_ammo" },
            { "ads": "q.is_sneaking && (q.life_time - v.mp5_time) >= 0.75" },
            { "pre_hipfire": "q.is_using_item && (q.life_time - v.mp5_time) >= 0.75" },
            { "hold": "(q.life_time - v.mp5_time) >= 1" }
          ],
          "on_entry": [ 
            "@s ra:items.18",
            "v.mp5_time = q.life_time;",
            "v.has_mp5_ammo = q.variant == 1006;",
            "@s ra:remove_has_mp5_ammo",
            "/tag @s add mp5",
            "@s ra:attack_value_0",
            "/title @s title ra_hud.enter_ads"
           ],
           "on_exit": ["v.mp5_time = q.life_time;"]
        },

        "hold": {
          "animations": [
            { "mp5.check_ammo": "t.i = 0; loop(27, {(q.is_item_name_any('slot.inventory', t.i, 'ra:mp5_clip') || q.is_item_name_any('slot.hotbar', t.i, 'ra:mp5_clip')) ? {return true;}; t.i = t.i+1;});" }
          ],
          "transitions": [ 
            { "default": "!q.is_item_name_any('slot.weapon.mainhand', 0, 'ra:mp5') || q.is_stackable || q.is_sleeping || q.health <= 0 || q.is_swimming" },
            { "ads": "q.is_sneaking" },
            { "pre_hipfire": "q.is_using_item" },
            { "reload": "((q.life_time - v.mp5_time) >= 0.15 && v.mp5_ammo_count <= 0 && v.has_mp5_ammo)" },
            { "reload2": "v.attack_time >= 0.12 &&  v.mp5_ammo_count < 30 && v.has_mp5_ammo" },
            { "inspect": "v.attack_time >= 0.12 && !q.is_sprinting && !q.is_sleeping && (q.life_time - v.mp5_time) >= 0.15 && (v.mp5_ammo_count >= 30 || v.mp5_ammo_count <= 0 || (v.mp5_ammo_count >= 0 && !v.has_mp5_ammo))" }
          ],
          "on_entry": [ 
            "v.mp5_time = q.life_time;",
            "v.has_mp5_ammo = q.variant == 1006;",
            "@s ra:shell_type.none",
            "@s ra:reloading_empty.0",
            "@s ra:remove_reloading",
            "@s ra:remove_has_mp5_ammo",
            "/effect @s[tag=from_ads] slowness 0 0",
            "/playsound gun_unholster @s[tag=from_ads] ~~~ 0.4 1.4 0.1",
            "/tag @s remove from_ads",
            "/tag @s add mp5",
            "/tag @s remove reloading",
            "/title @s title ra_hud.enter_ads",
            "@s ra:attack_value_0"
           ],
           "on_exit": ["v.mp5_time = q.life_time;"]
        },

        "leave_inspect": {
          "animations": [
            "mp5.leave_inspect",
            { "mp5.check_ammo": "t.i = 0; loop(27, {(q.is_item_name_any('slot.inventory', t.i, 'ra:mp5_clip') || q.is_item_name_any('slot.hotbar', t.i, 'ra:mp5_clip')) ? {return true;}; t.i = t.i+1;});" }
          ],
          "transitions": [ 
            { "default": "!q.is_item_name_any('slot.weapon.mainhand', 0, 'ra:mp5') || q.is_stackable || q.is_sleeping || q.health <= 0 || q.is_swimming" },
            { "ads": "q.is_sneaking && (q.life_time - v.mp5_time) > 0.5" },
            { "pre_hipfire": "q.is_using_item && (q.life_time - v.mp5_time) > 0.5" },
            { "reload": "((q.life_time - v.mp5_time) >= 0.5 && v.mp5_ammo_count <= 0 && v.has_mp5_ammo)" },
            { "reload2": "v.attack_time >= 0.12 &&  v.mp5_ammo_count < 30 && v.has_mp5_ammo && (q.life_time - v.mp5_time) > 0.5" },
            { "inspect": "v.attack_time >= 0.12 && (q.life_time - v.mp5_time) >= 0.5 && (v.mp5_ammo_count >= 30 || v.mp5_ammo_count <= 0)" }
          ],
          "on_entry": [ 
            "v.mp5_time = q.life_time;",
            "v.has_mp5_ammo = q.variant == 1006;",
            "@s ra:remove_reloading",
            "@s ra:remove_has_mp5_ammo",
            "/tag @s add mp5",
            "/title @s title ra_hud.enter_ads",
            "@s ra:attack_value_0"
           ],
           "on_exit": ["v.mp5_time = q.life_time;"]
        },

        "inspect": {
          "animations": [
            "mp5.inspect",
            { "mp5.check_ammo": "t.i = 0; loop(27, {(q.is_item_name_any('slot.inventory', t.i, 'ra:mp5_clip') || q.is_item_name_any('slot.hotbar', t.i, 'ra:mp5_clip')) ? {return true;}; t.i = t.i+1;});" }
          ],
          "transitions": [ 
            { "default": "!q.is_item_name_any('slot.weapon.mainhand', 0, 'ra:mp5') || q.is_stackable || q.is_sleeping || q.health <= 0 || q.is_swimming" },
            { "leave_inspect": "(q.is_sprinting || q.is_sneaking || q.is_using_item) && (q.life_time - v.mp5_time) < 2.45" },
            { "ads": "q.is_sneaking" },
            { "pre_hipfire": "q.is_using_item" },
            { "reload": "((q.life_time - v.mp5_time) >= 0.15 && v.mp5_ammo_count <= 0 && v.has_mp5_ammo)" },
            { "reload2": "v.attack_time >= 0.12 &&  v.mp5_ammo_count < 30 && v.has_mp5_ammo" },
            { "hold": "(!q.is_sneaking && !q.is_using_item && (q.life_time - v.mp5_time) > 3.45) || q.is_sprinting" }
          ],
          "on_entry": [ 
            "v.mp5_time = q.life_time;",
            "v.has_mp5_ammo = q.variant == 1006;",
            "/title @s title ra_hud.enter_ads"
           ]
        },

        "reload": {
          "animations": [
            "mp5.reload"
          ],
          "transitions": [ 
            { "default": "!q.is_item_name_any('slot.weapon.mainhand', 0, 'ra:mp5') || q.is_stackable || q.is_sleeping || q.health <= 0 || q.is_swimming" },
            { "hold": "(q.life_time - v.mp5_time) >= 2.9" },
            { "ads": "(q.life_time - v.mp5_time) >= 2.825 && q.is_sneaking" },
            { "pre_hipfire": "(q.life_time - v.mp5_time) >= 2.825 && q.is_using_item" }
          ],
          "on_entry": [ 
            "v.mp5_time = q.life_time;",
            "v.has_mp5_ammo = q.variant == 1006;",
            "/tag @s add reloading",
            "@s ra:reloading_empty.1",
            "@s ra:remove_has_mp5_ammo",
            "/playsound gun_holster @s ~~~ 0.8 1 0.1",
            "/playsound gun_holster.tp @a[r=12,rm=0.25] ~~~ 0.75 1 0.0075",
            "/title @s title ra_hud.enter_ads"
           ],
           "on_exit": [
            "v.mp5_time = q.life_time;",
            "@s ra:mp5.remove_bullet_reload",
            "/tag @s remove reloading",
            "@s ra:reloading_empty.0"
          ]
        },
        "reload2": {
          "animations": [
            "mp5.reload2"
          ],
          "transitions": [ 
            { "default": "!q.is_item_name_any('slot.weapon.mainhand', 0, 'ra:mp5') || q.is_stackable || q.is_sleeping || q.health <= 0 || q.is_swimming" },
            { "hold": "(q.life_time - v.mp5_time) >= 1.34" },
            { "ads": "(q.life_time - v.mp5_time) >= 1.29 && q.is_sneaking" },
            { "pre_hipfire": "(q.life_time - v.mp5_time) >= 1.335 && q.is_using_item" }
          ],
          "on_entry": [ 
            "v.mp5_time = q.life_time;",
            "v.has_mp5_ammo = q.variant == 1006;",
            "/tag @s add reloading",
            "@s ra:reloading",
            "@s ra:remove_has_mp5_ammo",
            "/playsound gun_holster @s ~~~ 0.8 1 0.1",
            "/playsound gun_holster.tp @a[r=12,rm=0.25] ~~~ 0.75 1 0.0075",
            "/title @s title ra_hud.enter_ads"
           ],
           "on_exit": [
            "v.mp5_time = q.life_time;",
            "@s ra:mp5.remove_bullet_reload",
            "/tag @s remove reloading",
            "@s ra:remove_reloading"
          ]
        },
        
        "ads": {
          "animations": [
            { "mp5.check_ammo": "t.i = 0; loop(27, {(q.is_item_name_any('slot.inventory', t.i, 'ra:mp5_clip') || q.is_item_name_any('slot.hotbar', t.i, 'ra:mp5_clip')) ? {return true;}; t.i = t.i+1;});" },
            { "p90.out_of_ammo": "q.is_using_item && v.mp5_ammo_count <= 0" }
          ],
          "transitions": [  
            { "default": "!q.is_item_name_any('slot.weapon.mainhand', 0, 'ra:mp5') || q.is_stackable || q.is_sleeping || q.health <= 0 || q.is_swimming" },
            { "reload": "(!q.is_sneaking || v.attack_time > 0.1) && (q.life_time - v.mp5_time) >= 0.125 && v.mp5_ammo_count <= 0 && v.has_mp5_ammo" },
            { "reload2": "v.attack_time >= 0.12 &&  v.mp5_ammo_count < 30 && v.has_mp5_ammo" },
            { "hold": "!q.is_sneaking" },
            { "shoot_ads": "q.is_sneaking && q.is_using_item && (q.life_time - v.mp5_time) >= 0.125 && v.mp5_ammo_count > 0" },
            { "hipfire": "q.is_using_item && !q.is_sneaking" }
          ],
          "on_entry": [ 
            "v.mp5_time = q.life_time;",
            "v.has_mp5_ammo = q.variant == 1006;",
            "@s ra:remove_has_mp5_ammo",
            "/playsound cloth_high @s[tag=!from_ads] ~~~ 0.75 1.15 1",
            "/playsound cloth_high.tp @a[tag=!from_ads,r=12,rm=0.25] ~~~ 0.5 1.15 0.0075",
            "/effect @s slowness 99999 1 true",
            "/tag @s add from_ads",
            "/title @s title ra_hud.enter_ads"
           ],
           "on_exit": [ 
             "v.mp5_time = q.life_time;",
             "/playsound gun_unholster @s ~~~ 0.5 1.4 0.1",
             "/effect @s slowness 0 0"
            ]
        },
        
        "shoot_ads": {
          "animations": [
            { "mp5.check_ammo": "t.i = 0; loop(27, {(q.is_item_name_any('slot.inventory', t.i, 'ra:mp5_clip') || q.is_item_name_any('slot.hotbar', t.i, 'ra:mp5_clip')) ? {return true;}; t.i = t.i+1;});" },
            { "mp5.shoot": "q.is_using_item && v.mp5_ammo_count > 0" },
            { "gun.clear_light_flash": "q.is_using_item && v.mp5_ammo_count <= 0" },
            { "p90.out_of_ammo": "q.is_using_item && v.mp5_ammo_count <= 0" },
            "mp5.after_burn_timer"
          ],
          "transitions": [  
            { "default": "!q.is_item_name_any('slot.weapon.mainhand', 0, 'ra:mp5') || q.is_stackable || q.is_sleeping || q.health <= 0 || q.is_swimming" },
            { "reload": "!q.is_using_item && !q.is_sneaking && ((q.life_time - v.mp5_time) >= 0.1 && v.mp5_ammo_count <= 0 && v.has_mp5_ammo)" },
            { "hold": "!q.is_using_item && !q.is_sneaking && (q.life_time - v.mp5_time) >= 0.1 && v.mp5_ammo_count >= 1" },
            { "ads": "(!q.is_using_item || v.mp5_ammo_count <= 0) && q.is_sneaking && (q.life_time - v.mp5_time) >= 0.1" },
            { "hipfire": "q.is_using_item && !q.is_sneaking" } 
          ],
          "on_entry": [ 
            "v.mp5_time = q.life_time;",
            "@s ra:shooting",
            "v.has_mp5_ammo = q.variant == 1006;",
            "@s ra:remove_has_mp5_ammo",
            "/effect @s slowness 99999 1 true",
            "/title @s title ra_hud.enter_ads"
           ],
           "on_exit": [
             "v.mp5_time = q.life_time;",
             "@s ra:remove_shooting",
             "/playanimation @s[tag=after_burn] animation.mp5.after_burn",
             "/tag @s remove after_burn",
             "/fill ~5~5~5 ~-5~-5~-5 minecraft:air [] replace minecraft:light_block",
             "/fill ~5~5~5 ~-5~~-5 minecraft:air [] replace minecraft:light_block",
             "/playsound casing @a[r=12] ~~~ 0.85 1 0.01",
             "/effect @s slowness 0 0",
             "/camerashake stop @s"
            ]
        },
        
        "leave_hipfire": {
          "animations": [
            { "mp5.check_ammo": "t.i = 0; loop(27, {(q.is_item_name_any('slot.inventory', t.i, 'ra:mp5_clip') || q.is_item_name_any('slot.hotbar', t.i, 'ra:mp5_clip')) ? {return true;}; t.i = t.i+1;});" },
            { "p90.out_of_ammo": "q.is_using_item && v.mp5_ammo_count <= 0" }
          ],
          "transitions": [  
            { "default": "!q.is_item_name_any('slot.weapon.mainhand', 0, 'ra:mp5') || q.is_stackable || q.is_sleeping || q.health <= 0 || q.is_swimming" },
            { "reload": "!q.is_using_item && v.mp5_ammo_count <= 0 && v.has_mp5_ammo" },
            { "reload2": "v.attack_time >= 0.12 &&  v.mp5_ammo_count < 30 && v.has_mp5_ammo" },
            { "hold": "!q.is_using_item && (q.life_time - v.mp5_time) >= 0.65" },
            { "ads": "!q.is_using_item && v.mp5_ammo_count >= 1 && q.is_sneaking" },
            { "shoot_ads": "q.is_sneaking && v.mp5_ammo_count > 0 && q.is_using_item && (q.life_time - v.mp5_time) >= 0.125" },
            { "hipfire": "q.is_using_item && v.mp5_ammo_count > 0" }
          ],
          "on_entry": [ 
            "v.mp5_time = q.life_time;",
            "v.has_mp5_ammo = q.variant == 1006;",
            "@s ra:remove_has_mp5_ammo",
            "/title @s title ra_hud.enter_ads"
           ],
           "on_exit": ["v.mp5_time = q.life_time;"]
        },
        
        "pre_hipfire": {
          "animations": [
            { "mp5.check_ammo": "t.i = 0; loop(27, {(q.is_item_name_any('slot.inventory', t.i, 'ra:mp5_clip') || q.is_item_name_any('slot.hotbar', t.i, 'ra:mp5_clip')) ? {return true;}; t.i = t.i+1;});" },
            { "p90.out_of_ammo": "q.is_using_item && v.mp5_ammo_count <= 0" }
          ],
          "transitions": [  
            { "default": "!q.is_item_name_any('slot.weapon.mainhand', 0, 'ra:mp5') || q.is_stackable || q.is_sleeping || q.health <= 0 || q.is_swimming" },
            { "reload": "!q.is_using_item && v.mp5_ammo_count <= 0 && v.has_mp5_ammo" },
            { "reload2": "v.attack_time >= 0.12 &&  v.mp5_ammo_count < 30 && v.has_mp5_ammo" },
            { "leave_hipfire": "!q.is_using_item" },
            { "ads": "!q.is_using_item && v.mp5_ammo_count >= 1 && q.is_sneaking" },
            { "shoot_ads": "q.is_sneaking && v.mp5_ammo_count > 0 && q.is_using_item && (q.life_time - v.mp5_time) >= 0.125" },
            { "hipfire": "q.is_using_item && v.mp5_ammo_count > 0 && (q.life_time - v.mp5_time) >= 0.165" }
          ],
          "on_entry": [ 
            "v.mp5_time = q.life_time;",
            "v.has_mp5_ammo = q.variant == 1006;",
            "@s ra:remove_has_mp5_ammo",
            "/title @s title ra_hud.enter_ads"
           ],
           "on_exit": ["v.mp5_time = q.life_time;"]
        },
        
        "hipfire": {
          "animations": [
            { "mp5.check_ammo": "t.i = 0; loop(27, {(q.is_item_name_any('slot.inventory', t.i, 'ra:mp5_clip') || q.is_item_name_any('slot.hotbar', t.i, 'ra:mp5_clip')) ? {return true;}; t.i = t.i+1;});" },
            { "mp5.hipfire_shoot": "q.is_using_item && v.mp5_ammo_count > 0" },
            { "gun.clear_light_flash": "q.is_using_item && v.mp5_ammo_count <= 0" },
            "mp5.after_burn_timer"
          ],
          "transitions": [  
            { "default": "!q.is_item_name_any('slot.weapon.mainhand', 0, 'ra:mp5') || q.is_stackable || q.is_sleeping || q.health <= 0 || q.is_swimming" },
            { "leave_hipfire": "v.mp5_ammo_count <= 0 || !q.is_using_item" },
            { "shoot_ads": "q.is_sneaking && q.is_using_item && v.mp5_ammo_count > 0" },
            { "ads": "!q.is_using_item && q.is_sneaking && (q.life_time - v.mp5_time) >= 0.12" },
            { "reload": "v.attack_time >= 0.12 && v.mp5_ammo_count < 30 && v.has_mp5_ammo" }
          ],
          "on_entry": [
            "v.mp5_time = q.life_time;",
            "v.has_mp5_ammo = q.variant == 1006;",
            "@s ra:shooting",
            "@s ra:remove_has_mp5_ammo",
            "/title @s title ra_hud.enter_ads"
           ],
           "on_exit": [
             "v.mp5_time = q.life_time;",
             "@s ra:remove_shooting",
             "/playanimation @s[tag=after_burn] animation.mp5.after_burn",
             "/tag @s remove after_burn",
             "/fill ~5~5~5 ~-5~-5~-5 minecraft:air [] replace minecraft:light_block",
             "/fill ~5~5~5 ~-5~~-5 minecraft:air [] replace minecraft:light_block",
             "/playsound casing @a[r=12] ~~~ 0.85 1 0.01",
             "/effect @s slowness 0 0",
             "/camerashake stop @s"
            ]
        }
      }
    },
    "controller.animation.mp5.ammo_full": {
      "initial_state": "default",
      "states": {
        "default": {
          "transitions": [ 
            { "activate": "q.is_item_name_any('slot.weapon.mainhand', 0, 'ra:mp5') && !q.is_stackable && !q.is_sleeping && v.mp5_ammo_count >= 30" }
          ]
        },
        "activate": {
          "transitions": [ 
            { "default": "!q.is_item_name_any('slot.weapon.mainhand', 0, 'ra:mp5') || q.is_stackable || q.is_sleeping || q.health <= 0 || q.is_swimming || v.mp5_ammo_count < 30" }
          ],
          "on_entry": ["@s ra:mp5_ammo_full"],
          "on_exit": ["@s ra:remove_mp5_ammo_full"]
        }
      }
    },
    "controller.animation.mp5.ammo_display": {
      "initial_state": "default",
      "states": {
        "default": {
          "transitions": [ 
            { "activate": "q.is_item_name_any('slot.weapon.mainhand', 0, 'ra:mp5') && !q.is_stackable && !q.is_sleeping" }
          ],
          "on_entry": ["@s ra:bullets.2"]
        },
        "activate": {
          "animations": [
            "mp5.ammo_display"
          ],
          "transitions": [ 
            { "default": "!q.is_item_name_any('slot.weapon.mainhand', 0, 'ra:mp5') || q.is_stackable || q.is_sleeping || q.health <= 0 || q.is_swimming" }
          ]
        }
      }
    }
  }
}