{
  "format_version": "1.10.0",
  "animation_controllers": {
    "controller.animation.mx115.remove_first_user": {
      "initial_state": "no_weapon",
      "states": {
        "no_weapon": {
          "transitions": [
            { "has_weapon": "q.is_item_name_any('slot.weapon.mainhand', 0, 'ra:mx115') && !q.is_stackable && !q.is_sleeping" }
          ]
        },
        "has_weapon": {
          "on_entry": [
            "v.m4ra_ammo_count = 60;",
            "/scoreboard objectives add m4ra_ammo_count dummy m4ra_ammo_count",
            "/scoreboard players set @s m4ra_ammo_count 60"
          ]
        }
      }
    },
    "controller.animation.mx115.idle_sfx": {
      "initial_state": "default",
      "states": {
        "default": {
          "transitions": [
            { "idle": "q.is_item_name_any('slot.weapon.mainhand', 0, 'ra:mx115') && !q.is_stackable && !q.is_sleeping" }
          ],
          "on_entry": [ 
            "v.mx115_time = q.life_time;",
            "/stopsound @s mx115.idle"
          ]
        },
        "idle": {
          "transitions": [
            { "default": "!q.is_item_name_any('slot.weapon.mainhand', 0, 'ra:mx115') || q.is_stackable || q.is_sleeping || q.health <= 0 || q.is_swimming" },
            { "activated": "q.is_using_item || q.is_sneaking" }
          ],
          "on_entry": [ 
            "v.mx115_time = q.life_time;"
           ]
        },
        "activated": {
          "transitions": [
            { "default": "!q.is_item_name_any('slot.weapon.mainhand', 0, 'ra:mx115') || q.is_stackable || q.is_sleeping || q.health <= 0 || q.is_swimming" },
            { "idle": "!q.is_sneaking && !q.is_using_item" }
          ],
          "on_entry": [ 
            "v.mx115_time = q.life_time;"
           ],
           "on_exit": [
            "/stopsound @s mx115.idle_ads"
          ]
        }
      }
    },
    "controller.animation.mx115": {
      "initial_state": "default",
      "states": {
        "default": {
          "transitions": [
            { "pre_draw": "q.is_item_name_any('slot.weapon.mainhand', 0, 'ra:mx115') && !q.is_stackable && !q.is_sleeping && q.is_alive && !q.is_swimming" }
          ],
          "on_entry": [
            "@s ra:remove_holding_mx115",
            "@s ra:remove_has_mx115_ammo",
            "/playsound gun_unholster  @s ~~~ 0.7 1 0.1",
            "/playsound gun_unholster.tp @a[r=12,rm=0.25] ~~~ 0.6 1 0.0075",
            "/tag @s remove ram4_from_holding",
            "/tag @s remove mx115",
            "@s ra:attack_value_1",
            "/effect @s[tag=from_ads] slowness 0 0",
            "/tag @s remove from_ads",
            "/stopsound @s mx115.idle",
            "/stopsound @s mx115.charge",
            "@s ra:clear_id",
            "/title @s title ra_hud.leave_ads"
           ],
          "on_exit": [ 
            "@s ra:items.22",
            "/playsound gun_holster @s ~~~ 0.8 1 0.1",
            "/playsound gun_holster.tp @a[r=12,rm=0.25] ~~~ 0.75 1 0.0075",
            "@s ra:attack_value_0",
            "/title @s title ra_hud.enter_ads"
          ]
        },
        "pre_draw": {
          "animations": [
            { "mx115.check_ammo": "t.i = 0; loop(27, {(q.is_item_name_any('slot.inventory', t.i, 'ra:mx115_clip') || q.is_item_name_any('slot.hotbar', t.i, 'ra:mx115_clip')) ? {return true;}; t.i = t.i+1;});" }
          ],
          "transitions": [
            { "default": "!q.is_item_name_any('slot.weapon.mainhand', 0, 'ra:mx115') || q.is_stackable || q.is_sleeping || q.health <= 0 || q.is_swimming" },
            { "draw": "q.is_item_name_any('slot.weapon.mainhand', 0, 'ra:mx115') && !q.is_stackable && !q.is_sleeping" }
          ],
          "on_entry": [ 
            "@s ra:items.22",
            "v.mx115_time = q.life_time;",
            "v.has_mx115_ammo = q.skin_id == 1005;",
            "/tag @s add mx115",
            "@s ra:attack_value_0",
            "/title @s title ra_hud.enter_ads"
           ]
        },

        "draw": {
          "animations": [
            "mx115.draw_sfx",
            { "mx115.check_ammo": "t.i = 0; loop(27, {(q.is_item_name_any('slot.inventory', t.i, 'ra:mx115_clip') || q.is_item_name_any('slot.hotbar', t.i, 'ra:mx115_clip')) ? {return true;}; t.i = t.i+1;});" }
          ],
          "transitions": [ 
            { "default": "!q.is_item_name_any('slot.weapon.mainhand', 0, 'ra:mx115') || q.is_stackable || q.is_sleeping || q.health <= 0 || q.is_swimming" },
            { "reload": "(q.life_time - v.mx115_time) >= 0.7 && v.m4ra_ammo_count <= 0 && v.has_mx115_ammo" },
            { "pre_ads": "q.is_sneaking && (q.life_time - v.mx115_time) >= 0.65" },
            { "pre_hipfire": "q.is_using_item && (q.life_time - v.mx115_time) >= 0.75" },
            { "hold": "(q.life_time - v.mx115_time) >= 0.85" }
          ],
          "on_entry": [ 
            "@s ra:items.22",
            "v.mx115_time = q.life_time;",
            "v.has_mx115_ammo = q.skin_id == 1005;",
            "/tag @s add mx115",
            //"@s ra:holding_mx115",
            "@s ra:remove_has_mx115_ammo",
            "@s ra:attack_value_0"
           ]
        },

        "hold": {
          "animations": [
            { "mx115.check_ammo": "t.i = 0; loop(27, {(q.is_item_name_any('slot.inventory', t.i, 'ra:mx115_clip') || q.is_item_name_any('slot.hotbar', t.i, 'ra:mx115_clip')) ? {return true;}; t.i = t.i+1;});" }
          ],
          "transitions": [ 
            { "default": "!q.is_item_name_any('slot.weapon.mainhand', 0, 'ra:mx115') || q.is_stackable || q.is_sleeping || q.health <= 0 || q.is_swimming" },
            { "pre_ads": "q.is_sneaking" },
            { "pre_hipfire": "q.is_using_item" },
            { "inspect": "!q.is_sprinting && !q.is_sleeping && v.attack_time > 0.25 && (q.life_time - v.mx115_time) >= 0.25 && (v.m4ra_ammo_count >= 30 || !v.has_mx115_ammo)" },
            { "reload": "(v.attack_time > 0.25 && v.m4ra_ammo_count < 30 && v.has_mx115_ammo) || ((q.life_time - v.mx115_time) >= 0.15 && v.m4ra_ammo_count <= 0 && v.has_mx115_ammo)" }
          ],
          "on_entry": [ 
            "v.mx115_time = q.life_time;",
            "v.has_mx115_ammo = q.skin_id == 1005;",
            //"@s ra:holding_mx115",
            "@s ra:shell_type.none",
            "@s ra:anim_trigger_1.none",
            "@s ra:anim_trigger.none",
            "@s ra:remove_reloading",
            "@s ra:remove_has_mx115_ammo",
            "/tag @s add ram4_from_holding",
            "/tag @s add mx115",
            "/effect @s[tag=from_ads] slowness 0 0",
            "/tag @s remove from_ads",
            "/title @s title ra_hud.enter_ads",
            "@s ra:attack_value_0"
           ]
        },

        "inspect": {
          "animations": [
            "mx115.inspect",
            { "mx115.check_ammo": "t.i = 0; loop(27, {(q.is_item_name_any('slot.inventory', t.i, 'ra:mx115_clip') || q.is_item_name_any('slot.hotbar', t.i, 'ra:mx115_clip')) ? {return true;}; t.i = t.i+1;});" }
          ],
          "transitions": [ 
            { "default": "!q.is_item_name_any('slot.weapon.mainhand', 0, 'ra:mx115') || q.is_stackable || q.is_sleeping || q.health <= 0 || q.is_swimming" },
            { "leave_ads": "(q.life_time - v.mx115_time) >= 7.21 || (q.is_sprinting && (q.life_time - v.mx115_time) > 2.25)" },
            { "hold": "q.is_sprinting && (q.life_time - v.mx115_time) < 2.25" },
            { "ads": "q.is_sneaking" },
            { "pre_hipfire": "q.is_using_item" },
            { "reload": "(v.attack_time > 0.25 && v.m4ra_ammo_count < 30 && v.has_mx115_ammo) || ((q.life_time - v.mx115_time) >= 0.15 && v.m4ra_ammo_count <= 0 && v.has_mx115_ammo)" }
          ],
          "on_entry": [ 
            "v.mx115_time = q.life_time;",
            "/title @s title ra_hud.enter_ads",
            "/effect @s[tag=from_ads] slowness 0 0",
            "/tag @s remove from_ads"
           ]
        },

        "reload": {
          "animations": ["mx115.reload"],
          "transitions": [ 
            { "default": "!q.is_item_name_any('slot.weapon.mainhand', 0, 'ra:mx115') || q.is_stackable || q.is_sleeping || q.health <= 0 || q.is_swimming" },
            { "hold": "(q.life_time - v.mx115_time) >= 1.85" },
            { "ads": "(q.life_time - v.mx115_time) >= 1.8 && q.is_sneaking" },
            { "pre_hipfire": "(q.life_time - v.mx115_time) >= 1.8 && q.is_using_item" }
          ],
          "on_entry": [ 
            "v.mx115_time = q.life_time;",
            "v.has_mx115_ammo = q.skin_id == 1005;",
            "@s ra:reloading",
            "@s ra:remove_has_mx115_ammo",
            "/playsound gun_holster @s ~~~ 0.8 1 0.1",
            "/playsound gun_holster.tp @a[r=12,rm=0.25] ~~~ 0.75 1 0.0075",
            "/effect @s[tag=from_ads] slowness 0 0",
            "/tag @s remove from_ads",
            "/title @s title ra_hud.enter_ads"
           ],
           "on_exit": [
            "@s ra:remove_reloading"
          ]
        },
        "reload_open": {
          "animations": ["mx115.reload"],
          "transitions": [ 
            { "default": "!q.is_item_name_any('slot.weapon.mainhand', 0, 'ra:mx115') || q.is_stackable || q.is_sleeping || q.health <= 0 || q.is_swimming" },
            { "leave_ads": "(q.life_time - v.mx115_time) >= 1.8" },
            { "ads": "(q.life_time - v.mx115_time) >= 1.7 && q.is_sneaking" },
            { "post_fire_pre_hipfire": "(q.life_time - v.mx115_time) >= 1.6 && q.is_using_item" }
          ],
          "on_entry": [ 
            "v.mx115_time = q.life_time;",
            "v.has_mx115_ammo = q.skin_id == 1005;",
            "@s ra:reloading",
            "@s ra:remove_has_mx115_ammo",
            "/playsound gun_holster @s ~~~ 0.8 1 0.1",
            "/playsound gun_holster.tp @a[r=12,rm=0.25] ~~~ 0.75 1 0.0075",
            "/effect @s[tag=from_ads] slowness 0 0",
            "/tag @s remove from_ads",
            "/title @s title ra_hud.enter_ads"
           ],
           "on_exit": [
            "@s ra:remove_reloading"
          ]
        },
        
        "leave_ads": {
          "animations": [
            "mx115.leave_ads",
            { "mx115.check_ammo": "t.i = 0; loop(27, {(q.is_item_name_any('slot.inventory', t.i, 'ra:mx115_clip') || q.is_item_name_any('slot.hotbar', t.i, 'ra:mx115_clip')) ? {return true;}; t.i = t.i+1;});" },
            { "mx115.out_of_ammo": "q.is_using_item && v.m4ra_ammo_count <= 0" }
          ],
          "transitions": [  
            { "default": "!q.is_item_name_any('slot.weapon.mainhand', 0, 'ra:mx115') || q.is_stackable || q.is_sleeping || q.health <= 0 || q.is_swimming" },
            { "reload": "(!q.is_sneaking && (q.life_time - v.mx115_time) >= 0.15 && v.m4ra_ammo_count <= 0 && v.has_mx115_ammo) || (v.attack_time > 0.25 && (q.life_time - v.mx115_time) >= 0.15 && v.m4ra_ammo_count < 30 && v.has_mx115_ammo)" },
            { "hold": "!q.is_sneaking && (q.life_time - v.mx115_time) >= 0.85" },
            { "pre_ads": "q.is_sneaking && (q.life_time - v.mx115_time) >= 0.25" },
            { "ads": "q.is_sneaking && (q.life_time - v.mx115_time) < 0.25" },
            { "hipfire": "q.is_using_item && !q.is_sneaking" }
          ],
          "on_entry": [ 
            "v.mx115_time = q.life_time;",
            "v.has_mx115_ammo = q.skin_id == 1005;",
            "@s ra:anim_trigger.leave_ads",
            "@s ra:remove_has_mx115_ammo",
            "/effect @s[tag=from_ads] slowness 0 0",
            "/tag @s remove from_ads",
            "/title @s title ra_hud.enter_ads"
           ],
           "on_exit": [
            "@s ra:anim_trigger.none"
           ]
        },

        "pre_ads": {
          "animations": [
            "mx115.ads",
            { "mx115.check_ammo": "t.i = 0; loop(27, {(q.is_item_name_any('slot.inventory', t.i, 'ra:mx115_clip') || q.is_item_name_any('slot.hotbar', t.i, 'ra:mx115_clip')) ? {return true;}; t.i = t.i+1;});" }
          ],
          "transitions": [ 
            { "default": "!q.is_item_name_any('slot.weapon.mainhand', 0, 'ra:mx115') || q.is_stackable || q.is_sleeping || q.health <= 0 || q.is_swimming" },
            { "hold": "!q.is_sneaking && (q.life_time - v.mx115_time) < 0.25" },
            { "leave_ads": "!q.is_sneaking && (q.life_time - v.mx115_time) > 0.25" },
            { "ads": "q.is_sneaking && (q.life_time - v.mx115_time) >= 0.7" },
            { "pre_hipfire": "q.is_using_item" },
            { "reload": "(v.attack_time > 0.25 && v.m4ra_ammo_count < 30 && v.has_mx115_ammo) || ((q.life_time - v.mx115_time) >= 0.15 && v.m4ra_ammo_count <= 0 && v.has_mx115_ammo)" }
          ],
          "on_entry": [ 
            "v.mx115_time = q.life_time;",
            "v.has_mx115_ammo = q.skin_id == 1005;",
            //"@s ra:holding_mx115",
            "@s ra:anim_trigger.pre_load",
            "@s ra:remove_reloading",
            "@s ra:remove_has_mx115_ammo",
            "/tag @s add ram4_from_holding",
            "/tag @s add mx115",
            "/tag @s add from_ads",
            "/title @s title ra_hud.enter_ads",
            "@s ra:attack_value_0"
           ],
           "on_exit": [
            "@s ra:anim_trigger.none"
           ]
        },
        "ads": {
          "animations": [
            //{ "mx115.ads": "q.mark_variant == 2003" },
            { "mx115.check_ammo": "t.i = 0; loop(27, {(q.is_item_name_any('slot.inventory', t.i, 'ra:mx115_clip') || q.is_item_name_any('slot.hotbar', t.i, 'ra:mx115_clip')) ? {return true;}; t.i = t.i+1;});" },
            { "mx115.out_of_ammo": "q.is_using_item && v.m4ra_ammo_count <= 0" }
          ],
          "transitions": [  
            { "default": "!q.is_item_name_any('slot.weapon.mainhand', 0, 'ra:mx115') || q.is_stackable || q.is_sleeping || q.health <= 0 || q.is_swimming" },
            //{ "hold": "!q.is_sneaking && (q.life_time - v.mx115_time) < 0.35" },
            { "reload_open": "(!q.is_sneaking && (q.life_time - v.mx115_time) >= 0.15 && v.m4ra_ammo_count <= 0 && v.has_mx115_ammo) || (v.attack_time > 0.25 && (q.life_time - v.mx115_time) >= 0.15 && v.m4ra_ammo_count < 30 && v.has_mx115_ammo)" },
            { "leave_ads": "!q.is_sneaking && (q.life_time - v.mx115_time) >= 0.15" },
            { "shoot_ads": "q.is_sneaking && q.is_using_item && (q.life_time - v.mx115_time) >= 0.15 && v.m4ra_ammo_count > 0" },
            { "hipfire": "q.is_using_item && !q.is_sneaking" }
          ],
          "on_entry": [ 
            "v.mx115_time = q.life_time;",
            "v.has_mx115_ammo = q.skin_id == 1005;",
            "@s ra:remove_has_mx115_ammo",
            "@s ra:anim_trigger.ads",
            "/effect @s slowness 99999 1 true",
            "/tag @s add from_ads",
            "/title @s title ra_hud.enter_ads"
           ],
           "on_exit": [ 
            "v.mx115_time = q.life_time;",
            "@s ra:anim_trigger.none",
             "/playsound gun_unholster @s ~~~ 0.5 1.4 0.1"
          ]
        },
        
        "shoot_ads": {
          "animations": [
            { "mx115.check_ammo": "t.i = 0; loop(27, {(q.is_item_name_any('slot.inventory', t.i, 'ra:mx115_clip') || q.is_item_name_any('slot.hotbar', t.i, 'ra:mx115_clip')) ? {return true;}; t.i = t.i+1;});" },
            { "mx115.shoot": "q.is_using_item && v.m4ra_ammo_count > 0" },
            { "gun.clear_light_flash": "q.is_using_item && v.m4ra_ammo_count <= 0" }
          ],
          "transitions": [  
            { "default": "!q.is_item_name_any('slot.weapon.mainhand', 0, 'ra:mx115') || q.is_stackable || q.is_sleeping || q.health <= 0 || q.is_swimming" },
            { "reload_open": "!q.is_using_item && !q.is_sneaking && (q.life_time - v.mx115_time) >= 0.1 && v.m4ra_ammo_count <= 0 && v.has_mx115_ammo" },
            { "hold": "!q.is_using_item && !q.is_sneaking && (q.life_time - v.mx115_time) >= 0.1 && v.m4ra_ammo_count >= 1" },
            { "ads": "!q.is_using_item && q.is_sneaking && (q.life_time - v.mx115_time) >= 0.1" },
            { "hipfire": "q.is_using_item && !q.is_sneaking" } 
          ],
          "on_entry": [ 
            "v.mx115_time = q.life_time;",
            "v.has_mx115_ammo = q.skin_id == 1005;",
            "@s ra:remove_has_mx115_ammo",
            "/effect @s slowness 99999 1 true",
            "/tag @s add from_ads",
            "/title @s title ra_hud.enter_ads"
           ],
           "on_exit": [  
             "/fill ~5~5~5 ~-5~-5~-5 minecraft:air [] replace minecraft:light_block",
             "/fill ~5~5~5 ~-5~~-5 minecraft:air [] replace minecraft:light_block",
             "/camerashake stop @s"
          ]
        },
        
        "leave_hipfire": {
          "animations": [
            "mx115.leave_hipfire",
            { "mx115.check_ammo": "t.i = 0; loop(27, {(q.is_item_name_any('slot.inventory', t.i, 'ra:mx115_clip') || q.is_item_name_any('slot.hotbar', t.i, 'ra:mx115_clip')) ? {return true;}; t.i = t.i+1;});" },
            { "mx115.out_of_ammo": "q.is_using_item && v.m4ra_ammo_count <= 0" }
          ],
          "transitions": [  
            { "default": "!q.is_item_name_any('slot.weapon.mainhand', 0, 'ra:mx115') || q.is_stackable || q.is_sleeping || q.health <= 0 || q.is_swimming" },
            { "reload_open": "!q.is_using_item && v.m4ra_ammo_count <= 0 && v.has_mx115_ammo" },
            { "hold": "!q.is_using_item && (q.life_time - v.mx115_time) >= 0.9" },
            { "ads": "!q.is_using_item && v.m4ra_ammo_count >= 1 && q.is_sneaking" },
            { "shoot_ads": "q.is_sneaking && v.m4ra_ammo_count > 0 && q.is_using_item && (q.life_time - v.mx115_time) >= 0.125" },
            { "post_fire_pre_hipfire": "q.is_using_item && v.m4ra_ammo_count > 0 && (q.life_time - v.mx115_time) > 0.1" },
            { "reload_open": "v.attack_time >= 0.1 && v.m4ra_ammo_count < 30 && v.has_mx115_ammo" }
          ],
          "on_entry": [ 
            "v.mx115_time = q.life_time;",
            "v.has_mx115_ammo = q.skin_id == 1005;",
            "@s ra:remove_has_mx115_ammo",
            "/effect @s[tag=from_ads] slowness 0 0",
            "/tag @s remove from_ads",
            "/title @s title ra_hud.enter_ads"
           ]
        },
        
        "pre_hipfire": {
          "animations": [
            "mx115.pre_hipfire",
            { "mx115.check_ammo": "t.i = 0; loop(27, {(q.is_item_name_any('slot.inventory', t.i, 'ra:mx115_clip') || q.is_item_name_any('slot.hotbar', t.i, 'ra:mx115_clip')) ? {return true;}; t.i = t.i+1;});" },
            { "mx115.out_of_ammo": "q.is_using_item && v.m4ra_ammo_count <= 0 && (q.life_time - v.mx115_time) >= 0.6" }
          ],
          "transitions": [  
            { "default": "!q.is_item_name_any('slot.weapon.mainhand', 0, 'ra:mx115') || q.is_stackable || q.is_sleeping || q.health <= 0 || q.is_swimming" },
            { "hold": "!q.is_using_item && (q.life_time - v.mx115_time) < 0.4" },
            { "reload_open": "!q.is_using_item && v.m4ra_ammo_count <= 0 && v.has_mx115_ammo" },
            { "leave_hipfire": "(!q.is_using_item && (q.life_time - v.mx115_time) >= 0.55) || (!q.is_using_item && (q.life_time - v.mx115_time) < 0.55 && (q.life_time - v.mx115_time) > 0.4)" },
            { "ads": "!q.is_using_item && v.m4ra_ammo_count >= 1 && q.is_sneaking" },
            { "shoot_ads": "q.is_sneaking && v.m4ra_ammo_count > 0 && q.is_using_item && (q.life_time - v.mx115_time) >= 0.125" },
            { "hipfire": "q.is_using_item && v.m4ra_ammo_count > 0 && (q.life_time - v.mx115_time) > 0.7" },
            { "reload_open": "v.attack_time >= 0.1 && v.m4ra_ammo_count < 30 && v.has_mx115_ammo" }
          ],
          "on_entry": [ 
            "v.mx115_time = q.life_time;",
            "v.has_mx115_ammo = q.skin_id == 1005;",
            "@s ra:remove_has_mx115_ammo",
            "/effect @s[tag=from_ads] slowness 0 0",
            "/tag @s remove from_ads",
            "/title @s title ra_hud.enter_ads"
           ]
        },
        
        "post_fire_pre_hipfire": {
          "animations": [
            //{ "mx115.pre_hipfire": "q.mark_variant == 2003" },
            { "mx115.check_ammo": "t.i = 0; loop(27, {(q.is_item_name_any('slot.inventory', t.i, 'ra:mx115_clip') || q.is_item_name_any('slot.hotbar', t.i, 'ra:mx115_clip')) ? {return true;}; t.i = t.i+1;});" },
            { "mx115.out_of_ammo": "q.is_using_item && v.m4ra_ammo_count <= 0" }
          ],
          "transitions": [  
            { "default": "!q.is_item_name_any('slot.weapon.mainhand', 0, 'ra:mx115') || q.is_stackable || q.is_sleeping || q.health <= 0 || q.is_swimming" },
            { "reload_open": "!q.is_using_item && v.m4ra_ammo_count <= 0 && v.has_mx115_ammo" },
            { "leave_hipfire": "!q.is_using_item && (q.life_time - v.mx115_time) >= 0.55" },
            { "ads": "!q.is_using_item && v.m4ra_ammo_count >= 1 && q.is_sneaking" },
            { "shoot_ads": "q.is_sneaking && v.m4ra_ammo_count > 0 && q.is_using_item && (q.life_time - v.mx115_time) >= 0.125" },
            { "hipfire": "q.is_using_item && v.m4ra_ammo_count > 0 && (q.life_time - v.mx115_time) > 0.2" },
            { "reload_open": "v.attack_time >= 0.1 && v.m4ra_ammo_count < 30 && v.has_mx115_ammo" }
          ],
          "on_entry": [ 
            "v.mx115_time = q.life_time;",
            "v.has_mx115_ammo = q.skin_id == 1005;",
            "/effect @s[tag=from_ads] slowness 0 0",
            "/tag @s remove from_ads",
            "@s ra:remove_has_mx115_ammo",
            "/title @s title ra_hud.enter_ads"
           ]
        },
        
        "hipfire": {
          "animations": [
            { "mx115.check_ammo": "t.i = 0; loop(27, {(q.is_item_name_any('slot.inventory', t.i, 'ra:mx115_clip') || q.is_item_name_any('slot.hotbar', t.i, 'ra:mx115_clip')) ? {return true;}; t.i = t.i+1;});" },
            { "mx115.hipfire_shoot": "q.is_using_item && v.m4ra_ammo_count > 0" },
            { "gun.clear_light_flash": "q.is_using_item && v.m4ra_ammo_count <= 0" }
          ],
          "transitions": [  
            { "default": "!q.is_item_name_any('slot.weapon.mainhand', 0, 'ra:mx115') || q.is_stackable || q.is_sleeping || q.health <= 0 || q.is_swimming" },
            { "post_fire_pre_hipfire": "v.m4ra_ammo_count <= 0 || !q.is_using_item" },
            { "shoot_ads": "q.is_sneaking && q.is_using_item && v.m4ra_ammo_count > 0" },
            { "ads": "!q.is_using_item && q.is_sneaking && (q.life_time - v.mx115_time) >= 0.12" },
            { "reload_open": "v.attack_time > 0.25 && v.m4ra_ammo_count < 30 && v.has_mx115_ammo" }
          ],
          "on_entry": [ 
            "v.mx115_time = q.life_time;",
            "v.has_mx115_ammo = q.skin_id == 1005;",
            "@s ra:remove_has_mx115_ammo",
            "/effect @s[tag=from_ads] slowness 0 0",
            "/tag @s remove from_ads",
            "/title @s title ra_hud.enter_ads"
           ],
           "on_exit": [ 
             "/fill ~5~5~5 ~-5~-5~-5 minecraft:air [] replace minecraft:light_block",
             "/fill ~5~5~5 ~-5~~-5 minecraft:air [] replace minecraft:light_block",
             "/effect @s[tag=from_ads] slowness 0 0",
             "/tag @s remove from_ads",
             "/camerashake stop @s"
            ]
        }
      }
    },
    "controller.animation.mx115.ammo_full": {
      "initial_state": "default",
      "states": {
        "default": {
          "transitions": [ 
            { "activate": "q.is_item_name_any('slot.weapon.mainhand', 0, 'ra:mx115') && !q.is_stackable && !q.is_sleeping && v.m4ra_ammo_count <= 30" }
          ]
        },
        "activate": {
          "transitions": [ 
            { "default": "!q.is_item_name_any('slot.weapon.mainhand', 0, 'ra:mx115') || q.is_stackable || q.is_sleeping || q.health <= 0 || v.m4ra_ammo_count > 30" }
          ]
        }
      }
    },
    "controller.animation.mx115.ammo_display": {
      "initial_state": "default",
      "states": {
        "default": {
          "transitions": [ 
            { "activate": "q.is_item_name_any('slot.weapon.mainhand', 0, 'ra:mx115') && !q.is_stackable && !q.is_sleeping" }
          ]
        },
        "activate": {
          "animations": [
            "mx115.ammo_display"
          ],
          "transitions": [ 
            { "default": "!q.is_item_name_any('slot.weapon.mainhand', 0, 'ra:mx115') || q.is_stackable || q.is_sleeping || q.health <= 0" }
          ]
        }
      }
    }
  }
}