{
  "format_version": "1.10.0",
  "animation_controllers": {
    "controller.animation.p250.remove_first_user": {
      "initial_state": "no_weapon",
      "states": {
        "no_weapon": {
          "transitions": [
            { "has_weapon": "q.is_item_name_any('slot.weapon.mainhand', 0, 'ra:p250') && !q.is_stackable && !q.is_sleeping && q.is_alive && !q.is_swimming" }
          ]
        },
        "has_weapon": {
          "on_entry": [
            "v.p250_ammo_count = 12;",
            "/scoreboard objectives add p250_ammo_count dummy p250_ammo_count",
            "/scoreboard players set @s p250_ammo_count 12"
          ]
        }
      }
    },
    "controller.animation.p250": {
      "initial_state": "default",
      "states": {
        "default": {
          "transitions": [
            { "draw": "q.is_item_name_any('slot.weapon.mainhand', 0, 'ra:p250') && !q.is_stackable && !q.is_sleeping && q.is_alive && !q.is_swimming" }
          ],
          "on_entry": [ 
            "/playsound gun_unholster  @s ~~~ 0.7 1 0.1",
            "/playsound gun_unholster.tp @a[r=12,rm=0.25] ~~~ 0.6 1 0.0075",
            "/stopsound @s p250_pullback",
            "@s ra:anim_trigger_1.none",
            "@s ra:anim_trigger.none",
            "/tag @s remove from_ads",
            "/tag @s remove from_pre",
            "/tag @s remove p250",
            "@s ra:attack_value_1",
            "@s ra:clear_id",
            "/title @s title ra_hud.leave_ads"
           ],
          "on_exit": [ 
            "@s ra:items.25",
            "/playsound gun_holster @s ~~~ 0.8 1 0.1",
            "/playsound gun_holster.tp @a[r=12,rm=0.25] ~~~ 0.75 1 0.0075",
            "@s ra:attack_value_0"
          ]
        },

        "draw": {
          "animations": [
            { "p250.draw": "v.p250_ammo_count > 0" },
            { "p250.check_ammo": "t.i = 0; loop(27, {(q.is_item_name_any('slot.inventory', t.i, 'ra:p250_clip') || q.is_item_name_any('slot.hotbar', t.i, 'ra:p250_clip')) ? {return true;}; t.i = t.i+1;});" }
          ],
          "transitions": [ 
            { "default": "!q.is_item_name_any('slot.weapon.mainhand', 0, 'ra:p250') || q.is_stackable || q.is_sleeping || q.health <= 0 || q.is_swimming" } ,
            { "reload_empty": "(q.life_time - v.p250_time) >= 0.7 && v.p250_ammo_count <= 0 && v.has_p250_ammo" },
            { "ads": "q.is_sneaking && (q.life_time - v.p250_time) >= 1" },
            { "pre_hipfire": "!q.is_sneaking && q.is_using_item && (q.life_time - v.p250_time) >= 1 && v.p250_ammo_count >= 1" },
            { "hold": "(q.life_time - v.p250_time) >= 1.1" }
          ],
          "on_entry": [ 
            "@s ra:items.25",
            "v.p250_time = q.life_time;",
            "v.has_p250_ammo = q.variant == 1001;",
            "/tag @s add p250",
            "@s ra:attack_value_0",
            "/title @s title ra_hud.enter_ads"
           ],
           "on_exit": [ 
            "@s ra:items.25",
             "v.has_p250_ammo = q.variant == 1001;",
             "@s ra:attack_value_0"
            ]
        },

        "hold": {
          "animations": [
            { "p250.check_ammo": "t.i = 0; loop(27, {(q.is_item_name_any('slot.inventory', t.i, 'ra:p250_clip') || q.is_item_name_any('slot.hotbar', t.i, 'ra:p250_clip')) ? {return true;}; t.i = t.i+1;});" }
          ],
          "transitions": [ 
            { "default": "!q.is_item_name_any('slot.weapon.mainhand', 0, 'ra:p250') || q.is_stackable || q.is_sleeping || q.health <= 0 || q.is_swimming" } ,
            { "ads": "q.is_sneaking" },
            { "reload_empty": "v.p250_ammo_count <= 0 && v.has_p250_ammo" },
            { "reload": "v.attack_time >= 0.2 && (q.life_time - v.p250_time) >= 0.15 && v.p250_ammo_count < 12 && v.has_p250_ammo" },
            { "inspect": "v.attack_time >= 0.2 && !q.is_sprinting && (q.life_time - v.p250_time) >= 0.15 && (v.p250_ammo_count >= 12 || v.p250_ammo_count <= 0)" },
            { "pre_hipfire": "q.is_using_item" }
          ],
          "on_entry": [ 
            "@s ra:items.25",
            "v.p250_time = q.life_time;",
            "v.has_p250_ammo = q.variant == 1001;",
            "@s ra:anim_trigger_1.none",
            "@s ra:anim_trigger.none",
            "@s ra:remove_has_p250_ammo",
            "/tag @s add p250",
            "/title @s title ra_hud.enter_ads",
            "/playsound cloth_high @s[tag=from_ads] ~~~ 0.75 1 1",
            "/playsound cloth_high.tp @a[tag=from_ads,r=12,rm=0.25] ~~~ 0.5 1 0.0075",
            "/tag @s remove from_ads",
            "/playsound cloth_high @s[tag=from_pre] ~~~ 0.75 1 1",
            "/playsound cloth_high.tp @a[tag=from_pre,r=12,rm=0.25] ~~~ 0.5 1 0.0075",
            "/tag @s remove from_pre",
            "@s ra:attack_value_0"
           ]
        },

        "inspect": {
          "animations": [
            { "p250.inspect": "v.p250_ammo_count >= 12" },
            { "p250.check_ammo": "t.i = 0; loop(27, {(q.is_item_name_any('slot.inventory', t.i, 'ra:p250_clip') || q.is_item_name_any('slot.hotbar', t.i, 'ra:p250_clip')) ? {return true;}; t.i = t.i+1;});" }
          ],
          "transitions": [ 
            { "default": "!q.is_item_name_any('slot.weapon.mainhand', 0, 'ra:p250') || q.is_stackable || q.is_sleeping || q.health <= 0 || q.is_swimming" } ,
            { "ads": "q.is_sneaking" },
            { "reload_empty": "v.p250_ammo_count <= 0 && v.has_p250_ammo" },
            { "reload": "v.attack_time >= 0.2 && (q.life_time - v.p250_time) >= 0.15 && v.p250_ammo_count < 12 && v.has_p250_ammo" },
            { "pre_hipfire": "q.is_using_item && (q.life_time - v.p250_time) >= 0.15" },
            { "hold": "(!q.is_sneaking && !q.is_using_item && (q.life_time - v.p250_time) > 2.6) || q.is_sprinting" }
          ],
          "on_entry": [ 
            "v.p250_time = q.life_time;",
            "@s ra:anim_trigger.none",
            "v.has_p250_ammo = q.variant == 1001;",
            "@s ra:remove_has_p250_ammo",
            "/title @s title ra_hud.enter_ads"
           ]
        },


        "reload_empty": {
          "animations": [ "p250.empty" ],
          "transitions": [ 
            { "default": "!q.is_item_name_any('slot.weapon.mainhand', 0, 'ra:p250') || q.is_stackable || q.is_sleeping || q.health <= 0 || q.is_swimming" },
            { "hold": "(q.life_time - v.p250_time) >= 2.25 && v.p250_ammo_count == 12" },
            { "ads": "(q.life_time - v.p250_time) >= 2.25 && v.p250_ammo_count == 12 && q.is_sneaking" }
          ],
          "on_entry": [ 
            "v.p250_time = q.life_time;",
            "@s ra:reloading",
            "@s ra:anim_trigger.none",
            "/playsound gun_holster @s ~~~ 0.8 1 0.1",
            "/playsound gun_holster.tp @a[r=12,rm=0.25] ~~~ 0.75 1 0.0075",
            "/title @s title ra_hud.enter_ads"
           ],
           "on_exit": [
            "@s ra:remove_reloading"
           ]
        },
        "reload": {
          "animations": [ "p250.reload" ],
          "transitions": [ 
            { "default": "!q.is_item_name_any('slot.weapon.mainhand', 0, 'ra:p250') || q.is_stackable || q.is_sleeping || q.health <= 0 || q.is_swimming" },
            { "hold": "(q.life_time - v.p250_time) >= 1.45 && v.p250_ammo_count >= 12" },
            { "ads": "(q.life_time - v.p250_time) >= 1.45 && v.p250_ammo_count >= 12 && q.is_sneaking" }
          ],
          "on_entry": [ 
            "v.p250_time = q.life_time;",
            "@s ra:reloading",
            "@s ra:anim_trigger.none",
            "/playsound gun_holster @s ~~~ 0.8 1 0.1",
            "/playsound gun_holster.tp @a[r=12,rm=0.25] ~~~ 0.75 1 0.0075",
            "/title @s title ra_hud.enter_ads"
           ],
           "on_exit": [
            "@s ra:remove_reloading"
           ]
        },
        
        "ads": {
          "animations": [
            { "p250_out_of_ammo": "q.is_using_item && v.p250_ammo_count <= 0" },
            { "p250.check_ammo": "t.i = 0; loop(27, {(q.is_item_name_any('slot.inventory', t.i, 'ra:p250_clip') || q.is_item_name_any('slot.hotbar', t.i, 'ra:p250_clip')) ? {return true;}; t.i = t.i+1;});" }
          ],
          "transitions": [  
            { "default": "!q.is_item_name_any('slot.weapon.mainhand', 0, 'ra:p250') || q.is_stackable || q.is_sleeping || q.health <= 0 || q.is_swimming" },
            { "reload_empty": "((!q.is_sneaking || v.attack_time >= 0.2 ) && v.p250_ammo_count <= 0 && v.has_p250_ammo)" },
            { "reload": "v.attack_time >= 0.2 && (q.life_time - v.p250_time) >= 0.15 && v.p250_ammo_count > 0 && v.p250_ammo_count < 12 && v.has_p250_ammo" },
            { "hold": "!q.is_sneaking" },
            { "shoot_ads": "q.is_sneaking && q.is_using_item && (q.life_time - v.p250_time) >= 0.05 && v.p250_ammo_count > 0" }
          ],
          "on_entry": [ 
            "v.p250_time = q.life_time;",
            "v.has_p250_ammo = q.variant == 1001;",
            "@s ra:anim_trigger.none",
            "/playsound cloth_high @s[tag=!from_ads] ~~~ 0.75 1.15 1",
            "/playsound cloth_high.tp @a[tag=!from_ads,r=12,rm=0.25] ~~~ 0.5 1.15 0.0075",
            "/tag @s add from_ads",
            "/title @s title ra_hud.enter_ads"
           ]
        },
        
        "shoot_ads": {
          "animations": [ "p250_casing" ],
          "transitions": [  
            { "default": "!q.is_item_name_any('slot.weapon.mainhand', 0, 'ra:p250') || q.is_stackable || q.is_sleeping || q.health <= 0 || q.is_swimming" },
            { "ads": "(!q.is_using_item || v.p250_ammo_count <= 0) && (q.life_time - v.p250_time) >= 0.1" }
          ],
          "on_entry": [ 
            "v.p250_time = q.life_time;",
            "v.p250_ammo_count = v.p250_ammo_count - 1;",
            "/execute as @s[scores={p250_ammo_count=0..}] at @s run scoreboard players add @s p250_ammo_count -1",
            "/playanimation @s animation.p250.ads_fire_fp",
            "/playsound pistol_shoot @a[r=20] ^^^1.5 1.25 1 0.1",
            "/playsound pistol_shoot @a[r=50,rm=20] ^^^1.5 2.5 1 0.05",
            "/playsound pistol_shoot @a[r=100,rm=50] ^^^1.5 5 1 0.005",
            //"/tag @s add casing_particle",
            "@s ra:p250.ads_shoot",
            "/camerashake add @s 0.05 0.15 rotational",
            "/title @s title ra_hud.enter_ads",
            "/fill ~1~1~1 ~-1~1~-1 minecraft:light_block [\"block_light_level\":9] replace minecraft:air"
           ],
           "on_exit": [
            "/fill ~5~5~5 ~-5~-5~-5 minecraft:air [] replace minecraft:light_block",
            "/fill ~5~5~5 ~-5~~-5 minecraft:air [] replace minecraft:light_block"
            ]
        },
        
        "pre_hipfire": {
          "animations": [{ "p250_out_of_ammo": "q.is_using_item && v.p250_ammo_count <= 0" }],
          "transitions": [  
            { "default": "!q.is_item_name_any('slot.weapon.mainhand', 0, 'ra:p250') || q.is_stackable || q.is_sleeping || q.health <= 0 || q.is_swimming" } ,
            { "reload_empty": "v.p250_ammo_count <= 0 && v.has_p250_ammo" },
            { "reload": "v.attack_time >= 0.2 && (q.life_time - v.p250_time) >= 0.15 && v.p250_ammo_count < 12 && v.has_p250_ammo" },
            { "hold": "!q.is_using_item && (q.life_time - v.p250_time) >= 0.8" },
            { "ads": "q.is_sneaking && v.p250_ammo_count > 0" },
            { "hipfire": "q.is_using_item && v.p250_ammo_count > 0 && (q.life_time - v.p250_time) >= 0.065" }
          ],
          "on_entry": [ 
            "v.p250_time = q.life_time;",
            "@s ra:anim_trigger.pre_hipfire",
            "/playsound cloth_high @s[tag=!from_pre] ~~~ 0.75 1.15 1",
            "/playsound cloth_high.tp @a[tag=!from_pre,r=12,rm=0.25] ~~~ 0.5 1.15 0.0075",
            "/tag @s add from_pre",
            "/title @s title ra_hud.enter_ads"
           ]
        },
        
        "pre_hipfire2": {
          "animations": [{ "p250_out_of_ammo": "q.is_using_item && v.p250_ammo_count <= 0" }],
          "transitions": [  
            { "default": "!q.is_item_name_any('slot.weapon.mainhand', 0, 'ra:p250') || q.is_stackable || q.is_sleeping || q.health <= 0 || q.is_swimming" } ,
            { "reload_empty": "v.p250_ammo_count <= 0 && v.has_p250_ammo" },
            { "reload": "v.attack_time >= 0.2 && (q.life_time - v.p250_time) >= 0.15 && v.p250_ammo_count < 12 && v.has_p250_ammo" },
            { "hold": "!q.is_using_item && (q.life_time - v.p250_time) >= 0.8" },
            { "ads": "q.is_sneaking && v.p250_ammo_count > 0" },
            { "hipfire": "q.is_using_item && v.p250_ammo_count > 0" }
          ],
          "on_entry": [ 
            "v.p250_time = q.life_time;",
            "@s ra:anim_trigger.pre_hipfire",
            "/title @s title ra_hud.enter_ads"
           ]
        },
        
        "hipfire": {
          "animations": [ "p250_hipfire" ],
          "transitions": [  
            { "default": "!q.is_item_name_any('slot.weapon.mainhand', 0, 'ra:p250') || q.is_stackable || q.is_sleeping || q.health <= 0 || q.is_swimming" } ,
            { "pre_hipfire2": "!q.is_using_item" }
          ],
          "on_entry": [
            "v.p250_time = q.life_time;",
            //"/tag @s add casing_particle",
            //"/tag @s add casing_sfx",
            "@s ra:anim_trigger.pre_hipfire",
            "/playanimation @s animation.p250.hipfire_fp",
            "/playsound pistol_shoot @a[r=20] ^^^1.5 1.25 1 0.1",
            "/playsound pistol_shoot @a[r=50,rm=20] ^^^1.5 2.5 1 0.05",
            "/playsound pistol_shoot @a[r=100,rm=50] ^^^1.5 5 1 0.005",
            "v.p250_ammo_count = v.p250_ammo_count - 1;",
            "/execute as @s[scores={p250_ammo_count=0..}] at @s run scoreboard players add @s p250_ammo_count -1",
            "@s ra:p250.hipfire",
            "/camerashake add @s 0.03 0.15 rotational",
            "/title @s title ra_hud.enter_ads",
            "/fill ~1~1~1 ~-1~1~-1 minecraft:light_block [\"block_light_level\":9] replace minecraft:air"
           ],
           "on_exit": [
            "/fill ~5~5~5 ~-5~-5~-5 minecraft:air [] replace minecraft:light_block",
            "/fill ~5~5~5 ~-5~~-5 minecraft:air [] replace minecraft:light_block",
            "@s ra:remove_p250.hipfire"
           ]
        }
      }
    },
    "controller.animation.p250_empty": {
      "initial_state": "default",
      "states": {
        "default": {
          "transitions": [ 
            { "activate": "v.p250_ammo_count <= 0 && q.is_item_name_any('slot.weapon.mainhand', 0, 'ra:p250') && !q.is_stackable && !q.is_sleeping" }
          ],
          "on_entry": [ 
            "@s ra:clear_id"
          ]
        },
        "activate": {
          "transitions": [ 
            { "default": "v.p250_ammo_count >= 12 || !q.is_item_name_any('slot.weapon.mainhand', 0, 'ra:p250') || q.is_stackable || q.is_sleeping || q.health <= 0 || q.is_swimming" }
          ],
          "on_entry": [ 
            "@s ra:p250.empty"
           ]
        }
      }
    },
    "controller.animation.p250_ammo": {
      "initial_state": "default",
      "states": {
        "default": {
          "transitions": [ 
            { "activate": "v.p250_ammo_count >= 1 && q.is_item_name_any('slot.weapon.mainhand', 0, 'ra:p250') && !q.is_stackable && !q.is_sleeping" }
          ],
          "on_entry": [ 
            "@s ra:remove_has_ammo"
          ]
        },
        "activate": {
          "transitions": [ 
            { "default": "v.p250_ammo_count <= 0 || !q.is_item_name_any('slot.weapon.mainhand', 0, 'ra:p250') || q.is_stackable || q.is_sleeping || q.health <= 0 || q.is_swimming" }
          ],
          "on_entry": [ 
            "@s ra:has_ammo"
           ]
        }
      }
    },
    "controller.animation.p250_ammo_full": {
      "initial_state": "default",
      "states": {
        "default": {
          "transitions": [ 
            { "full": "v.p250_ammo_count >= 12 && q.is_item_name_any('slot.weapon.mainhand', 0, 'ra:p250') && !q.is_stackable && !q.is_sleeping" }
          ],
          "on_entry": [ 
            "@s ra:remove_ammo_full"
          ]
        },
        "full": {
          "transitions": [ 
            { "default": "v.p250_ammo_count <= 11 || !q.is_item_name_any('slot.weapon.mainhand', 0, 'ra:p250') || q.is_stackable || q.is_sleeping || q.health <= 0 || q.is_swimming" }
          ],
          "on_entry": [ 
            "@s ra:ammo_full"
           ]
        }
      }
    },
    "controller.animation.p250.ammo_display": {
      "initial_state": "default",
      "states": {
        "default": {
          "transitions": [ 
            { "activate": "q.is_item_name_any('slot.weapon.mainhand', 0, 'ra:p250') && !q.is_stackable && !q.is_sleeping" }
          ]
        },
        "activate": {
          "animations": [
            "p250.ammo_display"
          ],
          "transitions": [ 
            { "default": "!q.is_item_name_any('slot.weapon.mainhand', 0, 'ra:p250') || q.is_stackable || q.is_sleeping || q.health <= 0 || q.is_swimming" }
          ]
        }
      }
    }
  }
}