{
  "format_version": "1.10.0",
  "animation_controllers": {
    "controller.animation.remington_870": {
      "initial_state": "default",
      "states": {
        "default": {
          "transitions": [
            { "draw": "q.is_item_name_any('slot.weapon.mainhand', 0, 'ra:remington_870') && !q.is_stackable && !q.is_sleeping && q.is_alive && !q.is_swimming" }
          ],
          "on_entry": [
            "@s ra:anim_trigger_1.none",
            "/stopsound @s remington_870.single_pump_4",
            "/stopsound @s remington_870.single_pump_3",
            "/stopsound @s remington_870.single_pump_2",
            "/stopsound @s remington_870.single_pump_1",
            "/playsound gun_unholster  @s ~~~ 0.7 1 0.1",
            "/playsound gun_unholster.tp @a[r=12,rm=0.25] ~~~ 0.6 1 0.0075",
            "/effect @s[tag=from_ads] slowness 0 0",
            "/tag @s remove from_ads",
            "/tag @s remove remington_870",
            "@s ra:remove_reloading",
            "@s ra:remove_reloading_empty",
            "@s ra:attack_value_1",
            "@s ra:clear_id",
            "/title @s title ra_hud.leave_ads"
           ],
          "on_exit": [ 
            "@s ra:items.26",
            "/playsound gun_holster @s ~~~ 0.8 1 0.1",
            "/playsound gun_holster.tp @a[r=12,rm=0.25] ~~~ 0.75 1 0.0075",
            "@s ra:attack_value_0",
            "/title @s title ra_hud.enter_ads"
          ]
        },

        "draw": {
          "animations": ["remington_870.draw"],
          "transitions": [ 
            { "default": "!q.is_item_name_any('slot.weapon.mainhand', 0, 'ra:remington_870') || q.is_stackable || q.is_sleeping || q.health <= 0 || q.is_swimming" } ,
            { "pre_load": "q.is_item_name_any('slot.weapon.mainhand', 0, 'ra:remington_870') && !q.is_stackable && !q.is_sleeping && (q.life_time - v.remington_870_time) >= 1.25 && v.remington_870_ammo_count <= 0 && v.has_shotgun_ammo" },
            { "ads": "q.is_sneaking && (q.life_time - v.remington_870_time) >= 0.75" },
            { "pre_hipfire": "q.is_using_item && (q.life_time - v.remington_870_time) >= 0.75 && v.remington_870_ammo_count >= 1" },
            { "hold": "q.is_item_name_any('slot.weapon.mainhand', 0, 'ra:remington_870') && !q.is_stackable && !q.is_sleeping && (q.life_time - v.remington_870_time) >= 1.25" }
          ],
          "on_entry": [ 
            "@s ra:items.26",
            "v.remington_870_time = q.life_time;",
            "/tag @s add remington_870",
            "@s ra:attack_value_0",
            "/title @s title ra_hud.enter_ads"
           ],
           "on_exit": [ 
            "@s ra:items.26",
             "v.has_shotgun_ammo = q.variant == 1002;",
             "@s ra:attack_value_0",
             "/title @s title ra_hud.enter_ads"
           ]
        },

        "hold": {
          "transitions": [ 
            { "default": "!q.is_item_name_any('slot.weapon.mainhand', 0, 'ra:remington_870') || q.is_stackable || q.is_sleeping || q.health <= 0 || q.is_swimming" } ,
            { "ads": "q.is_sneaking" },
            { "pre_load": "((q.life_time - v.remington_870_time) >= 0.15 && v.remington_870_ammo_count <= 0 && v.has_shotgun_ammo) || (v.attack_time >= 0.1 && (q.life_time - v.remington_870_time) >= 0.15 && v.remington_870_ammo_count < 8 && v.has_shotgun_ammo)" },
            { "pre_hipfire": "q.is_using_item" },
            { "inspect": "v.attack_time >= 0.2 && !q.is_sprinting && (q.life_time - v.remington_870_time) >= 0.15" },
            { "sprinting": "q.is_sprinting" }
          ],
          "on_entry": [
            "@s ra:items.26",
            "v.remington_870_time = q.life_time;",
            "@s ra:clear_id",
            "v.has_shotgun_ammo = q.variant == 1002;",
            "@s ra:anim_trigger_1.none",
            "@s ra:remove_reloading",
            "@s ra:remove_reloading_empty",
            "/tag @s add remington_870",
            "/effect @s[tag=from_ads] slowness 0 0",
            "/tag @s remove from_ads",
            "/title @s title ra_hud.enter_ads",
            "@s ra:attack_value_0"
           ]
        },

        "inspect": {
          "animations": [
            "remington_870.inspect"
          ],
          "transitions": [ 
            { "default": "!q.is_item_name_any('slot.weapon.mainhand', 0, 'ra:remington_870') || q.is_stackable || q.is_sleeping || q.health <= 0 || q.is_swimming" } ,
            { "ads": "q.is_sneaking" },
            { "pre_load": "((q.life_time - v.remington_870_time) >= 0.15 && v.remington_870_ammo_count <= 0 && v.has_shotgun_ammo) || (v.attack_time >= 0.1 && (q.life_time - v.remington_870_time) >= 0.15 && v.remington_870_ammo_count < 8 && v.has_shotgun_ammo)" },
            { "pre_hipfire": "q.is_using_item" },
            { "sprinting": "q.is_sprinting" },
            { "hold": "(!q.is_sneaking && !q.is_using_item && (q.life_time - v.remington_870_time) > 4.9) || q.is_sprinting" }
          ],
          "on_entry": [ 
            "v.remington_870_time = q.life_time;",
            "v.has_shotgun_ammo = q.variant == 1002;",
            "/title @s title ra_hud.enter_ads"
           ]
        },

        "sprinting": {
          "transitions": [ 
            { "default": "!q.is_item_name_any('slot.weapon.mainhand', 0, 'ra:remington_870') || q.is_stackable || q.is_sleeping || q.health <= 0 || q.is_swimming" } ,
            { "ads": "q.is_sneaking" },
            { "pre_load": "((q.life_time - v.remington_870_time) >= 0.15 && v.remington_870_ammo_count <= 0 && v.has_shotgun_ammo) || (v.attack_time >= 0.1 && (q.life_time - v.remington_870_time) >= 0.15 && v.remington_870_ammo_count < 8 && v.has_shotgun_ammo)" },
            { "pre_hipfire": "q.is_using_item && (q.life_time - v.remington_870_time) >= 0.15" },
            { "hold": "!q.is_sprinting" }
          ],
          "on_entry": [ 
            "v.remington_870_time = q.life_time;"
           ]
        },

        "pre_load": {
          "animations": [
            "remington_870.pre_load"
          ],
          "transitions": [ 
            { "default": "!q.is_item_name_any('slot.weapon.mainhand', 0, 'ra:remington_870') || q.is_stackable || q.is_sleeping || q.health <= 0 || q.is_swimming" },
            { "prime": "((q.is_sneaking || q.is_using_item || !v.has_shotgun_ammo) && (q.life_time - v.remington_870_time) >= 0.15 && v.remington_870_ammo_count >= 1 && !q.property('ra:chamber_full')) || (!v.has_shotgun_ammo && !q.property('ra:chamber_full'))" },
            { "load": "(q.life_time - v.remington_870_time) >= 0.525 && v.remington_870_ammo_count < 8 && v.has_shotgun_ammo" },
            { "hold": "((q.life_time - v.remington_870_time) >= 0.65 && !q.is_sneaking && !q.is_using_item) || ((q.life_time - v.remington_870_time) >= 0.15 && !v.has_shotgun_ammo)" },
            { "ads": "(q.life_time - v.remington_870_time) >= 0.65 && q.is_sneaking" },
            { "pre_hipfire": "(q.life_time - v.remington_870_time) >= 0.65 && !q.is_sneaking && q.is_using_item" }
          ],
          "on_entry": [ 
            "v.remington_870_time = q.life_time;",
            "v.has_shotgun_ammo = q.variant == 1002;",
            "@s ra:clear_id",
            "/effect @s[tag=from_ads] slowness 0 0",
            "@s ra:reloading",
            "/title @s title ra_hud.enter_ads"
           ]
        },
        "hold_load": {
          "animations": [
            "remington_870.pre_load"
          ],
          "transitions": [
            { "default": "!q.is_item_name_any('slot.weapon.mainhand', 0, 'ra:remington_870') || q.is_stackable || q.is_sleeping || q.health <= 0 || q.is_swimming" },
            { "prime": "((q.is_sneaking || q.is_using_item) && (q.life_time - v.remington_870_time) >= 0.15 && v.remington_870_ammo_count >= 1 && !q.property('ra:chamber_full')) || (v.remington_870_ammo_count >= 1 && !v.has_shotgun_ammo && !q.property('ra:chamber_full'))" },
            { "ads": "(q.life_time - v.remington_870_time) >= 0.19 && q.is_sneaking && q.property('ra:chamber_full')" },
            { "pre_hipfire": "(q.life_time - v.remington_870_time) >= 0.19 && !q.is_sneaking && q.is_using_item && q.property('ra:chamber_full')" },
            { "load": "(q.life_time - v.remington_870_time) >= 0.2 && v.remington_870_ammo_count < 8 && v.has_shotgun_ammo" },
            { "hold": "((q.life_time - v.remington_870_time) >= 0.19 && !v.has_shotgun_ammo) || ((q.life_time - v.remington_870_time) >= 0.25 && !q.is_sneaking && !q.is_using_item)" }
          ],
          "on_entry": [ 
            "v.remington_870_time = q.life_time;",
            "v.has_shotgun_ammo = q.variant == 1002;",
            "@s ra:clear_id",
            "/effect @s[tag=from_ads] slowness 0 0",
            "@s ra:reloading",
            "/title @s title ra_hud.enter_ads"
           ]
        },
        "load": {
          "animations": [
            "remington_870.load"
          ],
          "transitions": [ 
            { "default": "!q.is_item_name_any('slot.weapon.mainhand', 0, 'ra:remington_870') || q.is_stackable || q.is_sleeping || q.health <= 0 || q.is_swimming" },
            { "hold_load": "(q.life_time - v.remington_870_time) >= 0.525 && v.remington_870_ammo_count < 8 && v.has_shotgun_ammo" },
            { "hold": "((q.life_time - v.remington_870_time) >= 0.525 && v.remington_870_ammo_count >= 8 && q.property('ra:chamber_full')) || ((q.life_time - v.remington_870_time) >= 0.15 && !v.has_shotgun_ammo && q.property('ra:chamber_full'))" },
            { "prime": "((q.life_time - v.remington_870_time) >= 0.5 && v.remington_870_ammo_count >= 8 && !q.property('ra:chamber_full')) || ((q.is_sneaking || q.is_using_item) && v.remington_870_ammo_count >= 1 && !q.property('ra:chamber_full')) || ((q.life_time - v.remington_870_time) >= 0.05 && !v.has_shotgun_ammo && v.remington_870_ammo_count >= 1 && !q.property('ra:chamber_full'))" },
            { "ads": "q.is_sneaking && v.remington_870_ammo_count >= 1 && (q.life_time - v.remington_870_time) >= 0.5 && q.property('ra:chamber_full')" },
            { "pre_hipfire": "!q.is_sneaking && q.is_using_item && v.remington_870_ammo_count >= 1 && (q.life_time - v.remington_870_time) >= 0.5 && q.property('ra:chamber_full')" }
          ],
          "on_entry": [ 
            "v.remington_870_time = q.life_time;",
            "v.has_shotgun_ammo = q.variant == 1002;",
            "@s ra:clear_id",
            "/effect @s[tag=from_ads] slowness 0 0",
            "@s ra:reloading",
            "/title @s title ra_hud.enter_ads"
           ]
        },
        "prime": {
          "animations": [
            "remington_870.prime"
          ],
          "transitions": [
            { "default": "!q.is_item_name_any('slot.weapon.mainhand', 0, 'ra:remington_870') || q.is_stackable || q.is_sleeping || q.health <= 0 || q.is_swimming" } ,
            { "hold": "!q.is_using_item && !q.is_sneaking && (q.life_time - v.remington_870_time) >= 1.1" },
            { "ads": "q.is_sneaking && (q.life_time - v.remington_870_time) >= 1.0" },
            { "pre_hipfire": "q.is_using_item && (q.life_time - v.remington_870_time) >= 1.0" },
            { "pre_load": "!q.is_using_item && (q.life_time - v.remington_870_time) >= 1.0 && v.remington_870_ammo_count <= 0 && v.has_shotgun_ammo" },
            { "pre_load": "v.attack_time >= 0.1 && v.remington_870_time >= 1.0 && v.remington_870_ammo_count <= 7 && v.has_shotgun_ammo" },
            { "sprinting": "q.is_sprinting && (q.life_time - v.remington_870_time) >= 1.1" }
          ],
          "on_entry": [ 
            "v.remington_870_time = q.life_time;",
            "v.has_shotgun_ammo = q.variant == 1002;",
            "@s ra:remove_reloading",
            "/effect @s[tag=from_ads] slowness 0 0",
            "/title @s title ra_hud.enter_ads"
           ]
        },

        "pullback": {
          "animations": [
            "remington_870.pullback_hip"
          ],
          "transitions": [ 
            { "default": "!q.is_item_name_any('slot.weapon.mainhand', 0, 'ra:awm') || q.is_stackable" } ,
            { "hold": "!q.is_sneaking && (q.life_time - v.remington_870_time) >= 1.65" },
            { "ads": "q.is_sneaking && (q.life_time - v.remington_870_time) >= 1.3" },
            { "pre_load": "v.attack_time >= 0.1 && v.remington_870_ammo_count >= 1.35 && v.remington_870_ammo_count <= 7 && v.has_shotgun_ammo" },
            { "pre_hipfire": "q.is_using_item && (q.life_time - v.remington_870_time) >= 0.5 && v.remington_870_ammo_count > 0" },
            { "sprinting": "q.is_sprinting && (q.life_time - v.remington_870_time) >= 1.5" }
          ],
          "on_entry": [ 
            "v.remington_870_time = q.life_time;",
            "@s ra:remove_has_ammo",
            "@s ra:remove_has_shotgun_ammo",
            "@s ra:remington_870.pullback",
            "/effect @s slowness 0 0",
            "/execute as @s[scores={r870_ammo_count=..0}] at @s run event entity @s ra:chamber_empty",
            "/execute as @s[scores={r870_ammo_count=..0}] at @s run event entity @s ra:shell_scale.0"
           ],
           "on_exit": [
            "@s ra:clear_id",
            "@s ra:remove_remington_870.pullback",
            "/execute as @s[scores={r870_ammo_count=..0}] at @s run event entity @s ra:chamber_empty",
            "/execute as @s[scores={r870_ammo_count=..0}] at @s run event entity @s ra:shell_scale.0"
           ]
        },
        "pullback_hip": {
          "animations": [
            "remington_870.pullback_hip"
          ],
          "transitions": [ 
            { "default": "!q.is_item_name_any('slot.weapon.mainhand', 0, 'ra:remington_870') || q.is_stackable || q.is_sleeping || q.health <= 0 || q.is_swimming" } ,
            { "hold": "!q.is_using_item && !q.is_sneaking && (q.life_time - v.remington_870_time) >= 1.1" },
            { "ads": "q.is_sneaking && (q.life_time - v.remington_870_time) >= 1.0" },
            { "pre_load": "!q.is_using_item && (q.life_time - v.remington_870_time) >= 1.0 && v.remington_870_ammo_count <= 0 && v.has_shotgun_ammo" },
            { "pre_load": "v.attack_time >= 0.1 && v.remington_870_time >= 1.0 && v.remington_870_ammo_count <= 7 && v.has_shotgun_ammo" },
            { "pre_hipfire": "q.is_using_item && (q.life_time - v.remington_870_time) >= 1.0" },
            { "sprinting": "q.is_sprinting && (q.life_time - v.remington_870_time) >= 1.1" }
          ],
          "on_entry": [ 
            "v.remington_870_time = q.life_time;",
            "@s ra:remove_has_ammo",
            "@s ra:remove_has_shotgun_ammo",
            "@s ra:remington_870.pullback",
            "/execute as @s[scores={r870_ammo_count=..0}] at @s run event entity @s ra:chamber_empty",
            "/effect @s slowness 0 0"
           ],
           "on_exit": [
            "/execute as @s[scores={r870_ammo_count=..0}] at @s run event entity @s ra:chamber_empty",
            "@s ra:clear_id",
            "@s ra:remove_remington_870.pullback"
           ]
        },
        
        "ads": {
          "transitions": [  
            { "default": "!q.is_item_name_any('slot.weapon.mainhand', 0, 'ra:remington_870') || q.is_stackable || q.is_sleeping || q.health <= 0 || q.is_swimming" },
            { "pre_load": "(!q.is_sneaking || v.attack_time > 0.25) && v.remington_870_ammo_count <= 0 && v.has_shotgun_ammo" },
            { "pre_load": "v.attack_time > 0.25 && (q.life_time - v.remington_870_time) >= 0.2 && v.remington_870_ammo_count < 8 && v.has_shotgun_ammo" },
            { "hold": "!q.is_sneaking" },
            { "shoot_ads": "q.is_using_item && q.is_sneaking && v.remington_870_ammo_count > 0 && (q.life_time - v.remington_870_time) >= 0.1" },
            { "pre_hipfire": "q.is_using_item && !q.is_sneaking" }
          ],
          "on_entry": [ 
            "v.remington_870_time = q.life_time;",
            "v.has_shotgun_ammo = q.variant == 1002;",
            "@s ra:anim_trigger_1.none",
            "@s ra:remove_reloading",
            "@s ra:remove_reloading_empty",
            "/tag @s add from_ads",
            "/effect @s[tag=!acog] slowness 99999 1 true",
            "/effect @s[tag=acog] slowness 99999 5 true",
            "/playsound gun_ads @s[tag=acog] ~~~ 0.5 1 0.1",
            "/playsound gun_unholster @s ~~~ 0.85 1.65 0.1",
            "/title @s title ra_hud.enter_ads"
           ],
           "on_exit": [
             "/playsound gun_unholster @s ~~~ 0.5 1.4 0.1"
            ]
        },
        "shoot_ads": {
          "animations": [ "remington_870.shoot" ],
          "transitions": [  
            { "default": "!q.is_item_name_any('slot.weapon.mainhand', 0, 'ra:remington_870') || q.is_stackable || q.is_sleeping || q.health <= 0 || q.is_swimming" },
            { "pullback_hip": "!q.is_using_item && (q.life_time - v.remington_870_time) >= 0.1" }
          ],
          "on_entry": [ 
            "v.remington_870_time = q.life_time;",
            "@s ra:anim_trigger_1.none"
           ],
           "on_exit": [
             "/playanimation @s[tag=has_left_shoot] animation.remington_870.after_burn",
             "/fill ~5~5~5 ~-5~-5~-5 minecraft:air [] replace minecraft:light_block",
             "/fill ~5~5~5 ~-5~~-5 minecraft:air [] replace minecraft:light_block",
             "@s ra:remove_shooting",
             "@s ra:remove_remington_870_shoot",
             "/tag @s remove has_left_shoot",
             "/title @s title ra_hud.enter_ads"
            ]
        },
        
        "leave_hipfire": {
          "transitions": [  
            { "default": "!q.is_item_name_any('slot.weapon.mainhand', 0, 'ra:remington_870') || q.is_stackable || q.is_sleeping || q.health <= 0 || q.is_swimming" },
            { "hold": "!q.is_using_item && (q.life_time - v.remington_870_time) >= 0.65" },
            { "pre_load": "(q.life_time - v.remington_870_time) >= 0.15 && v.remington_870_ammo_count <= 0 && v.has_shotgun_ammo" },
            { "ads": "(q.life_time - v.remington_870_time) >= 0.15 && q.is_sneaking" },
            { "hipfire": "q.is_using_item && v.remington_870_ammo_count > 0" }
          ],
          "on_entry": [ 
            "v.remington_870_time = q.life_time;",
            "v.has_shotgun_ammo = q.variant == 1002;",
            "@s ra:anim_trigger_1.pre_hipfire",
            "@s ra:remove_reloading",
            "@s ra:remove_reloading_empty",
            "/effect @s[tag=from_ads] slowness 0 0",
            "/tag @s remove from_ads",
            "/title @s title ra_hud.enter_ads"
           ]
        },
        
        "pre_hipfire": {
          "transitions": [  
            { "default": "!q.is_item_name_any('slot.weapon.mainhand', 0, 'ra:remington_870') || q.is_stackable || q.is_sleeping || q.health <= 0 || q.is_swimming" },
            { "leave_hipfire": "!q.is_using_item && (q.life_time - v.remington_870_time) >= 0.1" },
            { "pre_load": "(q.life_time - v.remington_870_time) >= 0.15 && v.remington_870_ammo_count <= 0 && v.has_shotgun_ammo" },
            { "ads": "(q.life_time - v.remington_870_time) >= 0.15 && q.is_sneaking" },
            { "hipfire": "q.is_using_item && v.remington_870_ammo_count > 0 && (q.life_time - v.remington_870_time) >= 0.1" }
          ],
          "on_entry": [ 
            "v.remington_870_time = q.life_time;",
            "v.has_shotgun_ammo = q.variant == 1002;",
            "@s ra:anim_trigger_1.pre_hipfire",
            "@s ra:remove_reloading",
            "@s ra:remove_reloading_empty",
            "/effect @s[tag=from_ads] slowness 0 0",
            "/tag @s remove from_ads",
            "/title @s title ra_hud.enter_ads"
           ]
        },
        "hipfire": {
          "animations": [ "remington_870.hipfire_shoot" ],
          "transitions": [  
            { "default": "!q.is_item_name_any('slot.weapon.mainhand', 0, 'ra:remington_870') || q.is_stackable || q.is_sleeping || q.health <= 0 || q.is_swimming" },
            { "pullback_hip": "!q.is_using_item && (q.life_time - v.remington_870_time) >= 0.1" }
          ],
          "on_entry": [ 
            "v.remington_870_time = q.life_time;",
            "v.has_shotgun_ammo = q.variant == 1002;",
            "/effect @s slowness 0 0"
           ],
           "on_exit": [ 
             "v.has_shotgun_ammo = q.variant == 1002;",
             "/playanimation @s[tag=has_left_shoot] animation.remington_870.after_burn",
             "/fill ~5~5~5 ~-5~-5~-5 minecraft:air [] replace minecraft:light_block",
             "/fill ~5~5~5 ~-5~~-5 minecraft:air [] replace minecraft:light_block",
             "@s ra:remove_shooting",
             "@s ra:remove_remington_870_shoot",
             "/effect @s[tag=from_ads] slowness 0 0",
             "/tag @s remove from_ads",
             "/tag @s remove has_left_shoot",
             "/title @s title ra_hud.enter_ads"
            ]
        }
      }
    },
    "controller.animation.remington_870_ammo": {
      "initial_state": "default",
      "states": {
        "default": {
          "transitions": [ 
            { "activate": "v.remington_870_ammo_count >= 1 && q.is_item_name_any('slot.weapon.mainhand', 0, 'ra:remington_870') && !q.is_stackable && !q.is_sleeping" }
          ],
          "on_entry": [
            "@s ra:remove_has_remington_870_ammo"
          ]
        },
        "activate": {
          "transitions": [ 
            { "default": "v.remington_870_ammo_count <= 0 || !q.is_item_name_any('slot.weapon.mainhand', 0, 'ra:remington_870') || q.is_stackable || q.is_sleeping || q.health <= 0 || q.is_swimming" }
          ],
          "on_entry": [
            "@s ra:has_remington_870_ammo",
            "@s ra:shell_scale"
           ]
        }
      }
    },
    "controller.animation.remington_870_ammo_full": {
      "initial_state": "default",
      "states": {
        "default": {
          "transitions": [ 
            { "full": "v.remington_870_ammo_count >= 8 && q.is_item_name_any('slot.weapon.mainhand', 0, 'ra:remington_870') && !q.is_stackable && !q.is_sleeping" }
          ],
          "on_entry": [ 
            "@s ra:remove_ammo_full"
          ]
        },
        "full": {
          "transitions": [ 
            { "default": "v.remington_870_ammo_count <= 7 || !q.is_item_name_any('slot.weapon.mainhand', 0, 'ra:remington_870') || q.is_stackable || q.is_sleeping || q.health <= 0 || q.is_swimming" }
          ],
          "on_entry": [ 
            "@s ra:ammo_full"
           ]
        }
      }
    },
    "controller.animation.remington_870.check_ammo": {
      "initial_state": "default",
      "states": {
        "default": {
          "transitions": [ 
            { "check": "q.is_item_name_any('slot.weapon.mainhand', 0, 'ra:remington_870') && !q.is_stackable && !q.is_sleeping" }
          ]
        },
        "check": {
          "animations": [
            { "remington_870.check_ammo": "t.i = 0; loop(27, {(q.is_item_name_any('slot.inventory', t.i, 'ra:shotgun_shell_12_gage') || q.is_item_name_any('slot.hotbar', t.i, 'ra:shotgun_shell_12_gage')) ? {return true;}; t.i = t.i+1;});" }
          ],
          "transitions": [ 
            { "default": "!q.is_item_name_any('slot.weapon.mainhand', 0, 'ra:remington_870') || q.is_stackable || q.is_sleeping || q.health <= 0 || q.is_swimming" }
          ]
        }
      }
    },
    "controller.animation.remington_870_ammo_display": {
      "initial_state": "default",
      "states": {
        "default": {
          "transitions": [ 
            { "activate": "q.is_item_name_any('slot.weapon.mainhand', 0, 'ra:remington_870') && !q.is_stackable && !q.is_sleeping" },
            { "remington_870_ammo_0": "v.remington_870_ammo_count == 0 && q.is_item_name_any('slot.weapon.mainhand', 0, 'ra:remington_870') && !q.is_stackable && !q.is_sleeping" },
            { "remington_870_ammo_1": "v.remington_870_ammo_count == 1 && q.is_item_name_any('slot.weapon.mainhand', 0, 'ra:remington_870') && !q.is_stackable && !q.is_sleeping" },
            { "remington_870_ammo_2": "v.remington_870_ammo_count == 2 && q.is_item_name_any('slot.weapon.mainhand', 0, 'ra:remington_870') && !q.is_stackable && !q.is_sleeping" },
            { "remington_870_ammo_3": "v.remington_870_ammo_count == 3 && q.is_item_name_any('slot.weapon.mainhand', 0, 'ra:remington_870') && !q.is_stackable && !q.is_sleeping" },
            { "remington_870_ammo_4": "v.remington_870_ammo_count == 4 && q.is_item_name_any('slot.weapon.mainhand', 0, 'ra:remington_870') && !q.is_stackable && !q.is_sleeping" },
            { "remington_870_ammo_5": "v.remington_870_ammo_count == 5 && q.is_item_name_any('slot.weapon.mainhand', 0, 'ra:remington_870') && !q.is_stackable && !q.is_sleeping" },
            { "remington_870_ammo_6": "v.remington_870_ammo_count == 6 && q.is_item_name_any('slot.weapon.mainhand', 0, 'ra:remington_870') && !q.is_stackable && !q.is_sleeping" },
            { "remington_870_ammo_7": "v.remington_870_ammo_count == 7 && q.is_item_name_any('slot.weapon.mainhand', 0, 'ra:remington_870') && !q.is_stackable && !q.is_sleeping" },
            { "remington_870_ammo_8": "v.remington_870_ammo_count == 8 && q.is_item_name_any('slot.weapon.mainhand', 0, 'ra:remington_870') && !q.is_stackable && !q.is_sleeping" }
          ],
          "on_entry": [ 
            "/title @s reset"
          ],
          "on_exit": [ 
            "/title @s times 2 99999 2"
          ]
        },
        "activate": {
          "transitions": [ 
            { "default": "!q.is_item_name_any('slot.weapon.mainhand', 0, 'ra:remington_870') || q.is_stackable || q.is_sleeping || q.health <= 0 || q.is_swimming" },
            { "remington_870_ammo_0": "v.remington_870_ammo_count == 0 && q.is_item_name_any('slot.weapon.mainhand', 0, 'ra:remington_870') && !q.is_stackable && !q.is_sleeping" },
            { "remington_870_ammo_1": "v.remington_870_ammo_count == 1 && q.is_item_name_any('slot.weapon.mainhand', 0, 'ra:remington_870') && !q.is_stackable && !q.is_sleeping" },
            { "remington_870_ammo_2": "v.remington_870_ammo_count == 2 && q.is_item_name_any('slot.weapon.mainhand', 0, 'ra:remington_870') && !q.is_stackable && !q.is_sleeping" },
            { "remington_870_ammo_3": "v.remington_870_ammo_count == 3 && q.is_item_name_any('slot.weapon.mainhand', 0, 'ra:remington_870') && !q.is_stackable && !q.is_sleeping" },
            { "remington_870_ammo_4": "v.remington_870_ammo_count == 4 && q.is_item_name_any('slot.weapon.mainhand', 0, 'ra:remington_870') && !q.is_stackable && !q.is_sleeping" },
            { "remington_870_ammo_5": "v.remington_870_ammo_count == 5 && q.is_item_name_any('slot.weapon.mainhand', 0, 'ra:remington_870') && !q.is_stackable && !q.is_sleeping" },
            { "remington_870_ammo_6": "v.remington_870_ammo_count == 6 && q.is_item_name_any('slot.weapon.mainhand', 0, 'ra:remington_870') && !q.is_stackable && !q.is_sleeping" },
            { "remington_870_ammo_7": "v.remington_870_ammo_count == 7 && q.is_item_name_any('slot.weapon.mainhand', 0, 'ra:remington_870') && !q.is_stackable && !q.is_sleeping" },
            { "remington_870_ammo_8": "v.remington_870_ammo_count == 8 && q.is_item_name_any('slot.weapon.mainhand', 0, 'ra:remington_870') && !q.is_stackable && !q.is_sleeping" }
          ]
        },
        "remington_870_ammo_8": {
          "transitions": [ { "remington_870_ammo_7": "v.remington_870_ammo_count <= 7" }, { "activate": "v.remington_870_ammo_count >= 8" }, { "default": "!q.is_item_name_any('slot.weapon.mainhand', 0, 'ra:remington_870') || q.is_stackable || q.is_sleeping || q.health <= 0 || q.is_swimming" } ],
          "on_entry": [ "/title @s actionbar §f8§f/8" ]
        },
        "remington_870_ammo_7": {
          "transitions": [ { "remington_870_ammo_6": "v.remington_870_ammo_count <= 6" }, { "activate": "v.remington_870_ammo_count >= 7" }, { "default": "!q.is_item_name_any('slot.weapon.mainhand', 0, 'ra:remington_870') || q.is_stackable || q.is_sleeping || q.health <= 0 || q.is_swimming" } ],
          "on_entry": [ "/title @s actionbar §f7§f/8" ]
        },
        "remington_870_ammo_6": {
          "transitions": [ { "remington_870_ammo_5": "v.remington_870_ammo_count <= 5" }, { "activate": "v.remington_870_ammo_count >= 6" }, { "default": "!q.is_item_name_any('slot.weapon.mainhand', 0, 'ra:remington_870') || q.is_stackable || q.is_sleeping || q.health <= 0 || q.is_swimming" } ],
          "on_entry": [ "/title @s actionbar §f6§f/8" ]
        },
        "remington_870_ammo_5": {
          "transitions": [ { "remington_870_ammo_4": "v.remington_870_ammo_count <= 4" }, { "activate": "v.remington_870_ammo_count >= 5" }, { "default": "!q.is_item_name_any('slot.weapon.mainhand', 0, 'ra:remington_870') || q.is_stackable || q.is_sleeping || q.health <= 0 || q.is_swimming" } ],
          "on_entry": [ "/title @s actionbar §f5§f/8" ]
        },
        "remington_870_ammo_4": {
          "transitions": [ { "remington_870_ammo_3": "v.remington_870_ammo_count <= 3" }, { "activate": "v.remington_870_ammo_count >= 4" }, { "default": "!q.is_item_name_any('slot.weapon.mainhand', 0, 'ra:remington_870') || q.is_stackable || q.is_sleeping || q.health <= 0 || q.is_swimming" } ],
          "on_entry": [ "/title @s actionbar §c4§f/8" ]
        },
        "remington_870_ammo_3": {
          "transitions": [ { "remington_870_ammo_2": "v.remington_870_ammo_count <= 2" }, { "activate": "v.remington_870_ammo_count >= 3" }, { "default": "!q.is_item_name_any('slot.weapon.mainhand', 0, 'ra:remington_870') || q.is_stackable || q.is_sleeping || q.health <= 0 || q.is_swimming" } ],
          "on_entry": [ "/title @s actionbar §c3§f/8" ]
        },
        "remington_870_ammo_2": {
          "transitions": [ { "remington_870_ammo_1": "v.remington_870_ammo_count <= 1" }, { "activate": "v.remington_870_ammo_count >= 2" }, { "default": "!q.is_item_name_any('slot.weapon.mainhand', 0, 'ra:remington_870') || q.is_stackable || q.is_sleeping || q.health <= 0 || q.is_swimming" } ],
          "on_entry": [ "/title @s actionbar §42§f/8" ]
        },
        "remington_870_ammo_1": {
          "transitions": [ { "remington_870_ammo_0": "v.remington_870_ammo_count <= 0" }, { "activate": "v.remington_870_ammo_count >= 1" }, { "default": "!q.is_item_name_any('slot.weapon.mainhand', 0, 'ra:remington_870') || q.is_stackable || q.is_sleeping || q.health <= 0 || q.is_swimming" } ],
          "on_entry": [ "/title @s actionbar §41§f/8" ]
        },
        "remington_870_ammo_0": {
          "transitions": [ { "activate": "v.remington_870_ammo_count >= 0" }, { "default": "!q.is_item_name_any('slot.weapon.mainhand', 0, 'ra:remington_870') || q.is_stackable || q.is_sleeping || q.health <= 0 || q.is_swimming" } ],
          "on_entry": [ "/title @s actionbar §40§f/8" ]
        }
      }
    }
  }
}