{
  "format_version": "1.10.0",
  "animation_controllers": {
    "controller.animation.reset_shooters": {
      "initial_state": "pre",
      "states": {
        "pre": {
          "animations": [ { "reset_shooters.anim": "!v.gun_equipped_any" }, { "player.reset_attack": "!v.gun_equipped_any && (!q.is_using_item && (q.is_item_name_any('slot.weapon.mainhand', 0, 'ra:8x_scope', 'ra:8x_scope.night_vision')))" } ],
          "transitions": [ 
            { "default": "q.is_alive" }
          ]
        },
        "default": {
          "animations": [ { "reset_shooters.anim": "!v.gun_equipped_any" }, { "player.reset_attack": "!v.gun_equipped_any && (!q.is_using_item && (q.is_item_name_any('slot.weapon.mainhand', 0, 'ra:8x_scope', 'ra:8x_scope.night_vision')))" } ],
          "transitions": [ 
            { "reset": "!q.is_alive" }
          ],
          "on_entry": [ "v.gun_equipped_any = (q.is_item_name_any('slot.weapon.mainhand', 0, 'ra:button_spawn_egg') || q.is_item_name_any('slot.weapon.mainhand', 0, 'ra:thunder_gun') || q.is_item_name_any('slot.weapon.mainhand', 0, 'ra:awm') || q.is_item_name_any('slot.weapon.mainhand', 0, 'ra:citori_725') || q.is_item_name_any('slot.weapon.mainhand', 0, 'ra:mx115') || q.is_item_name_any('slot.weapon.mainhand', 0, 'ra:p90') || q.is_item_name_any('slot.weapon.mainhand', 0, 'ra:mini_gun') || q.is_item_name_any('slot.weapon.mainhand', 0, 'ra:ak_47_golden') ||  q.is_item_name_any('slot.weapon.mainhand', 0, 'ra:ak_47') || q.is_item_name_any('slot.weapon.mainhand', 0, 'ra:m79') || q.is_item_name_any('slot.weapon.mainhand', 0, 'ra:p250') || q.is_item_name_any('slot.weapon.mainhand', 0, 'ra:m4') || q.is_item_name_any('slot.weapon.mainhand', 0, 'ra:grenade'));" ]
        },
        "reset": {
          "animations": [ { "reset_shooters.anim": "!v.gun_equipped_any" }, { "player.reset_attack": "!v.gun_equipped_any && (!q.is_using_item && (q.is_item_name_any('slot.weapon.mainhand', 0, 'ra:8x_scope', 'ra:8x_scope.night_vision')))" } ],
          "transitions": [ 
            { "default": "q.is_alive" }
          ]
        }
      }
    }
  }
}