{
  "format_version": "1.10.0",
  "animation_controllers": {
    "controller.animation.thunder_gun.remove_first_user": {
      "initial_state": "no_weapon",
      "states": {
        "no_weapon": {
          "transitions": [
            { "has_weapon": "q.is_item_name_any('slot.weapon.mainhand', 0, 'ra:thunder_gun') && !q.is_stackable && !q.is_sleeping && q.is_alive && !q.is_swimming" }
          ]
        },
        "has_weapon": {
          "on_entry": [
            "v.thunder_gun_ammo_count = 4;",
            "/scoreboard objectives add thunder_gun_ammo_count dummy thunder_gun_ammo_count",
            "/scoreboard players set @s thunder_gun_ammo_count 4"
          ]
        }
      }
    },
    "controller.animation.thunder_gun": {
      "initial_state": "default",
      "states": {
        "default": {
          "transitions": [
            { "draw": "q.is_item_name_any('slot.weapon.mainhand', 0, 'ra:thunder_gun') && !q.is_stackable && !q.is_sleeping && q.is_alive && !q.is_swimming" }
          ],
          "on_entry": [ 
            "/playsound gun_unholster  @s ~~~ 0.7 1 0.1",
            "/playsound gun_unholster.tp @a[r=12,rm=0.25] ~~~ 0.6 1 0.0075",
            "/stopsound @s thunder_gun.reload_1",
            "/stopsound @s thunder_gun.draw",
            "/tag @s remove thunder_gun",
            "/tag @e[tag=thunder_gun,type=ra:player_head.hitbox,r=5,c=1] remove thunder_gun",
            "@s ra:attack_value_1",
            "@s ra:remove_has_thunder_gun_ammo",
            "@s ra:clear_id",
            "/effect @s[tag=from_ads] slowness 0 0",
            "/tag @s remove from_ads",
            "/title @s title ra_hud.leave_ads"
           ],
          "on_exit": [ 
            "@s ra:items.27",
            "/playsound gun_holster @s ~~~ 0.8 1 0.1",
            "/playsound gun_holster.tp @a[r=12,rm=0.25] ~~~ 0.75 1 0.0075",
            "@s ra:attack_value_0"
          ]
        },

        "draw": {
          "animations": [
            "thunder_gun.draw",
            { "thunder_gun.check_ammo": "t.i = 0; loop(27, {(q.is_item_name_any('slot.inventory', t.i, 'ra:thunder_gun_clip') || q.is_item_name_any('slot.hotbar', t.i, 'ra:thunder_gun_clip')) ? {return true;}; t.i = t.i+1;});" }
          ],
          "transitions": [ 
            { "default": "!q.is_item_name_any('slot.weapon.mainhand', 0, 'ra:thunder_gun') || q.is_stackable || q.is_sleeping || q.health <= 0 || q.is_swimming" } ,
            { "reload": "(q.life_time - v.thunder_gun_time) >= 0.75 && v.thunder_gun_ammo_count <= 0 && v.has_thunder_gun_ammo" },
            { "ads": "q.is_sneaking && (q.life_time - v.thunder_gun_time) >= 1.5" },
            { "pre_hipfire": "q.is_using_item && (q.life_time - v.thunder_gun_time) >= 1.5 && v.thunder_gun_ammo_count >= 1" },
            { "hold": "(q.life_time - v.thunder_gun_time) >= 1.5" }
          ],
          "on_entry": [ 
            "@s ra:items.27",
            "v.thunder_gun_time = q.life_time;",
            "/playsound gun_holster1 @s ~~~ 1 1 1",
            "/tag @s add thunder_gun",
            "v.has_thunder_gun_ammo = q.is_saddled;",
            "@s ra:attack_value_0",
            "/title @s title ra_hud.enter_ads"
           ]
        },

        "hold": {
          "animations": [
            { "thunder_gun.check_ammo": "t.i = 0; loop(27, {(q.is_item_name_any('slot.inventory', t.i, 'ra:thunder_gun_clip') || q.is_item_name_any('slot.hotbar', t.i, 'ra:thunder_gun_clip')) ? {return true;}; t.i = t.i+1;});" }
          ],
          "transitions": [ 
            { "default": "!q.is_item_name_any('slot.weapon.mainhand', 0, 'ra:thunder_gun') || q.is_stackable || q.is_sleeping || q.health <= 0 || q.is_swimming" } ,
            { "ads": "q.is_sneaking" },
            { "reload": "(q.life_time - v.thunder_gun_time) >= 0.15 && v.thunder_gun_ammo_count <= 0 && v.has_thunder_gun_ammo" },
            { "inspect": "v.attack_time > 0.25 && !q.is_sprinting" },
            { "pre_hipfire": "q.is_using_item" }
          ],
          "on_entry": [ 
            "@s ra:items.27",
            "v.thunder_gun_time = q.life_time;",
            "v.has_thunder_gun_ammo = q.is_saddled;",
            "/tag @s add thunder_gun",
            "/tag @e[type=ra:player_head.hitbox,r=5,c=1] add thunder_gun",
            "/effect @s[tag=from_ads] slowness 0 0",
            "/tag @s remove from_ads",
            "@s ra:clear_id",
            "@s ra:attack_value_0",
            "/title @s title ra_hud.enter_ads"
           ]
        },

        "inspect": {
          "animations": [
            "thunder_gun.inspect",
            { "thunder_gun.check_ammo": "t.i = 0; loop(27, {(q.is_item_name_any('slot.inventory', t.i, 'ra:thunder_gun_clip') || q.is_item_name_any('slot.hotbar', t.i, 'ra:thunder_gun_clip')) ? {return true;}; t.i = t.i+1;});" }
          ],
          "transitions": [ 
            { "default": "!q.is_item_name_any('slot.weapon.mainhand', 0, 'ra:thunder_gun') || q.is_stackable || q.is_sleeping || q.health <= 0 || q.is_swimming" },
            { "ads": "q.is_sneaking" },
            { "reload": "(q.life_time - v.thunder_gun_time) >= 0.15 && v.thunder_gun_ammo_count <= 0 && v.has_thunder_gun_ammo" },
            { "pre_hipfire": "q.is_using_item" },
            { "hold": "(q.life_time - v.thunder_gun_time) >= 6.5 || q.is_sprinting" }
          ],
          "on_entry": [ 
            "v.thunder_gun_time = q.life_time;",
            "/title @s title ra_hud.enter_ads"
           ]
        },

        "reload": {
          "animations": [ "thunder_gun.reload" ],
          "transitions": [ 
            { "default": "!q.is_item_name_any('slot.weapon.mainhand', 0, 'ra:thunder_gun') || q.is_stackable || q.is_sleeping || q.health <= 0 || q.is_swimming" },
            { "hold": "(q.life_time - v.thunder_gun_time) >= 3.4 && !q.is_sneaking && !q.is_using_item" },
            { "ads": "(q.life_time - v.thunder_gun_time) >= 3.35 && q.is_sneaking" },
            { "pre_hipfire": "(q.life_time - v.thunder_gun_time) >= 3.35 && !q.is_sneaking && q.is_using_item" }
          ],
          "on_entry": [ 
            "v.thunder_gun_time = q.life_time;",
            "@s ra:remove_has_thunder_gun_ammo",
            "@s ra:reloading",
            "/effect @s[tag=from_ads] slowness 0 0",
            "/tag @s remove from_ads"
           ],
           "on_exit": [ 
             "v.thunder_gun_time = q.life_time;",
             "@s ra:remove_reloading"
            ]
        },
        
        "ads": {
          "animations": [
            { "thunder_gun.check_ammo": "t.i = 0; loop(27, {(q.is_item_name_any('slot.inventory', t.i, 'ra:thunder_gun_clip') || q.is_item_name_any('slot.hotbar', t.i, 'ra:thunder_gun_clip')) ? {return true;}; t.i = t.i+1;});" }
          ],
          "transitions": [  
            { "default": "!q.is_item_name_any('slot.weapon.mainhand', 0, 'ra:thunder_gun') || q.is_stackable || q.is_sleeping || q.health <= 0 || q.is_swimming" },
            { "reload": "(!q.is_sneaking || v.attack_time > 0.5) && (q.life_time - v.thunder_gun_time) >= 0.15 && v.thunder_gun_ammo_count <= 0 && v.has_thunder_gun_ammo" },
            { "hold": "!q.is_sneaking" },
            { "shoot_ads": "q.is_using_item && v.thunder_gun_ammo_count >= 1 && (q.life_time - v.thunder_gun_time) >= 0.25" }
          ],
          "on_entry": [ 
            "v.thunder_gun_time = q.life_time;",
            "v.has_thunder_gun_ammo = q.is_saddled;",
            "/playsound cloth_high @s ~~~ 1 1.1 1",
            "/tag @s add from_ads",
            "/effect @s slowness 99999 1 true"
           ],
           "on_exit": [ 
             "/playsound gun_unholster @s ~~~ 1 1.2 0.1"
            ]
        },
        
        "shoot_ads": {
          "animations": [
            "thunder_gun.ads_shoot",
            { "thunder_gun.check_ammo": "t.i = 0; loop(27, {(q.is_item_name_any('slot.inventory', t.i, 'ra:thunder_gun_clip') || q.is_item_name_any('slot.hotbar', t.i, 'ra:thunder_gun_clip')) ? {return true;}; t.i = t.i+1;});" }
          ],
          "transitions": [  
            { "default": "!q.is_item_name_any('slot.weapon.mainhand', 0, 'ra:thunder_gun') || q.is_stackable || q.is_sleeping || q.health <= 0 || q.is_swimming" },
            { "ads": "!q.is_using_item && (q.life_time - v.thunder_gun_time) >= 0.4" }
          ],
          "on_entry": [ 
            "v.thunder_gun_time = q.life_time;",
            "@s ra:remove_has_thunder_gun_ammo",
            "/camerashake add @s 0.15 0.15 rotational"
           ],
           "on_exit": [  
             "@s ra:remove_thunder_gun_shoot",
             "@s ra:remove_has_thunder_gun_ammo",
             "@s ra:clear_id"
            ]
        },
        
        "leave_hipfire": {
          "animations": [
            { "thunder_gun.check_ammo": "t.i = 0; loop(27, {(q.is_item_name_any('slot.inventory', t.i, 'ra:thunder_gun_clip') || q.is_item_name_any('slot.hotbar', t.i, 'ra:thunder_gun_clip')) ? {return true;}; t.i = t.i+1;});" }
          ],
          "transitions": [  
            { "default": "!q.is_item_name_any('slot.weapon.mainhand', 0, 'ra:thunder_gun') || q.is_stackable || q.is_sleeping || q.health <= 0 || q.is_swimming" },
            { "reload": "!q.is_using_item && (q.life_time - v.thunder_gun_time) >= 0.15 && v.thunder_gun_ammo_count <= 0 && v.has_thunder_gun_ammo" },
            { "hold": "!q.is_using_item && (q.life_time - v.thunder_gun_time) >= 0.65" },
            { "ads": "q.is_sneaking" },
            { "hipfire": "q.is_using_item && v.thunder_gun_ammo_count >= 1" }
          ],
          "on_entry": [ 
            "v.thunder_gun_time = q.life_time;",
            "v.has_thunder_gun_ammo = q.is_saddled;",
            "@s ra:remove_has_thunder_gun_ammo",
            "/effect @s[tag=from_ads] slowness 0 0",
            "/tag @s remove from_ads"
           ]
        },
        
        "pre_hipfire": {
          "animations": [
            { "thunder_gun.check_ammo": "t.i = 0; loop(27, {(q.is_item_name_any('slot.inventory', t.i, 'ra:thunder_gun_clip') || q.is_item_name_any('slot.hotbar', t.i, 'ra:thunder_gun_clip')) ? {return true;}; t.i = t.i+1;});" }
          ],
          "transitions": [  
            { "default": "!q.is_item_name_any('slot.weapon.mainhand', 0, 'ra:thunder_gun') || q.is_stackable || q.is_sleeping || q.health <= 0 || q.is_swimming" },
            { "reload": "!q.is_using_item && (q.life_time - v.thunder_gun_time) >= 0.15 && v.thunder_gun_ammo_count <= 0 && v.has_thunder_gun_ammo" },
            { "leave_hipfire": "!q.is_using_item && (q.life_time - v.thunder_gun_time) >= 0.25" },
            { "ads": "q.is_sneaking" },
            { "hipfire": "q.is_using_item && v.thunder_gun_ammo_count >= 1 && (q.life_time - v.thunder_gun_time) >= 0.25" }
          ],
          "on_entry": [ 
            "v.thunder_gun_time = q.life_time;",
            "v.has_thunder_gun_ammo = q.is_saddled;",
            "@s ra:remove_has_thunder_gun_ammo",
            "/effect @s[tag=from_ads] slowness 0 0",
            "/tag @s remove from_ads"
           ]
        },
        
        "hipfire": {
          "animations": ["thunder_gun.hipfire"],
          "transitions": [  
            { "default": "!q.is_item_name_any('slot.weapon.mainhand', 0, 'ra:thunder_gun') || q.is_stackable || q.is_sleeping || q.health <= 0 || q.is_swimming" },
            { "pre_hipfire": "!q.is_using_item && (q.life_time - v.thunder_gun_time) >= 0.4" }
          ],
          "on_entry": [ 
            "v.thunder_gun_time = q.life_time;",
            "@s ra:remove_has_thunder_gun_ammo"
           ],
           "on_exit": [ 
             "@s ra:remove_thunder_gun_shoot",
             "@s ra:clear_id"
            ]
        }
      }
    },
    "controller.animation.thunder_gun_ammo": {
      "initial_state": "default",
      "states": {
        "default": {
          "transitions": [ 
            { "activate": "v.thunder_gun_ammo_count >= 1" }
          ],
          "on_entry": [ 
            "@s ra:remove_has_ammo"
          ]
        },
        "activate": {
          "transitions": [ 
            { "default": "v.thunder_gun_ammo_count <= 0" }
          ],
          "on_entry": [ 
            "@s ra:has_ammo"
           ]
        }
      }
    },
    "controller.animation.thunder_gun_ammo_full": {
      "initial_state": "default",
      "states": {
        "default": {
          "transitions": [ 
            { "full": "v.thunder_gun_ammo_count >= 4 && q.is_item_name_any('slot.weapon.mainhand', 0, 'ra:thunder_gun') && !q.is_stackable && !q.is_sleeping" }
          ],
          "on_entry": [ 
            "@s ra:remove_ammo_full"
          ]
        },
        "full": {
          "transitions": [ 
            { "default": "v.thunder_gun_ammo_count <= 0 || !q.is_item_name_any('slot.weapon.mainhand', 0, 'ra:thunder_gun') || q.is_stackable || q.is_sleeping || q.health <= 0 || q.is_swimming" }
          ],
          "on_entry": [ 
            "@s ra:ammo_full"
           ]
        }
      }
    },
    "controller.animation.thunder_gun_ammo_display": {
      "initial_state": "default",
      "states": {
        "default": {
          "transitions": [ 
            { "activate": "q.is_item_name_any('slot.weapon.mainhand', 0, 'ra:thunder_gun') && !q.is_stackable && !q.is_sleeping" }
          ]
        },
        "activate": {
          "animations": ["thunder_gun.ammo_display"],
          "transitions": [ 
            { "default": "!q.is_item_name_any('slot.weapon.mainhand', 0, 'ra:thunder_gun') || q.is_stackable || q.is_sleeping || q.health <= 0 || q.is_swimming" }
          ]
        }
      }
    },
    "controller.animation.thunder_gun.projectile": {
      "initial_state": "in_air",
      "states": {
        "in_air": {
          "transitions": [
            { "explode": "q.variant == 1 || q.is_on_ground" },
            { "water_explode": "q.is_in_water" }
          ],
          "on_entry": [
            //"/event entity @e[tag=!thunder_gun,r=4,c=3] ra:explode"
          ]
        },
        "despawn": {
          "on_entry": [
            "@s ra:despawn"
          ]
        },
        "explode": {
          "transitions": [  
            { "despawn": "(q.life_time - v.thunder_gun_time) >= 0.175" }
          ],
          "on_entry": [
            "v.thunder_gun_time = q.life_time;",
            "/summon ra:explode_knockback ~~~",
            "/camerashake add @a[r=5] 0.2 0.25 rotational",
            "/camerashake add @a[r=10] 0.1 0.25 rotational",
            "/camerashake add @a[r=15] 0.05 0.25 rotational",
            "/event entity @e[type=ra:thunder_gun.knockback,r=3,c=1] ra:despawn",
            "@s ra:despawn"
          ]
        },
        "water_explode": {
          "on_entry": [
            "/camerashake add @a[r=5] 0.2 0.25 rotational",
            "/camerashake add @a[r=10] 0.1 0.25 rotational",
            "/camerashake add @a[r=15] 0.05 0.25 rotational",
            "/event entity @e[type=ra:thunder_gun.knockback,r=3,c=1] ra:despawn",
            "@s ra:despawn"
          ]
        }
      }
    }
  }
}