{
  "format_version": "1.10.0",
  "animation_controllers": {
    "controller.animation.gear": {
      "initial_state": "default",
      "states": {
        "default": {
          "animations":[
            "gear.night_vision_goggles",
            "gear.attachments"
          ]
        }
      }
    },

    "controller.animation.gear.night_vision_goggles": {
      "initial_state": "default",
      "states": {
        "default": {
          "transitions": [
            { "has_optic": "q.is_item_name_any('slot.armor.head', 0, 'ra:night_vision_goggles') && q.is_alive" }
          ]
        },
        "has_optic": {
          "animations": ["gear.night_vision_goggles.activate"],
          "transitions": [
            { "default": "!q.is_item_name_any('slot.armor.head', 0, 'ra:night_vision_goggles') || !q.is_alive" }
          ],
          "on_entry": [
            "/playsound armor.equip_chain @a[r=8] ~~1~ 0.5 1.25 0.1",
            "/playsound ra_button @a[r=8] ~~1~ 0.75 1.5 0.1",

            "/tag @s add night_goggles"
          ],
          "on_exit": [
            "/playsound armor.equip_chain @a[r=8] ~~1~ 0.5 1.5 0.1",
            "/playsound goggles_deactivate @s ~~~ 1 2.5 0.01",

            "/tag @s remove night_goggles"
          ]
        }
      }
    },

    "controller.animation.gear.item_ids": {
      "initial_state": "default",
      "states": {
        "default": {
          "transitions": [
            { "ak_47": "q.is_item_name_any('slot.weapon.mainhand', 0, 'ra:ak_47') && !q.is_stackable && !q.is_sleeping && q.is_alive" },
            { "ak_47_polymer": "q.is_item_name_any('slot.weapon.mainhand', 0, 'ra:ak_47_polymer') && !q.is_stackable && !q.is_sleeping && q.is_alive" },
            { "ak_47_golden": "q.is_item_name_any('slot.weapon.mainhand', 0, 'ra:ak_47_golden') && !q.is_stackable && !q.is_sleeping && q.is_alive" },
            { "ak_47_polymer_golden": "q.is_item_name_any('slot.weapon.mainhand', 0, 'ra:ak_47_polymer_golden') && !q.is_stackable && !q.is_sleeping && q.is_alive" },
            { "awm": "q.is_item_name_any('slot.weapon.mainhand', 0, 'ra:awm') && !q.is_stackable && !q.is_sleeping && q.is_alive" },
            { "citori_725": "q.is_item_name_any('slot.weapon.mainhand', 0, 'ra:citori_725') && !q.is_stackable && !q.is_sleeping && q.is_alive" },
            { "desert_eagle": "q.is_item_name_any('slot.weapon.mainhand', 0, 'ra:desert_eagle') && !q.is_stackable && !q.is_sleeping && q.is_alive" },
            { "desert_eagle_golden": "q.is_item_name_any('slot.weapon.mainhand', 0, 'ra:desert_eagle_golden') && !q.is_stackable && !q.is_sleeping && q.is_alive" },
            { "desert_eagle_netherite": "q.is_item_name_any('slot.weapon.mainhand', 0, 'ra:desert_eagle_netherite') && !q.is_stackable && !q.is_sleeping && q.is_alive" },
            { "detonator": "q.is_item_name_any('slot.weapon.mainhand', 0, 'ra:button_spawn_egg') && !q.is_stackable && !q.is_sleeping && q.is_alive" },
            { "grenade": "q.is_item_name_any('slot.weapon.mainhand', 0, 'ra:grenade') && !q.is_stackable && !q.is_sleeping && q.is_alive" },
            { "smoke_grenade": "q.is_item_name_any('slot.weapon.mainhand', 0, 'ra:smoke_grenade') && !q.is_stackable && !q.is_sleeping && q.is_alive" },
            { "dirty_grenade": "q.is_item_name_any('slot.weapon.mainhand', 0, 'ra:dirty_grenade') && !q.is_stackable && !q.is_sleeping && q.is_alive" },
            { "incendiary_grenade": "q.is_item_name_any('slot.weapon.mainhand', 0, 'ra:incendiary_grenade') && !q.is_stackable && !q.is_sleeping && q.is_alive" },
            { "confetti_grenade": "q.is_item_name_any('slot.weapon.mainhand', 0, 'ra:confetti_grenade') && !q.is_stackable && !q.is_sleeping && q.is_alive" },
            { "m1_garand": "q.is_item_name_any('slot.weapon.mainhand', 0, 'ra:m1_garand') && !q.is_stackable && !q.is_sleeping && q.is_alive" },
            { "m4": "q.is_item_name_any('slot.weapon.mainhand', 0, 'ra:m4') && !q.is_stackable && !q.is_sleeping && q.is_alive" },
            { "m16a4": "q.is_item_name_any('slot.weapon.mainhand', 0, 'ra:m16a4') && !q.is_stackable && !q.is_sleeping && q.is_alive" },
            { "m79": "q.is_item_name_any('slot.weapon.mainhand', 0, 'ra:m79') && !q.is_stackable && !q.is_sleeping && q.is_alive" },
            { "mini_gun": "q.is_item_name_any('slot.weapon.mainhand', 0, 'ra:mini_gun') && !q.is_stackable && !q.is_sleeping && q.is_alive" },
            { "mosin_nagant": "q.is_item_name_any('slot.weapon.mainhand', 0, 'ra:mosin_nagant') && !q.is_stackable && !q.is_sleeping && q.is_alive" },
            { "mp5": "q.is_item_name_any('slot.weapon.mainhand', 0, 'ra:mp5') && !q.is_stackable && !q.is_sleeping && q.is_alive" },
            { "mp40": "q.is_item_name_any('slot.weapon.mainhand', 0, 'ra:mp40') && !q.is_stackable && !q.is_sleeping && q.is_alive" },
            { "mp40_golden": "q.is_item_name_any('slot.weapon.mainhand', 0, 'ra:mp40_golden') && !q.is_stackable && !q.is_sleeping && q.is_alive" },
            { "mp40_netherite": "q.is_item_name_any('slot.weapon.mainhand', 0, 'ra:mp40_netherite') && !q.is_stackable && !q.is_sleeping && q.is_alive" },
            { "mx115": "q.is_item_name_any('slot.weapon.mainhand', 0, 'ra:mx115') && !q.is_stackable && !q.is_sleeping && q.is_alive" },
            { "mx115_netherite": "q.is_item_name_any('slot.weapon.mainhand', 0, 'ra:mx115_netherite') && !q.is_stackable && !q.is_sleeping && q.is_alive" },
            { "p90": "q.is_item_name_any('slot.weapon.mainhand', 0, 'ra:p90') && !q.is_stackable && !q.is_sleeping && q.is_alive" },
            { "p250": "q.is_item_name_any('slot.weapon.mainhand', 0, 'ra:p250') && !q.is_stackable && !q.is_sleeping && q.is_alive" },
            { "pumpkin_bomb": "q.is_item_name_any('slot.weapon.mainhand', 0, 'ra:pumpkin_bomb_spawn_egg') && !q.is_stackable && !q.is_sleeping && q.is_alive" },
            { "remington_870": "q.is_item_name_any('slot.weapon.mainhand', 0, 'ra:remington_870') && !q.is_stackable && !q.is_sleeping && q.is_alive" },
            { "rpk": "q.is_item_name_any('slot.weapon.mainhand', 0, 'ra:rpk') && !q.is_stackable && !q.is_sleeping && q.is_alive" },
            { "rpk_polymer": "q.is_item_name_any('slot.weapon.mainhand', 0, 'ra:rpk_polymer') && !q.is_stackable && !q.is_sleeping && q.is_alive" },
            { "thunder_gun": "q.is_item_name_any('slot.weapon.mainhand', 0, 'ra:thunder_gun') && !q.is_stackable && !q.is_sleeping && q.is_alive" },
            { "sp88": "q.is_item_name_any('slot.weapon.mainhand', 0, 'ra:sp88') && !q.is_stackable && !q.is_sleeping && q.is_alive" },
            { "ppsh_41": "q.is_item_name_any('slot.weapon.mainhand', 0, 'ra:ppsh_41') && !q.is_stackable && !q.is_sleeping && q.is_alive" },
            { "magnum": "q.is_item_name_any('slot.weapon.mainhand', 0, 'ra:magnum') && !q.is_stackable && !q.is_sleeping && q.is_alive" },
            { "magnum_midnight": "q.is_item_name_any('slot.weapon.mainhand', 0, 'ra:magnum_midnight') && !q.is_stackable && !q.is_sleeping && q.is_alive" },
            { "scar": "q.is_item_name_any('slot.weapon.mainhand', 0, 'ra:scar') && !q.is_stackable && !q.is_sleeping && q.is_alive" },
            { "scar.midnight": "q.is_item_name_any('slot.weapon.mainhand', 0, 'ra:scar_midnight') && !q.is_stackable && !q.is_sleeping && q.is_alive" },
            { "scar.golden": "q.is_item_name_any('slot.weapon.mainhand', 0, 'ra:scar_golden') && !q.is_stackable && !q.is_sleeping && q.is_alive" },

            { "nv_goggles": "q.is_item_name_any('slot.weapon.mainhand', 0, 'ra:night_vision_goggles') && !q.is_stackable && !q.is_sleeping && q.is_alive" },
            { "acog": "q.is_item_name_any('slot.weapon.mainhand', 0, 'ra:acog_scope') && !q.is_stackable && !q.is_sleeping && q.is_alive" },
            { "acog_nv": "q.is_item_name_any('slot.weapon.mainhand', 0, 'ra:acog_scope.night_vision') && !q.is_stackable && !q.is_sleeping && q.is_alive" },
            { "red_dot": "q.is_item_name_any('slot.weapon.mainhand', 0, 'ra:red_dot_scope') && !q.is_stackable && !q.is_sleeping && q.is_alive" },
            { "m203": "q.is_item_name_any('slot.weapon.mainhand', 0, 'ra:m203') && !q.is_stackable && !q.is_sleeping && q.is_alive" },
            { "fore_grip": "q.is_item_name_any('slot.weapon.mainhand', 0, 'ra:fore_grip') && !q.is_stackable && !q.is_sleeping && q.is_alive" },
            { "8x_scope": "q.is_item_name_any('slot.weapon.mainhand', 0, 'ra:8x_scope') && !q.is_stackable && !q.is_sleeping && q.is_alive" },
            { "8x_scope_nv": "q.is_item_name_any('slot.weapon.mainhand', 0, 'ra:8x_scope.night_vision') && !q.is_stackable && !q.is_sleeping && q.is_alive" },
            { "rpk_drum_clip": "q.is_item_name_any('slot.weapon.mainhand', 0, 'ra:rpk_drum_clip') && !q.is_stackable && !q.is_sleeping && q.is_alive" },
            { "mini_gun_clip": "q.is_item_name_any('slot.weapon.mainhand', 0, 'ra:mini_gun_clip') && !q.is_stackable && !q.is_sleeping && q.is_alive" },
            { "ppsh_drum_clip": "q.is_item_name_any('slot.weapon.mainhand', 0, 'ra:ppsh_drum_clip') && !q.is_stackable && !q.is_sleeping && q.is_alive" },
            { "ppsh_drum_clip_golden": "q.is_item_name_any('slot.weapon.mainhand', 0, 'ra:ppsh_drum_clip_golden') && !q.is_stackable && !q.is_sleeping && q.is_alive" },
            { "rpg_rocket": "q.is_item_name_any('slot.weapon.mainhand', 0, 'ra:rpg_rocket.he') && !q.is_stackable && !q.is_sleeping && q.is_alive" },
            { "rpg_rocket_s": "q.is_item_name_any('slot.weapon.mainhand', 0, 'ra:rpg_rocket.smoke') && !q.is_stackable && !q.is_sleeping && q.is_alive" },
            { "rpg_rocket_f": "q.is_item_name_any('slot.weapon.mainhand', 0, 'ra:rpg_rocket.fire') && !q.is_stackable && !q.is_sleeping && q.is_alive" },
            { "rpg_rocket_d": "q.is_item_name_any('slot.weapon.mainhand', 0, 'ra:rpg_rocket.dirty') && !q.is_stackable && !q.is_sleeping && q.is_alive" },
            { "rpg_rocket_c": "q.is_item_name_any('slot.weapon.mainhand', 0, 'ra:rpg_rocket.confetti') && !q.is_stackable && !q.is_sleeping && q.is_alive" },
            { "halographic": "q.is_item_name_any('slot.weapon.mainhand', 0, 'ra:halographic_scope') && !q.is_stackable && !q.is_sleeping && q.is_alive" }
          ]
        },
        "ak_47": {
          "transitions": [ { "default": "!q.is_item_name_any('slot.weapon.mainhand', 0, 'ra:ak_47') || q.is_stackable || q.is_sleeping || q.health <= 0 || q.is_swimming" } ],
          "on_entry": [ "@s ra:items.1" ],
          "on_exit": [ "@s ra:items.0" ]
        },
        "ak_47_polymer": {
          "transitions": [ { "default": "!q.is_item_name_any('slot.weapon.mainhand', 0, 'ra:ak_47_polymer') || q.is_stackable || q.is_sleeping || q.health <= 0 || q.is_swimming" } ],
          "on_entry": [ "@s ra:items.2" ],
          "on_exit": [ "@s ra:items.0" ]
        },
        "ak_47_golden": {
          "transitions": [ { "default": "!q.is_item_name_any('slot.weapon.mainhand', 0, 'ra:ak_47_golden') || q.is_stackable || q.is_sleeping || q.health <= 0 || q.is_swimming" } ],
          "on_entry": [ "@s ra:items.3" ],
          "on_exit": [ "@s ra:items.0" ]
        },
        "ak_47_polymer_golden": {
          "transitions": [ { "default": "!q.is_item_name_any('slot.weapon.mainhand', 0, 'ra:ak_47_polymer_golden') || q.is_stackable || q.is_sleeping || q.health <= 0 || q.is_swimming" } ],
          "on_entry": [ "@s ra:items.4" ],
          "on_exit": [ "@s ra:items.0" ]
        },
        "awm": {
          "transitions": [ { "default": "!q.is_item_name_any('slot.weapon.mainhand', 0, 'ra:awm') || q.is_stackable || q.is_sleeping || q.health <= 0 || q.is_swimming" } ],
          "on_entry": [ "@s ra:items.5" ],
          "on_exit": [ "@s ra:items.0" ]
        },
        "citori_725": {
          "transitions": [ { "default": "!q.is_item_name_any('slot.weapon.mainhand', 0, 'ra:citori_725') || q.is_stackable || q.is_sleeping || q.health <= 0 || q.is_swimming" } ],
          "on_entry": [ "@s ra:items.6" ],
          "on_exit": [ "@s ra:items.0" ]
        },
        "desert_eagle": {
          "transitions": [ { "default": "!q.is_item_name_any('slot.weapon.mainhand', 0, 'ra:desert_eagle') || q.is_stackable || q.is_sleeping || q.health <= 0 || q.is_swimming" } ],
          "on_entry": [ "@s ra:items.7" ],
          "on_exit": [ "@s ra:items.0" ]
        },
        "desert_eagle_golden": {
          "transitions": [ { "default": "!q.is_item_name_any('slot.weapon.mainhand', 0, 'ra:desert_eagle_golden') || q.is_stackable || q.is_sleeping || q.health <= 0 || q.is_swimming" } ],
          "on_entry": [ "@s ra:items.8" ],
          "on_exit": [ "@s ra:items.0" ]
        },
        "desert_eagle_netherite": {
          "transitions": [ { "default": "!q.is_item_name_any('slot.weapon.mainhand', 0, 'ra:desert_eagle_netherite') || q.is_stackable || q.is_sleeping || q.health <= 0 || q.is_swimming" } ],
          "on_entry": [ "@s ra:items.9" ],
          "on_exit": [ "@s ra:items.0" ]
        },
        "detonator": {
          "transitions": [ { "default": "!q.is_item_name_any('slot.weapon.mainhand', 0, 'ra:button_spawn_egg') || q.is_stackable || q.is_sleeping || q.health <= 0 || q.is_swimming" } ],
          "on_entry": [ "@s ra:items.10" ],
          "on_exit": [ "@s ra:items.0" ]
        },
        "grenade": {
          "transitions": [ { "default": "!q.is_item_name_any('slot.weapon.mainhand', 0, 'ra:grenade') || q.is_stackable || q.is_sleeping || q.health <= 0 || q.is_swimming" } ],
          "on_entry": [ "@s ra:items.12" ],
          "on_exit": [ "@s ra:items.0" ]
        },
        "smoke_grenade": {
          "transitions": [ { "default": "!q.is_item_name_any('slot.weapon.mainhand', 0, 'ra:smoke_grenade') || q.is_stackable || q.is_sleeping || q.health <= 0 || q.is_swimming" } ],
          "on_entry": [ "@s ra:items.13" ],
          "on_exit": [ "@s ra:items.0" ]
        },
        "dirty_grenade": {
          "transitions": [ { "default": "!q.is_item_name_any('slot.weapon.mainhand', 0, 'ra:dirty_grenade') || q.is_stackable || q.is_sleeping || q.health <= 0 || q.is_swimming" } ],
          "on_entry": [ "@s ra:items.14" ],
          "on_exit": [ "@s ra:items.0" ]
        },
        "incendiary_grenade": {
          "transitions": [ { "default": "!q.is_item_name_any('slot.weapon.mainhand', 0, 'ra:incendiary_grenade') || q.is_stackable || q.is_sleeping || q.health <= 0 || q.is_swimming" } ],
          "on_entry": [ "@s ra:items.15" ],
          "on_exit": [ "@s ra:items.0" ]
        },
        "confetti_grenade": {
          "transitions": [ { "default": "!q.is_item_name_any('slot.weapon.mainhand', 0, 'ra:confetti_grenade') || q.is_stackable || q.is_sleeping || q.health <= 0 || q.is_swimming" } ],
          "on_entry": [ "@s ra:items.16" ],
          "on_exit": [ "@s ra:items.0" ]
        },
        "m1_garand": {
          "transitions": [ { "default": "!q.is_item_name_any('slot.weapon.mainhand', 0, 'ra:m1_garand') || q.is_stackable || q.is_sleeping || q.health <= 0 || q.is_swimming" } ],
          "on_entry": [ "@s ra:items.17" ],
          "on_exit": [ "@s ra:items.0" ]
        },
        "m4": {
          "transitions": [ { "default": "!q.is_item_name_any('slot.weapon.mainhand', 0, 'ra:m4') || q.is_stackable || q.is_sleeping || q.health <= 0 || q.is_swimming" } ],
          "on_entry": [ "@s ra:items.18" ],
          "on_exit": [ "@s ra:items.0" ]
        },
        "m16a4": {
          "transitions": [ { "default": "!q.is_item_name_any('slot.weapon.mainhand', 0, 'ra:m16a4') || q.is_stackable || q.is_sleeping || q.health <= 0 || q.is_swimming" } ],
          "on_entry": [ "@s ra:items.23" ],
          "on_exit": [ "@s ra:items.0" ]
        },
        "m79": {
          "transitions": [ { "default": "!q.is_item_name_any('slot.weapon.mainhand', 0, 'ra:m79') || q.is_stackable || q.is_sleeping || q.health <= 0 || q.is_swimming" } ],
          "on_entry": [ "@s ra:items.28" ],
          "on_exit": [ "@s ra:items.0" ]
        },
        "mini_gun": {
          "transitions": [ { "default": "!q.is_item_name_any('slot.weapon.mainhand', 0, 'ra:mini_gun') || q.is_stackable || q.is_sleeping || q.health <= 0 || q.is_swimming" } ],
          "on_entry": [ "@s ra:items.33" ],
          "on_exit": [ "@s ra:items.0" ]
        },
        "mosin_nagant": {
          "transitions": [ { "default": "!q.is_item_name_any('slot.weapon.mainhand', 0, 'ra:mosin_nagant') || q.is_stackable || q.is_sleeping || q.health <= 0 || q.is_swimming" } ],
          "on_entry": [ "@s ra:items.34" ],
          "on_exit": [ "@s ra:items.0" ]
        },
        "mp5": {
          "transitions": [ { "default": "!q.is_item_name_any('slot.weapon.mainhand', 0, 'ra:mp5') || q.is_stackable || q.is_sleeping || q.health <= 0 || q.is_swimming" } ],
          "on_entry": [ "@s ra:items.35" ],
          "on_exit": [ "@s ra:items.0" ]
        },
        "mp40": {
          "transitions": [ { "default": "!q.is_item_name_any('slot.weapon.mainhand', 0, 'ra:mp40') || q.is_stackable || q.is_sleeping || q.health <= 0 || q.is_swimming" } ],
          "on_entry": [ "@s ra:items.40" ],
          "on_exit": [ "@s ra:items.0" ]
        },
        "mp40_golden": {
          "transitions": [ { "default": "!q.is_item_name_any('slot.weapon.mainhand', 0, 'ra:mp40_golden') || q.is_stackable || q.is_sleeping || q.health <= 0 || q.is_swimming" } ],
          "on_entry": [ "@s ra:items.41" ],
          "on_exit": [ "@s ra:items.0" ]
        },
        "mp40_netherite": {
          "transitions": [ { "default": "!q.is_item_name_any('slot.weapon.mainhand', 0, 'ra:mp40_netherite') || q.is_stackable || q.is_sleeping || q.health <= 0 || q.is_swimming" } ],
          "on_entry": [ "@s ra:items.42" ],
          "on_exit": [ "@s ra:items.0" ]
        },
        "mx115": {
          "transitions": [ { "default": "!q.is_item_name_any('slot.weapon.mainhand', 0, 'ra:mx115') || q.is_stackable || q.is_sleeping || q.health <= 0 || q.is_swimming" } ],
          "on_entry": [ "@s ra:items.43" ],
          "on_exit": [ "@s ra:items.0" ]
        },
        "mx115_netherite": {
          "transitions": [ { "default": "!q.is_item_name_any('slot.weapon.mainhand', 0, 'ra:mx115_netherite') || q.is_stackable || q.is_sleeping || q.health <= 0 || q.is_swimming" } ],
          "on_entry": [ "@s ra:items.48" ],
          "on_exit": [ "@s ra:items.0" ]
        },
        "p90": {
          "transitions": [ { "default": "!q.is_item_name_any('slot.weapon.mainhand', 0, 'ra:p90') || q.is_stackable || q.is_sleeping || q.health <= 0 || q.is_swimming" } ],
          "on_entry": [ "@s ra:items.53" ],
          "on_exit": [ "@s ra:items.0" ]
        },
        "p250": {
          "transitions": [ { "default": "!q.is_item_name_any('slot.weapon.mainhand', 0, 'ra:p250') || q.is_stackable || q.is_sleeping || q.health <= 0 || q.is_swimming" } ],
          "on_entry": [ "@s ra:items.54" ],
          "on_exit": [ "@s ra:items.0" ]
        },
        "pumpkin_bomb": {
          "transitions": [ { "default": "!q.is_item_name_any('slot.weapon.mainhand', 0, 'ra:pumpkin_bomb_spawn_egg') || q.is_stackable || q.is_sleeping || q.health <= 0 || q.is_swimming" } ],
          "on_entry": [ "@s ra:items.55" ],
          "on_exit": [ "@s ra:items.0" ]
        },
        "remington_870": {
          "transitions": [ { "default": "!q.is_item_name_any('slot.weapon.mainhand', 0, 'ra:remington_870') || q.is_stackable || q.is_sleeping || q.health <= 0 || q.is_swimming" } ],
          "on_entry": [ "@s ra:items.57" ],
          "on_exit": [ "@s ra:items.0" ]
        },
        "rpk": {
          "transitions": [ { "default": "!q.is_item_name_any('slot.weapon.mainhand', 0, 'ra:rpk') || q.is_stackable || q.is_sleeping || q.health <= 0 || q.is_swimming" } ],
          "on_entry": [ "@s ra:items.58" ],
          "on_exit": [ "@s ra:items.0" ]
        },
        "rpk_polymer": {
          "transitions": [ { "default": "!q.is_item_name_any('slot.weapon.mainhand', 0, 'ra:rpk_polymer') || q.is_stackable || q.is_sleeping || q.health <= 0 || q.is_swimming" } ],
          "on_entry": [ "@s ra:items.59" ],
          "on_exit": [ "@s ra:items.0" ]
        },
        "thunder_gun": {
          "transitions": [ { "default": "!q.is_item_name_any('slot.weapon.mainhand', 0, 'ra:thunder_gun') || q.is_stackable || q.is_sleeping || q.health <= 0 || q.is_swimming" } ],
          "on_entry": [ "@s ra:items.60" ],
          "on_exit": [ "@s ra:items.0" ]
        },
        "sp88": {
          "transitions": [ { "default": "!q.is_item_name_any('slot.weapon.mainhand', 0, 'ra:sp88') || q.is_stackable || q.is_sleeping || q.health <= 0 || q.is_swimming" } ],
          "on_entry": [ "@s ra:items.91" ],
          "on_exit": [ "@s ra:items.0" ]
        },
        "ppsh_41": {
          "transitions": [ { "default": "!q.is_item_name_any('slot.weapon.mainhand', 0, 'ra:ppsh_41') || q.is_stackable || q.is_sleeping || q.health <= 0 || q.is_swimming" } ],
          "on_entry": [ "@s ra:items.96" ],
          "on_exit": [ "@s ra:items.0" ]
        },
        "ppsh_41_golden": {
          "transitions": [ { "default": "!q.is_item_name_any('slot.weapon.mainhand', 0, 'ra:ppsh_41') || q.is_stackable || q.is_sleeping || q.health <= 0 || q.is_swimming" } ],
          "on_entry": [ "@s ra:items.98" ],
          "on_exit": [ "@s ra:items.0" ]
        },
        "magnum": {
          "transitions": [ { "default": "!q.is_item_name_any('slot.weapon.mainhand', 0, 'ra:magnum') || q.is_stackable || q.is_sleeping || q.health <= 0 || q.is_swimming" } ],
          "on_entry": [ "@s ra:items.110" ],
          "on_exit": [ "@s ra:items.0" ]
        },
        "magnum_midnight": {
          "transitions": [ { "default": "!q.is_item_name_any('slot.weapon.mainhand', 0, 'ra:magnum_midnight') || q.is_stackable || q.is_sleeping || q.health <= 0 || q.is_swimming" } ],
          "on_entry": [ "@s ra:items.111" ],
          "on_exit": [ "@s ra:items.0" ]
        },
        "scar": {
          "transitions": [ { "default": "!q.is_item_name_any('slot.weapon.mainhand', 0, 'ra:scar') || q.is_stackable || q.is_sleeping || q.health <= 0 || q.is_swimming" } ],
          "on_entry": [ "@s ra:items.112" ],
          "on_exit": [ "@s ra:items.0" ]
        },
        "scar.midnight": {
          "transitions": [ { "default": "!q.is_item_name_any('slot.weapon.mainhand', 0, 'ra:scar_midnight') || q.is_stackable || q.is_sleeping || q.health <= 0 || q.is_swimming" } ],
          "on_entry": [ "@s ra:items.113" ],
          "on_exit": [ "@s ra:items.0" ]
        },
        "scar.golden": {
          "transitions": [ { "default": "!q.is_item_name_any('slot.weapon.mainhand', 0, 'ra:scar_golden') || q.is_stackable || q.is_sleeping || q.health <= 0 || q.is_swimming" } ],
          "on_entry": [ "@s ra:items.114" ],
          "on_exit": [ "@s ra:items.0" ]
        },

        //Items
        "nv_goggles": {
          "transitions": [ { "default": "!q.is_item_name_any('slot.weapon.mainhand', 0, 'ra:night_vision_goggles') || q.is_stackable || q.is_sleeping || q.health <= 0 || q.is_swimming" } ],
          "on_entry": [ "@s ra:items.81" ],
          "on_exit": [ "@s ra:items.0" ]
        },
        "acog": {
          "transitions": [ { "default": "!q.is_item_name_any('slot.weapon.mainhand', 0, 'ra:acog_scope') || q.is_stackable || q.is_sleeping || q.health <= 0 || q.is_swimming" } ],
          "on_entry": [ "@s ra:items.82" ],
          "on_exit": [ "@s ra:items.0" ]
        },
        "acog_nv": {
          "transitions": [ { "default": "!q.is_item_name_any('slot.weapon.mainhand', 0, 'ra:acog_scope.night_vision') || q.is_stackable || q.is_sleeping || q.health <= 0 || q.is_swimming" } ],
          "on_entry": [ "@s ra:items.83" ],
          "on_exit": [ "@s ra:items.0" ]
        },
        "red_dot": {
          "transitions": [ { "default": "!q.is_item_name_any('slot.weapon.mainhand', 0, 'ra:red_dot_scope') || q.is_stackable || q.is_sleeping || q.health <= 0 || q.is_swimming" } ],
          "on_entry": [ "@s ra:items.84" ],
          "on_exit": [ "@s ra:items.0" ]
        },
        "m203": {
          "transitions": [ { "default": "!q.is_item_name_any('slot.weapon.mainhand', 0, 'ra:m203') || q.is_stackable || q.is_sleeping || q.health <= 0 || q.is_swimming" } ],
          "on_entry": [ "@s ra:items.85" ],
          "on_exit": [ "@s ra:items.0" ]
        },
        "fore_grip": {
          "transitions": [ { "default": "!q.is_item_name_any('slot.weapon.mainhand', 0, 'ra:fore_grip') || q.is_stackable || q.is_sleeping || q.health <= 0 || q.is_swimming" } ],
          "on_entry": [ "@s ra:items.86" ],
          "on_exit": [ "@s ra:items.0" ]
        },
        "8x_scope": {
          "transitions": [
            { "default": "!q.is_item_name_any('slot.weapon.mainhand', 0, 'ra:8x_scope') || q.is_stackable || q.is_sleeping || q.health <= 0 || q.is_swimming" },
            { "8x_scope.zoom": "q.is_using_item" }
          ],
          "on_entry": [ "@s ra:items.87" ],
          "on_exit": [ "@s ra:items.0" ]
        },
        "8x_scope.zoom": {
          "transitions": [
            { "default": "!q.is_item_name_any('slot.weapon.mainhand', 0, 'ra:8x_scope') || q.is_stackable || q.is_sleeping || q.health <= 0 || q.is_swimming" },
            { "8x_scope": "!q.is_using_item && q.is_item_name_any('slot.weapon.mainhand', 0, 'ra:8x_scope')" }
          ],
          "on_entry": [
            "@s ra:items.87",
            "/playsound gun_ads @s ~~~ 1 1 0.1",
            "/playsound gun_unholster @s ~~~ 0.85 1.65 0.1",
            "/playsound gun_ads.tp @a[r=12,rm=0.25] ~~~ 0.75 1 0.0075",
            "/title @s title ra_hud.awm_enter_ads",
            "/effect @s slowness 99999 9 true",
            "/event entity @s ra:awm.ads",
            "/camera @s set minecraft:first_person"
          ],
          "on_exit": [
            "@s ra:items.0",
            "/camera @s clear",
            "/playsound gun_unholster @s ~~~ 0.5 1.4 0.1",
            "/title @s title ra_hud.awm_leave_ads",
            "@s ra:remove_awm.ads",
            "/effect @s slowness 0 0"
          ]
        },
        "8x_scope_nv": {
          "transitions": [
            { "default": "!q.is_item_name_any('slot.weapon.mainhand', 0, 'ra:8x_scope.night_vision') || q.is_stackable || q.is_sleeping || q.health <= 0 || q.is_swimming" },
            { "8x_scope_nv.zoom": "q.is_using_item" }
          ],
          "on_entry": [ "@s ra:items.88" ],
          "on_exit": [ "@s ra:items.0" ]
        },
        "8x_scope_nv.zoom": {
          "transitions": [
            { "default": "!q.is_item_name_any('slot.weapon.mainhand', 0, 'ra:8x_scope.night_vision') || q.is_stackable || q.is_sleeping || q.health <= 0 || q.is_swimming" },
            { "8x_scope_nv": "!q.is_using_item && q.is_item_name_any('slot.weapon.mainhand', 0, 'ra:8x_scope.night_vision')" }
          ],
          "on_entry": [
            "@s ra:items.88",
            "/playsound gun_ads @s ~~~ 1 1 0.1",
            "/playsound gun_unholster @s ~~~ 0.85 1.65 0.1",
            "/playsound gun_ads.tp @a[r=12,rm=0.25] ~~~ 0.75 1 0.0075",
            "/title @s title ra_hud.awm_enter_ads_nv",
            "/effect @s slowness 99999 9 true",
            "/event entity @s ra:awm.ads",
            "/camera @s set minecraft:first_person"
          ],
          "on_exit": [
            "@s ra:items.0",
            "/camera @s clear",
            "/playsound gun_unholster @s ~~~ 0.5 1.4 0.1",
            "/title @s title ra_hud.awm_leave_ads_nv",
            "@s ra:remove_awm.ads",
            "/effect @s slowness 0 0"
          ]
        },
        "rpk_drum_clip": {
          "transitions": [ { "default": "!q.is_item_name_any('slot.weapon.mainhand', 0, 'ra:rpk_drum_clip') || q.is_stackable || q.is_sleeping || q.health <= 0 || q.is_swimming" } ],
          "on_entry": [ "@s ra:items.89" ],
          "on_exit": [ "@s ra:items.0" ]
        },
        "mini_gun_clip": {
          "transitions": [ { "default": "!q.is_item_name_any('slot.weapon.mainhand', 0, 'ra:mini_gun_clip') || q.is_stackable || q.is_sleeping || q.health <= 0 || q.is_swimming" } ],
          "on_entry": [ "@s ra:items.90" ],
          "on_exit": [ "@s ra:items.0" ]
        },
        "ppsh_drum_clip": {
          "transitions": [ { "default": "!q.is_item_name_any('slot.weapon.mainhand', 0, 'ra:ppsh_drum_clip') || q.is_stackable || q.is_sleeping || q.health <= 0 || q.is_swimming" } ],
          "on_entry": [ "@s ra:items.97" ],
          "on_exit": [ "@s ra:items.0" ]
        },
        "ppsh_drum_clip_golden": {
          "transitions": [ { "default": "!q.is_item_name_any('slot.weapon.mainhand', 0, 'ra:ppsh_drum_clip_golden') || q.is_stackable || q.is_sleeping || q.health <= 0 || q.is_swimming" } ],
          "on_entry": [ "@s ra:items.104" ],
          "on_exit": [ "@s ra:items.0" ]
        },
        "rpg_rocket": {
          "transitions": [ { "default": "!q.is_item_name_any('slot.weapon.mainhand', 0, 'ra:rpg_rocket.he') || q.is_stackable || q.is_sleeping || q.health <= 0 || q.is_swimming" } ],
          "on_entry": [ "@s ra:items.105" ],
          "on_exit": [ "@s ra:items.0" ]
        },
        "rpg_rocket_s": {
          "transitions": [ { "default": "!q.is_item_name_any('slot.weapon.mainhand', 0, 'ra:rpg_rocket.smoke') || q.is_stackable || q.is_sleeping || q.health <= 0 || q.is_swimming" } ],
          "on_entry": [ "@s ra:items.106" ],
          "on_exit": [ "@s ra:items.0" ]
        },
        "rpg_rocket_d": {
          "transitions": [ { "default": "!q.is_item_name_any('slot.weapon.mainhand', 0, 'ra:rpg_rocket.dirty') || q.is_stackable || q.is_sleeping || q.health <= 0 || q.is_swimming" } ],
          "on_entry": [ "@s ra:items.107" ],
          "on_exit": [ "@s ra:items.0" ]
        },
        "rpg_rocket_f": {
          "transitions": [ { "default": "!q.is_item_name_any('slot.weapon.mainhand', 0, 'ra:rpg_rocket.fire') || q.is_stackable || q.is_sleeping || q.health <= 0 || q.is_swimming" } ],
          "on_entry": [ "@s ra:items.108" ],
          "on_exit": [ "@s ra:items.0" ]
        },
        "rpg_rocket_c": {
          "transitions": [ { "default": "!q.is_item_name_any('slot.weapon.mainhand', 0, 'ra:rpg_rocket.confetti') || q.is_stackable || q.is_sleeping || q.health <= 0 || q.is_swimming" } ],
          "on_entry": [ "@s ra:items.109" ],
          "on_exit": [ "@s ra:items.0" ]
        },
        "halographic": {
          "transitions": [ { "default": "!q.is_item_name_any('slot.weapon.mainhand', 0, 'ra:halographic_scope') || q.is_stackable || q.is_sleeping || q.health <= 0 || q.is_swimming" } ],
          "on_entry": [ "@s ra:items.115" ],
          "on_exit": [ "@s ra:items.0" ]
        }
      }
    }
  }
}