{
  "format_version": "1.10.0",
  "animation_controllers": {
    "controller.animation.weapons": {
      "initial_state": "default",
      "states": {
        "default": {
          "animations":[
            "m4",
            "m4.ammo_full",
            "m4.remove_first_user",
            "m4.ammo_display.controller",
  
            "mx115",
            "mx115.ammo_full",
            "mx115.remove_first_user",
            "mx115.ammo_display.controller",
            "mx115.idle_sfx.controller",
            
            "mx115_netherite",
            "mx115_netherite.ammo_full",
            "mx115_netherite.remove_first_user",
            "mx115_netherite.ammo_display.controller",
  
            "mp5",
            "mp5.ammo_full",
            "mp5.remove_first_user",
            "mp5.ammo_display.controller",
  
            "mp40",
            "mp40.remove_first_user",
            "mp40.ammo_display.controller",
  
            "mp40_golden",
            "mp40_golden.remove_first_user",
            "mp40_golden.ammo_display.controller",
  
            "mp40_netherite",
            "mp40_netherite.remove_first_user",
            "mp40_netherite.ammo_display.controller",
  
            "ak_47",
            "ak_47.ammo_display.controller",
            "ak_47.remove_first_user",
  
            "ak_47_polymer",
            "ak_47_polymer.ammo_display.controller",
            "ak_47_polymer.remove_first_user",
  
            "ak_47_golden",
            "ak_47_golden.ammo_display.controller",
            "ak_47_golden.remove_first_user",
  
            "ak_47_polymer_golden",
            "ak_47_polymer_golden.ammo_display.controller",
            "ak_47_polymer_golden.remove_first_user",
            
            "mini_gun",
            "mini_gun.remove_first_user",
            "mini_gun_ammo_display.controller",
            "mini_gun_ammo_full",
  
            "p250",
            "p250.remove_first_user",
            "p250_ammo_full",
            "p250_ammo",
            "p250_ammo_display",
            "p250_empty",
  
            "desert_eagle",
            "desert_eagle.ammo_full",
            "desert_eagle.ammo",
            "desert_eagle.ammo_display",
            "desert_eagle.empty",
            
            "desert_eagle_golden",
            "desert_eagle_golden.ammo_full",
            "desert_eagle_golden.ammo",
            "desert_eagle_golden.ammo_display",
            "desert_eagle_golden.empty",
            
            "desert_eagle_netherite",
            "desert_eagle_netherite.ammo_full",
            "desert_eagle_netherite.ammo",
            "desert_eagle_netherite.ammo_display",
            "desert_eagle_netherite.empty",
  
            "p90",
            "p90.ammo_full",
            "p90.remove_first_user",
            "p90.ammo_display.controller",
            
            "m79",
            "m79_ammo_full",
            "m79_ammo_display",
  
            "citori_725",
            "citori_725.ammo_full",
            "citori_725.ammo_display",
  
            "remington_870",
            "remington_870.ammo",
            "remington_870.ammo_full",
            "remington_870.ammo_display",
            "remington_870.check_ammo.controller",
            
            "awm",
            "awm.ammo_full",
            "awm.ammo",
            "awm.ammo_display",
  
            "mosin_nagant",
            "mosin_nagant.ammo_full",
            "mosin_nagant.ammo",
            "mosin_nagant.ammo_display",
  
            "thunder_gun",
            "thunder_gun.remove_first_user",
            "thunder_gun.ammo_display.controller",
  
            "m1_garand",
            "m1_garand.remove_first_user",
            "m1_garand.ammo_full",
            "m1_garand.ammo",
            "m1_garand.ammo_display.controller",
            "m1_garand.empty",
            
            "grenade",
            "detonator"
          ]
        }
      }
    }
  }
}