{
  "format_version": "1.14.0",
  "minecraft:entity": {
    "description": {
      "identifier": "ra:meat_flesh",
      "is_spawnable": false,
      "is_summonable": true,
      "is_experimental": false, 
			"scripts": { "animate": [ "move", "death" ] },
			"animations": { 
        "move": "controller.animation.zombie_head.bounce",
        "death": "controller.animation.zombie_head.death"
      }
    },
    "components": {
      "minecraft:breathable": {
        "total_supply": 0,
        "suffocate_time": 0,
        "inhale_time": 0,
        "breathes_air": true,
        "breathes_water": true,
        "breathes_lava": false,
        "breathes_solids": false,
        "generates_bubbles": true
      },
      "minecraft:type_family": { "family": [ "dummy", "limb" ] },
      "minecraft:floats_in_liquid": {},
      "minecraft:physics": {},
      "minecraft:jump.static": {"jump_power": 0},
      "minecraft:can_climb": {},
      "minecraft:behavior.float": { "priority": 0},
      "minecraft:movement": { "value": 0 },
      "minecraft:navigation.walk": { "can_path_over_water": true },
      "minecraft:collision_box": {
        "width": 0.25,
        "height": 0.25
      },
      "minecraft:pushable": {
        "is_pushable": true,
        "is_pushable_by_piston": true
      },
      "minecraft:health": {
        "value": 10,
        "min": 1,
        "max": 10
      },
			"minecraft:damage_sensor": {
			  "triggers": [
          { "cause": "fall", "deals_damage": false },
          {
            "on_damage": {
              "filters": {
                "any_of": [
                  {
                    "test": "has_mob_effect",
                    "subject": "self",
                    "value": "poison"
                  },
                  {
                    "test": "has_mob_effect",
                    "subject": "self",
                    "value": "fatal_poison"
                  }
                ]
              }
            },
            "deals_damage": false
          },
          {
            "on_damage": {
              "filters": {
                "any_of": [
                  {
                    "test": "in_block",
                    "subject": "self",
                    "operator": "!=",
                    "value": "minecraft:air"
                  },
                  {
                    "test": "has_damage",
                    "subject": "self",
                    "value": "anvil"
                  }
                ]
              },
              "event": "ra:kill"
            }
          },
          {
            "on_damage": {
              "filters": {
                "all_of": [
                  {
                    "test": "has_component",
                    "subject": "self",
                    "operator": "!=",
                    "value": "minecraft:is_sheared"
                  }
                ]
              },
              "event": "ra:hurt"
            }
          }
        ]
			}
    },
    "component_groups": {
			"ra:despawn_timer": { 
        "minecraft:floats_in_liquid": {},
        "minecraft:timer": {
          "time": 15,
          "looping": true,
          "time_down_event": {
            "event": "ra:fade"
          }
        }
      },
			"ra:in_water": { "minecraft:is_tamed": {} },
      "ra:skin_0": { "minecraft:skin_id": { "value": 0 }, "minecraft:mark_variant": { "value": 1 } },
      "ra:skin_1": { "minecraft:skin_id": { "value": 1 } },
			"ra:default": { "minecraft:variant": { "value": 0 } },
      "ra:despawn": { "minecraft:instant_despawn": {} },
      "ra:fade": { 
        "minecraft:is_baby": {},
        "minecraft:floats_in_liquid": {},
        "minecraft:collision_box": {
          "width": 0,
          "height": 0
        },
        "minecraft:timer": {
          "time": 1,
          "looping": true,
          "time_down_event": {
            "event": "ra:despawn"
          }
        }
      },
      "ra:in_air": { 
        "minecraft:floats_in_liquid": {},
        "minecraft:collision_box": {
          "width": 0.15,
          "height": 0.15
        },
        "minecraft:movement": {
          "value": [0.275, 0.5]
        },
        "minecraft:behavior.panic": {
          "priority": 0,
          "damage_sources": ["all"],
          "force": true,
          "ignore_mob_damage": false
        },
        "minecraft:behavior.random_stroll": {
          "priority": 1,
          "interval": 120,
          "xz_dist": 4,
          "y_dist": 1
        },
        "minecraft:movement.jump": {
          "jump_delay": [0.1, 0.25],
          "max_turn": 360
        },
        "minecraft:behavior.slime_keep_on_jumping": {},
        "minecraft:can_power_jump": {},
        "minecraft:jump.static": { "jump_power": 0.35 },
        "minecraft:environment_sensor": {
          "triggers": [
            {
              "event": "ra:bounce",
              "filters": {
                "test": "on_ground",
                "value": true
              }
            }
          ]
        }
      },
      "ra:in_air2": { 
        "minecraft:floats_in_liquid": {},
        "minecraft:collision_box": {
          "width": 0.15,
          "height": 0.15
        },
        "minecraft:movement": {
          "value": [0.275, 0.5]
        },
        "minecraft:behavior.panic": {
          "priority": 0,
          "damage_sources": ["all"],
          "force": true,
          "ignore_mob_damage": false
        },
        "minecraft:behavior.random_stroll": {
          "priority": 1,
          "interval": 120,
          "xz_dist": 4,
          "y_dist": 1
        },
        "minecraft:movement.jump": {
          "jump_delay": [0.1, 0.25],
          "max_turn": 360
        },
        "minecraft:behavior.slime_keep_on_jumping": {},
        "minecraft:can_power_jump": {},
        "minecraft:jump.static": { "jump_power": 0.35 },
        "minecraft:environment_sensor": {
          "triggers": [
            {
              "event": "ra:bounce2",
              "filters": {
                "test": "on_ground",
                "value": true
              }
            }
          ]
        }
      },
      "ra:no_move": { 
        "minecraft:floats_in_liquid": {},
        "minecraft:collision_box": {
          "width": 0.15,
          "height": 0.15
        },
        "minecraft:movement.generic": {},
        "minecraft:movement": { "value": 0 },
        "minecraft:can_power_jump": {},
        "minecraft:jump.static": { "jump_power": 0 }
      },
      "ra:bounce":{
        "minecraft:floats_in_liquid": {},
        "minecraft:collision_box": {
          "width": 0.15,
          "height": 0.15
        },
        "minecraft:movement": {
          "value": [0.075, 0.1]
        },
        "minecraft:behavior.panic": {
          "priority": 0,
          "damage_sources": ["all"],
          "force": true,
          "ignore_mob_damage": false
        },
        "minecraft:behavior.random_stroll": {
          "priority": 1,
          "interval": 120,
          "xz_dist": 4,
          "y_dist": 1
        },
        "minecraft:movement.jump": {
          "jump_delay": [0.1, 0.25],
          "max_turn": 360
        },
        "minecraft:behavior.slime_keep_on_jumping": {},
        "minecraft:can_power_jump": {},
        "minecraft:jump.static": { "jump_power": 0.2 },
        "minecraft:timer": {
            "time": 0.85,
            "looping": true,
            "time_down_event": {
                "event": "ra:remove_bounce"
            }
        } 
      },
      "ra:bounce2":{
        "minecraft:floats_in_liquid": {},
        "minecraft:collision_box": {
          "width": 0.15,
          "height": 0.15
        },
        "minecraft:movement": {
          "value": [0.0, 0.01]
        },
        "minecraft:behavior.panic": {
          "priority": 0,
          "damage_sources": ["all"],
          "force": true,
          "ignore_mob_damage": false
        },
        "minecraft:behavior.random_stroll": {
          "priority": 1,
          "interval": 120,
          "xz_dist": 1,
          "y_dist": 1
        },
        "minecraft:movement.jump": {
          "jump_delay": [0.1, 0.15],
          "max_turn": 360
        },
        "minecraft:behavior.slime_keep_on_jumping": {"speed_multiplier": 0.25},
        "minecraft:can_power_jump": {},
        "minecraft:jump.static": { "jump_power": 0.05 },
        "minecraft:timer": {
            "time": 0.1,
            "looping": true,
            "time_down_event": {
                "event": "ra:remove_bounce"
            }
        } 
      },
			"ra:hurt": {
        "minecraft:floats_in_liquid": {},
        "minecraft:is_sheared": {}
			},
			"ra:kill": {
        "minecraft:health": {
          "value": 1,
          "min": 1,
          "max": 10
        }
			}
    },
    "events": {
      "minecraft:entity_spawned": { "add": {  "component_groups": [ "ra:skin_0" ] } },

      "ra:kill": { "add": { "component_groups": [ "ra:kill" ] } },
      "ra:not_in_water": { "remove": { "component_groups": [ "ra:in_water" ] } },
      "ra:in_water": { "add": { "component_groups": [ "ra:in_water" ] } },
      "ra:in_air": { "add": { "component_groups": [ "ra:in_air" ] } },
      "ra:hurt": { "add": { "component_groups": [ "ra:hurt" ] } },
      "ra:remove_hurt": { "remove": { "component_groups": [ "ra:hurt" ] } },
      "ra:despawn_timer": { "add": { "component_groups": [ "ra:despawn_timer", "ra:in_air", "ra:skin_0" ] } },
      "ra:despawn_timer2": { "add": { "component_groups": [ "ra:despawn_timer", "ra:in_air2", "ra:skin_0" ] } },
      "ra:despawn": { "add": { "component_groups": [ "ra:despawn" ] } },
			"ra:default": { "add": { "component_groups": [ "ra:default" ] } },
			"ra:bounce": { "add": { "component_groups": [ "ra:bounce" ] }, "remove": { "component_groups": [ "ra:in_air" ] } },
			"ra:bounce2": { "add": { "component_groups": [ "ra:bounce2" ] }, "remove": { "component_groups": [ "ra:in_air2" ] } },
			"ra:remove_bounce": { "remove": { "component_groups": [ "ra:bounce2", "ra:bounce" ] }, "add": { "component_groups": [ "ra:no_move", "ra:despawn_timer" ] } },
			"ra:fade": { "remove": { "component_groups": [ "ra:no_move", "ra:despawn_timer" ] }, "add": { "component_groups": [ "ra:fade" ] } }
    }
  }
}