{
  "format_version": "1.14.0",
  "minecraft:entity": {
    "description": {
      "identifier": "ra:zombie_head",
      "runtime_identifier": "wolf",
      "is_spawnable": true,
      "is_summonable": true,
      "is_experimental": false,
      "properties": {
        "ra:alive": { "client_sync": true, "type": "bool", "default": false },
        "ra:fade": { "client_sync": true, "type": "bool", "default": false },
        "ra:look_at": { "client_sync": true, "type": "bool", "default": false },
        "ra:triggers": {
          "client_sync": true,
          "type": "enum",
          "default": "none",
          "values": ["none", "die_slow"]
        }
      },
			"scripts": {
        "animate": [
          "move",
          "death"
          ]
        },
			"animations": { 
        "move": "controller.animation.zombie_head.bounce",
        "death": "controller.animation.zombie_head.death",
        "testfor_water": "animation.zombie.limb_testfor_water"
      }
    },
    "components": {
      "minecraft:breathable": {
        "total_supply": 0,
        "suffocate_time": 0,
        "inhale_time": 0,
        "breathes_air": true,
        "breathes_water": true,
        "breathes_lava": false,
        "breathes_solids": false,
        "generates_bubbles": true
      },
      "minecraft:type_family": { "family": [ "dummy", "limb" ] },
      "minecraft:floats_in_liquid": {},
      "minecraft:physics": {},
      // "minecraft:jump.static": {"jump_power": 0},
      "minecraft:can_climb": {},
      "minecraft:behavior.float": { "priority": 0},
      "minecraft:movement": { "value": 0 },
      "minecraft:navigation.walk": { "can_path_over_water": true },
      "minecraft:collision_box": {
        "width": 0.4,
        "height": 0.4
      },
      "minecraft:pushable": {
        "is_pushable": true,
        "is_pushable_by_piston": true
      },
      "minecraft:health": {
        "value": 15,
        "min": 1,
        "max": 15
      },
			"minecraft:damage_sensor": {
			  "triggers": [
          { "cause": "fall", "deals_damage": false },
          {
            "on_damage": {
              "filters": { 
                "any_of": [
                  { "test": "has_equipment", "subject": "other", "value": "netherite_axe" }
                ],
                "all_of": [
                  { "test": "is_mark_variant", "operator": "==", "value": 0 }
                ]
              },
              "event": "ra:kill.axe"
            },
            "deals_damage": false
          },
          {
            "on_damage": {
              "filters": { 
                "any_of": [
                  { "test": "has_equipment", "subject": "other", "value": "diamond_axe" }
                ],
                "all_of": [
                  { "test": "is_mark_variant", "operator": "==", "value": 0 },
                  { "test": "random_chance", "operator": ">=", "value": 3 }
                ]
              },
              "event": "ra:kill.axe"
            },
            "deals_damage": false
          },
          {
            "on_damage": {
              "filters": { 
                "any_of": [
                  { "test": "has_equipment", "subject": "other", "value": "iron_axe" }
                ],
                "all_of": [
                  { "test": "is_mark_variant", "operator": "==", "value": 0 },
                  { "test": "random_chance", "operator": ">=", "value": 4 }
                ]
              },
              "event": "ra:kill.axe"
            },
            "deals_damage": false
          },
          {
            "on_damage": {
              "filters": { 
                "any_of": [
                  { "test": "has_equipment", "subject": "other", "value": "golden_axe" }
                ],
                "all_of": [
                  { "test": "is_mark_variant", "operator": "==", "value": 0 },
                  { "test": "random_chance", "operator": ">=", "value": 5 }
                ]
              },
              "event": "ra:kill.axe"
            },
            "deals_damage": false
          },
          {
            "on_damage": {
              "filters": { 
                "any_of": [
                  { "test": "has_equipment", "subject": "other", "value": "stone_axe" }
                ],
                "all_of": [
                  { "test": "random_chance", "operator": ">=", "value": 6 }
                ]
              },
              "event": "ra:kill.axe"
            },
            "deals_damage": false
          },
          {
            "on_damage": {
              "filters": {
                "any_of": [
                  {
                    "test": "has_mob_effect",
                    "subject": "self",
                    "value": "poison"
                  },
                  {
                    "test": "has_mob_effect",
                    "subject": "self",
                    "value": "fatal_poison"
                  }
                ]
              }
            },
            "deals_damage": false
          },
          {
            "on_damage": {
              "filters": {
                "any_of": [
                  {
                    "test": "in_block",
                    "subject": "self",
                    "operator": "!=",
                    "value": "minecraft:air"
                  },
                  {
                    "test": "has_damage",
                    "subject": "self",
                    "value": "anvil"
                  }
                ]
              },
              "event": "ra:kill"
            }
          },
          {
            "on_damage": {
              "filters": {
                "all_of": [
                  {
                    "test": "has_component",
                    "subject": "self",
                    "operator": "!=",
                    "value": "minecraft:is_sheared"
                  }
                ]
              },
              "event": "ra:hurt"
            }
          }
        ]
			}
    },
    "component_groups": {
			"ra:despawn_timer": { 
        "minecraft:is_saddled": {},
        "minecraft:physics": {},
        "minecraft:behavior.float": { "priority": 0 },
        "minecraft:floats_in_liquid": {},
        "minecraft:movement": { "value": 0 },
        "minecraft:movement.basic": {},
        "minecraft:pushable": {
          "is_pushable": true,
          "is_pushable_by_piston": true
        },
        "minecraft:timer": {
          "time": 15,
          "looping": true,
          "time_down_event": {
            "event": "ra:fade"
          }
        }
      },
			"ra:in_water": { "minecraft:is_tamed": {} },
			"ra:default": { "minecraft:variant": { "value": 0 } },
      "ra:skin_0": { "minecraft:skin_id": { "value": 0 } },
      "ra:skin_1": { "minecraft:skin_id": { "value": 1 } },
			// 1- cracked head
			// 2- half head
			// 3- back of head gib
			// 4- gib
      "ra:head_type_0": { "minecraft:mark_variant": { "value": 1 } },
      "ra:head_type_1": { "minecraft:mark_variant": { "value": 2 } },
      "ra:head_type_2": { "minecraft:mark_variant": { "value": 3 } },
      "ra:head_type_3": { "minecraft:mark_variant": { "value": 4 } },
      "ra:despawn": { "minecraft:instant_despawn": {} },
      "ra:fade": { 
        "minecraft:is_baby": {},
        "minecraft:behavior.float": { "priority": 0 },
        "minecraft:floats_in_liquid": {},
        "minecraft:movement": { "value": 0 },
        "minecraft:movement.basic": {},
        "minecraft:collision_box": {
          "width": 0,
          "height": 0
        },
        "minecraft:timer": {
          "time": 1,
          "looping": true,
          "time_down_event": {
            "event": "ra:despawn"
          }
        }
      },
      "ra:in_air": { 
        "minecraft:floats_in_liquid": {},
        "minecraft:movement.basic": {},
        "minecraft:collision_box": {
          "width": 0.1,
          "height": 0.1
        },
        "minecraft:movement": {
          "value": [0.275, 0.5]
        },
        "minecraft:behavior.panic": {
          "priority": 0,
          "damage_sources": ["all"],
          "force": true,
          "ignore_mob_damage": false
        },
        "minecraft:behavior.random_stroll": {
          "priority": 1,
          "interval": 120,
          "xz_dist": 4,
          "y_dist": 1
        },
        "minecraft:movement.jump": {
          "jump_delay": [0.1, 0.25],
          "max_turn": 360
        },
        "minecraft:behavior.slime_keep_on_jumping": {},
        "minecraft:can_power_jump": {},
        "minecraft:jump.static": { "jump_power": 0.35 },
        "minecraft:environment_sensor": {
          "triggers": [
            {
              "event": "ra:bounce",
              "filters": {
                "test": "on_ground",
                "value": true
              }
            }
          ]
        }
      },
      "ra:no_move": { 
        "minecraft:floats_in_liquid": {},
        "minecraft:movement.basic": {},
        "minecraft:collision_box": {
          "width": 0.1,
          "height": 0.1
        },
        "minecraft:movement.generic": {},
        "minecraft:movement": { "value": 0 },
        "minecraft:can_power_jump": {},
        "minecraft:jump.static": { "jump_power": 0 }
      },
      "ra:bounce":{
        "minecraft:floats_in_liquid": {},
        "minecraft:movement.basic": {},
        "minecraft:collision_box": {
          "width": 0.1,
          "height": 0.1
        },
        "minecraft:movement": {
          "value": [0.275, 0.5]
        },
        "minecraft:behavior.panic": {
          "priority": 0,
          "damage_sources": ["all"],
          "force": true,
          "ignore_mob_damage": false
        },
        "minecraft:behavior.random_stroll": {
          "priority": 1,
          "interval": 120,
          "xz_dist": 4,
          "y_dist": 1
        },
        "minecraft:movement.jump": {
          "jump_delay": [0.1, 0.25],
          "max_turn": 360
        },
        "minecraft:behavior.slime_keep_on_jumping": {},
        "minecraft:can_power_jump": {},
        "minecraft:jump.static": { "jump_power": 0.35 },
        "minecraft:timer": {
            "time": 1.2,
            "looping": true,
            "time_down_event": {
                "event": "ra:remove_bounce"
            }
        } 
      },
			"ra:hurt": {
        "minecraft:floats_in_liquid": {},
        "minecraft:is_sheared": {}
			},

			"ra:bounce.1": {
        "minecraft:behavior.slime_keep_on_jumping": {},
        "minecraft:movement.jump": {
          "jump_delay": [0.15,0.15],
          "max_turn": 90
        }
			},
      "ra:kill.axe": {
        "minecraft:health": {
          "value": 15,
          "min": 1,
          "max": 15
        },
        "minecraft:is_illager_captain": {}, "minecraft:mark_variant": {"value": 1}
      },
			"ra:kill": {
        "minecraft:health": {
          "value": 1,
          "min": 1,
          "max": 20
        }
			},
			"ra:kill.1": {
        "minecraft:health": {
          "value": 15,
          "min": 1,
          "max": 15
        },
        "minecraft:timer": {
            "time": 10,
            "looping": true,
            "time_down_event": {
                "event": "ra:fade"
            }
        }
			}
    },
    "events": {
      "minecraft:entity_spawned": {
        "randomize": [
          {
            "add": {  "component_groups": [ "ra:skin_0", "ra:head_type_0" ] },
            "weight": 1
          },
          {
            "add": {  "component_groups": [ "ra:skin_0", "ra:head_type_1" ] },
            "weight": 1
          },
          {
            "add": {  "component_groups": [ "ra:skin_0", "ra:head_type_2" ] },
            "weight": 1
          },
          {
            "add": {  "component_groups": [ "ra:skin_0", "ra:head_type_3" ] },
            "weight": 1
          },
          {
            "add": {  "component_groups": [ "ra:skin_1", "ra:head_type_0" ] },
            "weight": 1
          },
          {
            "add": {  "component_groups": [ "ra:skin_1", "ra:head_type_1" ] },
            "weight": 1
          },
          {
            "add": {  "component_groups": [ "ra:skin_1", "ra:head_type_2" ] },
            "weight": 1
          },
          {
            "add": {  "component_groups": [ "ra:skin_1", "ra:head_type_3" ] },
            "weight": 1
          }
        ]
      },
      "ra:skin_0": { 
        "randomize": [
          {
            "add": {  "component_groups": [ "ra:skin_0", "ra:head_type_0" ] },
            "weight": 1
          },
          {
            "add": {  "component_groups": [ "ra:skin_0", "ra:head_type_1" ] },
            "weight": 1
          },
          {
            "add": {  "component_groups": [ "ra:skin_0", "ra:head_type_2" ] },
            "weight": 1
          },
          {
            "add": {  "component_groups": [ "ra:skin_0", "ra:head_type_3" ] },
            "weight": 1
          }
        ]
      },
      "ra:skin_1": { 
        "randomize": [
          {
            "add": {  "component_groups": [ "ra:skin_1", "ra:head_type_0" ] },
            "weight": 1
          },
          {
            "add": {  "component_groups": [ "ra:skin_1", "ra:head_type_1" ] },
            "weight": 1
          },
          {
            "add": {  "component_groups": [ "ra:skin_1", "ra:head_type_2" ] },
            "weight": 1
          },
          {
            "add": {  "component_groups": [ "ra:skin_1", "ra:head_type_3" ] },
            "weight": 1
          }
        ]
      },

      "ra:remove_head.1": {
        "trigger": {
          "filters": [
            {
            "any_of": [
              {
                "test": "has_component",
                "subject": "self",
                "operator": "==",
                "value": "minecraft:skin_id"
              }
            ]
          }
        ],
          "target": "self",
          "event": "ra:skin_1"
        }
      },

      "ra:kill.axe": { "set_property": { "ra:triggers": "none" }, "add": { "component_groups": [ "ra:kill.axe" ] } },
      "ra:kill": { "remove": { "component_groups": [ "ra:kill.axe" ] }, "add": { "component_groups": [ "ra:kill" ] } },
      "ra:kill.1": {
        "set_property": { "ra:triggers": "none" },
        "add": { "component_groups": [ "ra:kill.1" ] }
      },
      "ra:head_type_0": { "add": { "component_groups": [ "ra:head_type_0" ] } },
      "ra:head_type_1": { "add": { "component_groups": [ "ra:head_type_1" ] } },
      "ra:head_type_2": { "add": { "component_groups": [ "ra:head_type_2" ] } },
      "ra:head_type_3": { "add": { "component_groups": [ "ra:head_type_3" ] } },
      "ra:not_in_water": { "remove": { "component_groups": [ "ra:in_water" ] } },
      "ra:in_water": { "add": { "component_groups": [ "ra:in_water" ] } },
      "ra:in_air": { "add": { "component_groups": [ "ra:in_air" ] } },
      "ra:hurt": { "add": { "component_groups": [ "ra:hurt" ] } },
      "ra:remove_hurt": { "remove": { "component_groups": [ "ra:hurt" ] } },
      "ra:despawn_timer": { "set_property": { "ra:triggers": "none", "ra:alive": false }, "add": { "component_groups": [ "ra:despawn_timer" ] } },
      "ra:despawn": { "add": { "component_groups": [ "ra:despawn" ] } },
			"ra:default": { "add": { "component_groups": [ "ra:default" ] } },
			"ra:bounce": { "add": { "component_groups": [ "ra:bounce" ] }, "remove": { "component_groups": [ "ra:in_air" ] } },
			"ra:remove_bounce": { "remove": { "component_groups": [ "ra:bounce", "ra:bounce.1" ] }, "add": { "component_groups": [ "ra:no_move", "ra:despawn_timer" ] } },
			"ra:remove_bounce.1": { "remove": { "component_groups": [ "ra:bounce.1" ] } },
			"ra:fade": { "set_property": { "ra:triggers": "none", "ra:fade": true }, "remove": { "component_groups": [ "ra:no_move", "ra:despawn_timer" ] }, "add": { "component_groups": [ "ra:fade" ] } }
    }
  }
}