{
  "format_version": "1.14.0",
  "minecraft:entity": {
    "description": {
      "identifier": "ra:zombie_blowback",
      "is_spawnable": false,
      "is_summonable": true,
      "is_experimental": false,
      "runtime_identifier": "minecraft:snowball",
      "scripts": {
        "animate": [
          "tag_zombie"
        ]
      },
      "animations": {
        "tag_zombie": "controller.animation.zombie_blowback.tag_zombie"
      }
    },
    "components": {
      "minecraft:type_family": { "family": ["dummy"] },
      "minecraft:physics": {},
      "minecraft:collision_box": {
        "width": 0.6,
        "height": 0.6
      },
      "minecraft:health": {
        "value": 15,
        "min": 1,
        "max": 15
      },
      "minecraft:rideable": {
        "family_types": ["ra_zombie"],
        "seats": [{ "position": [0, 0, 0] }]
      },
      "minecraft:projectile": {
        "on_hit": {
          "stick_in_ground": {}
        },
        "multiple_targets": true,
        "anchor": 1,
        "power": 1,
        "gravity": 0.1,
        "angle_offset": 0.0,
        "offset": [0, 0, 0],
        "inertia": 0.9,
        "liquid_inertia": 0.7
      }
    },
    "component_groups": {
      "ra:despawn": { "minecraft:instant_despawn": {} }
    },
    "events": {
      "ra:despawn": { "add": { "component_groups": ["ra:despawn"] } }
    }
  }
}
