{
  "format_version": "1.14.0",
  "minecraft:entity": {
    "description": {
      "identifier": "ra:zombie_head.hitbox",
      "is_spawnable": false,
      "is_summonable": true,
      "is_experimental": false,
      "properties": {
        "ra:drop_loot": { "client_sync": true, "type": "bool", "default": true },
        "ra:activated": { "client_sync": true, "type": "bool", "default": false },
        "ra:triggers": {
          "client_sync": true,
          "type": "enum",
          "default": "none",
          "values": ["none", "die_slow", "head_sliced_off"]
        }
      },
			"scripts": {
				"animate": [
          "zombie.hurt",
					"head_pop",
          "loot",
          { "zombie.gold_loot": "q.is_tamed" },
          { "zombie.netherite_loot": "q.is_shaking" },
          "loot",
          { "force_kill": "q.health <= 1 && q.property('ra:triggers') != 'die_slow'" }
				]
			},
			"animations": {
        "force_kill": "animation.zombie.force_kill",
				"head_pop": "controller.animation.zombie_head.hitbox.head_pop",
				"slow_despawn": "animation.zombie_head.hitbox.slow_despawn",
        "zombie.hurt": "controller.animation.zombie_head.hurt",
        "loot": "controller.animation.mob_loot",
        "zombie.gold_loot": "animation.zombie.gold_loot",
        "zombie.netherite_loot": "animation.zombie.netherite_loot",
        "zombie.hs_loot": "animation.zombie.hs_loot"
			}
    },

    "components": {
      "minecraft:breathable": {
        "breathes_solids": true,
        "breathes_air": true,
        "breathes_water": true,
        "total_supply": 99999,
        "suffocate_time": 99999
      },
      "minecraft:environment_sensor": {
        "triggers": [
          {
            "filters": {
              "all_of": [ { "test": "is_riding", "operator": "==", "subject": "self", "value": false } ]
            },
            "event": "ra:despawn"
          },
          {
            "filters": {
              "all_of": [ { "test": "actor_health", "operator": "<=", "subject": "self", "value": 1 } ]
            },
            "event": "ra:death"
          },
          {
            "event": "ra:drop_loot",
            "target": "self",
            "filters": {
              "all_of": [
                { "test": "is_game_rule", "domain": "doMobLoot", "value": true },
                { "test": "has_tag", "operator": "!=", "value": "drop_loot" }
              ]
            }
          },
          {
            "event": "ra:no_drops",
            "target": "self",
            "filters": {
              "all_of": [
                { "test": "is_game_rule", "domain": "doMobLoot", "value": false },
                { "test": "has_tag", "operator": "!=", "value": "no_drops" }
              ]
            }
          }
          
        ]
      },
      "minecraft:damage_sensor": {
        "triggers": [
          {
            "on_damage": {
              "filters": { 
                "any_of": [
                  { "test": "has_damage", "subject": "other", "value": "anvil" }
                ]
              },
              "event": "ra:kill"
            },
            "deals_damage": true
          },
          {
            "on_damage": {
              "filters": { 
                "any_of": [
                  { "test": "has_equipment", "subject": "other", "value": "netherite_axe" }
                ],
                "all_of": [
                  { "test": "random_chance", "operator": ">=", "value": 2 }
                ]
              },
              "event": "ra:kill"
            },
            "deals_damage": true
          },
          {
            "on_damage": {
              "filters": { 
                "any_of": [
                  { "test": "has_equipment", "subject": "other", "value": "diamond_axe" }
                ],
                "all_of": [
                  { "test": "random_chance", "operator": ">=", "value": 3 }
                ]
              },
              "event": "ra:kill"
            },
            "deals_damage": true
          },
          {
            "on_damage": {
              "filters": { 
                "any_of": [
                  { "test": "has_equipment", "subject": "other", "value": "iron_axe" }
                ],
                "all_of": [
                  { "test": "random_chance", "operator": ">=", "value": 4 }
                ]
              },
              "event": "ra:kill"
            },
            "deals_damage": true
          },
          {
            "on_damage": {
              "filters": { 
                "any_of": [
                  { "test": "has_equipment", "subject": "other", "value": "golden_axe" }
                ],
                "all_of": [
                  { "test": "random_chance", "operator": ">=", "value": 5 }
                ]
              },
              "event": "ra:kill"
            },
            "deals_damage": true
          },
          {
            "on_damage": {
              "filters": { 
                "any_of": [
                  { "test": "has_equipment", "subject": "other", "value": "stone_axe" }
                ],
                "all_of": [
                  { "test": "random_chance", "operator": ">=", "value": 6 }
                ]
              },
              "event": "ra:kill"
            },
            "deals_damage": true
          },
          {
            "on_damage": {
              "filters": { 
                "any_of": [
                  { "test": "has_equipment", "subject": "other", "value": "ra:ak_47_golden" },
                  { "test": "has_equipment", "subject": "other", "value": "ra:ak_47_polymer_golden" },
                  { "test": "has_equipment", "subject": "other", "value": "ra:desert_eagle_golden" },
                  { "test": "has_equipment", "subject": "other", "value": "ra:mp40_golden" },
                  { "test": "has_equipment", "subject": "other", "value": "ra:scar_golden" }
                ]
              },
              "event": "ra:gold_loot"
            },
            "deals_damage": true
          },
          {
            "on_damage": {
              "filters": { 
                "any_of": [
                  { "test": "has_equipment", "subject": "other", "value": "ra:desert_eagle_netherite" },
                  { "test": "has_equipment", "subject": "other", "value": "ra:mp40_netherite" },
                  { "test": "has_equipment", "subject": "other", "value": "ra:mx115_netherite" }
                ]
              },
              "event": "ra:netherite_loot"
            },
            "deals_damage": true
          },
          {
            "on_damage": {
              "filters": {
                "all_of": [
                  { "test": "has_component", "operator": "!=", "subject": "self", "value": "minecraft:is_saddled" }
                ]
              },
              "event": "ra:hurt"
            }
          }
        ]
      },
      "minecraft:type_family": {
        "family": [ "dummy", "z_head" ]
      },
      "minecraft:knockback_resistance": { "value": 1 },
      "minecraft:collision_box": {
        "width": 0.225,
        "height": 0.475
      },
      "minecraft:health": {
        "value": 12,
        "min": 1,
        "max": 12
      }
    },
    
    "component_groups": {
      "ra:despawn": { "minecraft:instant_despawn": {} },
      "ra:kill": { "minecraft:is_illager_captain": {} },
      "ra:hurt":{ "minecraft:is_saddled": {} },
      "ra:gold_loot": { "minecraft:is_tamed": {} },
      "ra:netherite_loot": { "minecraft:is_shaking": {} },
      "ra:skin_0":{
        "minecraft:collision_box": {
          "width": 0.225,
          "height": 0.45
        },
        "minecraft:skin_id": { "value": 0 }
        // "minecraft:addrider": { "entity_type": "ra:zombie_torso.hitbox", "spawn_event": "ra:skin_0" },
        // "minecraft:rideable": {
        //   "seat_count": 1,
        //   "family_types": [ "dummy" ],
        //   "pull_in_entities": true,
        //   "seats": [
        //     {
        //       "position": [ 0, -0.7, 0 ],
        //       "min_rider_count": 0,
        //       "max_rider_count": 1,
        //       "lock_rider_rotation": 0,
        //       "rotate_rider_by": 0
        //     }
        //   ]
        // }
      },
      "ra:skin_1":{
        "minecraft:collision_box": {
          "width": 0.225,
          "height": 0.45
        },
        "minecraft:skin_id": { "value": 1 }
        // "minecraft:addrider": { "entity_type": "ra:zombie_torso.hitbox", "spawn_event": "ra:skin_1" },
        // "minecraft:rideable": {
        //   "seat_count": 1,
        //   "family_types": [ "dummy" ],
        //   "pull_in_entities": true,
        //   "seats": [
        //     {
        //       "position": [ 0, -0.7, 0 ],
        //       "min_rider_count": 0,
        //       "max_rider_count": 1,
        //       "lock_rider_rotation": 0,
        //       "rotate_rider_by": 0
        //     }
        //   ]
        // }
      },
      "ra:explode": {
        "minecraft:variant": { "value": 1 },
        "minecraft:explode": {
          "breaks_blocks": true,
          "causes_fire": false,
          "destroy_affected_by_griefing": true,
          "fire_affected_by_griefing": true,
          "fuse_lit": true,
          "fuse_length": 0.1,
          "max_resistance": 0,
          "power": 2.75
        }
      },
      "ra:death": {
        "minecraft:is_stunned": { }
      }
    },

    "events": {
      "ra:skin_0": { "add": { "component_groups": [ "ra:skin_0" ] } },
      "ra:skin_1": { "add": { "component_groups": [ "ra:skin_1" ] } },
      "ra:death": { "add": { "component_groups": [ "ra:death" ] } },
      "ra:drop_loot": {
        "set_property": { "ra:drop_loot": true },
        "queue_command": {
          "command":[
            "tag @s remove no_drops",
            "tag @s add drop_loot"
          ]
        }
      },
      "ra:no_drops": {
        "set_property": { "ra:drop_loot": false },
        "queue_command": {
          "command":[
            "tag @s remove drop_loot",
            "tag @s add no_drops"
          ]
        }
      },
      "ra:despawn": { "add": { "component_groups": [ "ra:despawn" ] } },
      "ra:gold_loot": { "add": { "component_groups": [ "ra:gold_loot" ] } },
      "ra:netherite_loot": { "add": { "component_groups": [ "ra:netherite_loot" ] } },
      "ra:hurt": { "add": { "component_groups": [ "ra:hurt" ] } },
      "ra:remove_hurt": { "remove": { "component_groups": [ "ra:hurt" ] } },
      "ra:kill": { "add": { "component_groups": [ "ra:kill" ] } },
      "ra:activated": { "set_property": { "ra:activated": true } },
      "ra:die_slow": { "set_property": { "ra:triggers": "die_slow" } },
      "ra:explode": { "add": { "component_groups": [ "ra:explode" ] } }
    }
  }
}