{
  "format_version": "1.16.0",
  "minecraft:entity": {
    "description": {
      "identifier": "ra:button.spawner",
      "is_spawnable": false,
      "is_summonable": true,
      "is_experimental": false,
      "scripts": {
        "animate": [
          "button"
        ]
      },
      "animations": { 
        "button": "controller.animation.button_spawner",
        "pressed": "animation.button.spawner.pressed"
      }
    },
    "components": {
      "minecraft:type_family": {
        "family": [ "ra_dummy","ra_prop", "target" ]
      },
      "minecraft:damage_sensor": {
        "triggers": [
          {
            "on_damage": {
              "filters": {
                "all_of": [
                  { "test": "is_family", "subject": "other", "value": "player" },
                  { "test": "has_damage", "subject": "self", "value": "attack" },
                  { "test": "is_variant", "subject": "self", "operator": "==", "value": 0 }
                ]
              },
              "event": "ra:activate"
            },
            "deals_damage": false
          },
          {
          "cause": "all",
          "deals_damage": false
          }
        ]
      },
      "minecraft:interact": {
        "interactions": [
          {
            "on_interact": {
              "filters": {
                "all_of": [
                  { "test": "is_family", "subject": "other", "value": "player"},
                  { "test": "is_variant", "subject": "self", "operator": "==", "value": 0 }
                ]
              },
              "event": "ra:activate"
            },
            "swing": true
          }
        ]
      },
      "minecraft:knockback_resistance":{ "value": 1 },
      "minecraft:fire_immune": {},
      "minecraft:collision_box": {
        "width": 0,
        "height": 0
      },
      "minecraft:health": {
        "value": 1,
        "max": 1
      }
    },
    "component_groups": {
      "ra:despawn": { "minecraft:instant_despawn": {} },
      "ra:inactive": { "minecraft:is_baby": {} },
      "ra:activate": { 
        "minecraft:variant": { "value": 1 },
        "minecraft:custom_hit_test": {
          "hitboxes": [
            {
              "width": 0,
              "height": 0,
              "pivot": [ 0, -500, 0 ]
            }
          ]
        },
        "minecraft:timer": {
          "time": 2.5,
          "looping": true,
          "time_down_event": {
            "event": "ra:default"
          }
        }
      },
      "ra:default": { 
        "minecraft:variant": { "value": 0 },
        "minecraft:custom_hit_test": {
          "hitboxes": [
            {
              "width": 0.35,
              "height": 0.15,
              "pivot": [ 0, 0, 0 ]
            }
          ]
        }
      }
    },
    "events": {
      "minecraft:entity_spawned": { "add": { "component_groups": [ "ra:default" ] } },
      "ra:despawn": { "add": { "component_groups": [ "ra:despawn" ] } },
      "ra:inactive": { "add": { "component_groups": [ "ra:inactive" ] } },
      "ra:default": { "remove": { "component_groups": [ "ra:activate" ] }, "add": { "component_groups": [ "ra:default" ] } },
      "ra:activate": { "remove": { "component_groups": [ "ra:default" ] }, "add": { "component_groups": [ "ra:activate" ] } }
    }
  }
}