{
  "format_version": "1.16.0",
  "minecraft:entity": {
    "description": {
      "identifier": "ra:button",
      "is_spawnable": true,
      "is_summonable": true,
      "is_experimental": false,
      "scripts": {
        "animate": [
          "button",
          "break"
        ]
      },
      "animations": { 
        "break": "controller.animation.button.break",
        "button": "controller.animation.button",
        "pressed": "animation.button.pressed",
        "scanning": "animation.detonator.scanning.tp"
      }
    },
    "components": {
      "minecraft:physics": {
        "has_collision": true,
        "has_gravity": true
      },
      "minecraft:type_family": {
        "family": [ "ra_dummy","ra_prop", "target" ]
      },
      "minecraft:damage_sensor": {
        "triggers": [
          {
            "on_damage": {
              "filters": {
                "all_of": [
                  { "test": "has_damage", "subject": "self", "value": "entity_explosion" },
                  { "test": "is_game_rule", "domain": "mobGriefing", "value": true }
                ]
              },
              "event": "ra:break"
            },
            "deals_damage": false
          },
          {
            "on_damage": {
              "filters": {
                "all_of": [
                  { "test": "has_damage", "subject": "self", "value": "block_explosion" },
                  { "test": "is_game_rule", "domain": "mobGriefing", "value": true }
                ]
              },
              "event": "ra:break"
            },
            "deals_damage": false
          },
          {
            "on_damage": {
              "filters": {
                "all_of": [
                  { "test": "is_family", "subject": "other", "value": "player" },
                  { "test": "has_damage", "subject": "self", "value": "attack" }
                ]
              },
              "event": "ra:break"
            },
            "deals_damage": false
          },
          {
          "cause": "all",
          "deals_damage": false
          }
        ]
      },
      "minecraft:interact": {
        "interactions": [
          {
            "on_interact": {
              "filters": {
                "all_of": [
                  { "test": "is_family", "subject": "other", "value": "player"},
                  { "test": "is_variant", "subject": "self", "operator": "==", "value": 0 }
                ]
              },
              "event": "ra:activate"
            },
            "swing": true
          }
        ]
      },
      "minecraft:knockback_resistance":{ "value": 1 },
      "minecraft:fire_immune": {},
      "minecraft:collision_box": {
        "width": 0.1,
        "height": 0.015
      },
      "minecraft:health": {
        "value": 1,
        "max": 1
      }
    },
    "component_groups": {
      "ra:despawn": { "minecraft:instant_despawn": {} },
      "ra:activate": { 
        "minecraft:variant": { "value": 1 },
        "minecraft:custom_hit_test": {
          "hitboxes": [
            {
              "width": 0,
              "height": 0,
              "pivot": [ 0, -500, 0 ]
            }
          ]
        },
        "minecraft:timer": {
          "time": 6,
          "looping": true,
          "time_down_event": {
            "event": "ra:default"
          }
        }
      },
      "ra:default": { 
        "minecraft:variant": { "value": 0 },
        "minecraft:custom_hit_test": {
          "hitboxes": [
            {
              "width": 0.5,
              "height": 0.15,
              "pivot": [ 0, 0, 0 ]
            }
          ]
        }
      },
      "ra:place":{ "minecraft:mark_variant": { "value": 1 }},
      "ra:break": {
        "minecraft:is_baby": {},
        "minecraft:collision_box": {
          "width": 0,
          "height": 0
        },
        "minecraft:custom_hit_test": {
          "hitboxes": [
            {
              "width": 0,
              "height": 0,
              "pivot": [ 0, -500, 0 ]
            }
          ]
        }
      }
    },
    "events": {
      "minecraft:entity_spawned": { "add": { "component_groups": [ "ra:default" ] } },
      "ra:place": { "add": { "component_groups": [ "ra:place"  ] } },
      "ra:break": { "add": { "component_groups": [ "ra:default", "ra:break"  ] } },
      "ra:despawn": { "add": { "component_groups": [ "ra:despawn" ] } },
      "ra:default": { "remove": { "component_groups": [ "ra:activate" ] }, "add": { "component_groups": [ "ra:default" ] } },
      "ra:activate": { "remove": { "component_groups": [ "ra:default" ] }, "add": { "component_groups": [ "ra:activate" ] } }
    }
  }
}