{
  "format_version": "1.16.0",
  "minecraft:entity": {
    "description": {
      "identifier": "ra:target",
      "is_spawnable": true,
      "is_summonable": true,
      "is_experimental": false,
      "scripts": {
        "animate": [
          "despawn",
          "hit",
          "break"
        ]
      },
      "animations": { 
        "hit": "controller.animation.target.hit",
        "despawn": "controller.animation.target",
        "break": "controller.animation.target.break"
      }
    },
    "components": {
      "minecraft:type_family": {
        "family": [ "ra_dummy","ra_prop", "target" ]
      },
      "minecraft:damage_sensor": {
        "triggers": [
          {
            "on_damage": {
              "filters": {
                "all_of": [
                  { "test": "is_family", "subject": "other", "value": "player" },
                  { "test": "has_damage", "subject": "self", "value": "attack" }
                ]
              },
              "event": "ra:break"
            },
            "deals_damage": false
          },
          {
            "on_damage": {
              "filters": {
                "all_of": [
                  { "test": "is_variant", "value": 0 }
                ]
              },
              "event": "ra:hit"
            },
            "deals_damage": false
          },
          {
          "cause": "all",
          "deals_damage": false
          }
        ]
      },
      "minecraft:knockback_resistance":{ "value": 1 },
      "minecraft:fire_immune": {},
      "minecraft:collision_box": {
        "width": 0,
        "height": 0
      },
      "minecraft:health": {
        "value": 1,
        "max": 1
      },
      "minecraft:nameable": {},
      "minecraft:physics": {}
    },
    "component_groups": {
      "ra:color_0":{ "minecraft:skin_id": { "value": 0 }},
      "ra:color_1":{ "minecraft:skin_id": { "value": 1 }},
      "ra:color_2":{ "minecraft:skin_id": { "value": 2 }},
      "ra:change_scene": {
        "minecraft:is_tamed": {},
        "minecraft:timer": {
          "time": 0.5,
          "looping": true,
          "time_down_event": {
            "event": "ra:despawn",
            "target": "self"
          }
        }
      },
      "ra:despawn": { "minecraft:instant_despawn": {} },
      "ra:return": { 
        "minecraft:variant": { "value": 2 },
        "minecraft:custom_hit_test": {
          "hitboxes": [
            {
              "width": 0,
              "height": 0,
              "pivot": [ 0, -500, 0 ]
            }
          ]
        },
        "minecraft:timer": {
          "time": 0.5,
          "looping": true,
          "time_down_event": {
            "event": "ra:default"
          }
        }
      },
      "ra:default": { 
        "minecraft:variant": { "value": 0 },
        "minecraft:custom_hit_test": {
          "hitboxes": [
            {
              "width": 0.75,
              "height": 2.15,
              "pivot": [ 0, 0.5, 0 ]
            },
            {
              "width": 0.6,
              "height": 0.6,
              "pivot": [ 0, 1.75, 0 ]
            }
          ]
        }
      },
      "ra:hit": {
        "minecraft:variant": { "value": 1 },
        "minecraft:custom_hit_test": {
          "hitboxes": [
            {
              "width": 0,
              "height": 0,
              "pivot": [ 0, -500, 0 ]
            }
          ]
        },
        "minecraft:timer": {
          "time": 15,
          "looping": false,
          "time_down_event": {
            "event": "ra:return"
          }
        }
      },
      "ra:break": {
        "minecraft:is_baby": {},
        "minecraft:collision_box": {
          "width": 0,
          "height": 0
        },
        "minecraft:custom_hit_test": {
          "hitboxes": [
            {
              "width": 0,
              "height": 0,
              "pivot": [ 0, -500, 0 ]
            }
          ]
        }
      }
    },
    "events": {
      "minecraft:entity_spawned": { 
        "randomize": [
          { "add": { "component_groups": [ "ra:color_0", "ra:default" ] }, "weight": 35 },
          { "add": { "component_groups": [ "ra:color_1", "ra:default" ] }, "weight": 35 },
          { "add": { "component_groups": [ "ra:color_2", "ra:default" ] }, "weight": 35 }
        ]
      },
      "ra:despawn": { "add": { "component_groups": [ "ra:despawn" ] } },
      "ra:change_scene": { "add": { "component_groups": [ "ra:change_scene" ] } },
      "ra:default": { "add": { "component_groups": [ "ra:default" ] } },
      "ra:return": { "add": { "component_groups": [ "ra:return" ] } },
      "ra:hit": { "add": { "component_groups": [ "ra:hit" ] } },
      "ra:break": { "add": { "component_groups": [ "ra:break" ] } }
    }
  }
}