{
    "format_version": "1.14.0",
    "minecraft:entity": {
        "description": {
            "identifier": "ra:blowback_knockback",
            "is_spawnable": false,
            "is_summonable": true,
            "is_experimental": false
        },
        "components": {
            "minecraft:knockback_resistance": { "value": 1 },
            "minecraft:type_family": { "family": [ "dummy" ] },
            "minecraft:physics": {
                "has_collision": false,
                "has_gravity": false
            },
            "minecraft:damage_sensor": {
                "triggers": {
                    "cause": "all",
                    "deals_damage": false
                }
            },
            "minecraft:collision_box": {
                "width": 0.0,
                "height": 0.0
            },
            "minecraft:health": {
                "value": 1,
                "min": 1
            },
            "minecraft:timer": {
                "time": 0.5,
                "looping": true,
                "time_down_event": {
                    "event": "ra:despawn",
                    "target": "self"
                }
            }
        },
        "component_groups": {
            "ra:blowback.limb": {
                "minecraft:behavior.knockback_roar": {
                    "duration": 0.01,
                    "cooldown_time": 1,
                    "attack_time": 0.05,
                    "knockback_damage": 0,
                    "knockback_horizontal_strength": 1,
                    "knockback_vertical_strength": 1,
                    "knockback_strength": 1,
                    "knockback_range": 2,
                    "knockback_filters": {
                        "all_of": [
                            { "test": "is_family", "subject": "other", "value": "limb" }
                        ]
                    },
                    "on_roar_end": {
                        "event": "ra:despawn",
                        "target": "self"
                    }
                }
            },
            "ra:blowback": {
                "minecraft:is_illager_captain": {},
                "minecraft:behavior.knockback_roar": {
                    "duration": 0.01,
                    "cooldown_time": 1,
                    "attack_time": 0.05,
                    "knockback_damage": 0,
                    "knockback_horizontal_strength": 2,
                    "knockback_vertical_strength": 1,
                    "knockback_strength": 1,
                    "knockback_range": 1,
                    "knockback_filters": {
                        "all_of": [
                            { "test": "has_tag", "subject": "other", "value": "blowback" },
                            { "test": "is_family", "subject": "other", "value": "ra_zombie" }
                        ]
                    },
                    "on_roar_end": {
                        "event": "ra:despawn",
                        "target": "self"
                    }
                }
            },
            "ra:blowback.1": {
                "minecraft:is_illager_captain": {},
                "minecraft:behavior.knockback_roar": {
                    "duration": 0.025,
                    "cooldown_time": 1,
                    "attack_time": 0.05,
                    "knockback_damage": 0,
                    "knockback_horizontal_strength": 1,
                    "knockback_vertical_strength": 1,
                    "knockback_strength": 1,
                    "knockback_range": 6,
                    "knockback_filters": {
                        "all_of": [
                            { "test": "has_tag", "subject": "other", "value": "blowback" },
                            { "test": "is_family", "subject": "other", "value": "ra_zombie" }
                        ]
                    },
                    "on_roar_end": {
                        "event": "ra:despawn",
                        "target": "self"
                    }
                }
            },
            "ra:blowback.2": {
                "minecraft:is_illager_captain": {},
                "minecraft:behavior.knockback_roar": {
                    "duration": 0.025,
                    "cooldown_time": 1,
                    "attack_time": 0.05,
                    "knockback_damage": 0,
                    "knockback_horizontal_strength": 3,
                    "knockback_vertical_strength": 1,
                    "knockback_strength": 1,
                    "knockback_range": 3,
                    "knockback_filters": {
                        "all_of": [
                            { "test": "has_tag", "subject": "other", "value": "blowback" },
                            { "test": "is_family", "subject": "other", "value": "ra_zombie" }
                        ]
                    },
                    "on_roar_end": {
                        "event": "ra:despawn",
                        "target": "self"
                    }
                }
            },
            "ra:despawn": { "minecraft:instant_despawn":{} }
        },
        "events": {
            "ra:blowback.limb": { "add": { "component_groups": [ "ra:blowback.limb" ] } },
            "ra:blowback": { "add": { "component_groups": [ "ra:blowback" ] } },
            "ra:blowback.1": { "add": { "component_groups": [ "ra:blowback.1" ] } },
            "ra:blowback.2": { "add": { "component_groups": [ "ra:blowback.2" ] } },
            "ra:despawn": { "add": { "component_groups": [ "ra:despawn" ] } }
        }
    }
}