{
    "format_version": "1.14.0",
    "minecraft:entity": {
        "description": {
            "identifier": "ra:citori_725.damage",
            "is_spawnable": false,
            "is_summonable": true,
            "is_experimental": false
        },
        "components": {
            "minecraft:knockback_resistance": { "value": 1 },
            "minecraft:type_family": { "family": [ "dummy" ] },
            "minecraft:physics": {
                "has_collision": false,
                "has_gravity": false
            },
            "minecraft:damage_sensor": {
                "triggers": {
                    "cause": "all",
                    "deals_damage": false
                }
            },
            "minecraft:collision_box": {
                "width": 0.0,
                "height": 0.0
            },
            "minecraft:health": {
                "value": 1,
                "min": 1
            },
            "minecraft:timer": {
                "time": 1,
                "looping": false,
                "time_down_event": {
                    "event": "ra:despawn"
                }
            }
        },
        "component_groups": {
            "ra:stage_0":{
                "minecraft:area_attack": {
                    "damage_per_tick": 12,
                    "damage_range": 0.1,
                    "cause": "contact",
                    "entity_filter": {
                        "none_of": [
                            {
                                "test": "is_family",
                                "subject": "other",
                                "value": "bullet"
                            },
                            {
                                "test": "is_family",
                                "subject": "other",
                                "value": "player"
                            }
                        ]
                    }
                },
                "minecraft:timer": {
                    "time": 0.2,
                    "looping": false,
                    "time_down_event": {
                        "event": "ra:stage_1"
                    }
                }
            },
            "ra:stage_1":{
                "minecraft:area_attack": {
                    "damage_per_tick": 10,
                    "damage_range": 0.1,
                    "cause": "contact",
                    "entity_filter": {
                        "none_of": [
                            {
                                "test": "is_family",
                                "subject": "other",
                                "value": "bullet"
                            },
                            {
                                "test": "is_family",
                                "subject": "other",
                                "value": "player"
                            }
                        ]
                    }
                },
                "minecraft:timer": {
                    "time": 0.15,
                    "looping": false,
                    "time_down_event": {
                        "event": "ra:stage_2"
                    }
                }
            },
            "ra:stage_2":{
                "minecraft:area_attack": {
                    "damage_per_tick": 8,
                    "damage_range": 0.1,
                    "cause": "contact",
                    "entity_filter": {
                        "none_of": [
                            {
                                "test": "is_family",
                                "subject": "other",
                                "value": "bullet"
                            },
                            {
                                "test": "is_family",
                                "subject": "other",
                                "value": "player"
                            }
                        ]
                    }
                },
                "minecraft:timer": {
                    "time": 0.15,
                    "looping": false,
                    "time_down_event": {
                        "event": "ra:stage_3"
                    }
                }
            },
            "ra:stage_3":{
                "minecraft:area_attack": {
                    "damage_per_tick": 6,
                    "damage_range": 0.1,
                    "cause": "contact",
                    "entity_filter": {
                        "none_of": [
                            {
                                "test": "is_family",
                                "subject": "other",
                                "value": "bullet"
                            },
                            {
                                "test": "is_family",
                                "subject": "other",
                                "value": "player"
                            }
                        ]
                    }
                }
            },
            "ra:despawn": { "minecraft:instant_despawn":{} }
        },
        "events": {
            "ra:stage_0": { "add": { "component_groups": [ "ra:stage_0" ] } },
            "ra:stage_1": { "add": { "component_groups": [ "ra:stage_1" ] }, "remove": { "component_groups": [ "ra:stage_0" ] } },
            "ra:stage_2": { "add": { "component_groups": [ "ra:stage_2" ] }, "remove": { "component_groups": [ "ra:stage_1" ] } },
            "ra:stage_3": { "add": { "component_groups": [ "ra:stage_3" ] }, "remove": { "component_groups": [ "ra:stage_2" ] } },
            "ra:despawn": { "add": { "component_groups": [ "ra:despawn" ] } }
        }
    }
}