{
  "format_version": "1.14.0",
  "minecraft:entity": {
    "description": {
      "identifier": "ra:desert_eagle_clip",
      "is_spawnable": false,
      "is_summonable": true,
      "is_experimental": false, 
			"scripts": { "animate": [ "move" ] },
			"animations": { "move": "controller.animation.ak_47_clip" }
    },
    "components": {
      "minecraft:floats_in_liquid": {},
      "minecraft:jump.static": {"jump_power": 0},
      "minecraft:can_climb": {},
      "minecraft:behavior.float": { "priority": 0},
      "minecraft:navigation.walk": { "can_path_over_water": true },
      "minecraft:environment_sensor": {
        "triggers": [
          {
            "event": "ra:despawn",
            "filters": {
              "all_of": [
                { "test": "in_water", "operator": "!=", "value": true },
                { "test": "in_block", "operator": "!=", "value": "air" },
                { "test": "in_block", "operator": "!=", "value": "tall_grass" },
                { "test": "in_block", "operator": "!=", "value": "short_grass" },
                { "test": "in_block", "operator": "!=", "value": "deadbush" },

                { "test": "in_block", "operator": "!=", "value": "wheat" },
                { "test": "in_block", "operator": "!=", "value": "potatoes" },
                { "test": "in_block", "operator": "!=", "value": "carrots" },
                { "test": "in_block", "operator": "!=", "value": "beetroot" },

                { "test": "in_block", "operator": "!=", "value": "red_mushroom" },
                { "test": "in_block", "operator": "!=", "value": "brown_mushroom" },
                { "test": "in_block", "operator": "!=", "value": "acacia_sapling" },
                { "test": "in_block", "operator": "!=", "value": "bamboo_sapling" },
                { "test": "in_block", "operator": "!=", "value": "birch_sapling" },
                { "test": "in_block", "operator": "!=", "value": "cherry_sapling" },
                { "test": "in_block", "operator": "!=", "value": "dark_oak_sapling" },
                { "test": "in_block", "operator": "!=", "value": "jungle_sapling" },
                { "test": "in_block", "operator": "!=", "value": "oak_sapling" },
                { "test": "in_block", "operator": "!=", "value": "pale_oak_sapling" },
                { "test": "in_block", "operator": "!=", "value": "spruce_sapling" },

                { "test": "in_block", "operator": "!=", "value": "cornflower" },
                { "test": "in_block", "operator": "!=", "value": "torchflower" },
                { "test": "in_block", "operator": "!=", "value": "dandelion" },
                { "test": "in_block", "operator": "!=", "value": "oxeye_daisy" },
                { "test": "in_block", "operator": "!=", "value": "orange_tulip" },
                { "test": "in_block", "operator": "!=", "value": "pink_tulip" },
                { "test": "in_block", "operator": "!=", "value": "red_tulip" },
                { "test": "in_block", "operator": "!=", "value": "white_tulip" },
                { "test": "in_block", "operator": "!=", "value": "allium" },
                { "test": "in_block", "operator": "!=", "value": "wither_rose" },
                { "test": "in_block", "operator": "!=", "value": "poppy" },
                { "test": "in_block", "operator": "!=", "value": "azure_bluet" },
                { "test": "in_block", "operator": "!=", "value": "blue_orchid" },
                { "test": "in_block", "operator": "!=", "value": "lily_of_the_valley" },

                { "test": "in_block", "operator": "!=", "value": "sunflower" },
                { "test": "in_block", "operator": "!=", "value": "rose_bush" },
                { "test": "in_block", "operator": "!=", "value": "peony" },
                { "test": "in_block", "operator": "!=", "value": "lilac" },

                { "test": "in_block", "operator": "!=", "value": "ra:bushy_grass" },
                { "test": "in_block", "operator": "!=", "value": "ra:bushy_grass.dry" },
                { "test": "in_block", "operator": "!=", "value": "ra:bushy_dead" },
                { "test": "in_block", "operator": "!=", "value": "ra:bushy_dry" },
                { "test": "in_block", "operator": "!=", "value": "ra:tulip_cluster.orange" },
                { "test": "in_block", "operator": "!=", "value": "ra:tulip_cluster.pink" },
                { "test": "in_block", "operator": "!=", "value": "ra:tulip_cluster.red" },
                { "test": "in_block", "operator": "!=", "value": "ra:tulip_cluster.white" },
                { "test": "in_block", "operator": "!=", "value": "ra:dead_bush" },
                { "test": "in_block", "operator": "!=", "value": "ra:dead_bush.1" }
              ]
            }
          }
        ]
      },
			"minecraft:damage_sensor": {
			  "triggers": [
          {
            "on_damage": {
              "filters": {
                "all_of": [
                  { "test": "is_variant", "subject": "other", "value": 0 }
                ]
              },
              "event": "ra:ting.sfx"
            }
          }
        ]
			},
      "minecraft:pushable": {
        "is_pushable": true,
        "is_pushable_by_piston": true
      },
      "minecraft:scale": { "value": 1.25 },
      "minecraft:physics": {
        "has_collision": true,
        "has_gravity": true
      },
      "minecraft:type_family": { "family": [ "dummy", "casing" ] },
      "minecraft:health": {
        "value": 99999,
        "min": 1,
        "max": 99999
      }
    },
    "component_groups": {
			"ra:default": { "minecraft:variant": { "value": 0 } },
      "ra:despawn": { "minecraft:instant_despawn": {} },
      "ra:bullets": { "minecraft:skin_id": { "value": 1 } },
			"ra:despawn_timer": { 
        "minecraft:timer": {
          "time": 13,
          "looping": true,
          "time_down_event": {
            "event": "ra:fade"
          }
        }
      },
      "ra:fade": { 
        "minecraft:collision_box": {
          "width": 0,
          "height": 0
        },
        "minecraft:is_baby": {},
        "minecraft:timer": {
          "time": 1,
          "looping": true,
          "time_down_event": {
            "event": "ra:despawn"
          }
        }
      },
      "ra:no_move": { 
        "minecraft:collision_box": {
          "width": 0.065,
          "height": 0.1
        },
        "minecraft:movement.generic": {},
        "minecraft:movement": { "value": 0 },
        "minecraft:can_power_jump": {},
        "minecraft:jump.static": { "jump_power": 0 },
        "minecraft:timer": {
          "time": 15,
          "looping": true,
          "time_down_event": {
            "event": "ra:fade"
          }
        }
      },
      "ra:bounce":{
        "minecraft:collision_box": {
          "width": 0.1,
          "height": 0.1
        },
        "minecraft:movement": {
          "value": 0.05
        },
        "minecraft:behavior.panic": {
          "priority": 0,
          "damage_sources": ["all"],
          "force": true,
          "ignore_mob_damage": false
        },
        "minecraft:behavior.random_stroll": {
          "priority": 1,
          "interval": 120,
          "xz_dist": 4,
          "y_dist": 1
        },
        "minecraft:movement.jump": {
          "jump_delay": [0.1, 0.25],
          "max_turn": 360
        },
        "minecraft:behavior.slime_keep_on_jumping": {},
        "minecraft:can_power_jump": {},
        "minecraft:jump.static": { "jump_power": 0.2 },
        "minecraft:timer": {
            "time": [0.75, 0.45],
            "looping": true,
            "time_down_event": {
                "event": "ra:bounce_1"
            }
        } 
      },
      "ra:bounce_1":{
        "minecraft:collision_box": {
          "width": 0.1,
          "height": 0.1
        },
        "minecraft:movement": {
          "value": 0.015
        },
        "minecraft:behavior.panic": {
          "priority": 0,
          "damage_sources": ["all"],
          "force": true,
          "ignore_mob_damage": false
        },
        "minecraft:behavior.random_stroll": {
          "priority": 1,
          "interval": 120,
          "xz_dist": 4,
          "y_dist": 1
        },
        "minecraft:movement.jump": {
          "jump_delay": [0.1, 0.25],
          "max_turn": 360
        },
        "minecraft:behavior.slime_keep_on_jumping": {},
        "minecraft:can_power_jump": {},
        "minecraft:jump.static": { "jump_power": 0.1 },
        "minecraft:timer": {
            "time": [1, 0.3],
            "looping": true,
            "time_down_event": {
                "event": "ra:remove_bounce"
            }
        } 
      },
			"ra:ting.sfx": { 
				"minecraft:variant": { "value": 1 }
			}
    },
    "events": {
      "ra:despawn": { "add": { "component_groups": [ "ra:despawn" ] } },
      "ra:despawn_timer": { "add": { "component_groups": [ "ra:despawn_timer" ] } },
			"ra:default": { "remove": { "component_groups": [ "ra:ting.sfx" ] }, "add": { "component_groups": [ "ra:default" ] } },
			"ra:bounce": { "add": { "component_groups": [ "ra:bounce" ] } },
			"ra:bounce_1": { "add": { "component_groups": [ "ra:bounce_1" ] } },
			"ra:remove_bounce": { "remove": { "component_groups": [ "ra:bounce", "ra:bounce_1" ] }, "add": { "component_groups": [ "ra:no_move", "ra:despawn_timer" ] } },
			"ra:fade": { "remove": { "component_groups": [ "ra:no_move" ] }, "add": { "component_groups": [ "ra:fade" ] } },
			"ra:bullets": { "add": { "component_groups": [ "ra:bullets" ] } },
			"ra:ting.sfx": { "add": { "component_groups": [ "ra:ting.sfx" ] } }
    }
  }
}