{
  "format_version": "1.14.0",
  "minecraft:entity": {
    "description": {
      "identifier": "ra:player_head.hitbox",
      "is_spawnable": false,
      "is_summonable": true,
      "is_experimental": false
			// "scripts": {
			// 	"animate": [
			// 		"head_pop"
			// 	]
			// },
			// "animations": {
			// 	"head_pop": "controller.animation.player_head.hitbox.head_pop"
			// }
    },

    "components": {
      "minecraft:damage_sensor": {
        "triggers": [
          {
            "on_damage": {
              "filters": { 
                "any_of": [
                  { "test": "has_equipment", "subject": "other", "value": "golden_axe" },
                  { "test": "has_equipment", "subject": "other", "value": "stone_axe" },
                  { "test": "has_equipment", "subject": "other", "value": "iron_axe" },
                  { "test": "has_equipment", "subject": "other", "value": "diamond_axe" },
                  { "test": "has_equipment", "subject": "other", "value": "netherite_axe" }
                ]
              },
              "event": "ra:kill"
            },
            "deals_damage": true
          }
        ]
      },
      "minecraft:type_family": {
        "family": [ "player_head.hitbox" ]
      },
      "minecraft:knockback_resistance": { "value": 1 },
      "minecraft:custom_hit_test": {
        "hitboxes": [
          {
            "width": 0.45,
            "height": 0.5,
            "pivot": [ 0, 0, 0 ]
          }
        ]
      },
      "minecraft:collision_box": {
        "width": 0,
        "height": 0
      },
      "minecraft:health": {
        "value": 12,
        "min": 1,
        "max": 12
      }
    },
    
    "component_groups": {
      "ra:despawn": { "minecraft:instant_despawn": {} },
      "ra:kill": { "minecraft:is_illager_captain": {} }
    },

    "events": {
      "ra:despawn": { "add": { "component_groups": [ "ra:despawn" ] } },
      "ra:kill": { "add": { "component_groups": [ "ra:kill" ] } }
    }
  }
}