{
    "format_version": "1.14.0",
    "minecraft:entity": {
        "description": {
            "identifier": "ra:xp_spread",
            "is_spawnable": false,
            "is_summonable": true,
            "is_experimental": false
        },
        "components": {
            "minecraft:knockback_resistance": { "value": 1 },
            "minecraft:type_family": { "family": [ "dummy", "inanimate" ] },
            "minecraft:physics": {
                "has_collision": false,
                "has_gravity": false
            },
            "minecraft:damage_sensor": {
                "triggers": {
                    "cause": "all",
                    "deals_damage": false
                }
            },
            "minecraft:collision_box": {
                "width": 0.0,
                "height": 0.0
            },
            "minecraft:health": {
                "value": 1,
                "min": 1
            },
            "minecraft:timer": {
                "time": 1,
                "looping": false,
                "time_down_event": {
                    "event": "ra:despawn"
                }
            }
        },
        "component_groups": {
            "ra:boost": {
                "minecraft:behavior.knockback_roar": {
                    "duration": 0.1,
                    "cooldown_time": 0.1,
                    "attack_time": 0.1,
                    "knockback_damage": 0,
                    "knockback_horizontal_strength": 5,
                    "knockback_vertical_strength": 5,
                    "knockback_range": 4,
                    "knockback_filters": {
                        "all_of": [
                            { "test": "is_family", "subject": "other", "value": "inanimate" }
                        ]
                    }
                },
                "minecraft:timer": {
                    "time": 0.15,
                    "looping": false,
                    "time_down_event": {
                        "event": "ra:despawn"
                    }
                }
            },
            "ra:despawn": { "minecraft:instant_despawn":{} }
        },
        "events": {
            "minecraft:entity_spawned": { "add": { "component_groups": [ "ra:boost" ] } },
            "ra:recoil": { "add": { "component_groups": [ "ra:boost" ] } },
            "ra:despawn": { "add": { "component_groups": [ "ra:despawn" ] } }
        }
    }
}